answer,tokens_in,tokens_out,cost_usd,latency_s,id,source,label,model,mode,pred_raw
phishing,390,3,1.995e-05,3.097,spamassassin:4742,spamassassin,1,google/gemma-3-12b-it,zero,1
phishing,406,3,2.075e-05,0.663,spamassassin:5738,spamassassin,1,google/gemma-3-12b-it,zero,1
phishing,337,3,1.73e-05,2.743,spamassassin:4496,spamassassin,1,google/gemma-3-12b-it,zero,1
spam,438,2,2.22e-05,0.68,spamassassin:4625,spamassassin,1,google/gemma-3-12b-it,zero,1
phishing,204,3,1.065e-05,1.624,spamassassin:5468,spamassassin,1,google/gemma-3-12b-it,zero,1
phishing,475,3,2.42e-05,0.697,spamassassin:5352,spamassassin,1,google/gemma-3-12b-it,zero,1
spam,104,2,5.5e-06,0.52,spamassassin:4114,spamassassin,1,google/gemma-3-12b-it,zero,1
phishing,579,3,2.94e-05,1.548,spamassassin:4693,spamassassin,1,google/gemma-3-12b-it,zero,1
phishing,955,3,4.82e-05,1.266,spamassassin:5201,spamassassin,1,google/gemma-3-12b-it,zero,1
phishing,444,3,2.265e-05,1.145,spamassassin:5497,spamassassin,1,google/gemma-3-12b-it,zero,1
phishing,275,3,1.42e-05,1.767,spamassassin:5378,spamassassin,1,google/gemma-3-12b-it,zero,1
phishing,356,3,1.825e-05,1.11,spamassassin:4430,spamassassin,1,google/gemma-3-12b-it,zero,1
phishing,383,3,1.96e-05,1.098,spamassassin:5746,spamassassin,1,google/gemma-3-12b-it,zero,1
phishing,317,3,1.63e-05,0.494,spamassassin:4692,spamassassin,1,google/gemma-3-12b-it,zero,1
phishing,679,3,3.44e-05,1.073,spamassassin:4394,spamassassin,1,google/gemma-3-12b-it,zero,1
phishing,497,3,2.53e-05,1.151,spamassassin:5420,spamassassin,1,google/gemma-3-12b-it,zero,1
phishing,919,3,4.64e-05,0.708,spamassassin:5471,spamassassin,1,google/gemma-3-12b-it,zero,1
spam,398,2,2.02e-05,0.57,spamassassin:5118,spamassassin,1,google/gemma-3-12b-it,zero,1
phishing,448,3,2.285e-05,0.788,spamassassin:5301,spamassassin,1,google/gemma-3-12b-it,zero,1
phishing,438,3,2.235e-05,0.739,spamassassin:5185,spamassassin,1,google/gemma-3-12b-it,zero,1
phishing,337,3,1.73e-05,0.633,spamassassin:5721,spamassassin,1,google/gemma-3-12b-it,zero,1
phishing,284,3,1.465e-05,0.736,spamassassin:5037,spamassassin,1,google/gemma-3-12b-it,zero,1
phishing,427,3,2.18e-05,0.533,spamassassin:4473,spamassassin,1,google/gemma-3-12b-it,zero,1
phishing,434,3,2.215e-05,0.687,spamassassin:4169,spamassassin,1,google/gemma-3-12b-it,zero,1
phishing,267,3,1.38e-05,0.589,spamassassin:5027,spamassassin,1,google/gemma-3-12b-it,zero,1
phishing,526,3,2.675e-05,0.563,spamassassin:4422,spamassassin,1,google/gemma-3-12b-it,zero,1
phishing,82,3,4.55e-06,0.569,spamassassin:5012,spamassassin,1,google/gemma-3-12b-it,zero,1
phishing,485,3,2.47e-05,0.574,spamassassin:5781,spamassassin,1,google/gemma-3-12b-it,zero,1
phishing,607,3,3.08e-05,0.607,spamassassin:5503,spamassassin,1,google/gemma-3-12b-it,zero,1
phishing,390,3,1.995e-05,0.59,spamassassin:4848,spamassassin,1,google/gemma-3-12b-it,zero,1
phishing,405,3,2.07e-05,0.627,spamassassin:4520,spamassassin,1,google/gemma-3-12b-it,zero,1
phishing,252,3,1.305e-05,0.66,spamassassin:5509,spamassassin,1,google/gemma-3-12b-it,zero,1
phishing,428,3,2.185e-05,0.603,spamassassin:5628,spamassassin,1,google/gemma-3-12b-it,zero,1
phishing,305,3,1.57e-05,0.671,spamassassin:4617,spamassassin,1,google/gemma-3-12b-it,zero,1
phishing,438,3,2.235e-05,1.411,spamassassin:5362,spamassassin,1,google/gemma-3-12b-it,zero,1
phishing,392,3,2.005e-05,0.937,spamassassin:4792,spamassassin,1,google/gemma-3-12b-it,zero,1
phishing,317,3,1.63e-05,0.536,spamassassin:5791,spamassassin,1,google/gemma-3-12b-it,zero,1
phishing,575,3,2.92e-05,0.668,spamassassin:4389,spamassassin,1,google/gemma-3-12b-it,zero,1
phishing,171,3,9e-06,0.567,spamassassin:4276,spamassassin,1,google/gemma-3-12b-it,zero,1
phishing,506,3,2.575e-05,1.045,spamassassin:4869,spamassassin,1,google/gemma-3-12b-it,zero,1
phishing,191,3,1e-05,0.549,spamassassin:4433,spamassassin,1,google/gemma-3-12b-it,zero,1
phishing,440,3,2.245e-05,0.537,spamassassin:5169,spamassassin,1,google/gemma-3-12b-it,zero,1
phishing,381,3,1.95e-05,0.716,spamassassin:5410,spamassassin,1,google/gemma-3-12b-it,zero,1
phishing,476,3,2.425e-05,0.674,spamassassin:5740,spamassassin,1,google/gemma-3-12b-it,zero,1
phishing,463,3,2.36e-05,0.906,spamassassin:5677,spamassassin,1,google/gemma-3-12b-it,zero,1
phishing,392,3,2.005e-05,0.618,spamassassin:4673,spamassassin,1,google/gemma-3-12b-it,zero,1
phishing,187,3,9.8e-06,0.816,spamassassin:5597,spamassassin,1,google/gemma-3-12b-it,zero,1
phishing,393,3,2.01e-05,0.699,spamassassin:4541,spamassassin,1,google/gemma-3-12b-it,zero,1
phishing,350,3,1.795e-05,0.686,spamassassin:4505,spamassassin,1,google/gemma-3-12b-it,zero,1
phishing,397,3,2.03e-05,1.245,spamassassin:5751,spamassassin,1,google/gemma-3-12b-it,zero,1
phishing,416,3,2.125e-05,0.869,spamassassin:4279,spamassassin,1,google/gemma-3-12b-it,zero,1
phishing,219,3,1.14e-05,0.785,spamassassin:4140,spamassassin,1,google/gemma-3-12b-it,zero,1
phishing,485,3,2.47e-05,0.546,spamassassin:5057,spamassassin,1,google/gemma-3-12b-it,zero,1
phishing,331,3,1.7e-05,0.595,spamassassin:5667,spamassassin,1,google/gemma-3-12b-it,zero,1
phishing,491,3,2.5e-05,1.099,spamassassin:5325,spamassassin,1,google/gemma-3-12b-it,zero,1
phishing,272,3,1.405e-05,1.58,spamassassin:4964,spamassassin,1,google/gemma-3-12b-it,zero,1
phishing,385,3,1.97e-05,0.533,spamassassin:4680,spamassassin,1,google/gemma-3-12b-it,zero,1
phishing,409,3,2.09e-05,1.412,spamassassin:4950,spamassassin,1,google/gemma-3-12b-it,zero,1
phishing,227,3,1.18e-05,0.843,spamassassin:4569,spamassassin,1,google/gemma-3-12b-it,zero,1
phishing,131,3,7e-06,0.976,spamassassin:4226,spamassassin,1,google/gemma-3-12b-it,zero,1
phishing,374,3,1.915e-05,1.027,spamassassin:5743,spamassassin,1,google/gemma-3-12b-it,zero,1
phishing,484,3,2.465e-05,1.373,spamassassin:5144,spamassassin,1,google/gemma-3-12b-it,zero,1
phishing,343,3,1.76e-05,1.674,spamassassin:5001,spamassassin,1,google/gemma-3-12b-it,zero,1
phishing,347,3,1.78e-05,1.711,spamassassin:5326,spamassassin,1,google/gemma-3-12b-it,zero,1
phishing,434,3,2.215e-05,1.256,spamassassin:4773,spamassassin,1,google/gemma-3-12b-it,zero,1
phishing,410,3,2.095e-05,1.012,spamassassin:4827,spamassassin,1,google/gemma-3-12b-it,zero,1
phishing,454,3,2.315e-05,1.479,spamassassin:4407,spamassassin,1,google/gemma-3-12b-it,zero,1
phishing,621,3,3.15e-05,3.104,spamassassin:5769,spamassassin,1,google/gemma-3-12b-it,zero,1
phishing,205,3,1.07e-05,0.59,spamassassin:4570,spamassassin,1,google/gemma-3-12b-it,zero,1
phishing,663,3,3.36e-05,2.241,spamassassin:5350,spamassassin,1,google/gemma-3-12b-it,zero,1
phishing,164,3,8.65e-06,0.816,spamassassin:5689,spamassassin,1,google/gemma-3-12b-it,zero,1
phishing,375,3,1.92e-05,1.428,spamassassin:4768,spamassassin,1,google/gemma-3-12b-it,zero,1
phishing,1004,3,5.065e-05,1.435,spamassassin:4161,spamassassin,1,google/gemma-3-12b-it,zero,1
phishing,241,3,1.25e-05,2.984,spamassassin:4160,spamassassin,1,google/gemma-3-12b-it,zero,1
phishing,288,3,1.485e-05,2.668,spamassassin:5629,spamassassin,1,google/gemma-3-12b-it,zero,1
phishing,478,3,2.435e-05,1.524,spamassassin:4555,spamassassin,1,google/gemma-3-12b-it,zero,1
phishing,372,3,1.905e-05,1.32,spamassassin:4362,spamassassin,1,google/gemma-3-12b-it,zero,1
phishing,495,3,2.52e-05,0.59,spamassassin:5615,spamassassin,1,google/gemma-3-12b-it,zero,1
phishing,506,3,2.575e-05,2.07,spamassassin:4784,spamassassin,1,google/gemma-3-12b-it,zero,1
phishing,394,3,2.015e-05,0.774,spamassassin:5360,spamassassin,1,google/gemma-3-12b-it,zero,1
phishing,400,3,2.045e-05,1.105,spamassassin:4156,spamassassin,1,google/gemma-3-12b-it,zero,1
phishing,436,3,2.225e-05,1.972,spamassassin:5427,spamassassin,1,google/gemma-3-12b-it,zero,1
phishing,436,3,2.225e-05,0.653,spamassassin:5386,spamassassin,1,google/gemma-3-12b-it,zero,1
phishing,415,3,2.12e-05,2.708,spamassassin:4342,spamassassin,1,google/gemma-3-12b-it,zero,1
phishing,358,3,1.835e-05,0.743,spamassassin:4345,spamassassin,1,google/gemma-3-12b-it,zero,1
phishing,386,3,1.975e-05,0.862,spamassassin:5079,spamassassin,1,google/gemma-3-12b-it,zero,1
phishing,597,3,3.03e-05,0.911,spamassassin:4705,spamassassin,1,google/gemma-3-12b-it,zero,1
phishing,492,3,2.505e-05,1.583,spamassassin:4121,spamassassin,1,google/gemma-3-12b-it,zero,1
legitimate,305,3,1.57e-05,0.639,spamassassin:5180,spamassassin,1,google/gemma-3-12b-it,zero,0
phishing,298,3,1.535e-05,1.462,spamassassin:4206,spamassassin,1,google/gemma-3-12b-it,zero,1
spam,70,2,3.8e-06,1.2,spamassassin:5708,spamassassin,1,google/gemma-3-12b-it,zero,1
phishing,383,3,1.96e-05,1.492,spamassassin:4458,spamassassin,1,google/gemma-3-12b-it,zero,1
phishing,656,3,3.325e-05,0.787,spamassassin:4711,spamassassin,1,google/gemma-3-12b-it,zero,1
phishing,453,3,2.31e-05,1.139,spamassassin:4572,spamassassin,1,google/gemma-3-12b-it,zero,1
phishing,265,3,1.37e-05,0.849,spamassassin:4586,spamassassin,1,google/gemma-3-12b-it,zero,1
phishing,653,3,3.31e-05,0.78,spamassassin:5763,spamassassin,1,google/gemma-3-12b-it,zero,1
phishing,98,3,5.35e-06,0.543,spamassassin:4190,spamassassin,1,google/gemma-3-12b-it,zero,1
legitimate,328,3,1.685e-05,0.775,spamassassin:5208,spamassassin,1,google/gemma-3-12b-it,zero,0
phishing,373,3,1.91e-05,0.82,spamassassin:5323,spamassassin,1,google/gemma-3-12b-it,zero,1
phishing,462,3,2.355e-05,0.532,spamassassin:4338,spamassassin,1,google/gemma-3-12b-it,zero,1
phishing,406,3,2.075e-05,0.936,spamassassin:4544,spamassassin,1,google/gemma-3-12b-it,zero,1
phishing,205,3,1.07e-05,0.527,spamassassin:5640,spamassassin,1,google/gemma-3-12b-it,zero,1
phishing,540,3,2.745e-05,0.502,spamassassin:4264,spamassassin,1,google/gemma-3-12b-it,zero,1
phishing,328,3,1.685e-05,0.909,spamassassin:4865,spamassassin,1,google/gemma-3-12b-it,zero,1
phishing,268,3,1.385e-05,0.554,spamassassin:4955,spamassassin,1,google/gemma-3-12b-it,zero,1
phishing,1063,3,5.36e-05,0.583,spamassassin:4700,spamassassin,1,google/gemma-3-12b-it,zero,1
phishing,257,3,1.33e-05,0.683,spamassassin:4897,spamassassin,1,google/gemma-3-12b-it,zero,1
legitimate,528,3,2.685e-05,0.626,spamassassin:5727,spamassassin,1,google/gemma-3-12b-it,zero,0
phishing,706,3,3.575e-05,0.546,spamassassin:4923,spamassassin,1,google/gemma-3-12b-it,zero,1
phishing,246,3,1.275e-05,0.902,spamassassin:5076,spamassassin,1,google/gemma-3-12b-it,zero,1
phishing,555,3,2.82e-05,1.644,spamassassin:4802,spamassassin,1,google/gemma-3-12b-it,zero,1
phishing,1066,3,5.375e-05,0.938,spamassassin:5785,spamassassin,1,google/gemma-3-12b-it,zero,1
phishing,76,3,4.25e-06,1.491,spamassassin:5425,spamassassin,1,google/gemma-3-12b-it,zero,1
phishing,452,3,2.305e-05,0.718,spamassassin:4516,spamassassin,1,google/gemma-3-12b-it,zero,1
phishing,891,3,4.5e-05,0.704,spamassassin:4123,spamassassin,1,google/gemma-3-12b-it,zero,1
phishing,326,3,1.675e-05,0.697,spamassassin:5331,spamassassin,1,google/gemma-3-12b-it,zero,1
phishing,214,3,1.115e-05,1.693,spamassassin:5250,spamassassin,1,google/gemma-3-12b-it,zero,1
phishing,384,3,1.965e-05,1.2,spamassassin:5344,spamassassin,1,google/gemma-3-12b-it,zero,1
phishing,370,3,1.895e-05,0.586,spamassassin:5064,spamassassin,1,google/gemma-3-12b-it,zero,1
phishing,514,3,2.615e-05,1.897,spamassassin:5021,spamassassin,1,google/gemma-3-12b-it,zero,1
phishing,450,3,2.295e-05,1.545,spamassassin:4577,spamassassin,1,google/gemma-3-12b-it,zero,1
phishing,398,3,2.035e-05,0.878,spamassassin:4871,spamassassin,1,google/gemma-3-12b-it,zero,1
phishing,388,3,1.985e-05,1.518,spamassassin:4294,spamassassin,1,google/gemma-3-12b-it,zero,1
phishing,499,3,2.54e-05,1.482,spamassassin:4679,spamassassin,1,google/gemma-3-12b-it,zero,1
phishing,207,3,1.08e-05,1.228,spamassassin:4135,spamassassin,1,google/gemma-3-12b-it,zero,1
phishing,314,3,1.615e-05,0.994,spamassassin:4651,spamassassin,1,google/gemma-3-12b-it,zero,1
phishing,430,3,2.195e-05,0.695,spamassassin:4621,spamassassin,1,google/gemma-3-12b-it,zero,1
phishing,425,3,2.17e-05,1.182,spamassassin:5023,spamassassin,1,google/gemma-3-12b-it,zero,1
phishing,456,3,2.325e-05,0.93,spamassassin:5474,spamassassin,1,google/gemma-3-12b-it,zero,1
phishing,257,3,1.33e-05,0.669,spamassassin:4150,spamassassin,1,google/gemma-3-12b-it,zero,1
phishing,457,3,2.33e-05,0.991,spamassassin:4530,spamassassin,1,google/gemma-3-12b-it,zero,1
phishing,445,3,2.27e-05,0.564,spamassassin:4330,spamassassin,1,google/gemma-3-12b-it,zero,1
phishing,170,3,8.95e-06,1.021,spamassassin:5098,spamassassin,1,google/gemma-3-12b-it,zero,1
phishing,1296,3,6.525e-05,0.717,spamassassin:4388,spamassassin,1,google/gemma-3-12b-it,zero,1
phishing,361,3,1.85e-05,0.557,spamassassin:5724,spamassassin,1,google/gemma-3-12b-it,zero,1
legitimate,246,3,1.275e-05,0.5,spamassassin:599,spamassassin,0,google/gemma-3-12b-it,zero,0
legitimate,227,3,1.18e-05,1.331,spamassassin:752,spamassassin,0,google/gemma-3-12b-it,zero,0
phishing,132,3,7.05e-06,0.568,spamassassin:2019,spamassassin,0,google/gemma-3-12b-it,zero,1
legitimate,227,3,1.18e-05,1.57,spamassassin:1001,spamassassin,0,google/gemma-3-12b-it,zero,0
legitimate,188,3,9.85e-06,0.576,spamassassin:3567,spamassassin,0,google/gemma-3-12b-it,zero,0
legitimate,466,3,2.375e-05,0.74,spamassassin:4065,spamassassin,0,google/gemma-3-12b-it,zero,0
legitimate,384,3,1.965e-05,0.615,spamassassin:682,spamassassin,0,google/gemma-3-12b-it,zero,0
legitimate,380,3,1.945e-05,2.493,spamassassin:325,spamassassin,0,google/gemma-3-12b-it,zero,0
legitimate,287,3,1.48e-05,0.491,spamassassin:166,spamassassin,0,google/gemma-3-12b-it,zero,0
legitimate,422,3,2.155e-05,1.14,spamassassin:1034,spamassassin,0,google/gemma-3-12b-it,zero,0
legitimate,385,3,1.97e-05,0.685,spamassassin:3580,spamassassin,0,google/gemma-3-12b-it,zero,0
legitimate,190,3,9.95e-06,0.576,spamassassin:857,spamassassin,0,google/gemma-3-12b-it,zero,0
legitimate,244,3,1.265e-05,0.836,spamassassin:109,spamassassin,0,google/gemma-3-12b-it,zero,0
legitimate,247,3,1.28e-05,0.548,spamassassin:2775,spamassassin,0,google/gemma-3-12b-it,zero,0
legitimate,459,3,2.34e-05,0.792,spamassassin:1811,spamassassin,0,google/gemma-3-12b-it,zero,0
legitimate,279,3,1.44e-05,0.611,spamassassin:149,spamassassin,0,google/gemma-3-12b-it,zero,0
legitimate,254,3,1.315e-05,0.63,spamassassin:2706,spamassassin,0,google/gemma-3-12b-it,zero,0
legitimate,335,3,1.72e-05,0.757,spamassassin:298,spamassassin,0,google/gemma-3-12b-it,zero,0
legitimate,337,3,1.73e-05,0.541,spamassassin:1395,spamassassin,0,google/gemma-3-12b-it,zero,0
legitimate,456,3,2.325e-05,0.646,spamassassin:1641,spamassassin,0,google/gemma-3-12b-it,zero,0
legitimate,274,3,1.415e-05,0.513,spamassassin:1593,spamassassin,0,google/gemma-3-12b-it,zero,0
legitimate,251,3,1.3e-05,0.756,spamassassin:1909,spamassassin,0,google/gemma-3-12b-it,zero,0
legitimate,429,3,2.19e-05,1.051,spamassassin:179,spamassassin,0,google/gemma-3-12b-it,zero,0
legitimate,149,3,7.9e-06,0.57,spamassassin:33,spamassassin,0,google/gemma-3-12b-it,zero,0
legitimate,429,3,2.19e-05,0.711,spamassassin:2440,spamassassin,0,google/gemma-3-12b-it,zero,0
phishing,140,3,7.45e-06,0.616,spamassassin:2002,spamassassin,0,google/gemma-3-12b-it,zero,1
phishing,640,3,3.245e-05,0.79,spamassassin:3953,spamassassin,0,google/gemma-3-12b-it,zero,1
legitimate,176,3,9.25e-06,0.892,spamassassin:1330,spamassassin,0,google/gemma-3-12b-it,zero,0
legitimate,210,3,1.095e-05,0.548,spamassassin:1027,spamassassin,0,google/gemma-3-12b-it,zero,0
legitimate,298,3,1.535e-05,0.651,spamassassin:2787,spamassassin,0,google/gemma-3-12b-it,zero,0
phishing,386,3,1.975e-05,1.038,spamassassin:555,spamassassin,0,google/gemma-3-12b-it,zero,1
legitimate,746,3,3.775e-05,0.746,spamassassin:1740,spamassassin,0,google/gemma-3-12b-it,zero,0
legitimate,447,3,2.28e-05,1.165,spamassassin:3121,spamassassin,0,google/gemma-3-12b-it,zero,0
legitimate,399,3,2.04e-05,0.818,spamassassin:1018,spamassassin,0,google/gemma-3-12b-it,zero,0
phishing,204,3,1.065e-05,0.924,spamassassin:2949,spamassassin,0,google/gemma-3-12b-it,zero,1
legitimate,303,3,1.56e-05,0.672,spamassassin:1258,spamassassin,0,google/gemma-3-12b-it,zero,0
legitimate,440,3,2.245e-05,1.632,spamassassin:229,spamassassin,0,google/gemma-3-12b-it,zero,0
legitimate,159,3,8.4e-06,0.645,spamassassin:1866,spamassassin,0,google/gemma-3-12b-it,zero,0
legitimate,356,3,1.825e-05,0.788,spamassassin:1164,spamassassin,0,google/gemma-3-12b-it,zero,0
legitimate,343,3,1.76e-05,1.025,spamassassin:2835,spamassassin,0,google/gemma-3-12b-it,zero,0
legitimate,296,3,1.525e-05,0.617,spamassassin:3620,spamassassin,0,google/gemma-3-12b-it,zero,0
phishing,344,3,1.765e-05,1.831,spamassassin:3878,spamassassin,0,google/gemma-3-12b-it,zero,1
legitimate,482,3,2.455e-05,0.815,spamassassin:1173,spamassassin,0,google/gemma-3-12b-it,zero,0
legitimate,250,3,1.295e-05,0.716,spamassassin:3256,spamassassin,0,google/gemma-3-12b-it,zero,0
legitimate,223,3,1.16e-05,0.5,spamassassin:3244,spamassassin,0,google/gemma-3-12b-it,zero,0
legitimate,203,3,1.06e-05,0.776,spamassassin:96,spamassassin,0,google/gemma-3-12b-it,zero,0
legitimate,313,3,1.61e-05,0.634,spamassassin:501,spamassassin,0,google/gemma-3-12b-it,zero,0
legitimate,549,3,2.79e-05,0.645,spamassassin:1186,spamassassin,0,google/gemma-3-12b-it,zero,0
legitimate,417,3,2.13e-05,0.876,spamassassin:3801,spamassassin,0,google/gemma-3-12b-it,zero,0
legitimate,475,3,2.42e-05,0.615,spamassassin:2727,spamassassin,0,google/gemma-3-12b-it,zero,0
legitimate,319,3,1.64e-05,1.061,spamassassin:2936,spamassassin,0,google/gemma-3-12b-it,zero,0
legitimate,278,3,1.435e-05,0.702,spamassassin:2510,spamassassin,0,google/gemma-3-12b-it,zero,0
legitimate,386,3,1.975e-05,1.449,spamassassin:132,spamassassin,0,google/gemma-3-12b-it,zero,0
legitimate,165,3,8.7e-06,1.225,spamassassin:869,spamassassin,0,google/gemma-3-12b-it,zero,0
legitimate,315,3,1.62e-05,0.559,spamassassin:527,spamassassin,0,google/gemma-3-12b-it,zero,0
phishing,621,3,3.15e-05,0.679,spamassassin:3950,spamassassin,0,google/gemma-3-12b-it,zero,1
legitimate,431,3,2.2e-05,0.865,spamassassin:3443,spamassassin,0,google/gemma-3-12b-it,zero,0
legitimate,383,3,1.96e-05,0.915,spamassassin:3160,spamassassin,0,google/gemma-3-12b-it,zero,0
legitimate,184,3,9.65e-06,1.702,spamassassin:2484,spamassassin,0,google/gemma-3-12b-it,zero,0
legitimate,271,3,1.4e-05,1.4,spamassassin:305,spamassassin,0,google/gemma-3-12b-it,zero,0
legitimate,446,3,2.275e-05,0.609,spamassassin:1041,spamassassin,0,google/gemma-3-12b-it,zero,0
legitimate,362,3,1.855e-05,0.636,spamassassin:2409,spamassassin,0,google/gemma-3-12b-it,zero,0
legitimate,273,3,1.41e-05,0.807,spamassassin:308,spamassassin,0,google/gemma-3-12b-it,zero,0
legitimate,179,3,9.4e-06,1.469,spamassassin:3598,spamassassin,0,google/gemma-3-12b-it,zero,0
legitimate,391,3,2e-05,0.537,spamassassin:2644,spamassassin,0,google/gemma-3-12b-it,zero,0
legitimate,211,3,1.1e-05,0.531,spamassassin:1846,spamassassin,0,google/gemma-3-12b-it,zero,0
phishing,211,3,1.1e-05,0.536,spamassassin:2405,spamassassin,0,google/gemma-3-12b-it,zero,1
legitimate,90,3,4.95e-06,0.671,spamassassin:802,spamassassin,0,google/gemma-3-12b-it,zero,0
legitimate,409,3,2.09e-05,0.566,spamassassin:2728,spamassassin,0,google/gemma-3-12b-it,zero,0
legitimate,328,3,1.685e-05,2.485,spamassassin:3531,spamassassin,0,google/gemma-3-12b-it,zero,0
legitimate,495,3,2.52e-05,0.714,spamassassin:1309,spamassassin,0,google/gemma-3-12b-it,zero,0
legitimate,454,3,2.315e-05,0.641,spamassassin:2295,spamassassin,0,google/gemma-3-12b-it,zero,0
legitimate,232,3,1.205e-05,0.95,spamassassin:196,spamassassin,0,google/gemma-3-12b-it,zero,0
legitimate,463,3,2.36e-05,1.031,spamassassin:366,spamassassin,0,google/gemma-3-12b-it,zero,0
legitimate,529,3,2.69e-05,0.615,spamassassin:2726,spamassassin,0,google/gemma-3-12b-it,zero,0
legitimate,379,3,1.94e-05,1.46,spamassassin:976,spamassassin,0,google/gemma-3-12b-it,zero,0
phishing,137,3,7.3e-06,0.503,spamassassin:2111,spamassassin,0,google/gemma-3-12b-it,zero,1
legitimate,258,3,1.335e-05,1.251,spamassassin:2720,spamassassin,0,google/gemma-3-12b-it,zero,0
phishing,461,3,2.35e-05,1.45,spamassassin:3863,spamassassin,0,google/gemma-3-12b-it,zero,1
legitimate,412,3,2.105e-05,1.07,spamassassin:2632,spamassassin,0,google/gemma-3-12b-it,zero,0
legitimate,427,3,2.18e-05,0.886,spamassassin:3864,spamassassin,0,google/gemma-3-12b-it,zero,0
legitimate,249,3,1.29e-05,0.984,spamassassin:1221,spamassassin,0,google/gemma-3-12b-it,zero,0
legitimate,433,3,2.21e-05,0.822,spamassassin:314,spamassassin,0,google/gemma-3-12b-it,zero,0
phishing,678,3,3.435e-05,0.993,spamassassin:3639,spamassassin,0,google/gemma-3-12b-it,zero,1
legitimate,290,3,1.495e-05,1.771,spamassassin:184,spamassassin,0,google/gemma-3-12b-it,zero,0
legitimate,358,3,1.835e-05,1.084,spamassassin:1644,spamassassin,0,google/gemma-3-12b-it,zero,0
legitimate,400,3,2.045e-05,3.117,spamassassin:1621,spamassassin,0,google/gemma-3-12b-it,zero,0
legitimate,432,3,2.205e-05,0.883,spamassassin:461,spamassassin,0,google/gemma-3-12b-it,zero,0
legitimate,364,3,1.865e-05,1.679,spamassassin:1808,spamassassin,0,google/gemma-3-12b-it,zero,0
legitimate,218,3,1.135e-05,1.075,spamassassin:3494,spamassassin,0,google/gemma-3-12b-it,zero,0
legitimate,176,3,9.25e-06,0.647,spamassassin:2330,spamassassin,0,google/gemma-3-12b-it,zero,0
legitimate,168,3,8.85e-06,0.67,spamassassin:315,spamassassin,0,google/gemma-3-12b-it,zero,0
legitimate,169,3,8.9e-06,2.491,spamassassin:1110,spamassassin,0,google/gemma-3-12b-it,zero,0
legitimate,401,3,2.05e-05,0.703,spamassassin:1552,spamassassin,0,google/gemma-3-12b-it,zero,0
legitimate,561,3,2.85e-05,0.657,spamassassin:1507,spamassassin,0,google/gemma-3-12b-it,zero,0
legitimate,394,3,2.015e-05,1.119,spamassassin:881,spamassassin,0,google/gemma-3-12b-it,zero,0
legitimate,301,3,1.55e-05,0.655,spamassassin:1513,spamassassin,0,google/gemma-3-12b-it,zero,0
legitimate,511,3,2.6e-05,1.519,spamassassin:1563,spamassassin,0,google/gemma-3-12b-it,zero,0
legitimate,168,3,8.85e-06,0.633,spamassassin:2195,spamassassin,0,google/gemma-3-12b-it,zero,0
phishing,117,3,6.3e-06,2.154,spamassassin:1967,spamassassin,0,google/gemma-3-12b-it,zero,1
legitimate,413,3,2.11e-05,2.897,spamassassin:4008,spamassassin,0,google/gemma-3-12b-it,zero,0
phishing,432,3,2.205e-05,1.214,spamassassin:3951,spamassassin,0,google/gemma-3-12b-it,zero,1
legitimate,499,3,2.54e-05,0.807,spamassassin:1163,spamassassin,0,google/gemma-3-12b-it,zero,0
legitimate,419,3,2.14e-05,0.528,spamassassin:414,spamassassin,0,google/gemma-3-12b-it,zero,0
legitimate,418,3,2.135e-05,1.561,spamassassin:932,spamassassin,0,google/gemma-3-12b-it,zero,0
spam,659,2,3.325e-05,0.661,spamassassin:3917,spamassassin,0,google/gemma-3-12b-it,zero,1
phishing,558,3,2.835e-05,3.034,spamassassin:1064,spamassassin,0,google/gemma-3-12b-it,zero,1
legitimate,169,3,8.9e-06,1.819,spamassassin:1647,spamassassin,0,google/gemma-3-12b-it,zero,0
phishing,606,3,3.075e-05,0.542,spamassassin:3848,spamassassin,0,google/gemma-3-12b-it,zero,1
legitimate,290,3,1.495e-05,1.1,spamassassin:1826,spamassassin,0,google/gemma-3-12b-it,zero,0
legitimate,153,3,8.1e-06,1.397,spamassassin:70,spamassassin,0,google/gemma-3-12b-it,zero,0
legitimate,471,3,2.4e-05,2.698,spamassassin:3032,spamassassin,0,google/gemma-3-12b-it,zero,0
legitimate,327,3,1.68e-05,1.486,spamassassin:952,spamassassin,0,google/gemma-3-12b-it,zero,0
legitimate,468,3,2.385e-05,0.877,spamassassin:211,spamassassin,0,google/gemma-3-12b-it,zero,0
legitimate,185,3,9.7e-06,0.554,spamassassin:1260,spamassassin,0,google/gemma-3-12b-it,zero,0
legitimate,409,3,2.09e-05,0.801,spamassassin:985,spamassassin,0,google/gemma-3-12b-it,zero,0
legitimate,544,3,2.765e-05,0.972,spamassassin:1766,spamassassin,0,google/gemma-3-12b-it,zero,0
phishing,140,3,7.45e-06,1.604,spamassassin:2244,spamassassin,0,google/gemma-3-12b-it,zero,1
legitimate,390,3,1.995e-05,1.059,spamassassin:14,spamassassin,0,google/gemma-3-12b-it,zero,0
legitimate,170,3,8.95e-06,0.533,spamassassin:879,spamassassin,0,google/gemma-3-12b-it,zero,0
legitimate,513,3,2.61e-05,0.665,spamassassin:1178,spamassassin,0,google/gemma-3-12b-it,zero,0
legitimate,473,3,2.41e-05,1.566,spamassassin:1114,spamassassin,0,google/gemma-3-12b-it,zero,0
legitimate,498,3,2.535e-05,1.319,spamassassin:1420,spamassassin,0,google/gemma-3-12b-it,zero,0
legitimate,424,3,2.165e-05,0.861,spamassassin:270,spamassassin,0,google/gemma-3-12b-it,zero,0
legitimate,169,3,8.9e-06,0.973,spamassassin:538,spamassassin,0,google/gemma-3-12b-it,zero,0
legitimate,269,3,1.39e-05,3.041,spamassassin:1345,spamassassin,0,google/gemma-3-12b-it,zero,0
legitimate,413,3,2.11e-05,0.617,spamassassin:8,spamassassin,0,google/gemma-3-12b-it,zero,0
legitimate,431,3,2.2e-05,0.662,spamassassin:1226,spamassassin,0,google/gemma-3-12b-it,zero,0
legitimate,376,3,1.925e-05,1.274,spamassassin:1818,spamassassin,0,google/gemma-3-12b-it,zero,0
legitimate,380,3,1.945e-05,1.78,spamassassin:2927,spamassassin,0,google/gemma-3-12b-it,zero,0
legitimate,463,3,2.36e-05,0.969,spamassassin:3679,spamassassin,0,google/gemma-3-12b-it,zero,0
legitimate,182,3,9.55e-06,1.699,spamassassin:818,spamassassin,0,google/gemma-3-12b-it,zero,0
phishing,131,3,7e-06,1.091,spamassassin:2402,spamassassin,0,google/gemma-3-12b-it,zero,1
legitimate,510,3,2.595e-05,0.816,spamassassin:2164,spamassassin,0,google/gemma-3-12b-it,zero,0
legitimate,370,3,1.895e-05,1.501,spamassassin:3063,spamassassin,0,google/gemma-3-12b-it,zero,0
legitimate,300,3,1.545e-05,1.437,spamassassin:3585,spamassassin,0,google/gemma-3-12b-it,zero,0
legitimate,302,3,1.555e-05,1.486,spamassassin:1231,spamassassin,0,google/gemma-3-12b-it,zero,0
legitimate,311,3,1.6e-05,0.687,spamassassin:251,spamassassin,0,google/gemma-3-12b-it,zero,0
legitimate,508,3,2.585e-05,1.147,spamassassin:3590,spamassassin,0,google/gemma-3-12b-it,zero,0
phishing,371,3,1.9e-05,0.904,spamassassin:2973,spamassassin,0,google/gemma-3-12b-it,zero,1
phishing,176,3,9.25e-06,1.792,spamassassin:296,spamassassin,0,google/gemma-3-12b-it,zero,1
legitimate,122,3,6.55e-06,1.906,spamassassin:755,spamassassin,0,google/gemma-3-12b-it,zero,0
legitimate,421,3,2.15e-05,0.786,spamassassin:544,spamassassin,0,google/gemma-3-12b-it,zero,0
legitimate,445,3,2.27e-05,0.685,spamassassin:3542,spamassassin,0,google/gemma-3-12b-it,zero,0
phishing,140,3,7.45e-06,1.102,spamassassin:2107,spamassassin,0,google/gemma-3-12b-it,zero,1
legitimate,424,3,2.165e-05,0.633,spamassassin:3572,spamassassin,0,google/gemma-3-12b-it,zero,0
legitimate,492,3,2.505e-05,2.358,spamassassin:4085,spamassassin,0,google/gemma-3-12b-it,zero,0
phishing,116,3,6.25e-06,0.812,spamassassin:2124,spamassassin,0,google/gemma-3-12b-it,zero,1
phishing,406,3,2.075e-05,0.548,spamassassin:5215,spamassassin,1,google/gemma-3-12b-it,zero,1
phishing,257,3,1.33e-05,1.625,spamassassin:4907,spamassassin,1,google/gemma-3-12b-it,zero,1
phishing,1246,3,6.275e-05,1.305,spamassassin:4553,spamassassin,1,google/gemma-3-12b-it,zero,1
phishing,816,3,4.125e-05,1.816,spamassassin:5300,spamassassin,1,google/gemma-3-12b-it,zero,1
phishing,561,3,2.85e-05,1.516,spamassassin:4868,spamassassin,1,google/gemma-3-12b-it,zero,1
phishing,445,3,2.27e-05,1.271,spamassassin:5080,spamassassin,1,google/gemma-3-12b-it,zero,1
phishing,312,3,1.605e-05,1.255,spamassassin:4415,spamassassin,1,google/gemma-3-12b-it,zero,1
phishing,339,3,1.74e-05,1.492,spamassassin:5683,spamassassin,1,google/gemma-3-12b-it,zero,1
phishing,1281,3,6.45e-05,1.655,spamassassin:4803,spamassassin,1,google/gemma-3-12b-it,zero,1
phishing,327,3,1.68e-05,0.503,spamassassin:5684,spamassassin,1,google/gemma-3-12b-it,zero,1
phishing,203,3,1.06e-05,1.2,spamassassin:4562,spamassassin,1,google/gemma-3-12b-it,zero,1
phishing,395,3,2.02e-05,0.543,spamassassin:5059,spamassassin,1,google/gemma-3-12b-it,zero,1
phishing,375,3,1.92e-05,1.448,spamassassin:4120,spamassassin,1,google/gemma-3-12b-it,zero,1
phishing,334,3,1.715e-05,1.956,spamassassin:4485,spamassassin,1,google/gemma-3-12b-it,zero,1
phishing,332,3,1.705e-05,1.678,spamassassin:4970,spamassassin,1,google/gemma-3-12b-it,zero,1
legitimate,374,3,1.915e-05,1.525,spamassassin:3754,spamassassin,0,google/gemma-3-12b-it,zero,0
legitimate,471,3,2.4e-05,0.885,spamassassin:4078,spamassassin,0,google/gemma-3-12b-it,zero,0
phishing,132,3,7.05e-06,1.484,ceas08:8116,ceas08,1,google/gemma-3-12b-it,zero,1
phishing,205,3,1.07e-05,0.888,ceas08:7953,ceas08,1,google/gemma-3-12b-it,zero,1
phishing,682,3,3.455e-05,1.443,ceas08:5150,ceas08,1,google/gemma-3-12b-it,zero,1
phishing,205,3,1.07e-05,1.104,ceas08:7796,ceas08,1,google/gemma-3-12b-it,zero,1
phishing,81,3,4.5e-06,1.236,ceas08:4894,ceas08,1,google/gemma-3-12b-it,zero,1
phishing,81,3,4.5e-06,2.052,ceas08:9838,ceas08,1,google/gemma-3-12b-it,zero,1
phishing,115,3,6.2e-06,1.565,ceas08:8788,ceas08,1,google/gemma-3-12b-it,zero,1
phishing,95,3,5.2e-06,1.628,ceas08:8667,ceas08,1,google/gemma-3-12b-it,zero,1
phishing,173,3,9.1e-06,1.332,ceas08:9868,ceas08,1,google/gemma-3-12b-it,zero,1
phishing,661,3,3.35e-05,1.024,ceas08:9735,ceas08,1,google/gemma-3-12b-it,zero,1
phishing,178,3,9.35e-06,3.03,ceas08:6658,ceas08,1,google/gemma-3-12b-it,zero,1
phishing,112,3,6.05e-06,1.737,ceas08:7999,ceas08,1,google/gemma-3-12b-it,zero,1
phishing,139,3,7.4e-06,3.595,ceas08:8805,ceas08,1,google/gemma-3-12b-it,zero,1
phishing,173,3,9.1e-06,2.249,ceas08:7742,ceas08,1,google/gemma-3-12b-it,zero,1
phishing,99,3,5.4e-06,1.933,ceas08:9321,ceas08,1,google/gemma-3-12b-it,zero,1
phishing,202,3,1.055e-05,1.941,ceas08:4722,ceas08,1,google/gemma-3-12b-it,zero,1
phishing,124,3,6.65e-06,1.922,ceas08:4879,ceas08,1,google/gemma-3-12b-it,zero,1
phishing,136,3,7.25e-06,1.762,ceas08:9306,ceas08,1,google/gemma-3-12b-it,zero,1
phishing,418,3,2.135e-05,2.502,ceas08:6460,ceas08,1,google/gemma-3-12b-it,zero,1
phishing,124,3,6.65e-06,2.883,ceas08:8713,ceas08,1,google/gemma-3-12b-it,zero,1
legitimate,206,3,1.075e-05,2.042,ceas08:5031,ceas08,1,google/gemma-3-12b-it,zero,0
phishing,66,3,3.75e-06,1.814,ceas08:6041,ceas08,1,google/gemma-3-12b-it,zero,1
phishing,661,3,3.35e-05,1.163,ceas08:9595,ceas08,1,google/gemma-3-12b-it,zero,1
legitimate,205,3,1.07e-05,2.027,ceas08:9081,ceas08,1,google/gemma-3-12b-it,zero,0
phishing,171,3,9e-06,1.911,ceas08:7180,ceas08,1,google/gemma-3-12b-it,zero,1
phishing,118,3,6.35e-06,2.17,ceas08:7153,ceas08,1,google/gemma-3-12b-it,zero,1
phishing,96,3,5.25e-06,1.172,ceas08:8721,ceas08,1,google/gemma-3-12b-it,zero,1
phishing,173,3,9.1e-06,0.843,ceas08:8319,ceas08,1,google/gemma-3-12b-it,zero,1
phishing,103,3,5.6e-06,0.632,ceas08:6985,ceas08,1,google/gemma-3-12b-it,zero,1
phishing,80,3,4.45e-06,0.628,ceas08:5156,ceas08,1,google/gemma-3-12b-it,zero,1
phishing,114,3,6.15e-06,0.678,ceas08:4759,ceas08,1,google/gemma-3-12b-it,zero,1
phishing,131,3,7e-06,2.006,ceas08:7235,ceas08,1,google/gemma-3-12b-it,zero,1
phishing,147,3,7.8e-06,1.334,ceas08:4716,ceas08,1,google/gemma-3-12b-it,zero,1
phishing,143,3,7.6e-06,1.304,ceas08:9464,ceas08,1,google/gemma-3-12b-it,zero,1
phishing,128,3,6.85e-06,1.257,ceas08:5173,ceas08,1,google/gemma-3-12b-it,zero,1
phishing,104,3,5.65e-06,0.709,ceas08:5333,ceas08,1,google/gemma-3-12b-it,zero,1
phishing,84,3,4.65e-06,1.274,ceas08:7506,ceas08,1,google/gemma-3-12b-it,zero,1
phishing,117,3,6.3e-06,2.202,ceas08:5589,ceas08,1,google/gemma-3-12b-it,zero,1
phishing,107,3,5.8e-06,1.364,ceas08:9016,ceas08,1,google/gemma-3-12b-it,zero,1
phishing,205,3,1.07e-05,1.264,ceas08:5523,ceas08,1,google/gemma-3-12b-it,zero,1
phishing,114,3,6.15e-06,1.426,ceas08:8978,ceas08,1,google/gemma-3-12b-it,zero,1
phishing,81,3,4.5e-06,0.636,ceas08:5451,ceas08,1,google/gemma-3-12b-it,zero,1
phishing,90,3,4.95e-06,1.474,ceas08:6120,ceas08,1,google/gemma-3-12b-it,zero,1
phishing,95,3,5.2e-06,2.367,ceas08:9221,ceas08,1,google/gemma-3-12b-it,zero,1
phishing,673,3,3.41e-05,1.559,ceas08:7814,ceas08,1,google/gemma-3-12b-it,zero,1
phishing,682,3,3.455e-05,2.851,ceas08:9456,ceas08,1,google/gemma-3-12b-it,zero,1
phishing,72,3,4.05e-06,1.907,ceas08:6942,ceas08,1,google/gemma-3-12b-it,zero,1
phishing,661,3,3.35e-05,1.044,ceas08:5107,ceas08,1,google/gemma-3-12b-it,zero,1
phishing,173,3,9.1e-06,1.355,ceas08:7966,ceas08,1,google/gemma-3-12b-it,zero,1
phishing,111,3,6e-06,0.561,ceas08:6208,ceas08,1,google/gemma-3-12b-it,zero,1
phishing,74,3,4.15e-06,0.892,ceas08:8158,ceas08,1,google/gemma-3-12b-it,zero,1
phishing,83,3,4.6e-06,0.684,ceas08:4723,ceas08,1,google/gemma-3-12b-it,zero,1
phishing,86,3,4.75e-06,0.663,ceas08:8513,ceas08,1,google/gemma-3-12b-it,zero,1
phishing,84,3,4.65e-06,0.788,ceas08:5520,ceas08,1,google/gemma-3-12b-it,zero,1
phishing,105,3,5.7e-06,1.806,ceas08:7516,ceas08,1,google/gemma-3-12b-it,zero,1
phishing,162,3,8.55e-06,2.089,ceas08:4449,ceas08,1,google/gemma-3-12b-it,zero,1
phishing,673,3,3.41e-05,0.58,ceas08:6735,ceas08,1,google/gemma-3-12b-it,zero,1
phishing,80,3,4.45e-06,0.636,ceas08:8793,ceas08,1,google/gemma-3-12b-it,zero,1
phishing,110,3,5.95e-06,0.647,ceas08:8096,ceas08,1,google/gemma-3-12b-it,zero,1
phishing,81,3,4.5e-06,0.816,ceas08:6158,ceas08,1,google/gemma-3-12b-it,zero,1
phishing,118,3,6.35e-06,0.535,ceas08:7745,ceas08,1,google/gemma-3-12b-it,zero,1
phishing,165,3,8.7e-06,1.54,ceas08:8207,ceas08,1,google/gemma-3-12b-it,zero,1
phishing,147,3,7.8e-06,0.523,ceas08:7695,ceas08,1,google/gemma-3-12b-it,zero,1
phishing,70,3,3.95e-06,0.557,ceas08:5235,ceas08,1,google/gemma-3-12b-it,zero,1
phishing,108,3,5.85e-06,0.567,ceas08:9665,ceas08,1,google/gemma-3-12b-it,zero,1
phishing,99,3,5.4e-06,0.517,ceas08:5970,ceas08,1,google/gemma-3-12b-it,zero,1
phishing,92,3,5.05e-06,1.325,ceas08:4964,ceas08,1,google/gemma-3-12b-it,zero,1
phishing,157,3,8.3e-06,1.466,ceas08:5625,ceas08,1,google/gemma-3-12b-it,zero,1
phishing,682,3,3.455e-05,0.551,ceas08:4956,ceas08,1,google/gemma-3-12b-it,zero,1
phishing,243,3,1.26e-05,0.901,ceas08:8072,ceas08,1,google/gemma-3-12b-it,zero,1
phishing,72,3,4.05e-06,0.613,ceas08:4505,ceas08,1,google/gemma-3-12b-it,zero,1
phishing,77,3,4.3e-06,0.525,ceas08:5464,ceas08,1,google/gemma-3-12b-it,zero,1
phishing,72,3,4.05e-06,1.164,ceas08:4848,ceas08,1,google/gemma-3-12b-it,zero,1
phishing,171,3,9e-06,0.584,ceas08:7830,ceas08,1,google/gemma-3-12b-it,zero,1
phishing,74,3,4.15e-06,0.574,ceas08:4593,ceas08,1,google/gemma-3-12b-it,zero,1
phishing,682,3,3.455e-05,0.682,ceas08:8807,ceas08,1,google/gemma-3-12b-it,zero,1
phishing,268,3,1.385e-05,0.679,ceas08:9136,ceas08,1,google/gemma-3-12b-it,zero,1
phishing,164,3,8.65e-06,0.617,ceas08:9683,ceas08,1,google/gemma-3-12b-it,zero,1
phishing,91,3,5e-06,0.531,ceas08:7500,ceas08,1,google/gemma-3-12b-it,zero,1
phishing,661,3,3.35e-05,0.57,ceas08:8489,ceas08,1,google/gemma-3-12b-it,zero,1
phishing,673,3,3.41e-05,0.491,ceas08:6006,ceas08,1,google/gemma-3-12b-it,zero,1
phishing,132,3,7.05e-06,0.544,ceas08:6755,ceas08,1,google/gemma-3-12b-it,zero,1
phishing,96,3,5.25e-06,0.474,ceas08:9635,ceas08,1,google/gemma-3-12b-it,zero,1
phishing,182,3,9.55e-06,0.523,ceas08:5837,ceas08,1,google/gemma-3-12b-it,zero,1
phishing,141,3,7.5e-06,0.589,ceas08:7533,ceas08,1,google/gemma-3-12b-it,zero,1
phishing,135,3,7.2e-06,0.557,ceas08:5352,ceas08,1,google/gemma-3-12b-it,zero,1
phishing,211,3,1.1e-05,0.571,ceas08:9759,ceas08,1,google/gemma-3-12b-it,zero,1
phishing,673,3,3.41e-05,0.768,ceas08:5687,ceas08,1,google/gemma-3-12b-it,zero,1
phishing,111,3,6e-06,0.604,ceas08:4434,ceas08,1,google/gemma-3-12b-it,zero,1
legitimate,203,3,1.06e-05,0.83,ceas08:8588,ceas08,1,google/gemma-3-12b-it,zero,0
phishing,115,3,6.2e-06,0.685,ceas08:8692,ceas08,1,google/gemma-3-12b-it,zero,1
phishing,98,3,5.35e-06,0.525,ceas08:7154,ceas08,1,google/gemma-3-12b-it,zero,1
phishing,107,3,5.8e-06,0.742,ceas08:5965,ceas08,1,google/gemma-3-12b-it,zero,1
phishing,158,3,8.35e-06,0.553,ceas08:5863,ceas08,1,google/gemma-3-12b-it,zero,1
phishing,133,3,7.1e-06,0.53,ceas08:8743,ceas08,1,google/gemma-3-12b-it,zero,1
phishing,86,3,4.75e-06,0.888,ceas08:4750,ceas08,1,google/gemma-3-12b-it,zero,1
phishing,101,3,5.5e-06,0.638,ceas08:6890,ceas08,1,google/gemma-3-12b-it,zero,1
phishing,176,3,9.25e-06,0.565,ceas08:9201,ceas08,1,google/gemma-3-12b-it,zero,1
phishing,661,3,3.35e-05,0.574,ceas08:9194,ceas08,1,google/gemma-3-12b-it,zero,1
spam,128,2,6.7e-06,0.501,ceas08:5893,ceas08,1,google/gemma-3-12b-it,zero,1
phishing,171,3,9e-06,1.582,ceas08:5547,ceas08,1,google/gemma-3-12b-it,zero,1
phishing,78,3,4.35e-06,0.55,ceas08:8759,ceas08,1,google/gemma-3-12b-it,zero,1
phishing,91,3,5e-06,0.811,ceas08:8200,ceas08,1,google/gemma-3-12b-it,zero,1
phishing,127,3,6.8e-06,1.951,ceas08:7096,ceas08,1,google/gemma-3-12b-it,zero,1
phishing,125,3,6.7e-06,0.52,ceas08:6996,ceas08,1,google/gemma-3-12b-it,zero,1
phishing,125,3,6.7e-06,0.584,ceas08:4459,ceas08,1,google/gemma-3-12b-it,zero,1
phishing,84,3,4.65e-06,1.357,ceas08:6685,ceas08,1,google/gemma-3-12b-it,zero,1
phishing,108,3,5.85e-06,0.676,ceas08:6239,ceas08,1,google/gemma-3-12b-it,zero,1
phishing,91,3,5e-06,0.506,ceas08:6636,ceas08,1,google/gemma-3-12b-it,zero,1
phishing,137,3,7.3e-06,0.571,ceas08:8421,ceas08,1,google/gemma-3-12b-it,zero,1
phishing,682,3,3.455e-05,0.837,ceas08:9244,ceas08,1,google/gemma-3-12b-it,zero,1
phishing,105,3,5.7e-06,1.893,ceas08:5959,ceas08,1,google/gemma-3-12b-it,zero,1
phishing,207,3,1.08e-05,0.617,ceas08:8528,ceas08,1,google/gemma-3-12b-it,zero,1
phishing,156,3,8.25e-06,1.401,ceas08:8722,ceas08,1,google/gemma-3-12b-it,zero,1
phishing,79,3,4.4e-06,0.62,ceas08:5458,ceas08,1,google/gemma-3-12b-it,zero,1
phishing,104,3,5.65e-06,0.609,ceas08:8965,ceas08,1,google/gemma-3-12b-it,zero,1
phishing,661,3,3.35e-05,0.51,ceas08:9862,ceas08,1,google/gemma-3-12b-it,zero,1
phishing,682,3,3.455e-05,0.566,ceas08:6815,ceas08,1,google/gemma-3-12b-it,zero,1
phishing,146,3,7.75e-06,0.649,ceas08:9396,ceas08,1,google/gemma-3-12b-it,zero,1
phishing,209,3,1.09e-05,0.957,ceas08:6756,ceas08,1,google/gemma-3-12b-it,zero,1
phishing,170,3,8.95e-06,1.792,ceas08:5527,ceas08,1,google/gemma-3-12b-it,zero,1
phishing,86,3,4.75e-06,2.749,ceas08:4852,ceas08,1,google/gemma-3-12b-it,zero,1
phishing,89,3,4.9e-06,1.144,ceas08:8073,ceas08,1,google/gemma-3-12b-it,zero,1
phishing,153,3,8.1e-06,0.823,ceas08:6450,ceas08,1,google/gemma-3-12b-it,zero,1
phishing,98,3,5.35e-06,0.697,ceas08:8600,ceas08,1,google/gemma-3-12b-it,zero,1
phishing,131,3,7e-06,1.142,ceas08:5924,ceas08,1,google/gemma-3-12b-it,zero,1
phishing,312,3,1.605e-05,0.684,ceas08:4799,ceas08,1,google/gemma-3-12b-it,zero,1
phishing,661,3,3.35e-05,0.704,ceas08:7857,ceas08,1,google/gemma-3-12b-it,zero,1
phishing,85,3,4.7e-06,0.566,ceas08:8683,ceas08,1,google/gemma-3-12b-it,zero,1
phishing,168,3,8.85e-06,0.537,ceas08:4827,ceas08,1,google/gemma-3-12b-it,zero,1
phishing,86,3,4.75e-06,1.718,ceas08:6205,ceas08,1,google/gemma-3-12b-it,zero,1
phishing,661,3,3.35e-05,1.087,ceas08:6655,ceas08,1,google/gemma-3-12b-it,zero,1
phishing,148,3,7.85e-06,0.542,ceas08:6907,ceas08,1,google/gemma-3-12b-it,zero,1
phishing,130,3,6.95e-06,0.565,ceas08:6154,ceas08,1,google/gemma-3-12b-it,zero,1
phishing,115,3,6.2e-06,2.881,ceas08:8390,ceas08,1,google/gemma-3-12b-it,zero,1
phishing,157,3,8.3e-06,0.628,ceas08:5238,ceas08,1,google/gemma-3-12b-it,zero,1
phishing,673,3,3.41e-05,0.891,ceas08:5601,ceas08,1,google/gemma-3-12b-it,zero,1
phishing,91,3,5e-06,0.515,ceas08:7388,ceas08,1,google/gemma-3-12b-it,zero,1
phishing,148,3,7.85e-06,0.823,ceas08:7380,ceas08,1,google/gemma-3-12b-it,zero,1
phishing,69,3,3.9e-06,1.967,ceas08:5395,ceas08,1,google/gemma-3-12b-it,zero,1
phishing,170,3,8.95e-06,2.024,ceas08:7022,ceas08,1,google/gemma-3-12b-it,zero,1
phishing,151,3,8e-06,1.89,ceas08:9007,ceas08,1,google/gemma-3-12b-it,zero,1
phishing,682,3,3.455e-05,0.923,ceas08:8964,ceas08,1,google/gemma-3-12b-it,zero,1
phishing,157,3,8.3e-06,0.691,ceas08:5015,ceas08,1,google/gemma-3-12b-it,zero,1
phishing,101,3,5.5e-06,2.473,ceas08:7890,ceas08,1,google/gemma-3-12b-it,zero,1
phishing,270,3,1.395e-05,0.505,ceas08:6214,ceas08,1,google/gemma-3-12b-it,zero,1
phishing,170,3,8.95e-06,1.89,ceas08:7037,ceas08,1,google/gemma-3-12b-it,zero,1
legitimate,749,3,3.79e-05,0.831,ceas08:443,ceas08,0,google/gemma-3-12b-it,zero,0
phishing,104,3,5.65e-06,2.431,ceas08:2825,ceas08,0,google/gemma-3-12b-it,zero,1
legitimate,544,3,2.765e-05,0.995,ceas08:2473,ceas08,0,google/gemma-3-12b-it,zero,0
legitimate,450,3,2.295e-05,1.854,ceas08:2431,ceas08,0,google/gemma-3-12b-it,zero,0
legitimate,372,3,1.905e-05,0.563,ceas08:318,ceas08,0,google/gemma-3-12b-it,zero,0
legitimate,357,3,1.83e-05,1.562,ceas08:2540,ceas08,0,google/gemma-3-12b-it,zero,0
legitimate,635,3,3.22e-05,0.689,ceas08:3328,ceas08,0,google/gemma-3-12b-it,zero,0
legitimate,363,3,1.86e-05,0.848,ceas08:4120,ceas08,0,google/gemma-3-12b-it,zero,0
phishing,405,3,2.07e-05,0.644,ceas08:151,ceas08,0,google/gemma-3-12b-it,zero,1
legitimate,433,3,2.21e-05,1.277,ceas08:3451,ceas08,0,google/gemma-3-12b-it,zero,0
legitimate,438,3,2.235e-05,1.099,ceas08:4149,ceas08,0,google/gemma-3-12b-it,zero,0
phishing,414,3,2.115e-05,0.663,ceas08:3346,ceas08,0,google/gemma-3-12b-it,zero,1
legitimate,211,3,1.1e-05,1.45,ceas08:3959,ceas08,0,google/gemma-3-12b-it,zero,0
legitimate,676,3,3.425e-05,0.941,ceas08:1392,ceas08,0,google/gemma-3-12b-it,zero,0
legitimate,328,3,1.685e-05,0.835,ceas08:4105,ceas08,0,google/gemma-3-12b-it,zero,0
legitimate,446,3,2.275e-05,0.652,ceas08:1161,ceas08,0,google/gemma-3-12b-it,zero,0
legitimate,433,3,2.21e-05,0.559,ceas08:2552,ceas08,0,google/gemma-3-12b-it,zero,0
legitimate,272,3,1.405e-05,1.109,ceas08:764,ceas08,0,google/gemma-3-12b-it,zero,0
legitimate,469,3,2.39e-05,1.296,ceas08:3921,ceas08,0,google/gemma-3-12b-it,zero,0
legitimate,396,3,2.025e-05,0.631,ceas08:3728,ceas08,0,google/gemma-3-12b-it,zero,0
legitimate,227,3,1.18e-05,0.922,ceas08:3316,ceas08,0,google/gemma-3-12b-it,zero,0
legitimate,390,3,1.995e-05,0.821,ceas08:315,ceas08,0,google/gemma-3-12b-it,zero,0
legitimate,228,3,1.185e-05,0.883,ceas08:2754,ceas08,0,google/gemma-3-12b-it,zero,0
legitimate,253,3,1.31e-05,3.291,ceas08:2598,ceas08,0,google/gemma-3-12b-it,zero,0
phishing,347,3,1.78e-05,0.799,ceas08:1220,ceas08,0,google/gemma-3-12b-it,zero,1
legitimate,391,3,2e-05,1.506,ceas08:1010,ceas08,0,google/gemma-3-12b-it,zero,0
legitimate,458,3,2.335e-05,1.969,ceas08:2528,ceas08,0,google/gemma-3-12b-it,zero,0
legitimate,404,3,2.065e-05,1.786,ceas08:4415,ceas08,0,google/gemma-3-12b-it,zero,0
phishing,696,3,3.525e-05,1.969,ceas08:3292,ceas08,0,google/gemma-3-12b-it,zero,1
legitimate,450,3,2.295e-05,1.623,ceas08:179,ceas08,0,google/gemma-3-12b-it,zero,0
legitimate,404,3,2.065e-05,2.52,ceas08:3930,ceas08,0,google/gemma-3-12b-it,zero,0
legitimate,428,3,2.185e-05,1.363,ceas08:2260,ceas08,0,google/gemma-3-12b-it,zero,0
legitimate,318,3,1.635e-05,1.569,ceas08:731,ceas08,0,google/gemma-3-12b-it,zero,0
legitimate,267,3,1.38e-05,1.212,ceas08:51,ceas08,0,google/gemma-3-12b-it,zero,0
legitimate,390,3,1.995e-05,0.849,ceas08:720,ceas08,0,google/gemma-3-12b-it,zero,0
legitimate,425,3,2.17e-05,1.064,ceas08:584,ceas08,0,google/gemma-3-12b-it,zero,0
legitimate,521,3,2.65e-05,0.531,ceas08:1501,ceas08,0,google/gemma-3-12b-it,zero,0
legitimate,228,3,1.185e-05,0.603,ceas08:4055,ceas08,0,google/gemma-3-12b-it,zero,0
legitimate,441,3,2.25e-05,2.021,ceas08:3062,ceas08,0,google/gemma-3-12b-it,zero,0
legitimate,723,3,3.66e-05,1.6,ceas08:1413,ceas08,0,google/gemma-3-12b-it,zero,0
legitimate,401,3,2.05e-05,1.765,ceas08:798,ceas08,0,google/gemma-3-12b-it,zero,0
legitimate,420,3,2.145e-05,1.635,ceas08:4083,ceas08,0,google/gemma-3-12b-it,zero,0
phishing,113,3,6.1e-06,1.527,ceas08:842,ceas08,0,google/gemma-3-12b-it,zero,1
legitimate,373,3,1.91e-05,3.483,ceas08:1192,ceas08,0,google/gemma-3-12b-it,zero,0
spam,69,2,3.75e-06,0.482,ceas08:4248,ceas08,0,google/gemma-3-12b-it,zero,1
legitimate,532,3,2.705e-05,0.826,ceas08:2357,ceas08,0,google/gemma-3-12b-it,zero,0
legitimate,489,3,2.49e-05,0.518,ceas08:1157,ceas08,0,google/gemma-3-12b-it,zero,0
legitimate,460,3,2.345e-05,1.419,ceas08:4396,ceas08,0,google/gemma-3-12b-it,zero,0
legitimate,498,3,2.535e-05,0.601,ceas08:1780,ceas08,0,google/gemma-3-12b-it,zero,0
legitimate,345,3,1.77e-05,1.292,ceas08:4285,ceas08,0,google/gemma-3-12b-it,zero,0
legitimate,158,3,8.35e-06,0.747,ceas08:2325,ceas08,0,google/gemma-3-12b-it,zero,0
legitimate,312,3,1.605e-05,1.437,ceas08:538,ceas08,0,google/gemma-3-12b-it,zero,0
legitimate,197,3,1.03e-05,0.537,ceas08:4234,ceas08,0,google/gemma-3-12b-it,zero,0
legitimate,114,3,6.15e-06,0.875,ceas08:4425,ceas08,0,google/gemma-3-12b-it,zero,0
legitimate,280,3,1.445e-05,1.514,ceas08:134,ceas08,0,google/gemma-3-12b-it,zero,0
legitimate,540,3,2.745e-05,0.522,ceas08:3720,ceas08,0,google/gemma-3-12b-it,zero,0
legitimate,86,3,4.75e-06,0.663,ceas08:1051,ceas08,0,google/gemma-3-12b-it,zero,0
legitimate,397,3,2.03e-05,1.306,ceas08:3076,ceas08,0,google/gemma-3-12b-it,zero,0
legitimate,368,3,1.885e-05,0.715,ceas08:4411,ceas08,0,google/gemma-3-12b-it,zero,0
phishing,191,3,1e-05,1.053,ceas08:721,ceas08,0,google/gemma-3-12b-it,zero,1
legitimate,379,3,1.94e-05,0.517,ceas08:2554,ceas08,0,google/gemma-3-12b-it,zero,0
legitimate,604,3,3.065e-05,0.669,ceas08:2389,ceas08,0,google/gemma-3-12b-it,zero,0
legitimate,466,3,2.375e-05,0.663,ceas08:2672,ceas08,0,google/gemma-3-12b-it,zero,0
legitimate,554,3,2.815e-05,1.223,ceas08:2647,ceas08,0,google/gemma-3-12b-it,zero,0
legitimate,418,3,2.135e-05,2.654,ceas08:297,ceas08,0,google/gemma-3-12b-it,zero,0
legitimate,575,3,2.92e-05,2.255,ceas08:1103,ceas08,0,google/gemma-3-12b-it,zero,0
legitimate,666,3,3.375e-05,2.141,ceas08:1803,ceas08,0,google/gemma-3-12b-it,zero,0
legitimate,466,3,2.375e-05,1.322,ceas08:2297,ceas08,0,google/gemma-3-12b-it,zero,0
legitimate,472,3,2.405e-05,0.769,ceas08:1600,ceas08,0,google/gemma-3-12b-it,zero,0
legitimate,284,3,1.465e-05,1.77,ceas08:2314,ceas08,0,google/gemma-3-12b-it,zero,0
legitimate,324,3,1.665e-05,1.441,ceas08:3390,ceas08,0,google/gemma-3-12b-it,zero,0
legitimate,155,3,8.2e-06,0.837,ceas08:1361,ceas08,0,google/gemma-3-12b-it,zero,0
legitimate,285,3,1.47e-05,0.565,ceas08:3227,ceas08,0,google/gemma-3-12b-it,zero,0
legitimate,529,3,2.69e-05,1.064,ceas08:1200,ceas08,0,google/gemma-3-12b-it,zero,0
legitimate,248,3,1.285e-05,2.181,ceas08:1698,ceas08,0,google/gemma-3-12b-it,zero,0
legitimate,248,3,1.285e-05,2.414,ceas08:2646,ceas08,0,google/gemma-3-12b-it,zero,0
legitimate,516,3,2.625e-05,1.263,ceas08:3563,ceas08,0,google/gemma-3-12b-it,zero,0
legitimate,475,3,2.42e-05,0.762,ceas08:2798,ceas08,0,google/gemma-3-12b-it,zero,0
legitimate,353,3,1.81e-05,0.631,ceas08:2939,ceas08,0,google/gemma-3-12b-it,zero,0
legitimate,293,3,1.51e-05,1.084,ceas08:17,ceas08,0,google/gemma-3-12b-it,zero,0
legitimate,599,3,3.04e-05,0.816,ceas08:551,ceas08,0,google/gemma-3-12b-it,zero,0
legitimate,456,3,2.325e-05,2.457,ceas08:410,ceas08,0,google/gemma-3-12b-it,zero,0
legitimate,337,3,1.73e-05,1.075,ceas08:2741,ceas08,0,google/gemma-3-12b-it,zero,0
legitimate,484,3,2.465e-05,0.712,ceas08:1476,ceas08,0,google/gemma-3-12b-it,zero,0
legitimate,363,3,1.86e-05,1.069,ceas08:2801,ceas08,0,google/gemma-3-12b-it,zero,0
legitimate,383,3,1.96e-05,1.268,ceas08:530,ceas08,0,google/gemma-3-12b-it,zero,0
legitimate,370,3,1.895e-05,0.759,ceas08:1784,ceas08,0,google/gemma-3-12b-it,zero,0
phishing,452,3,2.305e-05,0.839,ceas08:2863,ceas08,0,google/gemma-3-12b-it,zero,1
legitimate,319,3,1.64e-05,1.665,ceas08:3999,ceas08,0,google/gemma-3-12b-it,zero,0
phishing,203,3,1.06e-05,1.292,ceas08:3540,ceas08,0,google/gemma-3-12b-it,zero,1
legitimate,469,3,2.39e-05,1.033,ceas08:1237,ceas08,0,google/gemma-3-12b-it,zero,0
legitimate,455,3,2.32e-05,1.145,ceas08:3462,ceas08,0,google/gemma-3-12b-it,zero,0
legitimate,378,3,1.935e-05,0.992,ceas08:4336,ceas08,0,google/gemma-3-12b-it,zero,0
legitimate,185,3,9.7e-06,0.856,ceas08:1146,ceas08,0,google/gemma-3-12b-it,zero,0
legitimate,559,3,2.84e-05,0.83,ceas08:4080,ceas08,0,google/gemma-3-12b-it,zero,0
legitimate,170,3,8.95e-06,0.599,ceas08:175,ceas08,0,google/gemma-3-12b-it,zero,0
phishing,258,3,1.335e-05,2.359,ceas08:4319,ceas08,0,google/gemma-3-12b-it,zero,1
legitimate,138,3,7.35e-06,0.898,ceas08:3336,ceas08,0,google/gemma-3-12b-it,zero,0
phishing,680,3,3.445e-05,0.591,ceas08:2846,ceas08,0,google/gemma-3-12b-it,zero,1
legitimate,446,3,2.275e-05,0.771,ceas08:2829,ceas08,0,google/gemma-3-12b-it,zero,0
legitimate,406,3,2.075e-05,1.039,ceas08:3298,ceas08,0,google/gemma-3-12b-it,zero,0
legitimate,220,3,1.145e-05,1.032,ceas08:3994,ceas08,0,google/gemma-3-12b-it,zero,0
legitimate,516,3,2.625e-05,1.648,ceas08:555,ceas08,0,google/gemma-3-12b-it,zero,0
legitimate,522,3,2.655e-05,0.704,ceas08:3998,ceas08,0,google/gemma-3-12b-it,zero,0
legitimate,468,3,2.385e-05,0.516,ceas08:2121,ceas08,0,google/gemma-3-12b-it,zero,0
legitimate,219,3,1.14e-05,0.972,ceas08:2171,ceas08,0,google/gemma-3-12b-it,zero,0
phishing,173,3,9.1e-06,1.935,ceas08:3812,ceas08,0,google/gemma-3-12b-it,zero,1
legitimate,232,3,1.205e-05,1.96,ceas08:877,ceas08,0,google/gemma-3-12b-it,zero,0
legitimate,302,3,1.555e-05,1.838,ceas08:3321,ceas08,0,google/gemma-3-12b-it,zero,0
legitimate,428,3,2.185e-05,0.938,ceas08:3258,ceas08,0,google/gemma-3-12b-it,zero,0
legitimate,314,3,1.615e-05,1.668,ceas08:3148,ceas08,0,google/gemma-3-12b-it,zero,0
legitimate,377,3,1.93e-05,1.535,ceas08:1323,ceas08,0,google/gemma-3-12b-it,zero,0
legitimate,160,3,8.45e-06,1.028,ceas08:3857,ceas08,0,google/gemma-3-12b-it,zero,0
legitimate,427,3,2.18e-05,0.696,ceas08:602,ceas08,0,google/gemma-3-12b-it,zero,0
legitimate,247,3,1.28e-05,1.589,ceas08:787,ceas08,0,google/gemma-3-12b-it,zero,0
phishing,149,3,7.9e-06,0.836,ceas08:2093,ceas08,0,google/gemma-3-12b-it,zero,1
legitimate,366,3,1.875e-05,1.383,ceas08:3740,ceas08,0,google/gemma-3-12b-it,zero,0
legitimate,358,3,1.835e-05,1.277,ceas08:1491,ceas08,0,google/gemma-3-12b-it,zero,0
phishing,128,3,6.85e-06,2.533,ceas08:1807,ceas08,0,google/gemma-3-12b-it,zero,1
legitimate,481,3,2.45e-05,0.6,ceas08:93,ceas08,0,google/gemma-3-12b-it,zero,0
legitimate,382,3,1.955e-05,0.935,ceas08:416,ceas08,0,google/gemma-3-12b-it,zero,0
legitimate,123,3,6.6e-06,0.617,ceas08:4382,ceas08,0,google/gemma-3-12b-it,zero,0
legitimate,530,3,2.695e-05,1.054,ceas08:843,ceas08,0,google/gemma-3-12b-it,zero,0
legitimate,406,3,2.075e-05,0.616,ceas08:4050,ceas08,0,google/gemma-3-12b-it,zero,0
legitimate,288,3,1.485e-05,0.653,ceas08:252,ceas08,0,google/gemma-3-12b-it,zero,0
legitimate,405,3,2.07e-05,1.128,ceas08:2103,ceas08,0,google/gemma-3-12b-it,zero,0
legitimate,246,3,1.275e-05,0.599,ceas08:2970,ceas08,0,google/gemma-3-12b-it,zero,0
legitimate,222,3,1.155e-05,0.748,ceas08:1846,ceas08,0,google/gemma-3-12b-it,zero,0
legitimate,247,3,1.28e-05,0.985,ceas08:668,ceas08,0,google/gemma-3-12b-it,zero,0
phishing,507,3,2.58e-05,0.613,ceas08:3410,ceas08,0,google/gemma-3-12b-it,zero,1
legitimate,385,3,1.97e-05,0.915,ceas08:109,ceas08,0,google/gemma-3-12b-it,zero,0
phishing,435,3,2.22e-05,1.303,ceas08:4251,ceas08,0,google/gemma-3-12b-it,zero,1
legitimate,448,3,2.285e-05,0.658,ceas08:2130,ceas08,0,google/gemma-3-12b-it,zero,0
legitimate,367,3,1.88e-05,0.705,ceas08:1739,ceas08,0,google/gemma-3-12b-it,zero,0
legitimate,150,3,7.95e-06,0.531,ceas08:2653,ceas08,0,google/gemma-3-12b-it,zero,0
legitimate,422,3,2.155e-05,1.38,ceas08:1507,ceas08,0,google/gemma-3-12b-it,zero,0
legitimate,248,3,1.285e-05,1.245,ceas08:120,ceas08,0,google/gemma-3-12b-it,zero,0
legitimate,162,3,8.55e-06,0.874,ceas08:915,ceas08,0,google/gemma-3-12b-it,zero,0
legitimate,583,3,2.96e-05,1.082,ceas08:1869,ceas08,0,google/gemma-3-12b-it,zero,0
phishing,163,3,8.6e-06,1.468,ceas08:1180,ceas08,0,google/gemma-3-12b-it,zero,1
legitimate,473,3,2.41e-05,3.161,ceas08:626,ceas08,0,google/gemma-3-12b-it,zero,0
legitimate,450,3,2.295e-05,0.635,ceas08:1991,ceas08,0,google/gemma-3-12b-it,zero,0
legitimate,304,3,1.565e-05,0.558,ceas08:1293,ceas08,0,google/gemma-3-12b-it,zero,0
legitimate,424,3,2.165e-05,0.665,ceas08:3609,ceas08,0,google/gemma-3-12b-it,zero,0
phishing,274,3,1.415e-05,0.712,trec07:5165,trec07,1,google/gemma-3-12b-it,zero,1
spam,226,2,1.16e-05,0.665,trec07:8154,trec07,1,google/gemma-3-12b-it,zero,1
phishing,356,3,1.825e-05,1.903,trec07:4573,trec07,1,google/gemma-3-12b-it,zero,1
phishing,228,3,1.185e-05,0.601,trec07:7747,trec07,1,google/gemma-3-12b-it,zero,1
phishing,257,3,1.33e-05,1.454,trec07:4979,trec07,1,google/gemma-3-12b-it,zero,1
phishing,335,3,1.72e-05,0.684,trec07:7946,trec07,1,google/gemma-3-12b-it,zero,1
phishing,151,3,8e-06,0.693,trec07:6775,trec07,1,google/gemma-3-12b-it,zero,1
phishing,153,3,8.1e-06,0.661,trec07:5421,trec07,1,google/gemma-3-12b-it,zero,1
phishing,75,3,4.2e-06,0.54,trec07:7579,trec07,1,google/gemma-3-12b-it,zero,1
phishing,143,3,7.6e-06,0.61,trec07:5973,trec07,1,google/gemma-3-12b-it,zero,1
phishing,76,3,4.25e-06,1.589,trec07:8126,trec07,1,google/gemma-3-12b-it,zero,1
phishing,345,3,1.77e-05,1.223,trec07:6157,trec07,1,google/gemma-3-12b-it,zero,1
phishing,81,3,4.5e-06,0.762,trec07:5509,trec07,1,google/gemma-3-12b-it,zero,1
phishing,242,3,1.255e-05,1.325,trec07:8833,trec07,1,google/gemma-3-12b-it,zero,1
phishing,63,3,3.6e-06,1.429,trec07:9537,trec07,1,google/gemma-3-12b-it,zero,1
phishing,192,3,1.005e-05,0.86,trec07:9021,trec07,1,google/gemma-3-12b-it,zero,1
phishing,253,3,1.31e-05,0.724,trec07:7926,trec07,1,google/gemma-3-12b-it,zero,1
phishing,404,3,2.065e-05,1.053,trec07:7901,trec07,1,google/gemma-3-12b-it,zero,1
phishing,165,3,8.7e-06,0.857,trec07:8495,trec07,1,google/gemma-3-12b-it,zero,1
phishing,252,3,1.305e-05,0.726,trec07:7819,trec07,1,google/gemma-3-12b-it,zero,1
phishing,150,3,7.95e-06,0.642,trec07:8373,trec07,1,google/gemma-3-12b-it,zero,1
phishing,179,3,9.4e-06,0.706,trec07:9673,trec07,1,google/gemma-3-12b-it,zero,1
phishing,106,3,5.75e-06,0.871,trec07:7109,trec07,1,google/gemma-3-12b-it,zero,1
phishing,268,3,1.385e-05,0.738,trec07:6123,trec07,1,google/gemma-3-12b-it,zero,1
phishing,285,3,1.47e-05,0.677,trec07:8730,trec07,1,google/gemma-3-12b-it,zero,1
phishing,340,3,1.745e-05,0.808,trec07:5443,trec07,1,google/gemma-3-12b-it,zero,1
phishing,178,3,9.35e-06,0.739,trec07:5340,trec07,1,google/gemma-3-12b-it,zero,1
phishing,454,3,2.315e-05,0.667,trec07:7071,trec07,1,google/gemma-3-12b-it,zero,1
phishing,431,3,2.2e-05,1.72,trec07:9935,trec07,1,google/gemma-3-12b-it,zero,1
phishing,88,3,4.85e-06,0.63,trec07:5031,trec07,1,google/gemma-3-12b-it,zero,1
phishing,127,3,6.8e-06,0.717,trec07:6458,trec07,1,google/gemma-3-12b-it,zero,1
spam,79,2,4.25e-06,0.485,trec07:9208,trec07,1,google/gemma-3-12b-it,zero,1
phishing,226,3,1.175e-05,0.812,trec07:7735,trec07,1,google/gemma-3-12b-it,zero,1
phishing,180,3,9.45e-06,0.549,trec07:5455,trec07,1,google/gemma-3-12b-it,zero,1
phishing,107,3,5.8e-06,1.498,trec07:8579,trec07,1,google/gemma-3-12b-it,zero,1
phishing,417,3,2.13e-05,2.448,trec07:8007,trec07,1,google/gemma-3-12b-it,zero,1
phishing,196,3,1.025e-05,1.051,trec07:7181,trec07,1,google/gemma-3-12b-it,zero,1
phishing,414,3,2.115e-05,0.889,trec07:7234,trec07,1,google/gemma-3-12b-it,zero,1
phishing,324,3,1.665e-05,0.822,trec07:7575,trec07,1,google/gemma-3-12b-it,zero,1
phishing,393,3,2.01e-05,0.708,trec07:5615,trec07,1,google/gemma-3-12b-it,zero,1
phishing,195,3,1.02e-05,0.655,trec07:8919,trec07,1,google/gemma-3-12b-it,zero,1
spam,369,2,1.875e-05,0.737,trec07:8041,trec07,1,google/gemma-3-12b-it,zero,1
phishing,120,3,6.45e-06,0.74,trec07:8645,trec07,1,google/gemma-3-12b-it,zero,1
phishing,251,3,1.3e-05,0.602,trec07:6310,trec07,1,google/gemma-3-12b-it,zero,1
phishing,376,3,1.925e-05,2.792,trec07:6041,trec07,1,google/gemma-3-12b-it,zero,1
phishing,140,3,7.45e-06,0.892,trec07:5940,trec07,1,google/gemma-3-12b-it,zero,1
phishing,412,3,2.105e-05,0.59,trec07:8598,trec07,1,google/gemma-3-12b-it,zero,1
phishing,446,3,2.275e-05,0.582,trec07:8381,trec07,1,google/gemma-3-12b-it,zero,1
phishing,418,3,2.135e-05,1.572,trec07:7734,trec07,1,google/gemma-3-12b-it,zero,1
phishing,195,3,1.02e-05,1.676,trec07:6929,trec07,1,google/gemma-3-12b-it,zero,1
phishing,386,3,1.975e-05,1.103,trec07:9598,trec07,1,google/gemma-3-12b-it,zero,1
phishing,248,3,1.285e-05,1.596,trec07:7480,trec07,1,google/gemma-3-12b-it,zero,1
phishing,146,3,7.75e-06,1.001,trec07:8749,trec07,1,google/gemma-3-12b-it,zero,1
phishing,549,3,2.79e-05,1.229,trec07:5316,trec07,1,google/gemma-3-12b-it,zero,1
phishing,117,3,6.3e-06,1.07,trec07:4707,trec07,1,google/gemma-3-12b-it,zero,1
phishing,75,3,4.2e-06,0.559,trec07:5795,trec07,1,google/gemma-3-12b-it,zero,1
phishing,123,3,6.6e-06,0.532,trec07:7061,trec07,1,google/gemma-3-12b-it,zero,1
phishing,414,3,2.115e-05,0.752,trec07:6158,trec07,1,google/gemma-3-12b-it,zero,1
phishing,679,3,3.44e-05,2.602,trec07:5752,trec07,1,google/gemma-3-12b-it,zero,1
phishing,337,3,1.73e-05,0.592,trec07:9551,trec07,1,google/gemma-3-12b-it,zero,1
phishing,262,3,1.355e-05,0.673,trec07:4619,trec07,1,google/gemma-3-12b-it,zero,1
phishing,256,3,1.325e-05,0.686,trec07:5223,trec07,1,google/gemma-3-12b-it,zero,1
phishing,417,3,2.13e-05,1.412,trec07:6888,trec07,1,google/gemma-3-12b-it,zero,1
phishing,121,3,6.5e-06,0.56,trec07:6205,trec07,1,google/gemma-3-12b-it,zero,1
phishing,259,3,1.34e-05,1.048,trec07:6816,trec07,1,google/gemma-3-12b-it,zero,1
phishing,173,3,9.1e-06,0.611,trec07:8724,trec07,1,google/gemma-3-12b-it,zero,1
phishing,483,3,2.46e-05,0.532,trec07:4859,trec07,1,google/gemma-3-12b-it,zero,1
phishing,70,3,3.95e-06,1.106,trec07:8376,trec07,1,google/gemma-3-12b-it,zero,1
phishing,191,3,1e-05,0.748,trec07:6741,trec07,1,google/gemma-3-12b-it,zero,1
phishing,126,3,6.75e-06,0.934,trec07:8067,trec07,1,google/gemma-3-12b-it,zero,1
phishing,501,3,2.55e-05,0.621,trec07:7707,trec07,1,google/gemma-3-12b-it,zero,1
phishing,155,3,8.2e-06,1.002,trec07:8921,trec07,1,google/gemma-3-12b-it,zero,1
phishing,343,3,1.76e-05,0.674,trec07:6707,trec07,1,google/gemma-3-12b-it,zero,1
phishing,245,3,1.27e-05,0.717,trec07:4555,trec07,1,google/gemma-3-12b-it,zero,1
phishing,160,3,8.45e-06,0.666,trec07:9303,trec07,1,google/gemma-3-12b-it,zero,1
phishing,420,3,2.145e-05,0.897,trec07:9991,trec07,1,google/gemma-3-12b-it,zero,1
phishing,177,3,9.3e-06,0.533,trec07:5728,trec07,1,google/gemma-3-12b-it,zero,1
phishing,209,3,1.09e-05,0.894,trec07:5613,trec07,1,google/gemma-3-12b-it,zero,1
phishing,134,3,7.15e-06,0.587,trec07:9692,trec07,1,google/gemma-3-12b-it,zero,1
phishing,533,3,2.71e-05,1.152,trec07:5405,trec07,1,google/gemma-3-12b-it,zero,1
phishing,167,3,8.8e-06,1.935,trec07:7360,trec07,1,google/gemma-3-12b-it,zero,1
phishing,687,3,3.48e-05,0.847,trec07:4672,trec07,1,google/gemma-3-12b-it,zero,1
phishing,201,3,1.05e-05,1.712,trec07:8417,trec07,1,google/gemma-3-12b-it,zero,1
phishing,400,3,2.045e-05,0.564,trec07:4708,trec07,1,google/gemma-3-12b-it,zero,1
phishing,196,3,1.025e-05,0.555,trec07:5698,trec07,1,google/gemma-3-12b-it,zero,1
phishing,667,3,3.38e-05,2.49,trec07:4624,trec07,1,google/gemma-3-12b-it,zero,1
phishing,129,3,6.9e-06,0.56,trec07:8084,trec07,1,google/gemma-3-12b-it,zero,1
phishing,247,3,1.28e-05,0.714,trec07:8518,trec07,1,google/gemma-3-12b-it,zero,1
phishing,161,3,8.5e-06,0.733,trec07:9719,trec07,1,google/gemma-3-12b-it,zero,1
phishing,104,3,5.65e-06,0.566,trec07:8341,trec07,1,google/gemma-3-12b-it,zero,1
phishing,411,3,2.1e-05,0.504,trec07:5291,trec07,1,google/gemma-3-12b-it,zero,1
phishing,501,3,2.55e-05,1.546,trec07:5138,trec07,1,google/gemma-3-12b-it,zero,1
phishing,76,3,4.25e-06,0.687,trec07:8989,trec07,1,google/gemma-3-12b-it,zero,1
phishing,367,3,1.88e-05,0.728,trec07:7242,trec07,1,google/gemma-3-12b-it,zero,1
phishing,511,3,2.6e-05,2.232,trec07:6362,trec07,1,google/gemma-3-12b-it,zero,1
phishing,196,3,1.025e-05,2.196,trec07:8795,trec07,1,google/gemma-3-12b-it,zero,1
phishing,286,3,1.475e-05,1.003,trec07:8289,trec07,1,google/gemma-3-12b-it,zero,1
phishing,156,3,8.25e-06,0.493,trec07:9763,trec07,1,google/gemma-3-12b-it,zero,1
phishing,281,3,1.45e-05,0.529,trec07:6897,trec07,1,google/gemma-3-12b-it,zero,1
phishing,80,3,4.45e-06,1.076,trec07:4941,trec07,1,google/gemma-3-12b-it,zero,1
legitimate,318,3,1.635e-05,0.557,trec07:6734,trec07,1,google/gemma-3-12b-it,zero,0
phishing,128,3,6.85e-06,0.627,trec07:6946,trec07,1,google/gemma-3-12b-it,zero,1
phishing,201,3,1.05e-05,0.603,trec07:8220,trec07,1,google/gemma-3-12b-it,zero,1
phishing,509,3,2.59e-05,1.948,trec07:7871,trec07,1,google/gemma-3-12b-it,zero,1
phishing,394,3,2.015e-05,2.621,trec07:7484,trec07,1,google/gemma-3-12b-it,zero,1
phishing,322,3,1.655e-05,1.061,trec07:5635,trec07,1,google/gemma-3-12b-it,zero,1
phishing,161,3,8.5e-06,0.744,trec07:5977,trec07,1,google/gemma-3-12b-it,zero,1
phishing,181,3,9.5e-06,1.058,trec07:9192,trec07,1,google/gemma-3-12b-it,zero,1
phishing,233,3,1.21e-05,1.283,trec07:6497,trec07,1,google/gemma-3-12b-it,zero,1
phishing,309,3,1.59e-05,1.787,trec07:4837,trec07,1,google/gemma-3-12b-it,zero,1
phishing,205,3,1.07e-05,2.737,trec07:9379,trec07,1,google/gemma-3-12b-it,zero,1
phishing,95,3,5.2e-06,0.581,trec07:5750,trec07,1,google/gemma-3-12b-it,zero,1
phishing,319,3,1.64e-05,0.661,trec07:5782,trec07,1,google/gemma-3-12b-it,zero,1
phishing,252,3,1.305e-05,3.198,trec07:8811,trec07,1,google/gemma-3-12b-it,zero,1
phishing,264,3,1.365e-05,0.597,trec07:5572,trec07,1,google/gemma-3-12b-it,zero,1
phishing,416,3,2.125e-05,0.595,trec07:9140,trec07,1,google/gemma-3-12b-it,zero,1
phishing,401,3,2.05e-05,0.586,trec07:9327,trec07,1,google/gemma-3-12b-it,zero,1
phishing,424,3,2.165e-05,0.562,trec07:4548,trec07,1,google/gemma-3-12b-it,zero,1
phishing,342,3,1.755e-05,0.662,trec07:6849,trec07,1,google/gemma-3-12b-it,zero,1
phishing,173,3,9.1e-06,0.788,trec07:6792,trec07,1,google/gemma-3-12b-it,zero,1
phishing,154,3,8.15e-06,0.688,trec07:6258,trec07,1,google/gemma-3-12b-it,zero,1
phishing,227,3,1.18e-05,0.602,trec07:7435,trec07,1,google/gemma-3-12b-it,zero,1
phishing,404,3,2.065e-05,0.555,trec07:9779,trec07,1,google/gemma-3-12b-it,zero,1
phishing,152,3,8.05e-06,0.782,trec07:6025,trec07,1,google/gemma-3-12b-it,zero,1
phishing,117,3,6.3e-06,0.593,trec07:9004,trec07,1,google/gemma-3-12b-it,zero,1
phishing,445,3,2.27e-05,0.634,trec07:7455,trec07,1,google/gemma-3-12b-it,zero,1
phishing,164,3,8.65e-06,0.864,trec07:8555,trec07,1,google/gemma-3-12b-it,zero,1
phishing,175,3,9.2e-06,0.98,trec07:7142,trec07,1,google/gemma-3-12b-it,zero,1
phishing,459,3,2.34e-05,0.714,trec07:8670,trec07,1,google/gemma-3-12b-it,zero,1
phishing,176,3,9.25e-06,0.774,trec07:6972,trec07,1,google/gemma-3-12b-it,zero,1
phishing,204,3,1.065e-05,1.091,trec07:8256,trec07,1,google/gemma-3-12b-it,zero,1
phishing,90,3,4.95e-06,0.785,trec07:8977,trec07,1,google/gemma-3-12b-it,zero,1
phishing,168,3,8.85e-06,0.541,trec07:7387,trec07,1,google/gemma-3-12b-it,zero,1
phishing,204,3,1.065e-05,0.746,trec07:5287,trec07,1,google/gemma-3-12b-it,zero,1
phishing,266,3,1.375e-05,0.585,trec07:7005,trec07,1,google/gemma-3-12b-it,zero,1
legitimate,382,3,1.955e-05,0.632,trec07:9373,trec07,1,google/gemma-3-12b-it,zero,0
phishing,404,3,2.065e-05,0.856,trec07:9835,trec07,1,google/gemma-3-12b-it,zero,1
phishing,232,3,1.205e-05,2.311,trec07:9076,trec07,1,google/gemma-3-12b-it,zero,1
phishing,117,3,6.3e-06,0.549,trec07:5084,trec07,1,google/gemma-3-12b-it,zero,1
phishing,668,3,3.385e-05,0.549,trec07:7874,trec07,1,google/gemma-3-12b-it,zero,1
phishing,423,3,2.16e-05,0.852,trec07:9410,trec07,1,google/gemma-3-12b-it,zero,1
phishing,88,3,4.85e-06,0.584,trec07:5845,trec07,1,google/gemma-3-12b-it,zero,1
phishing,333,3,1.71e-05,0.69,trec07:8842,trec07,1,google/gemma-3-12b-it,zero,1
phishing,398,3,2.035e-05,0.669,trec07:7739,trec07,1,google/gemma-3-12b-it,zero,1
phishing,532,3,2.705e-05,0.572,trec07:6183,trec07,1,google/gemma-3-12b-it,zero,1
phishing,136,3,7.25e-06,0.718,trec07:9725,trec07,1,google/gemma-3-12b-it,zero,1
phishing,399,3,2.04e-05,0.673,trec07:7716,trec07,1,google/gemma-3-12b-it,zero,1
phishing,225,3,1.17e-05,0.762,trec07:9178,trec07,1,google/gemma-3-12b-it,zero,1
phishing,165,3,8.7e-06,0.775,trec07:9571,trec07,1,google/gemma-3-12b-it,zero,1
legitimate,440,3,2.245e-05,0.655,trec07:1647,trec07,0,google/gemma-3-12b-it,zero,0
legitimate,416,3,2.125e-05,0.697,trec07:1476,trec07,0,google/gemma-3-12b-it,zero,0
legitimate,540,3,2.745e-05,0.573,trec07:2111,trec07,0,google/gemma-3-12b-it,zero,0
legitimate,517,3,2.63e-05,0.639,trec07:3610,trec07,0,google/gemma-3-12b-it,zero,0
legitimate,443,3,2.26e-05,1.709,trec07:691,trec07,0,google/gemma-3-12b-it,zero,0
legitimate,700,3,3.545e-05,0.584,trec07:2655,trec07,0,google/gemma-3-12b-it,zero,0
legitimate,454,3,2.315e-05,0.998,trec07:1662,trec07,0,google/gemma-3-12b-it,zero,0
legitimate,453,3,2.31e-05,0.813,trec07:3248,trec07,0,google/gemma-3-12b-it,zero,0
legitimate,348,3,1.785e-05,5.072,trec07:415,trec07,0,google/gemma-3-12b-it,zero,0
legitimate,525,3,2.67e-05,0.538,trec07:3121,trec07,0,google/gemma-3-12b-it,zero,0
legitimate,695,3,3.52e-05,0.605,trec07:683,trec07,0,google/gemma-3-12b-it,zero,0
legitimate,457,3,2.33e-05,0.626,trec07:1580,trec07,0,google/gemma-3-12b-it,zero,0
legitimate,588,3,2.985e-05,0.833,trec07:2328,trec07,0,google/gemma-3-12b-it,zero,0
legitimate,458,3,2.335e-05,0.68,trec07:1164,trec07,0,google/gemma-3-12b-it,zero,0
legitimate,237,3,1.23e-05,0.548,trec07:1344,trec07,0,google/gemma-3-12b-it,zero,0
legitimate,556,3,2.825e-05,0.754,trec07:3838,trec07,0,google/gemma-3-12b-it,zero,0
legitimate,593,3,3.01e-05,1.729,trec07:3417,trec07,0,google/gemma-3-12b-it,zero,0
legitimate,307,3,1.58e-05,0.614,trec07:2700,trec07,0,google/gemma-3-12b-it,zero,0
legitimate,305,3,1.57e-05,1.138,trec07:3935,trec07,0,google/gemma-3-12b-it,zero,0
legitimate,344,3,1.765e-05,0.54,trec07:1106,trec07,0,google/gemma-3-12b-it,zero,0
phishing,424,3,2.165e-05,1.639,trec07:1937,trec07,0,google/gemma-3-12b-it,zero,1
legitimate,399,3,2.04e-05,1.364,trec07:2276,trec07,0,google/gemma-3-12b-it,zero,0
legitimate,269,3,1.39e-05,1.411,trec07:800,trec07,0,google/gemma-3-12b-it,zero,0
legitimate,485,3,2.47e-05,1.094,trec07:2018,trec07,0,google/gemma-3-12b-it,zero,0
spam,452,2,2.29e-05,1.459,trec07:23,trec07,0,google/gemma-3-12b-it,zero,1
legitimate,612,3,3.105e-05,0.582,trec07:2252,trec07,0,google/gemma-3-12b-it,zero,0
legitimate,354,3,1.815e-05,0.545,trec07:8,trec07,0,google/gemma-3-12b-it,zero,0
legitimate,523,3,2.66e-05,1.657,trec07:3985,trec07,0,google/gemma-3-12b-it,zero,0
legitimate,270,3,1.395e-05,0.567,trec07:1745,trec07,0,google/gemma-3-12b-it,zero,0
legitimate,278,3,1.435e-05,0.561,trec07:3595,trec07,0,google/gemma-3-12b-it,zero,0
legitimate,413,3,2.11e-05,1.143,trec07:2023,trec07,0,google/gemma-3-12b-it,zero,0
legitimate,495,3,2.52e-05,0.567,trec07:199,trec07,0,google/gemma-3-12b-it,zero,0
legitimate,328,3,1.685e-05,0.517,trec07:3628,trec07,0,google/gemma-3-12b-it,zero,0
legitimate,493,3,2.51e-05,0.808,trec07:4363,trec07,0,google/gemma-3-12b-it,zero,0
legitimate,510,3,2.595e-05,0.665,trec07:69,trec07,0,google/gemma-3-12b-it,zero,0
legitimate,174,3,9.15e-06,0.53,trec07:3671,trec07,0,google/gemma-3-12b-it,zero,0
legitimate,112,3,6.05e-06,0.657,trec07:1880,trec07,0,google/gemma-3-12b-it,zero,0
legitimate,277,3,1.43e-05,0.673,trec07:240,trec07,0,google/gemma-3-12b-it,zero,0
legitimate,438,3,2.235e-05,0.683,trec07:3543,trec07,0,google/gemma-3-12b-it,zero,0
legitimate,537,3,2.73e-05,0.633,trec07:1103,trec07,0,google/gemma-3-12b-it,zero,0
legitimate,244,3,1.265e-05,0.615,trec07:4135,trec07,0,google/gemma-3-12b-it,zero,0
legitimate,245,3,1.27e-05,0.515,trec07:3338,trec07,0,google/gemma-3-12b-it,zero,0
phishing,303,3,1.56e-05,0.534,trec07:4226,trec07,0,google/gemma-3-12b-it,zero,1
legitimate,571,3,2.9e-05,0.67,trec07:4093,trec07,0,google/gemma-3-12b-it,zero,0
legitimate,618,3,3.135e-05,0.864,trec07:1084,trec07,0,google/gemma-3-12b-it,zero,0
legitimate,592,3,3.005e-05,1.906,trec07:416,trec07,0,google/gemma-3-12b-it,zero,0
legitimate,261,3,1.35e-05,0.628,trec07:2014,trec07,0,google/gemma-3-12b-it,zero,0
legitimate,773,3,3.91e-05,0.864,trec07:3259,trec07,0,google/gemma-3-12b-it,zero,0
legitimate,470,3,2.395e-05,0.823,trec07:3814,trec07,0,google/gemma-3-12b-it,zero,0
legitimate,235,3,1.22e-05,0.672,trec07:252,trec07,0,google/gemma-3-12b-it,zero,0
legitimate,1077,3,5.43e-05,2.233,trec07:3333,trec07,0,google/gemma-3-12b-it,zero,0
legitimate,552,3,2.805e-05,3.025,trec07:1432,trec07,0,google/gemma-3-12b-it,zero,0
legitimate,381,3,1.95e-05,4.272,trec07:3043,trec07,0,google/gemma-3-12b-it,zero,0
legitimate,459,3,2.34e-05,0.964,trec07:1020,trec07,0,google/gemma-3-12b-it,zero,0
legitimate,577,3,2.93e-05,0.99,trec07:3733,trec07,0,google/gemma-3-12b-it,zero,0
legitimate,646,3,3.275e-05,1.948,trec07:1073,trec07,0,google/gemma-3-12b-it,zero,0
legitimate,337,3,1.73e-05,0.936,trec07:3286,trec07,0,google/gemma-3-12b-it,zero,0
legitimate,631,3,3.2e-05,1.275,trec07:4206,trec07,0,google/gemma-3-12b-it,zero,0
legitimate,354,3,1.815e-05,0.523,trec07:3003,trec07,0,google/gemma-3-12b-it,zero,0
legitimate,456,3,2.325e-05,0.566,trec07:4413,trec07,0,google/gemma-3-12b-it,zero,0
legitimate,546,3,2.775e-05,0.715,trec07:869,trec07,0,google/gemma-3-12b-it,zero,0
legitimate,287,3,1.48e-05,0.568,trec07:2927,trec07,0,google/gemma-3-12b-it,zero,0
legitimate,187,3,9.8e-06,0.652,trec07:1767,trec07,0,google/gemma-3-12b-it,zero,0
legitimate,530,3,2.695e-05,1.679,trec07:4536,trec07,0,google/gemma-3-12b-it,zero,0
legitimate,294,3,1.515e-05,1.109,trec07:4260,trec07,0,google/gemma-3-12b-it,zero,0
legitimate,440,3,2.245e-05,1.15,trec07:29,trec07,0,google/gemma-3-12b-it,zero,0
legitimate,367,3,1.88e-05,1.603,trec07:3331,trec07,0,google/gemma-3-12b-it,zero,0
legitimate,488,3,2.485e-05,1.571,trec07:2962,trec07,0,google/gemma-3-12b-it,zero,0
legitimate,316,3,1.625e-05,2.866,trec07:4339,trec07,0,google/gemma-3-12b-it,zero,0
legitimate,507,3,2.58e-05,0.725,trec07:2092,trec07,0,google/gemma-3-12b-it,zero,0
legitimate,434,3,2.215e-05,0.574,trec07:2877,trec07,0,google/gemma-3-12b-it,zero,0
legitimate,408,3,2.085e-05,2.099,trec07:538,trec07,0,google/gemma-3-12b-it,zero,0
legitimate,614,3,3.115e-05,1.483,trec07:2086,trec07,0,google/gemma-3-12b-it,zero,0
legitimate,433,3,2.21e-05,1.846,trec07:1606,trec07,0,google/gemma-3-12b-it,zero,0
legitimate,466,3,2.375e-05,2.191,trec07:429,trec07,0,google/gemma-3-12b-it,zero,0
legitimate,500,3,2.545e-05,1.107,trec07:3024,trec07,0,google/gemma-3-12b-it,zero,0
legitimate,464,3,2.365e-05,1.117,trec07:1126,trec07,0,google/gemma-3-12b-it,zero,0
legitimate,158,3,8.35e-06,0.809,trec07:2422,trec07,0,google/gemma-3-12b-it,zero,0
legitimate,362,3,1.855e-05,1.013,trec07:705,trec07,0,google/gemma-3-12b-it,zero,0
legitimate,119,3,6.4e-06,0.685,trec07:2283,trec07,0,google/gemma-3-12b-it,zero,0
legitimate,370,3,1.895e-05,1.245,trec07:555,trec07,0,google/gemma-3-12b-it,zero,0
legitimate,420,3,2.145e-05,0.959,trec07:3684,trec07,0,google/gemma-3-12b-it,zero,0
legitimate,324,3,1.665e-05,1.211,trec07:2260,trec07,0,google/gemma-3-12b-it,zero,0
legitimate,420,3,2.145e-05,0.834,trec07:776,trec07,0,google/gemma-3-12b-it,zero,0
legitimate,309,3,1.59e-05,0.874,trec07:1498,trec07,0,google/gemma-3-12b-it,zero,0
legitimate,335,3,1.72e-05,0.957,trec07:179,trec07,0,google/gemma-3-12b-it,zero,0
legitimate,498,3,2.535e-05,1.17,trec07:4118,trec07,0,google/gemma-3-12b-it,zero,0
phishing,460,3,2.345e-05,1.185,trec07:2676,trec07,0,google/gemma-3-12b-it,zero,1
legitimate,646,3,3.275e-05,0.891,trec07:297,trec07,0,google/gemma-3-12b-it,zero,0
legitimate,411,3,2.1e-05,1.675,trec07:3093,trec07,0,google/gemma-3-12b-it,zero,0
legitimate,426,3,2.175e-05,0.576,trec07:3846,trec07,0,google/gemma-3-12b-it,zero,0
legitimate,442,3,2.255e-05,0.642,trec07:3673,trec07,0,google/gemma-3-12b-it,zero,0
legitimate,284,3,1.465e-05,1.696,trec07:1615,trec07,0,google/gemma-3-12b-it,zero,0
phishing,414,3,2.115e-05,0.808,trec07:478,trec07,0,google/gemma-3-12b-it,zero,1
legitimate,283,3,1.46e-05,0.579,trec07:4024,trec07,0,google/gemma-3-12b-it,zero,0
legitimate,492,3,2.505e-05,0.675,trec07:1192,trec07,0,google/gemma-3-12b-it,zero,0
legitimate,407,3,2.08e-05,1.393,trec07:3638,trec07,0,google/gemma-3-12b-it,zero,0
legitimate,282,3,1.455e-05,1.6,trec07:1302,trec07,0,google/gemma-3-12b-it,zero,0
legitimate,396,3,2.025e-05,0.643,trec07:3400,trec07,0,google/gemma-3-12b-it,zero,0
legitimate,254,3,1.315e-05,0.759,trec07:2321,trec07,0,google/gemma-3-12b-it,zero,0
phishing,317,3,1.63e-05,0.884,trec07:1170,trec07,0,google/gemma-3-12b-it,zero,1
legitimate,493,3,2.51e-05,0.784,trec07:2614,trec07,0,google/gemma-3-12b-it,zero,0
phishing,290,3,1.495e-05,0.699,trec07:238,trec07,0,google/gemma-3-12b-it,zero,1
legitimate,437,3,2.23e-05,0.957,trec07:2755,trec07,0,google/gemma-3-12b-it,zero,0
legitimate,462,3,2.355e-05,0.711,trec07:1652,trec07,0,google/gemma-3-12b-it,zero,0
legitimate,188,3,9.85e-06,0.925,trec07:1649,trec07,0,google/gemma-3-12b-it,zero,0
legitimate,156,3,8.25e-06,0.72,trec07:807,trec07,0,google/gemma-3-12b-it,zero,0
legitimate,458,3,2.335e-05,0.855,trec07:3972,trec07,0,google/gemma-3-12b-it,zero,0
legitimate,494,3,2.515e-05,1.013,trec07:4468,trec07,0,google/gemma-3-12b-it,zero,0
legitimate,349,3,1.79e-05,1.867,trec07:1552,trec07,0,google/gemma-3-12b-it,zero,0
legitimate,414,3,2.115e-05,1.474,trec07:443,trec07,0,google/gemma-3-12b-it,zero,0
legitimate,458,3,2.335e-05,0.808,trec07:4520,trec07,0,google/gemma-3-12b-it,zero,0
legitimate,249,3,1.29e-05,1.011,trec07:3728,trec07,0,google/gemma-3-12b-it,zero,0
legitimate,788,3,3.985e-05,0.605,trec07:1116,trec07,0,google/gemma-3-12b-it,zero,0
phishing,302,3,1.555e-05,0.52,trec07:1162,trec07,0,google/gemma-3-12b-it,zero,1
legitimate,558,3,2.835e-05,1.159,trec07:296,trec07,0,google/gemma-3-12b-it,zero,0
legitimate,382,3,1.955e-05,1.535,trec07:2646,trec07,0,google/gemma-3-12b-it,zero,0
phishing,478,3,2.435e-05,1.139,trec07:3111,trec07,0,google/gemma-3-12b-it,zero,1
legitimate,199,3,1.04e-05,0.97,trec07:3372,trec07,0,google/gemma-3-12b-it,zero,0
legitimate,252,3,1.305e-05,0.965,trec07:33,trec07,0,google/gemma-3-12b-it,zero,0
legitimate,189,3,9.9e-06,1.015,trec07:530,trec07,0,google/gemma-3-12b-it,zero,0
legitimate,116,3,6.25e-06,0.575,trec07:3469,trec07,0,google/gemma-3-12b-it,zero,0
legitimate,152,3,8.05e-06,0.567,trec07:1330,trec07,0,google/gemma-3-12b-it,zero,0
legitimate,399,3,2.04e-05,1.955,trec07:3760,trec07,0,google/gemma-3-12b-it,zero,0
legitimate,1339,3,6.74e-05,1.445,trec07:350,trec07,0,google/gemma-3-12b-it,zero,0
legitimate,727,3,3.68e-05,0.87,trec07:1627,trec07,0,google/gemma-3-12b-it,zero,0
legitimate,577,3,2.93e-05,0.617,trec07:414,trec07,0,google/gemma-3-12b-it,zero,0
legitimate,473,3,2.41e-05,1.017,trec07:151,trec07,0,google/gemma-3-12b-it,zero,0
legitimate,471,3,2.4e-05,0.787,trec07:4105,trec07,0,google/gemma-3-12b-it,zero,0
legitimate,284,3,1.465e-05,0.705,trec07:2740,trec07,0,google/gemma-3-12b-it,zero,0
legitimate,441,3,2.25e-05,0.538,trec07:4254,trec07,0,google/gemma-3-12b-it,zero,0
legitimate,212,3,1.105e-05,0.939,trec07:2668,trec07,0,google/gemma-3-12b-it,zero,0
legitimate,377,3,1.93e-05,1.277,trec07:1504,trec07,0,google/gemma-3-12b-it,zero,0
legitimate,400,3,2.045e-05,0.772,trec07:1842,trec07,0,google/gemma-3-12b-it,zero,0
legitimate,260,3,1.345e-05,0.915,trec07:3235,trec07,0,google/gemma-3-12b-it,zero,0
legitimate,728,3,3.685e-05,0.61,trec07:945,trec07,0,google/gemma-3-12b-it,zero,0
phishing,466,3,2.375e-05,0.571,trec07:4152,trec07,0,google/gemma-3-12b-it,zero,1
legitimate,222,3,1.155e-05,1.167,trec07:1786,trec07,0,google/gemma-3-12b-it,zero,0
legitimate,291,3,1.5e-05,1.118,trec07:2135,trec07,0,google/gemma-3-12b-it,zero,0
phishing,456,3,2.325e-05,1.748,trec07:2029,trec07,0,google/gemma-3-12b-it,zero,1
legitimate,359,3,1.84e-05,0.797,trec07:3047,trec07,0,google/gemma-3-12b-it,zero,0
legitimate,428,3,2.185e-05,0.684,trec07:1173,trec07,0,google/gemma-3-12b-it,zero,0
legitimate,635,3,3.22e-05,1.094,trec07:1773,trec07,0,google/gemma-3-12b-it,zero,0
legitimate,480,3,2.445e-05,1.835,trec07:1032,trec07,0,google/gemma-3-12b-it,zero,0
legitimate,369,3,1.89e-05,0.848,trec07:4459,trec07,0,google/gemma-3-12b-it,zero,0
phishing,414,3,2.115e-05,3.759,ling:1902,ling,1,google/gemma-3-12b-it,zero,1
phishing,228,3,1.185e-05,2.553,ling:209,ling,1,google/gemma-3-12b-it,zero,1
phishing,176,3,9.25e-06,2.434,ling:2076,ling,1,google/gemma-3-12b-it,zero,1
phishing,201,3,1.05e-05,3.735,ling:1327,ling,1,google/gemma-3-12b-it,zero,1
phishing,435,3,2.22e-05,1.32,ling:985,ling,1,google/gemma-3-12b-it,zero,1
phishing,147,3,7.8e-06,1.41,ling:1259,ling,1,google/gemma-3-12b-it,zero,1
phishing,385,3,1.97e-05,0.887,ling:1075,ling,1,google/gemma-3-12b-it,zero,1
phishing,409,3,2.09e-05,1.555,ling:622,ling,1,google/gemma-3-12b-it,zero,1
phishing,597,3,3.03e-05,1.262,ling:2510,ling,1,google/gemma-3-12b-it,zero,1
phishing,582,3,2.955e-05,2.758,ling:178,ling,1,google/gemma-3-12b-it,zero,1
phishing,363,3,1.86e-05,2.638,ling:457,ling,1,google/gemma-3-12b-it,zero,1
phishing,401,3,2.05e-05,0.753,ling:1059,ling,1,google/gemma-3-12b-it,zero,1
phishing,128,3,6.85e-06,0.733,ling:899,ling,1,google/gemma-3-12b-it,zero,1
phishing,531,3,2.7e-05,1.559,ling:2224,ling,1,google/gemma-3-12b-it,zero,1
phishing,147,3,7.8e-06,3.021,ling:2399,ling,1,google/gemma-3-12b-it,zero,1
phishing,303,3,1.56e-05,1.255,ling:383,ling,1,google/gemma-3-12b-it,zero,1
phishing,162,3,8.55e-06,2.615,ling:2289,ling,1,google/gemma-3-12b-it,zero,1
phishing,369,3,1.89e-05,1.475,ling:1751,ling,1,google/gemma-3-12b-it,zero,1
phishing,138,3,7.35e-06,0.927,ling:2659,ling,1,google/gemma-3-12b-it,zero,1
phishing,435,3,2.22e-05,0.768,ling:492,ling,1,google/gemma-3-12b-it,zero,1
phishing,134,3,7.15e-06,0.552,ling:472,ling,1,google/gemma-3-12b-it,zero,1
legitimate,489,3,2.49e-05,2.948,ling:810,ling,1,google/gemma-3-12b-it,zero,0
phishing,430,3,2.195e-05,2.934,ling:1363,ling,1,google/gemma-3-12b-it,zero,1
phishing,295,3,1.52e-05,0.64,ling:696,ling,1,google/gemma-3-12b-it,zero,1
phishing,479,3,2.44e-05,2.885,ling:1341,ling,1,google/gemma-3-12b-it,zero,1
phishing,438,3,2.235e-05,2.168,ling:2410,ling,1,google/gemma-3-12b-it,zero,1
spam,599,2,3.025e-05,2.227,ling:481,ling,1,google/gemma-3-12b-it,zero,1
phishing,459,3,2.34e-05,3.483,ling:2820,ling,1,google/gemma-3-12b-it,zero,1
phishing,587,3,2.98e-05,1.417,ling:104,ling,1,google/gemma-3-12b-it,zero,1
legitimate,470,3,2.395e-05,1.729,ling:1703,ling,1,google/gemma-3-12b-it,zero,0
phishing,530,3,2.695e-05,3.157,ling:2423,ling,1,google/gemma-3-12b-it,zero,1
phishing,165,3,8.7e-06,5.72,ling:1564,ling,1,google/gemma-3-12b-it,zero,1
phishing,427,3,2.18e-05,2.135,ling:2607,ling,1,google/gemma-3-12b-it,zero,1
legitimate,469,3,2.39e-05,2.337,ling:680,ling,1,google/gemma-3-12b-it,zero,0
phishing,262,3,1.355e-05,2.823,ling:2836,ling,1,google/gemma-3-12b-it,zero,1
phishing,86,3,4.75e-06,3.07,ling:471,ling,1,google/gemma-3-12b-it,zero,1
phishing,466,3,2.375e-05,2.154,ling:1730,ling,1,google/gemma-3-12b-it,zero,1
phishing,427,3,2.18e-05,2.098,ling:2001,ling,1,google/gemma-3-12b-it,zero,1
phishing,119,3,6.4e-06,2.058,ling:729,ling,1,google/gemma-3-12b-it,zero,1
phishing,208,3,1.085e-05,2.876,ling:480,ling,1,google/gemma-3-12b-it,zero,1
phishing,102,3,5.55e-06,1.652,ling:1755,ling,1,google/gemma-3-12b-it,zero,1
phishing,373,3,1.91e-05,4.363,ling:511,ling,1,google/gemma-3-12b-it,zero,1
phishing,531,3,2.7e-05,0.955,ling:1131,ling,1,google/gemma-3-12b-it,zero,1
phishing,194,3,1.015e-05,1.804,ling:458,ling,1,google/gemma-3-12b-it,zero,1
phishing,359,3,1.84e-05,0.737,ling:981,ling,1,google/gemma-3-12b-it,zero,1
phishing,470,3,2.395e-05,0.649,ling:470,ling,1,google/gemma-3-12b-it,zero,1
phishing,475,3,2.42e-05,1.908,ling:446,ling,1,google/gemma-3-12b-it,zero,1
legitimate,451,3,2.3e-05,0.668,ling:1455,ling,1,google/gemma-3-12b-it,zero,0
phishing,383,3,1.96e-05,1.166,ling:2579,ling,1,google/gemma-3-12b-it,zero,1
phishing,172,3,9.05e-06,1.621,ling:1796,ling,1,google/gemma-3-12b-it,zero,1
phishing,421,3,2.15e-05,1.581,ling:1622,ling,1,google/gemma-3-12b-it,zero,1
spam,326,2,1.66e-05,1.998,ling:187,ling,1,google/gemma-3-12b-it,zero,1
phishing,397,3,2.03e-05,1.134,ling:1560,ling,1,google/gemma-3-12b-it,zero,1
phishing,519,3,2.64e-05,2.074,ling:1986,ling,1,google/gemma-3-12b-it,zero,1
phishing,385,3,1.97e-05,3.02,ling:2530,ling,1,google/gemma-3-12b-it,zero,1
spam,309,2,1.575e-05,3.484,ling:2655,ling,1,google/gemma-3-12b-it,zero,1
phishing,415,3,2.12e-05,3.333,ling:112,ling,1,google/gemma-3-12b-it,zero,1
phishing,364,3,1.865e-05,2.83,ling:2504,ling,1,google/gemma-3-12b-it,zero,1
phishing,397,3,2.03e-05,2.631,ling:133,ling,1,google/gemma-3-12b-it,zero,1
phishing,459,3,2.34e-05,1.562,ling:2809,ling,1,google/gemma-3-12b-it,zero,1
phishing,227,3,1.18e-05,1.842,ling:2508,ling,1,google/gemma-3-12b-it,zero,1
phishing,512,3,2.605e-05,3.302,ling:21,ling,1,google/gemma-3-12b-it,zero,1
phishing,460,3,2.345e-05,2.103,ling:153,ling,1,google/gemma-3-12b-it,zero,1
phishing,499,3,2.54e-05,1.949,ling:1779,ling,1,google/gemma-3-12b-it,zero,1
phishing,488,3,2.485e-05,1.843,ling:2348,ling,1,google/gemma-3-12b-it,zero,1
phishing,489,3,2.49e-05,2.903,ling:384,ling,1,google/gemma-3-12b-it,zero,1
phishing,269,3,1.39e-05,2.481,ling:1233,ling,1,google/gemma-3-12b-it,zero,1
phishing,305,3,1.57e-05,1.027,ling:2461,ling,1,google/gemma-3-12b-it,zero,1
phishing,258,3,1.335e-05,1.702,ling:1878,ling,1,google/gemma-3-12b-it,zero,1
phishing,190,3,9.95e-06,0.936,ling:1296,ling,1,google/gemma-3-12b-it,zero,1
phishing,406,3,2.075e-05,3.613,ling:1939,ling,1,google/gemma-3-12b-it,zero,1
phishing,279,3,1.44e-05,3.92,ling:2447,ling,1,google/gemma-3-12b-it,zero,1
phishing,406,3,2.075e-05,1.302,ling:160,ling,1,google/gemma-3-12b-it,zero,1
phishing,778,3,3.935e-05,7.114,ling:2288,ling,1,google/gemma-3-12b-it,zero,1
phishing,165,3,8.7e-06,5.435,ling:1264,ling,1,google/gemma-3-12b-it,zero,1
phishing,362,3,1.855e-05,3.542,ling:1943,ling,1,google/gemma-3-12b-it,zero,1
phishing,399,3,2.04e-05,2.046,ling:227,ling,1,google/gemma-3-12b-it,zero,1
phishing,447,3,2.28e-05,2.056,ling:1113,ling,1,google/gemma-3-12b-it,zero,1
phishing,232,3,1.205e-05,1.088,ling:2821,ling,1,google/gemma-3-12b-it,zero,1
phishing,162,3,8.55e-06,0.718,ling:690,ling,1,google/gemma-3-12b-it,zero,1
phishing,337,3,1.73e-05,3.511,ling:2256,ling,1,google/gemma-3-12b-it,zero,1
phishing,420,3,2.145e-05,3.553,ling:2036,ling,1,google/gemma-3-12b-it,zero,1
phishing,367,3,1.88e-05,2.503,ling:1782,ling,1,google/gemma-3-12b-it,zero,1
phishing,217,3,1.13e-05,2.792,ling:157,ling,1,google/gemma-3-12b-it,zero,1
phishing,273,3,1.41e-05,3.888,ling:280,ling,1,google/gemma-3-12b-it,zero,1
phishing,424,3,2.165e-05,3.411,ling:2807,ling,1,google/gemma-3-12b-it,zero,1
legitimate,489,3,2.49e-05,7.158,ling:2838,ling,1,google/gemma-3-12b-it,zero,0
spam,202,2,1.04e-05,7.144,ling:851,ling,1,google/gemma-3-12b-it,zero,1
phishing,462,3,2.355e-05,0.765,ling:579,ling,1,google/gemma-3-12b-it,zero,1
phishing,274,3,1.415e-05,0.762,ling:385,ling,1,google/gemma-3-12b-it,zero,1
phishing,436,3,2.225e-05,2.739,ling:983,ling,1,google/gemma-3-12b-it,zero,1
phishing,365,3,1.87e-05,1.417,ling:159,ling,1,google/gemma-3-12b-it,zero,1
phishing,407,3,2.08e-05,3.899,ling:138,ling,1,google/gemma-3-12b-it,zero,1
legitimate,488,3,2.485e-05,2.967,ling:435,ling,1,google/gemma-3-12b-it,zero,0
phishing,537,3,2.73e-05,10.327,ling:2555,ling,1,google/gemma-3-12b-it,zero,1
phishing,403,3,2.06e-05,10.751,ling:1999,ling,1,google/gemma-3-12b-it,zero,1
phishing,272,3,1.405e-05,2.486,ling:179,ling,1,google/gemma-3-12b-it,zero,1
phishing,491,3,2.5e-05,5.524,ling:494,ling,1,google/gemma-3-12b-it,zero,1
legitimate,219,3,1.14e-05,1.917,ling:1969,ling,1,google/gemma-3-12b-it,zero,0
phishing,397,3,2.03e-05,0.883,ling:751,ling,1,google/gemma-3-12b-it,zero,1
phishing,405,3,2.07e-05,5.35,ling:2835,ling,1,google/gemma-3-12b-it,zero,1
phishing,419,3,2.14e-05,9.416,ling:2231,ling,1,google/gemma-3-12b-it,zero,1
spam,474,2,2.4e-05,2.298,ling:580,ling,1,google/gemma-3-12b-it,zero,1
phishing,467,3,2.38e-05,1.437,ling:1551,ling,1,google/gemma-3-12b-it,zero,1
phishing,797,3,4.03e-05,6.103,ling:2487,ling,1,google/gemma-3-12b-it,zero,1
phishing,467,3,2.38e-05,2.831,ling:2451,ling,1,google/gemma-3-12b-it,zero,1
phishing,795,3,4.02e-05,5.479,ling:2527,ling,1,google/gemma-3-12b-it,zero,1
spam,363,2,1.845e-05,1.965,ling:1479,ling,1,google/gemma-3-12b-it,zero,1
phishing,215,3,1.12e-05,6.167,ling:634,ling,1,google/gemma-3-12b-it,zero,1
phishing,372,3,1.905e-05,4.949,ling:2389,ling,1,google/gemma-3-12b-it,zero,1
phishing,329,3,1.69e-05,2.708,ling:92,ling,1,google/gemma-3-12b-it,zero,1
phishing,409,3,2.09e-05,5.906,ling:277,ling,1,google/gemma-3-12b-it,zero,1
phishing,396,3,2.025e-05,1.419,ling:1114,ling,1,google/gemma-3-12b-it,zero,1
phishing,155,3,8.2e-06,3.739,ling:801,ling,1,google/gemma-3-12b-it,zero,1
phishing,278,3,1.435e-05,2.217,ling:2466,ling,1,google/gemma-3-12b-it,zero,1
phishing,146,3,7.75e-06,6.517,ling:2223,ling,1,google/gemma-3-12b-it,zero,1
phishing,118,3,6.35e-06,8.513,ling:137,ling,1,google/gemma-3-12b-it,zero,1
phishing,150,3,7.95e-06,2.404,ling:2608,ling,1,google/gemma-3-12b-it,zero,1
phishing,415,3,2.12e-05,1.497,ling:2656,ling,1,google/gemma-3-12b-it,zero,1
phishing,369,3,1.89e-05,1.38,ling:2271,ling,1,google/gemma-3-12b-it,zero,1
phishing,372,3,1.905e-05,0.931,ling:85,ling,1,google/gemma-3-12b-it,zero,1
phishing,467,3,2.38e-05,0.674,ling:139,ling,1,google/gemma-3-12b-it,zero,1
phishing,165,3,8.7e-06,2.528,ling:2788,ling,1,google/gemma-3-12b-it,zero,1
phishing,363,3,1.86e-05,8.511,ling:401,ling,1,google/gemma-3-12b-it,zero,1
phishing,409,3,2.09e-05,7.151,ling:2627,ling,1,google/gemma-3-12b-it,zero,1
phishing,194,3,1.015e-05,1.437,ling:1666,ling,1,google/gemma-3-12b-it,zero,1
phishing,343,3,1.76e-05,12.618,ling:1093,ling,1,google/gemma-3-12b-it,zero,1
phishing,132,3,7.05e-06,8.277,ling:430,ling,1,google/gemma-3-12b-it,zero,1
phishing,434,3,2.215e-05,3.965,ling:665,ling,1,google/gemma-3-12b-it,zero,1
phishing,228,3,1.185e-05,1.345,ling:1756,ling,1,google/gemma-3-12b-it,zero,1
phishing,386,3,1.975e-05,5.203,ling:1355,ling,1,google/gemma-3-12b-it,zero,1
phishing,378,3,1.935e-05,4.284,ling:171,ling,1,google/gemma-3-12b-it,zero,1
phishing,470,3,2.395e-05,9.604,ling:1241,ling,1,google/gemma-3-12b-it,zero,1
phishing,505,3,2.57e-05,8.512,ling:1237,ling,1,google/gemma-3-12b-it,zero,1
phishing,217,3,1.13e-05,2.449,ling:168,ling,1,google/gemma-3-12b-it,zero,1
phishing,123,3,6.6e-06,5.27,ling:94,ling,1,google/gemma-3-12b-it,zero,1
phishing,167,3,8.8e-06,3.509,ling:2581,ling,1,google/gemma-3-12b-it,zero,1
phishing,401,3,2.05e-05,1.481,ling:653,ling,1,google/gemma-3-12b-it,zero,1
phishing,198,3,1.035e-05,2.378,ling:1386,ling,1,google/gemma-3-12b-it,zero,1
phishing,395,3,2.02e-05,7.041,ling:2635,ling,1,google/gemma-3-12b-it,zero,1
phishing,149,3,7.9e-06,5.68,ling:701,ling,1,google/gemma-3-12b-it,zero,1
phishing,389,3,1.99e-05,1.287,ling:685,ling,1,google/gemma-3-12b-it,zero,1
phishing,157,3,8.3e-06,0.886,ling:1547,ling,1,google/gemma-3-12b-it,zero,1
phishing,503,3,2.56e-05,4.421,ling:953,ling,1,google/gemma-3-12b-it,zero,1
phishing,189,3,9.9e-06,4.197,ling:2610,ling,1,google/gemma-3-12b-it,zero,1
phishing,369,3,1.89e-05,5.054,ling:2467,ling,1,google/gemma-3-12b-it,zero,1
phishing,401,3,2.05e-05,4.373,ling:2190,ling,1,google/gemma-3-12b-it,zero,1
phishing,291,3,1.5e-05,4.42,ling:998,ling,1,google/gemma-3-12b-it,zero,1
phishing,408,3,2.085e-05,2.596,ling:1089,ling,1,google/gemma-3-12b-it,zero,1
phishing,494,3,2.515e-05,2.947,ling:1365,ling,1,google/gemma-3-12b-it,zero,1
legitimate,380,3,1.945e-05,1.871,ling:2420,ling,0,google/gemma-3-12b-it,zero,0
legitimate,530,3,2.695e-05,2.601,ling:2353,ling,0,google/gemma-3-12b-it,zero,0
legitimate,367,3,1.88e-05,5.6,ling:1016,ling,0,google/gemma-3-12b-it,zero,0
legitimate,417,3,2.13e-05,3.653,ling:2053,ling,0,google/gemma-3-12b-it,zero,0
legitimate,420,3,2.145e-05,5.181,ling:2401,ling,0,google/gemma-3-12b-it,zero,0
legitimate,373,3,1.91e-05,1.566,ling:156,ling,0,google/gemma-3-12b-it,zero,0
phishing,208,3,1.085e-05,4.399,ling:1637,ling,0,google/gemma-3-12b-it,zero,1
legitimate,249,3,1.29e-05,1.638,ling:2045,ling,0,google/gemma-3-12b-it,zero,0
legitimate,393,3,2.01e-05,1.631,ling:1534,ling,0,google/gemma-3-12b-it,zero,0
phishing,119,3,6.4e-06,1.569,ling:1272,ling,0,google/gemma-3-12b-it,zero,1
legitimate,443,3,2.26e-05,1.825,ling:2043,ling,0,google/gemma-3-12b-it,zero,0
legitimate,424,3,2.165e-05,3.348,ling:125,ling,0,google/gemma-3-12b-it,zero,0
legitimate,337,3,1.73e-05,2.847,ling:1434,ling,0,google/gemma-3-12b-it,zero,0
legitimate,332,3,1.705e-05,1.368,ling:1810,ling,0,google/gemma-3-12b-it,zero,0
legitimate,350,3,1.795e-05,3.997,ling:2275,ling,0,google/gemma-3-12b-it,zero,0
phishing,384,3,1.965e-05,2.555,ling:2137,ling,0,google/gemma-3-12b-it,zero,1
spam,343,2,1.745e-05,2.78,ling:221,ling,0,google/gemma-3-12b-it,zero,1
legitimate,339,3,1.74e-05,1.962,ling:2173,ling,0,google/gemma-3-12b-it,zero,0
legitimate,136,3,7.25e-06,2.765,ling:1821,ling,0,google/gemma-3-12b-it,zero,0
spam,358,2,1.82e-05,1.54,ling:1867,ling,0,google/gemma-3-12b-it,zero,1
legitimate,430,3,2.195e-05,2.334,ling:1198,ling,0,google/gemma-3-12b-it,zero,0
legitimate,330,3,1.695e-05,5.797,ling:2573,ling,0,google/gemma-3-12b-it,zero,0
legitimate,460,3,2.345e-05,6.887,ling:1216,ling,0,google/gemma-3-12b-it,zero,0
legitimate,436,3,2.225e-05,2.617,ling:2566,ling,0,google/gemma-3-12b-it,zero,0
legitimate,315,3,1.62e-05,6.289,ling:1612,ling,0,google/gemma-3-12b-it,zero,0
spam,346,2,1.76e-05,3.52,ling:630,ling,0,google/gemma-3-12b-it,zero,1
legitimate,219,3,1.14e-05,4.644,ling:1566,ling,0,google/gemma-3-12b-it,zero,0
legitimate,125,3,6.7e-06,2.552,ling:2084,ling,0,google/gemma-3-12b-it,zero,0
legitimate,412,3,2.105e-05,1.745,ling:1546,ling,0,google/gemma-3-12b-it,zero,0
legitimate,493,3,2.51e-05,3.763,ling:2441,ling,0,google/gemma-3-12b-it,zero,0
phishing,410,3,2.095e-05,1.104,ling:2138,ling,0,google/gemma-3-12b-it,zero,1
legitimate,284,3,1.465e-05,8.517,ling:1335,ling,0,google/gemma-3-12b-it,zero,0
legitimate,389,3,1.99e-05,5.492,ling:2406,ling,0,google/gemma-3-12b-it,zero,0
phishing,433,3,2.21e-05,7.542,ling:1432,ling,0,google/gemma-3-12b-it,zero,1
phishing,361,3,1.85e-05,1.424,ling:1426,ling,0,google/gemma-3-12b-it,zero,1
legitimate,364,3,1.865e-05,2.462,ling:2496,ling,0,google/gemma-3-12b-it,zero,0
legitimate,237,3,1.23e-05,2.292,ling:263,ling,0,google/gemma-3-12b-it,zero,0
legitimate,189,3,9.9e-06,1.078,ling:556,ling,0,google/gemma-3-12b-it,zero,0
legitimate,306,3,1.575e-05,0.938,ling:619,ling,0,google/gemma-3-12b-it,zero,0
legitimate,441,3,2.25e-05,4.202,ling:1162,ling,0,google/gemma-3-12b-it,zero,0
legitimate,472,3,2.405e-05,4.844,ling:538,ling,0,google/gemma-3-12b-it,zero,0
legitimate,466,3,2.375e-05,7.545,ling:905,ling,0,google/gemma-3-12b-it,zero,0
legitimate,377,3,1.93e-05,7.908,ling:1336,ling,0,google/gemma-3-12b-it,zero,0
phishing,402,3,2.055e-05,4.145,ling:2688,ling,0,google/gemma-3-12b-it,zero,1
legitimate,430,3,2.195e-05,10.498,ling:1321,ling,0,google/gemma-3-12b-it,zero,0
legitimate,231,3,1.2e-05,1.239,ling:1305,ling,0,google/gemma-3-12b-it,zero,0
spam,358,2,1.82e-05,2.904,ling:1992,ling,0,google/gemma-3-12b-it,zero,1
legitimate,293,3,1.51e-05,1.954,ling:515,ling,0,google/gemma-3-12b-it,zero,0
legitimate,394,3,2.015e-05,1.57,ling:2170,ling,0,google/gemma-3-12b-it,zero,0
legitimate,287,3,1.48e-05,1.209,ling:2313,ling,0,google/gemma-3-12b-it,zero,0
phishing,338,3,1.735e-05,1.087,ling:2712,ling,0,google/gemma-3-12b-it,zero,1
legitimate,339,3,1.74e-05,2.498,ling:1615,ling,0,google/gemma-3-12b-it,zero,0
phishing,163,3,8.6e-06,1.518,ling:1904,ling,0,google/gemma-3-12b-it,zero,1
phishing,375,3,1.92e-05,1.116,ling:2101,ling,0,google/gemma-3-12b-it,zero,1
legitimate,422,3,2.155e-05,1.11,ling:1125,ling,0,google/gemma-3-12b-it,zero,0
spam,140,2,7.3e-06,1.013,ling:1150,ling,0,google/gemma-3-12b-it,zero,1
legitimate,326,3,1.675e-05,1.903,ling:1502,ling,0,google/gemma-3-12b-it,zero,0
legitimate,130,3,6.95e-06,2.918,ling:499,ling,0,google/gemma-3-12b-it,zero,0
legitimate,292,3,1.505e-05,1.311,ling:2252,ling,0,google/gemma-3-12b-it,zero,0
legitimate,326,3,1.675e-05,1.243,ling:1254,ling,0,google/gemma-3-12b-it,zero,0
legitimate,160,3,8.45e-06,0.828,ling:1673,ling,0,google/gemma-3-12b-it,zero,0
legitimate,376,3,1.925e-05,0.597,ling:2319,ling,0,google/gemma-3-12b-it,zero,0
legitimate,256,3,1.325e-05,1.529,ling:2757,ling,0,google/gemma-3-12b-it,zero,0
legitimate,371,3,1.9e-05,1.43,ling:1980,ling,0,google/gemma-3-12b-it,zero,0
spam,147,2,7.65e-06,1.916,ling:286,ling,0,google/gemma-3-12b-it,zero,1
legitimate,462,3,2.355e-05,1.324,ling:299,ling,0,google/gemma-3-12b-it,zero,0
legitimate,373,3,1.91e-05,0.59,ling:2647,ling,0,google/gemma-3-12b-it,zero,0
legitimate,397,3,2.03e-05,1.735,ling:215,ling,0,google/gemma-3-12b-it,zero,0
legitimate,390,3,1.995e-05,0.825,ling:908,ling,0,google/gemma-3-12b-it,zero,0
legitimate,316,3,1.625e-05,0.677,ling:1740,ling,0,google/gemma-3-12b-it,zero,0
legitimate,317,3,1.63e-05,0.607,ling:284,ling,0,google/gemma-3-12b-it,zero,0
legitimate,373,3,1.91e-05,2.6,ling:925,ling,0,google/gemma-3-12b-it,zero,0
legitimate,233,3,1.21e-05,0.742,ling:2160,ling,0,google/gemma-3-12b-it,zero,0
legitimate,376,3,1.925e-05,0.931,ling:929,ling,0,google/gemma-3-12b-it,zero,0
phishing,488,3,2.485e-05,0.677,ling:666,ling,0,google/gemma-3-12b-it,zero,1
legitimate,461,3,2.35e-05,0.702,ling:1038,ling,0,google/gemma-3-12b-it,zero,0
legitimate,389,3,1.99e-05,0.93,ling:110,ling,0,google/gemma-3-12b-it,zero,0
legitimate,173,3,9.1e-06,1.803,ling:46,ling,0,google/gemma-3-12b-it,zero,0
legitimate,533,3,2.71e-05,0.601,ling:1444,ling,0,google/gemma-3-12b-it,zero,0
legitimate,253,3,1.31e-05,0.795,ling:778,ling,0,google/gemma-3-12b-it,zero,0
legitimate,150,3,7.95e-06,3.016,ling:294,ling,0,google/gemma-3-12b-it,zero,0
legitimate,347,3,1.78e-05,3.696,ling:2663,ling,0,google/gemma-3-12b-it,zero,0
legitimate,386,3,1.975e-05,2.791,ling:1839,ling,0,google/gemma-3-12b-it,zero,0
legitimate,348,3,1.785e-05,0.874,ling:2551,ling,0,google/gemma-3-12b-it,zero,0
legitimate,362,3,1.855e-05,1.055,ling:842,ling,0,google/gemma-3-12b-it,zero,0
legitimate,254,3,1.315e-05,1.82,ling:1557,ling,0,google/gemma-3-12b-it,zero,0
legitimate,434,3,2.215e-05,0.72,ling:1656,ling,0,google/gemma-3-12b-it,zero,0
legitimate,362,3,1.855e-05,0.864,ling:2603,ling,0,google/gemma-3-12b-it,zero,0
legitimate,252,3,1.305e-05,0.926,ling:1513,ling,0,google/gemma-3-12b-it,zero,0
legitimate,458,3,2.335e-05,1.4,ling:1710,ling,0,google/gemma-3-12b-it,zero,0
legitimate,396,3,2.025e-05,0.837,ling:1052,ling,0,google/gemma-3-12b-it,zero,0
legitimate,642,3,3.255e-05,0.649,ling:1592,ling,0,google/gemma-3-12b-it,zero,0
legitimate,330,3,1.695e-05,1.18,ling:2298,ling,0,google/gemma-3-12b-it,zero,0
legitimate,518,3,2.635e-05,0.685,ling:2342,ling,0,google/gemma-3-12b-it,zero,0
legitimate,288,3,1.485e-05,0.873,ling:1447,ling,0,google/gemma-3-12b-it,zero,0
legitimate,105,3,5.7e-06,1.605,ling:1030,ling,0,google/gemma-3-12b-it,zero,0
legitimate,350,3,1.795e-05,1.259,ling:2005,ling,0,google/gemma-3-12b-it,zero,0
spam,96,2,5.1e-06,1.54,ling:1726,ling,0,google/gemma-3-12b-it,zero,1
legitimate,435,3,2.22e-05,0.813,ling:869,ling,0,google/gemma-3-12b-it,zero,0
phishing,412,3,2.105e-05,0.593,ling:2115,ling,0,google/gemma-3-12b-it,zero,1
legitimate,312,3,1.605e-05,1.174,ling:2146,ling,0,google/gemma-3-12b-it,zero,0
legitimate,332,3,1.705e-05,0.879,ling:958,ling,0,google/gemma-3-12b-it,zero,0
legitimate,500,3,2.545e-05,1.507,ling:533,ling,0,google/gemma-3-12b-it,zero,0
legitimate,346,3,1.775e-05,2.349,ling:1983,ling,0,google/gemma-3-12b-it,zero,0
legitimate,274,3,1.415e-05,2.684,ling:2136,ling,0,google/gemma-3-12b-it,zero,0
legitimate,333,3,1.71e-05,0.589,ling:1397,ling,0,google/gemma-3-12b-it,zero,0
legitimate,280,3,1.445e-05,0.527,ling:780,ling,0,google/gemma-3-12b-it,zero,0
legitimate,344,3,1.765e-05,0.667,ling:1886,ling,0,google/gemma-3-12b-it,zero,0
legitimate,421,3,2.15e-05,3.056,ling:1435,ling,0,google/gemma-3-12b-it,zero,0
legitimate,211,3,1.1e-05,0.64,ling:1932,ling,0,google/gemma-3-12b-it,zero,0
legitimate,584,3,2.965e-05,0.861,ling:2270,ling,0,google/gemma-3-12b-it,zero,0
spam,391,2,1.985e-05,2.945,ling:625,ling,0,google/gemma-3-12b-it,zero,1
legitimate,391,3,2e-05,0.934,ling:994,ling,0,google/gemma-3-12b-it,zero,0
legitimate,123,3,6.6e-06,1.569,ling:2674,ling,0,google/gemma-3-12b-it,zero,0
phishing,343,3,1.76e-05,0.975,ling:1167,ling,0,google/gemma-3-12b-it,zero,1
legitimate,351,3,1.8e-05,3.945,ling:244,ling,0,google/gemma-3-12b-it,zero,0
legitimate,341,3,1.75e-05,0.741,ling:2549,ling,0,google/gemma-3-12b-it,zero,0
legitimate,454,3,2.315e-05,1.354,ling:1370,ling,0,google/gemma-3-12b-it,zero,0
legitimate,346,3,1.775e-05,0.584,ling:2721,ling,0,google/gemma-3-12b-it,zero,0
legitimate,104,3,5.65e-06,0.795,ling:413,ling,0,google/gemma-3-12b-it,zero,0
legitimate,409,3,2.09e-05,0.681,ling:1353,ling,0,google/gemma-3-12b-it,zero,0
legitimate,367,3,1.88e-05,0.669,ling:1671,ling,0,google/gemma-3-12b-it,zero,0
phishing,412,3,2.105e-05,0.683,ling:2417,ling,0,google/gemma-3-12b-it,zero,1
legitimate,558,3,2.835e-05,0.558,ling:256,ling,0,google/gemma-3-12b-it,zero,0
phishing,361,3,1.85e-05,0.923,ling:2227,ling,0,google/gemma-3-12b-it,zero,1
phishing,382,3,1.955e-05,1.583,ling:974,ling,0,google/gemma-3-12b-it,zero,1
legitimate,391,3,2e-05,1.506,ling:1282,ling,0,google/gemma-3-12b-it,zero,0
spam,331,2,1.685e-05,0.59,ling:2336,ling,0,google/gemma-3-12b-it,zero,1
legitimate,385,3,1.97e-05,1.142,ling:1602,ling,0,google/gemma-3-12b-it,zero,0
legitimate,86,3,4.75e-06,0.892,ling:1784,ling,0,google/gemma-3-12b-it,zero,0
phishing,295,3,1.52e-05,0.82,ling:1395,ling,0,google/gemma-3-12b-it,zero,1
phishing,301,3,1.55e-05,0.619,ling:2750,ling,0,google/gemma-3-12b-it,zero,1
legitimate,325,3,1.67e-05,1.189,ling:1900,ling,0,google/gemma-3-12b-it,zero,0
legitimate,285,3,1.47e-05,1.677,ling:2855,ling,0,google/gemma-3-12b-it,zero,0
legitimate,392,3,2.005e-05,0.952,ling:2498,ling,0,google/gemma-3-12b-it,zero,0
phishing,174,3,9.15e-06,1.161,enron:6861,enron,1,google/gemma-3-12b-it,zero,1
phishing,279,3,1.44e-05,1.002,enron:9711,enron,1,google/gemma-3-12b-it,zero,1
phishing,201,3,1.05e-05,1.758,enron:8157,enron,1,google/gemma-3-12b-it,zero,1
phishing,467,3,2.38e-05,0.676,enron:5895,enron,1,google/gemma-3-12b-it,zero,1
phishing,304,3,1.565e-05,1.804,enron:7650,enron,1,google/gemma-3-12b-it,zero,1
phishing,393,3,2.01e-05,0.951,enron:7524,enron,1,google/gemma-3-12b-it,zero,1
phishing,455,3,2.32e-05,0.836,enron:8586,enron,1,google/gemma-3-12b-it,zero,1
phishing,110,3,5.95e-06,0.673,enron:9435,enron,1,google/gemma-3-12b-it,zero,1
phishing,317,3,1.63e-05,0.77,enron:9382,enron,1,google/gemma-3-12b-it,zero,1
phishing,372,3,1.905e-05,1.462,enron:5665,enron,1,google/gemma-3-12b-it,zero,1
phishing,203,3,1.06e-05,0.999,enron:8777,enron,1,google/gemma-3-12b-it,zero,1
phishing,388,3,1.985e-05,1.765,enron:9233,enron,1,google/gemma-3-12b-it,zero,1
legitimate,218,3,1.135e-05,0.765,enron:6153,enron,1,google/gemma-3-12b-it,zero,0
phishing,394,3,2.015e-05,0.756,enron:6475,enron,1,google/gemma-3-12b-it,zero,1
phishing,438,3,2.235e-05,0.7,enron:6533,enron,1,google/gemma-3-12b-it,zero,1
phishing,482,3,2.455e-05,0.753,enron:9867,enron,1,google/gemma-3-12b-it,zero,1
phishing,162,3,8.55e-06,0.717,enron:5909,enron,1,google/gemma-3-12b-it,zero,1
phishing,421,3,2.15e-05,2.367,enron:9592,enron,1,google/gemma-3-12b-it,zero,1
phishing,194,3,1.015e-05,0.844,enron:5872,enron,1,google/gemma-3-12b-it,zero,1
phishing,376,3,1.925e-05,2.28,enron:7623,enron,1,google/gemma-3-12b-it,zero,1
phishing,235,3,1.22e-05,1.189,enron:7216,enron,1,google/gemma-3-12b-it,zero,1
phishing,368,3,1.885e-05,1.289,enron:6016,enron,1,google/gemma-3-12b-it,zero,1
spam,190,2,9.8e-06,0.851,enron:9757,enron,1,google/gemma-3-12b-it,zero,1
phishing,379,3,1.94e-05,1.191,enron:5633,enron,1,google/gemma-3-12b-it,zero,1
spam,406,2,2.06e-05,0.767,enron:8990,enron,1,google/gemma-3-12b-it,zero,1
phishing,206,3,1.075e-05,1.886,enron:6520,enron,1,google/gemma-3-12b-it,zero,1
phishing,82,3,4.55e-06,1.259,enron:9845,enron,1,google/gemma-3-12b-it,zero,1
phishing,198,3,1.035e-05,1.202,enron:5344,enron,1,google/gemma-3-12b-it,zero,1
phishing,272,3,1.405e-05,0.772,enron:5779,enron,1,google/gemma-3-12b-it,zero,1
phishing,170,3,8.95e-06,1.017,enron:8648,enron,1,google/gemma-3-12b-it,zero,1
phishing,112,3,6.05e-06,1.641,enron:8009,enron,1,google/gemma-3-12b-it,zero,1
phishing,188,3,9.85e-06,1.193,enron:5979,enron,1,google/gemma-3-12b-it,zero,1
phishing,141,3,7.5e-06,0.76,enron:7192,enron,1,google/gemma-3-12b-it,zero,1
phishing,366,3,1.875e-05,0.678,enron:6352,enron,1,google/gemma-3-12b-it,zero,1
phishing,109,3,5.9e-06,1.365,enron:7218,enron,1,google/gemma-3-12b-it,zero,1
phishing,499,3,2.54e-05,1.865,enron:8972,enron,1,google/gemma-3-12b-it,zero,1
phishing,287,3,1.48e-05,1.826,enron:8874,enron,1,google/gemma-3-12b-it,zero,1
phishing,158,3,8.35e-06,3.178,enron:7171,enron,1,google/gemma-3-12b-it,zero,1
spam,94,2,5e-06,1.038,enron:6358,enron,1,google/gemma-3-12b-it,zero,1
phishing,181,3,9.5e-06,1.648,enron:5797,enron,1,google/gemma-3-12b-it,zero,1
phishing,127,3,6.8e-06,0.901,enron:7991,enron,1,google/gemma-3-12b-it,zero,1
phishing,90,3,4.95e-06,0.614,enron:5698,enron,1,google/gemma-3-12b-it,zero,1
phishing,141,3,7.5e-06,1.076,enron:6321,enron,1,google/gemma-3-12b-it,zero,1
spam,248,2,1.27e-05,1.186,enron:5841,enron,1,google/gemma-3-12b-it,zero,1
phishing,136,3,7.25e-06,2.345,enron:9276,enron,1,google/gemma-3-12b-it,zero,1
phishing,185,3,9.7e-06,1.14,enron:8279,enron,1,google/gemma-3-12b-it,zero,1
phishing,101,3,5.5e-06,1.207,enron:6747,enron,1,google/gemma-3-12b-it,zero,1
phishing,228,3,1.185e-05,2.157,enron:5334,enron,1,google/gemma-3-12b-it,zero,1
phishing,315,3,1.62e-05,0.596,enron:8560,enron,1,google/gemma-3-12b-it,zero,1
legitimate,354,3,1.815e-05,0.957,enron:5607,enron,1,google/gemma-3-12b-it,zero,0
phishing,88,3,4.85e-06,0.659,enron:5661,enron,1,google/gemma-3-12b-it,zero,1
phishing,371,3,1.9e-05,0.903,enron:8290,enron,1,google/gemma-3-12b-it,zero,1
phishing,134,3,7.15e-06,1.069,enron:7353,enron,1,google/gemma-3-12b-it,zero,1
phishing,100,3,5.45e-06,2.559,enron:8524,enron,1,google/gemma-3-12b-it,zero,1
phishing,267,3,1.38e-05,3.085,enron:9090,enron,1,google/gemma-3-12b-it,zero,1
phishing,191,3,1e-05,3.485,enron:7248,enron,1,google/gemma-3-12b-it,zero,1
phishing,420,3,2.145e-05,2.042,enron:6515,enron,1,google/gemma-3-12b-it,zero,1
phishing,339,3,1.74e-05,0.671,enron:8248,enron,1,google/gemma-3-12b-it,zero,1
phishing,111,3,6e-06,2.178,enron:7902,enron,1,google/gemma-3-12b-it,zero,1
phishing,167,3,8.8e-06,2.091,enron:9787,enron,1,google/gemma-3-12b-it,zero,1
phishing,132,3,7.05e-06,0.56,enron:9365,enron,1,google/gemma-3-12b-it,zero,1
phishing,125,3,6.7e-06,1.537,enron:6204,enron,1,google/gemma-3-12b-it,zero,1
phishing,509,3,2.59e-05,0.909,enron:6491,enron,1,google/gemma-3-12b-it,zero,1
phishing,274,3,1.415e-05,1.082,enron:7814,enron,1,google/gemma-3-12b-it,zero,1
phishing,105,3,5.7e-06,0.67,enron:6255,enron,1,google/gemma-3-12b-it,zero,1
phishing,378,3,1.935e-05,0.755,enron:7008,enron,1,google/gemma-3-12b-it,zero,1
phishing,276,3,1.425e-05,3.109,enron:5812,enron,1,google/gemma-3-12b-it,zero,1
phishing,402,3,2.055e-05,0.722,enron:6723,enron,1,google/gemma-3-12b-it,zero,1
phishing,123,3,6.6e-06,0.863,enron:7881,enron,1,google/gemma-3-12b-it,zero,1
spam,165,2,8.55e-06,1.128,enron:7541,enron,1,google/gemma-3-12b-it,zero,1
phishing,137,3,7.3e-06,0.604,enron:9006,enron,1,google/gemma-3-12b-it,zero,1
phishing,448,3,2.285e-05,0.672,enron:8661,enron,1,google/gemma-3-12b-it,zero,1
phishing,228,3,1.185e-05,1.638,enron:9928,enron,1,google/gemma-3-12b-it,zero,1
phishing,242,3,1.255e-05,1.686,enron:6503,enron,1,google/gemma-3-12b-it,zero,1
phishing,147,3,7.8e-06,0.656,enron:9350,enron,1,google/gemma-3-12b-it,zero,1
phishing,194,3,1.015e-05,1.38,enron:5626,enron,1,google/gemma-3-12b-it,zero,1
phishing,229,3,1.19e-05,0.598,enron:7232,enron,1,google/gemma-3-12b-it,zero,1
phishing,107,3,5.8e-06,0.822,enron:7905,enron,1,google/gemma-3-12b-it,zero,1
phishing,365,3,1.87e-05,1.149,enron:6823,enron,1,google/gemma-3-12b-it,zero,1
phishing,259,3,1.34e-05,0.885,enron:5510,enron,1,google/gemma-3-12b-it,zero,1
phishing,161,3,8.5e-06,1.594,enron:7886,enron,1,google/gemma-3-12b-it,zero,1
spam,413,2,2.095e-05,0.597,enron:9491,enron,1,google/gemma-3-12b-it,zero,1
spam,137,2,7.15e-06,1.063,enron:6139,enron,1,google/gemma-3-12b-it,zero,1
phishing,163,3,8.6e-06,0.617,enron:6673,enron,1,google/gemma-3-12b-it,zero,1
phishing,265,3,1.37e-05,1.749,enron:8416,enron,1,google/gemma-3-12b-it,zero,1
phishing,114,3,6.15e-06,1.696,enron:6581,enron,1,google/gemma-3-12b-it,zero,1
phishing,159,3,8.4e-06,0.653,enron:6981,enron,1,google/gemma-3-12b-it,zero,1
spam,505,2,2.555e-05,0.678,enron:7551,enron,1,google/gemma-3-12b-it,zero,1
phishing,436,3,2.225e-05,1.721,enron:9454,enron,1,google/gemma-3-12b-it,zero,1
phishing,384,3,1.965e-05,0.733,enron:8620,enron,1,google/gemma-3-12b-it,zero,1
phishing,117,3,6.3e-06,0.735,enron:6718,enron,1,google/gemma-3-12b-it,zero,1
phishing,121,3,6.5e-06,0.74,enron:8627,enron,1,google/gemma-3-12b-it,zero,1
phishing,253,3,1.31e-05,4.092,enron:9217,enron,1,google/gemma-3-12b-it,zero,1
phishing,122,3,6.55e-06,3.016,enron:7014,enron,1,google/gemma-3-12b-it,zero,1
phishing,273,3,1.41e-05,2.123,enron:6813,enron,1,google/gemma-3-12b-it,zero,1
phishing,318,3,1.635e-05,3.082,enron:7913,enron,1,google/gemma-3-12b-it,zero,1
phishing,169,3,8.9e-06,1.715,enron:9455,enron,1,google/gemma-3-12b-it,zero,1
phishing,207,3,1.08e-05,2.974,enron:6335,enron,1,google/gemma-3-12b-it,zero,1
phishing,409,3,2.09e-05,0.736,enron:9641,enron,1,google/gemma-3-12b-it,zero,1
phishing,465,3,2.37e-05,1.148,enron:9554,enron,1,google/gemma-3-12b-it,zero,1
phishing,108,3,5.85e-06,0.673,enron:9967,enron,1,google/gemma-3-12b-it,zero,1
phishing,110,3,5.95e-06,0.573,enron:5608,enron,1,google/gemma-3-12b-it,zero,1
legitimate,387,3,1.98e-05,0.93,enron:9392,enron,1,google/gemma-3-12b-it,zero,0
phishing,513,3,2.61e-05,0.874,enron:6856,enron,1,google/gemma-3-12b-it,zero,1
phishing,145,3,7.7e-06,0.923,enron:6738,enron,1,google/gemma-3-12b-it,zero,1
phishing,728,3,3.685e-05,0.966,enron:5490,enron,1,google/gemma-3-12b-it,zero,1
phishing,165,3,8.7e-06,1.171,enron:8082,enron,1,google/gemma-3-12b-it,zero,1
phishing,124,3,6.65e-06,0.766,enron:5380,enron,1,google/gemma-3-12b-it,zero,1
phishing,417,3,2.13e-05,1.24,enron:9885,enron,1,google/gemma-3-12b-it,zero,1
phishing,228,3,1.185e-05,0.861,enron:8946,enron,1,google/gemma-3-12b-it,zero,1
phishing,86,3,4.75e-06,0.578,enron:6098,enron,1,google/gemma-3-12b-it,zero,1
phishing,174,3,9.15e-06,0.576,enron:9670,enron,1,google/gemma-3-12b-it,zero,1
phishing,343,3,1.76e-05,0.756,enron:7595,enron,1,google/gemma-3-12b-it,zero,1
phishing,164,3,8.65e-06,4.216,enron:6809,enron,1,google/gemma-3-12b-it,zero,1
phishing,67,3,3.8e-06,1.361,enron:6843,enron,1,google/gemma-3-12b-it,zero,1
phishing,329,3,1.69e-05,1.653,enron:7896,enron,1,google/gemma-3-12b-it,zero,1
phishing,355,3,1.82e-05,1.032,enron:5337,enron,1,google/gemma-3-12b-it,zero,1
phishing,102,3,5.55e-06,1.213,enron:9542,enron,1,google/gemma-3-12b-it,zero,1
phishing,430,3,2.195e-05,0.624,enron:6485,enron,1,google/gemma-3-12b-it,zero,1
phishing,473,3,2.41e-05,0.562,enron:5808,enron,1,google/gemma-3-12b-it,zero,1
phishing,399,3,2.04e-05,0.636,enron:6743,enron,1,google/gemma-3-12b-it,zero,1
spam,119,2,6.25e-06,1.206,enron:9920,enron,1,google/gemma-3-12b-it,zero,1
phishing,295,3,1.52e-05,1.757,enron:8649,enron,1,google/gemma-3-12b-it,zero,1
phishing,240,3,1.245e-05,1.438,enron:9071,enron,1,google/gemma-3-12b-it,zero,1
spam,255,2,1.305e-05,0.666,enron:5602,enron,1,google/gemma-3-12b-it,zero,1
phishing,190,3,9.95e-06,0.568,enron:8417,enron,1,google/gemma-3-12b-it,zero,1
phishing,137,3,7.3e-06,1.389,enron:7672,enron,1,google/gemma-3-12b-it,zero,1
phishing,301,3,1.55e-05,0.608,enron:7438,enron,1,google/gemma-3-12b-it,zero,1
phishing,436,3,2.225e-05,0.517,enron:7883,enron,1,google/gemma-3-12b-it,zero,1
phishing,169,3,8.9e-06,0.767,enron:6790,enron,1,google/gemma-3-12b-it,zero,1
phishing,410,3,2.095e-05,1.075,enron:5390,enron,1,google/gemma-3-12b-it,zero,1
phishing,455,3,2.32e-05,1.265,enron:6310,enron,1,google/gemma-3-12b-it,zero,1
phishing,140,3,7.45e-06,0.733,enron:7734,enron,1,google/gemma-3-12b-it,zero,1
phishing,86,3,4.75e-06,1.29,enron:8291,enron,1,google/gemma-3-12b-it,zero,1
phishing,202,3,1.055e-05,1.024,enron:9230,enron,1,google/gemma-3-12b-it,zero,1
phishing,366,3,1.875e-05,0.598,enron:6778,enron,1,google/gemma-3-12b-it,zero,1
phishing,449,3,2.29e-05,0.963,enron:9708,enron,1,google/gemma-3-12b-it,zero,1
phishing,201,3,1.05e-05,1.418,enron:9729,enron,1,google/gemma-3-12b-it,zero,1
phishing,205,3,1.07e-05,0.624,enron:3349,enron,0,google/gemma-3-12b-it,zero,1
phishing,237,3,1.23e-05,1.564,enron:491,enron,0,google/gemma-3-12b-it,zero,1
phishing,357,3,1.83e-05,1.74,enron:4521,enron,0,google/gemma-3-12b-it,zero,1
legitimate,414,3,2.115e-05,0.908,enron:969,enron,0,google/gemma-3-12b-it,zero,0
phishing,106,3,5.75e-06,0.551,enron:5305,enron,0,google/gemma-3-12b-it,zero,1
legitimate,340,3,1.745e-05,0.683,enron:1200,enron,0,google/gemma-3-12b-it,zero,0
legitimate,190,3,9.95e-06,1.312,enron:1752,enron,0,google/gemma-3-12b-it,zero,0
legitimate,326,3,1.675e-05,0.788,enron:497,enron,0,google/gemma-3-12b-it,zero,0
phishing,161,3,8.5e-06,0.662,enron:3306,enron,0,google/gemma-3-12b-it,zero,1
legitimate,603,3,3.06e-05,0.96,enron:3615,enron,0,google/gemma-3-12b-it,zero,0
phishing,253,3,1.31e-05,0.642,enron:2348,enron,0,google/gemma-3-12b-it,zero,1
legitimate,357,3,1.83e-05,3.626,enron:4524,enron,0,google/gemma-3-12b-it,zero,0
legitimate,623,3,3.16e-05,0.691,enron:893,enron,0,google/gemma-3-12b-it,zero,0
phishing,154,3,8.15e-06,1.118,enron:2302,enron,0,google/gemma-3-12b-it,zero,1
phishing,443,3,2.26e-05,1.357,enron:2364,enron,0,google/gemma-3-12b-it,zero,1
phishing,227,3,1.18e-05,0.598,enron:3667,enron,0,google/gemma-3-12b-it,zero,1
phishing,408,3,2.085e-05,0.73,enron:240,enron,0,google/gemma-3-12b-it,zero,1
phishing,331,3,1.7e-05,1.769,enron:2080,enron,0,google/gemma-3-12b-it,zero,1
phishing,129,3,6.9e-06,0.579,enron:3184,enron,0,google/gemma-3-12b-it,zero,1
phishing,198,3,1.035e-05,1.488,enron:4374,enron,0,google/gemma-3-12b-it,zero,1
phishing,358,3,1.835e-05,0.617,enron:1620,enron,0,google/gemma-3-12b-it,zero,1
phishing,166,3,8.75e-06,3.967,enron:5043,enron,0,google/gemma-3-12b-it,zero,1
phishing,290,3,1.495e-05,0.876,enron:168,enron,0,google/gemma-3-12b-it,zero,1
legitimate,193,3,1.01e-05,0.771,enron:1034,enron,0,google/gemma-3-12b-it,zero,0
legitimate,372,3,1.905e-05,0.969,enron:2226,enron,0,google/gemma-3-12b-it,zero,0
phishing,304,3,1.565e-05,0.592,enron:1379,enron,0,google/gemma-3-12b-it,zero,1
phishing,171,3,9e-06,0.582,enron:5040,enron,0,google/gemma-3-12b-it,zero,1
legitimate,113,3,6.1e-06,1.2,enron:4331,enron,0,google/gemma-3-12b-it,zero,0
phishing,392,3,2.005e-05,0.93,enron:4725,enron,0,google/gemma-3-12b-it,zero,1
legitimate,615,3,3.12e-05,3.89,enron:746,enron,0,google/gemma-3-12b-it,zero,0
legitimate,455,3,2.32e-05,3.343,enron:3213,enron,0,google/gemma-3-12b-it,zero,0
phishing,178,3,9.35e-06,1.021,enron:4828,enron,0,google/gemma-3-12b-it,zero,1
phishing,448,3,2.285e-05,0.693,enron:418,enron,0,google/gemma-3-12b-it,zero,1
phishing,420,3,2.145e-05,3.779,enron:3702,enron,0,google/gemma-3-12b-it,zero,1
phishing,168,3,8.85e-06,1.267,enron:505,enron,0,google/gemma-3-12b-it,zero,1
legitimate,470,3,2.395e-05,3.363,enron:79,enron,0,google/gemma-3-12b-it,zero,0
phishing,277,3,1.43e-05,2.295,enron:84,enron,0,google/gemma-3-12b-it,zero,1
phishing,222,3,1.155e-05,1.491,enron:2577,enron,0,google/gemma-3-12b-it,zero,1
legitimate,520,3,2.645e-05,1.763,enron:4907,enron,0,google/gemma-3-12b-it,zero,0
phishing,278,3,1.435e-05,1.145,enron:8,enron,0,google/gemma-3-12b-it,zero,1
legitimate,689,3,3.49e-05,1.679,enron:4085,enron,0,google/gemma-3-12b-it,zero,0
phishing,72,3,4.05e-06,1.464,enron:589,enron,0,google/gemma-3-12b-it,zero,1
legitimate,365,3,1.87e-05,1.158,enron:426,enron,0,google/gemma-3-12b-it,zero,0
legitimate,121,3,6.5e-06,2.483,enron:4230,enron,0,google/gemma-3-12b-it,zero,0
legitimate,171,3,9e-06,0.772,enron:4080,enron,0,google/gemma-3-12b-it,zero,0
phishing,550,3,2.795e-05,0.608,enron:3044,enron,0,google/gemma-3-12b-it,zero,1
phishing,214,3,1.115e-05,0.922,enron:1041,enron,0,google/gemma-3-12b-it,zero,1
legitimate,375,3,1.92e-05,1.474,enron:465,enron,0,google/gemma-3-12b-it,zero,0
legitimate,549,3,2.79e-05,1.006,enron:296,enron,0,google/gemma-3-12b-it,zero,0
phishing,267,3,1.38e-05,0.602,enron:4955,enron,0,google/gemma-3-12b-it,zero,1
phishing,543,3,2.76e-05,2.412,enron:1129,enron,0,google/gemma-3-12b-it,zero,1
legitimate,91,3,5e-06,3.869,enron:1612,enron,0,google/gemma-3-12b-it,zero,0
legitimate,336,3,1.725e-05,0.607,enron:373,enron,0,google/gemma-3-12b-it,zero,0
phishing,91,3,5e-06,1.2,enron:4951,enron,0,google/gemma-3-12b-it,zero,1
phishing,96,3,5.25e-06,1.42,enron:1115,enron,0,google/gemma-3-12b-it,zero,1
phishing,108,3,5.85e-06,1.058,enron:15,enron,0,google/gemma-3-12b-it,zero,1
legitimate,443,3,2.26e-05,1.262,enron:747,enron,0,google/gemma-3-12b-it,zero,0
phishing,63,3,3.6e-06,0.943,enron:1436,enron,0,google/gemma-3-12b-it,zero,1
phishing,121,3,6.5e-06,1.974,enron:279,enron,0,google/gemma-3-12b-it,zero,1
phishing,471,3,2.4e-05,1.32,enron:5217,enron,0,google/gemma-3-12b-it,zero,1
phishing,115,3,6.2e-06,1.094,enron:2209,enron,0,google/gemma-3-12b-it,zero,1
legitimate,97,3,5.3e-06,1.37,enron:5198,enron,0,google/gemma-3-12b-it,zero,0
legitimate,191,3,1e-05,3.059,enron:3166,enron,0,google/gemma-3-12b-it,zero,0
phishing,94,3,5.15e-06,0.539,enron:2222,enron,0,google/gemma-3-12b-it,zero,1
phishing,544,3,2.765e-05,0.966,enron:3303,enron,0,google/gemma-3-12b-it,zero,1
phishing,115,3,6.2e-06,0.883,enron:4073,enron,0,google/gemma-3-12b-it,zero,1
legitimate,252,3,1.305e-05,1.372,enron:3909,enron,0,google/gemma-3-12b-it,zero,0
legitimate,244,3,1.265e-05,0.596,enron:538,enron,0,google/gemma-3-12b-it,zero,0
phishing,406,3,2.075e-05,1.175,enron:833,enron,0,google/gemma-3-12b-it,zero,1
legitimate,166,3,8.75e-06,5.985,enron:4448,enron,0,google/gemma-3-12b-it,zero,0
phishing,88,3,4.85e-06,0.522,enron:1420,enron,0,google/gemma-3-12b-it,zero,1
legitimate,467,3,2.38e-05,0.828,enron:1235,enron,0,google/gemma-3-12b-it,zero,0
legitimate,530,3,2.695e-05,2.389,enron:3892,enron,0,google/gemma-3-12b-it,zero,0
phishing,426,3,2.175e-05,0.57,enron:4232,enron,0,google/gemma-3-12b-it,zero,1
phishing,162,3,8.55e-06,1.618,enron:1212,enron,0,google/gemma-3-12b-it,zero,1
legitimate,213,3,1.11e-05,0.685,enron:3014,enron,0,google/gemma-3-12b-it,zero,0
legitimate,435,3,2.22e-05,1.251,enron:4789,enron,0,google/gemma-3-12b-it,zero,0
phishing,534,3,2.715e-05,1.932,enron:290,enron,0,google/gemma-3-12b-it,zero,1
phishing,217,3,1.13e-05,4.245,enron:2366,enron,0,google/gemma-3-12b-it,zero,1
phishing,125,3,6.7e-06,1.725,enron:1498,enron,0,google/gemma-3-12b-it,zero,1
phishing,324,3,1.665e-05,1.261,enron:1831,enron,0,google/gemma-3-12b-it,zero,1
phishing,462,3,2.355e-05,1.03,enron:1047,enron,0,google/gemma-3-12b-it,zero,1
phishing,509,3,2.59e-05,0.964,enron:1437,enron,0,google/gemma-3-12b-it,zero,1
phishing,204,3,1.065e-05,1.014,enron:4517,enron,0,google/gemma-3-12b-it,zero,1
phishing,102,3,5.55e-06,0.963,enron:3867,enron,0,google/gemma-3-12b-it,zero,1
legitimate,126,3,6.75e-06,1.376,enron:167,enron,0,google/gemma-3-12b-it,zero,0
legitimate,168,3,8.85e-06,0.605,enron:5162,enron,0,google/gemma-3-12b-it,zero,0
legitimate,527,3,2.68e-05,1.075,enron:3820,enron,0,google/gemma-3-12b-it,zero,0
phishing,233,3,1.21e-05,0.923,enron:1545,enron,0,google/gemma-3-12b-it,zero,1
legitimate,410,3,2.095e-05,1.04,enron:5140,enron,0,google/gemma-3-12b-it,zero,0
phishing,292,3,1.505e-05,0.776,enron:239,enron,0,google/gemma-3-12b-it,zero,1
legitimate,441,3,2.25e-05,0.777,enron:5101,enron,0,google/gemma-3-12b-it,zero,0
legitimate,311,3,1.6e-05,0.989,enron:2688,enron,0,google/gemma-3-12b-it,zero,0
legitimate,516,3,2.625e-05,4.383,enron:471,enron,0,google/gemma-3-12b-it,zero,0
legitimate,249,3,1.29e-05,0.738,enron:4269,enron,0,google/gemma-3-12b-it,zero,0
legitimate,397,3,2.03e-05,0.803,enron:3949,enron,0,google/gemma-3-12b-it,zero,0
phishing,68,3,3.85e-06,2.243,enron:4947,enron,0,google/gemma-3-12b-it,zero,1
phishing,64,3,3.65e-06,1.256,enron:1894,enron,0,google/gemma-3-12b-it,zero,1
legitimate,297,3,1.53e-05,1.378,enron:4447,enron,0,google/gemma-3-12b-it,zero,0
phishing,226,3,1.175e-05,1.248,enron:2519,enron,0,google/gemma-3-12b-it,zero,1
phishing,416,3,2.125e-05,0.934,enron:3733,enron,0,google/gemma-3-12b-it,zero,1
legitimate,335,3,1.72e-05,0.563,enron:4019,enron,0,google/gemma-3-12b-it,zero,0
legitimate,351,3,1.8e-05,1.316,enron:346,enron,0,google/gemma-3-12b-it,zero,0
phishing,397,3,2.03e-05,1.946,enron:3649,enron,0,google/gemma-3-12b-it,zero,1
legitimate,317,3,1.63e-05,1.738,enron:1055,enron,0,google/gemma-3-12b-it,zero,0
phishing,119,3,6.4e-06,2.257,enron:4309,enron,0,google/gemma-3-12b-it,zero,1
legitimate,143,3,7.6e-06,1.184,enron:4183,enron,0,google/gemma-3-12b-it,zero,0
legitimate,541,3,2.75e-05,1.886,enron:842,enron,0,google/gemma-3-12b-it,zero,0
phishing,247,3,1.28e-05,1.937,enron:5274,enron,0,google/gemma-3-12b-it,zero,1
phishing,256,3,1.325e-05,1.126,enron:4401,enron,0,google/gemma-3-12b-it,zero,1
phishing,490,3,2.495e-05,1.645,enron:4635,enron,0,google/gemma-3-12b-it,zero,1
legitimate,203,3,1.06e-05,0.679,enron:4881,enron,0,google/gemma-3-12b-it,zero,0
phishing,273,3,1.41e-05,0.847,enron:3670,enron,0,google/gemma-3-12b-it,zero,1
phishing,560,3,2.845e-05,1.637,enron:1090,enron,0,google/gemma-3-12b-it,zero,1
phishing,263,3,1.36e-05,1.94,enron:3464,enron,0,google/gemma-3-12b-it,zero,1
phishing,308,3,1.585e-05,4.354,enron:2952,enron,0,google/gemma-3-12b-it,zero,1
legitimate,373,3,1.91e-05,1.212,enron:2594,enron,0,google/gemma-3-12b-it,zero,0
phishing,207,3,1.08e-05,1.061,enron:4546,enron,0,google/gemma-3-12b-it,zero,1
legitimate,371,3,1.9e-05,0.67,enron:2813,enron,0,google/gemma-3-12b-it,zero,0
legitimate,127,3,6.8e-06,0.66,enron:2801,enron,0,google/gemma-3-12b-it,zero,0
phishing,93,3,5.1e-06,0.918,enron:4803,enron,0,google/gemma-3-12b-it,zero,1
phishing,91,3,5e-06,0.743,enron:1580,enron,0,google/gemma-3-12b-it,zero,1
phishing,104,3,5.65e-06,4.452,kaggle:9136,kaggle,1,google/gemma-3-12b-it,zero,1
phishing,365,3,1.87e-05,4.371,kaggle:9695,kaggle,1,google/gemma-3-12b-it,zero,1
phishing,182,3,9.55e-06,1.046,kaggle:9294,kaggle,1,google/gemma-3-12b-it,zero,1
phishing,86,3,4.75e-06,1.281,kaggle:9570,kaggle,1,google/gemma-3-12b-it,zero,1
phishing,163,3,8.6e-06,0.971,kaggle:6656,kaggle,1,google/gemma-3-12b-it,zero,1
phishing,183,3,9.6e-06,1.644,kaggle:6539,kaggle,1,google/gemma-3-12b-it,zero,1
phishing,121,3,6.5e-06,0.732,kaggle:6448,kaggle,1,google/gemma-3-12b-it,zero,1
phishing,300,3,1.545e-05,0.702,kaggle:8693,kaggle,1,google/gemma-3-12b-it,zero,1
phishing,215,3,1.12e-05,1.127,kaggle:7893,kaggle,1,google/gemma-3-12b-it,zero,1
phishing,324,3,1.665e-05,0.621,kaggle:6708,kaggle,1,google/gemma-3-12b-it,zero,1
phishing,111,3,6e-06,0.675,kaggle:8023,kaggle,1,google/gemma-3-12b-it,zero,1
phishing,452,3,2.305e-05,1.123,kaggle:8387,kaggle,1,google/gemma-3-12b-it,zero,1
phishing,384,3,1.965e-05,1.175,kaggle:6389,kaggle,1,google/gemma-3-12b-it,zero,1
phishing,470,3,2.395e-05,0.859,kaggle:7491,kaggle,1,google/gemma-3-12b-it,zero,1
phishing,227,3,1.18e-05,2.631,kaggle:7922,kaggle,1,google/gemma-3-12b-it,zero,1
phishing,113,3,6.1e-06,0.711,kaggle:8322,kaggle,1,google/gemma-3-12b-it,zero,1
phishing,151,3,8e-06,0.759,kaggle:9838,kaggle,1,google/gemma-3-12b-it,zero,1
phishing,170,3,8.95e-06,2.798,kaggle:8955,kaggle,1,google/gemma-3-12b-it,zero,1
phishing,206,3,1.075e-05,1.692,kaggle:9889,kaggle,1,google/gemma-3-12b-it,zero,1
phishing,331,3,1.7e-05,1.545,kaggle:7963,kaggle,1,google/gemma-3-12b-it,zero,1
phishing,444,3,2.265e-05,0.805,kaggle:9455,kaggle,1,google/gemma-3-12b-it,zero,1
phishing,147,3,7.8e-06,2.446,kaggle:7383,kaggle,1,google/gemma-3-12b-it,zero,1
phishing,296,3,1.525e-05,0.723,kaggle:7087,kaggle,1,google/gemma-3-12b-it,zero,1
phishing,186,3,9.75e-06,1.598,kaggle:7360,kaggle,1,google/gemma-3-12b-it,zero,1
phishing,392,3,2.005e-05,1.072,kaggle:9740,kaggle,1,google/gemma-3-12b-it,zero,1
phishing,172,3,9.05e-06,1.553,kaggle:9469,kaggle,1,google/gemma-3-12b-it,zero,1
phishing,344,3,1.765e-05,0.693,kaggle:6453,kaggle,1,google/gemma-3-12b-it,zero,1
phishing,362,3,1.855e-05,0.971,kaggle:6620,kaggle,1,google/gemma-3-12b-it,zero,1
phishing,117,3,6.3e-06,0.8,kaggle:8083,kaggle,1,google/gemma-3-12b-it,zero,1
phishing,278,3,1.435e-05,2.169,kaggle:6465,kaggle,1,google/gemma-3-12b-it,zero,1
phishing,397,3,2.03e-05,1.139,kaggle:8384,kaggle,1,google/gemma-3-12b-it,zero,1
phishing,137,3,7.3e-06,0.724,kaggle:9231,kaggle,1,google/gemma-3-12b-it,zero,1
phishing,141,3,7.5e-06,1.566,kaggle:8745,kaggle,1,google/gemma-3-12b-it,zero,1
phishing,416,3,2.125e-05,1.189,kaggle:8550,kaggle,1,google/gemma-3-12b-it,zero,1
phishing,393,3,2.01e-05,1.108,kaggle:7681,kaggle,1,google/gemma-3-12b-it,zero,1
phishing,303,3,1.56e-05,0.924,kaggle:7957,kaggle,1,google/gemma-3-12b-it,zero,1
phishing,525,3,2.67e-05,1.526,kaggle:9159,kaggle,1,google/gemma-3-12b-it,zero,1
phishing,63,3,3.6e-06,0.771,kaggle:6701,kaggle,1,google/gemma-3-12b-it,zero,1
phishing,312,3,1.605e-05,0.765,kaggle:8619,kaggle,1,google/gemma-3-12b-it,zero,1
phishing,108,3,5.85e-06,1.485,kaggle:6683,kaggle,1,google/gemma-3-12b-it,zero,1
phishing,264,3,1.365e-05,1.262,kaggle:9842,kaggle,1,google/gemma-3-12b-it,zero,1
phishing,453,3,2.31e-05,0.587,kaggle:8978,kaggle,1,google/gemma-3-12b-it,zero,1
phishing,290,3,1.495e-05,0.552,kaggle:9243,kaggle,1,google/gemma-3-12b-it,zero,1
phishing,399,3,2.04e-05,1.215,kaggle:7589,kaggle,1,google/gemma-3-12b-it,zero,1
phishing,170,3,8.95e-06,0.736,kaggle:9575,kaggle,1,google/gemma-3-12b-it,zero,1
phishing,408,3,2.085e-05,0.945,kaggle:7605,kaggle,1,google/gemma-3-12b-it,zero,1
phishing,247,3,1.28e-05,0.742,kaggle:9375,kaggle,1,google/gemma-3-12b-it,zero,1
phishing,412,3,2.105e-05,2.011,kaggle:7045,kaggle,1,google/gemma-3-12b-it,zero,1
spam,189,2,9.75e-06,1.56,kaggle:9258,kaggle,1,google/gemma-3-12b-it,zero,1
spam,109,2,5.75e-06,0.813,kaggle:7786,kaggle,1,google/gemma-3-12b-it,zero,1
phishing,362,3,1.855e-05,1.254,kaggle:8057,kaggle,1,google/gemma-3-12b-it,zero,1
phishing,424,3,2.165e-05,0.818,kaggle:6578,kaggle,1,google/gemma-3-12b-it,zero,1
phishing,342,3,1.755e-05,1.428,kaggle:6823,kaggle,1,google/gemma-3-12b-it,zero,1
spam,99,2,5.25e-06,1.199,kaggle:6301,kaggle,1,google/gemma-3-12b-it,zero,1
phishing,123,3,6.6e-06,1.507,kaggle:7819,kaggle,1,google/gemma-3-12b-it,zero,1
phishing,267,3,1.38e-05,0.663,kaggle:8336,kaggle,1,google/gemma-3-12b-it,zero,1
phishing,392,3,2.005e-05,2.752,kaggle:8728,kaggle,1,google/gemma-3-12b-it,zero,1
phishing,134,3,7.15e-06,0.918,kaggle:8060,kaggle,1,google/gemma-3-12b-it,zero,1
phishing,113,3,6.1e-06,0.956,kaggle:7363,kaggle,1,google/gemma-3-12b-it,zero,1
phishing,227,3,1.18e-05,1.15,kaggle:6362,kaggle,1,google/gemma-3-12b-it,zero,1
phishing,447,3,2.28e-05,1.311,kaggle:8418,kaggle,1,google/gemma-3-12b-it,zero,1
phishing,285,3,1.47e-05,1.428,kaggle:9716,kaggle,1,google/gemma-3-12b-it,zero,1
legitimate,372,3,1.905e-05,1.534,kaggle:6283,kaggle,1,google/gemma-3-12b-it,zero,0
phishing,624,3,3.165e-05,0.623,kaggle:9372,kaggle,1,google/gemma-3-12b-it,zero,1
phishing,329,3,1.69e-05,1.319,kaggle:8852,kaggle,1,google/gemma-3-12b-it,zero,1
phishing,348,3,1.785e-05,1.857,kaggle:8823,kaggle,1,google/gemma-3-12b-it,zero,1
phishing,147,3,7.8e-06,1.081,kaggle:8956,kaggle,1,google/gemma-3-12b-it,zero,1
phishing,581,3,2.95e-05,0.956,kaggle:7340,kaggle,1,google/gemma-3-12b-it,zero,1
phishing,198,3,1.035e-05,2.156,kaggle:7415,kaggle,1,google/gemma-3-12b-it,zero,1
phishing,176,3,9.25e-06,0.843,kaggle:9515,kaggle,1,google/gemma-3-12b-it,zero,1
phishing,406,3,2.075e-05,1.716,kaggle:6926,kaggle,1,google/gemma-3-12b-it,zero,1
phishing,160,3,8.45e-06,0.547,kaggle:7469,kaggle,1,google/gemma-3-12b-it,zero,1
phishing,431,3,2.2e-05,2.703,kaggle:9609,kaggle,1,google/gemma-3-12b-it,zero,1
phishing,246,3,1.275e-05,0.571,kaggle:8383,kaggle,1,google/gemma-3-12b-it,zero,1
phishing,458,3,2.335e-05,0.74,kaggle:8698,kaggle,1,google/gemma-3-12b-it,zero,1
phishing,164,3,8.65e-06,1.506,kaggle:8952,kaggle,1,google/gemma-3-12b-it,zero,1
phishing,447,3,2.28e-05,1.297,kaggle:6662,kaggle,1,google/gemma-3-12b-it,zero,1
phishing,172,3,9.05e-06,0.605,kaggle:7344,kaggle,1,google/gemma-3-12b-it,zero,1
phishing,336,3,1.725e-05,0.789,kaggle:8513,kaggle,1,google/gemma-3-12b-it,zero,1
phishing,124,3,6.65e-06,0.922,kaggle:8047,kaggle,1,google/gemma-3-12b-it,zero,1
phishing,190,3,9.95e-06,1.047,kaggle:7403,kaggle,1,google/gemma-3-12b-it,zero,1
phishing,377,3,1.93e-05,0.874,kaggle:7098,kaggle,1,google/gemma-3-12b-it,zero,1
spam,384,2,1.95e-05,0.883,kaggle:8977,kaggle,1,google/gemma-3-12b-it,zero,1
phishing,397,3,2.03e-05,0.701,kaggle:7990,kaggle,1,google/gemma-3-12b-it,zero,1
phishing,230,3,1.195e-05,1.243,kaggle:8765,kaggle,1,google/gemma-3-12b-it,zero,1
phishing,416,3,2.125e-05,1.33,kaggle:7664,kaggle,1,google/gemma-3-12b-it,zero,1
phishing,347,3,1.78e-05,0.801,kaggle:7325,kaggle,1,google/gemma-3-12b-it,zero,1
phishing,212,3,1.105e-05,0.857,kaggle:6480,kaggle,1,google/gemma-3-12b-it,zero,1
phishing,106,3,5.75e-06,1.84,kaggle:8416,kaggle,1,google/gemma-3-12b-it,zero,1
phishing,374,3,1.915e-05,1.479,kaggle:7245,kaggle,1,google/gemma-3-12b-it,zero,1
phishing,421,3,2.15e-05,0.619,kaggle:8722,kaggle,1,google/gemma-3-12b-it,zero,1
phishing,346,3,1.775e-05,0.602,kaggle:8446,kaggle,1,google/gemma-3-12b-it,zero,1
phishing,206,3,1.075e-05,0.716,kaggle:7140,kaggle,1,google/gemma-3-12b-it,zero,1
phishing,430,3,2.195e-05,1.198,kaggle:9891,kaggle,1,google/gemma-3-12b-it,zero,1
phishing,314,3,1.615e-05,0.886,kaggle:9667,kaggle,1,google/gemma-3-12b-it,zero,1
phishing,508,3,2.585e-05,0.642,kaggle:6719,kaggle,1,google/gemma-3-12b-it,zero,1
phishing,117,3,6.3e-06,0.703,kaggle:8963,kaggle,1,google/gemma-3-12b-it,zero,1
phishing,374,3,1.915e-05,2.348,kaggle:7694,kaggle,1,google/gemma-3-12b-it,zero,1
phishing,156,3,8.25e-06,0.61,kaggle:9060,kaggle,1,google/gemma-3-12b-it,zero,1
phishing,188,3,9.85e-06,0.578,kaggle:6684,kaggle,1,google/gemma-3-12b-it,zero,1
phishing,454,3,2.315e-05,0.915,kaggle:8072,kaggle,1,google/gemma-3-12b-it,zero,1
phishing,334,3,1.715e-05,1.178,kaggle:8113,kaggle,1,google/gemma-3-12b-it,zero,1
phishing,374,3,1.915e-05,0.768,kaggle:8452,kaggle,1,google/gemma-3-12b-it,zero,1
phishing,259,3,1.34e-05,0.685,kaggle:6378,kaggle,1,google/gemma-3-12b-it,zero,1
phishing,155,3,8.2e-06,1.399,kaggle:8920,kaggle,1,google/gemma-3-12b-it,zero,1
phishing,300,3,1.545e-05,1.487,kaggle:7233,kaggle,1,google/gemma-3-12b-it,zero,1
phishing,204,3,1.065e-05,0.691,kaggle:8052,kaggle,1,google/gemma-3-12b-it,zero,1
phishing,388,3,1.985e-05,0.552,kaggle:8907,kaggle,1,google/gemma-3-12b-it,zero,1
phishing,191,3,1e-05,1.123,kaggle:6730,kaggle,1,google/gemma-3-12b-it,zero,1
phishing,386,3,1.975e-05,0.565,kaggle:6594,kaggle,1,google/gemma-3-12b-it,zero,1
phishing,352,3,1.805e-05,0.697,kaggle:6320,kaggle,1,google/gemma-3-12b-it,zero,1
phishing,168,3,8.85e-06,1.421,kaggle:8128,kaggle,1,google/gemma-3-12b-it,zero,1
phishing,381,3,1.95e-05,1.132,kaggle:8280,kaggle,1,google/gemma-3-12b-it,zero,1
phishing,227,3,1.18e-05,0.603,kaggle:9156,kaggle,1,google/gemma-3-12b-it,zero,1
phishing,333,3,1.71e-05,0.965,kaggle:7771,kaggle,1,google/gemma-3-12b-it,zero,1
phishing,236,3,1.225e-05,0.974,kaggle:9232,kaggle,1,google/gemma-3-12b-it,zero,1
phishing,393,3,2.01e-05,0.918,kaggle:9957,kaggle,1,google/gemma-3-12b-it,zero,1
phishing,194,3,1.015e-05,0.852,kaggle:7074,kaggle,1,google/gemma-3-12b-it,zero,1
phishing,411,3,2.1e-05,1.0,kaggle:6509,kaggle,1,google/gemma-3-12b-it,zero,1
legitimate,348,3,1.785e-05,1.972,kaggle:7079,kaggle,1,google/gemma-3-12b-it,zero,0
phishing,630,3,3.195e-05,0.804,kaggle:8716,kaggle,1,google/gemma-3-12b-it,zero,1
phishing,247,3,1.28e-05,1.594,kaggle:9859,kaggle,1,google/gemma-3-12b-it,zero,1
spam,287,2,1.465e-05,0.863,kaggle:6863,kaggle,1,google/gemma-3-12b-it,zero,1
spam,440,2,2.23e-05,0.919,kaggle:8362,kaggle,1,google/gemma-3-12b-it,zero,1
phishing,66,3,3.75e-06,1.328,kaggle:9760,kaggle,1,google/gemma-3-12b-it,zero,1
phishing,399,3,2.04e-05,4.282,kaggle:9678,kaggle,1,google/gemma-3-12b-it,zero,1
phishing,109,3,5.9e-06,2.053,kaggle:6321,kaggle,1,google/gemma-3-12b-it,zero,1
phishing,382,3,1.955e-05,1.522,kaggle:9345,kaggle,1,google/gemma-3-12b-it,zero,1
phishing,464,3,2.365e-05,0.595,kaggle:6295,kaggle,1,google/gemma-3-12b-it,zero,1
phishing,204,3,1.065e-05,1.629,kaggle:8100,kaggle,1,google/gemma-3-12b-it,zero,1
phishing,240,3,1.245e-05,0.544,kaggle:8285,kaggle,1,google/gemma-3-12b-it,zero,1
phishing,159,3,8.4e-06,1.494,kaggle:7971,kaggle,1,google/gemma-3-12b-it,zero,1
phishing,113,3,6.1e-06,0.667,kaggle:6498,kaggle,1,google/gemma-3-12b-it,zero,1
legitimate,399,3,2.04e-05,1.128,kaggle:3158,kaggle,0,google/gemma-3-12b-it,zero,0
legitimate,161,3,8.5e-06,2.083,kaggle:5916,kaggle,0,google/gemma-3-12b-it,zero,0
legitimate,338,3,1.735e-05,1.527,kaggle:5533,kaggle,0,google/gemma-3-12b-it,zero,0
legitimate,160,3,8.45e-06,0.814,kaggle:2521,kaggle,0,google/gemma-3-12b-it,zero,0
legitimate,474,3,2.415e-05,1.433,kaggle:6215,kaggle,0,google/gemma-3-12b-it,zero,0
legitimate,321,3,1.65e-05,1.589,kaggle:1181,kaggle,0,google/gemma-3-12b-it,zero,0
legitimate,466,3,2.375e-05,0.767,kaggle:5849,kaggle,0,google/gemma-3-12b-it,zero,0
legitimate,428,3,2.185e-05,1.424,kaggle:3548,kaggle,0,google/gemma-3-12b-it,zero,0
legitimate,201,3,1.05e-05,1.535,kaggle:2771,kaggle,0,google/gemma-3-12b-it,zero,0
spam,148,2,7.7e-06,0.92,kaggle:4477,kaggle,0,google/gemma-3-12b-it,zero,1
phishing,219,3,1.14e-05,0.621,kaggle:2042,kaggle,0,google/gemma-3-12b-it,zero,1
legitimate,273,3,1.41e-05,1.453,kaggle:611,kaggle,0,google/gemma-3-12b-it,zero,0
legitimate,481,3,2.45e-05,1.151,kaggle:2543,kaggle,0,google/gemma-3-12b-it,zero,0
legitimate,227,3,1.18e-05,1.55,kaggle:432,kaggle,0,google/gemma-3-12b-it,zero,0
legitimate,345,3,1.77e-05,2.164,kaggle:476,kaggle,0,google/gemma-3-12b-it,zero,0
phishing,70,3,3.95e-06,0.688,kaggle:511,kaggle,0,google/gemma-3-12b-it,zero,1
phishing,100,3,5.45e-06,0.891,kaggle:3220,kaggle,0,google/gemma-3-12b-it,zero,1
legitimate,396,3,2.025e-05,0.634,kaggle:2166,kaggle,0,google/gemma-3-12b-it,zero,0
legitimate,570,3,2.895e-05,0.853,kaggle:535,kaggle,0,google/gemma-3-12b-it,zero,0
legitimate,124,3,6.65e-06,0.713,kaggle:1620,kaggle,0,google/gemma-3-12b-it,zero,0
phishing,78,3,4.35e-06,1.655,kaggle:2154,kaggle,0,google/gemma-3-12b-it,zero,1
phishing,403,3,2.06e-05,1.104,kaggle:401,kaggle,0,google/gemma-3-12b-it,zero,1
legitimate,378,3,1.935e-05,1.87,kaggle:4808,kaggle,0,google/gemma-3-12b-it,zero,0
legitimate,252,3,1.305e-05,0.651,kaggle:23,kaggle,0,google/gemma-3-12b-it,zero,0
spam,90,2,4.8e-06,0.84,kaggle:1874,kaggle,0,google/gemma-3-12b-it,zero,1
legitimate,239,3,1.24e-05,0.696,kaggle:1223,kaggle,0,google/gemma-3-12b-it,zero,0
legitimate,192,3,1.005e-05,0.772,kaggle:6179,kaggle,0,google/gemma-3-12b-it,zero,0
legitimate,250,3,1.295e-05,0.859,kaggle:3163,kaggle,0,google/gemma-3-12b-it,zero,0
phishing,202,3,1.055e-05,0.893,kaggle:1188,kaggle,0,google/gemma-3-12b-it,zero,1
legitimate,424,3,2.165e-05,0.582,kaggle:1426,kaggle,0,google/gemma-3-12b-it,zero,0
phishing,249,3,1.29e-05,1.524,kaggle:1557,kaggle,0,google/gemma-3-12b-it,zero,1
phishing,89,3,4.9e-06,0.561,kaggle:622,kaggle,0,google/gemma-3-12b-it,zero,1
legitimate,167,3,8.8e-06,0.707,kaggle:3708,kaggle,0,google/gemma-3-12b-it,zero,0
legitimate,325,3,1.67e-05,1.152,kaggle:5804,kaggle,0,google/gemma-3-12b-it,zero,0
legitimate,166,3,8.75e-06,1.097,kaggle:1740,kaggle,0,google/gemma-3-12b-it,zero,0
legitimate,190,3,9.95e-06,0.696,kaggle:1805,kaggle,0,google/gemma-3-12b-it,zero,0
legitimate,589,3,2.99e-05,2.707,kaggle:208,kaggle,0,google/gemma-3-12b-it,zero,0
legitimate,253,3,1.31e-05,0.591,kaggle:5913,kaggle,0,google/gemma-3-12b-it,zero,0
phishing,90,3,4.95e-06,1.477,kaggle:2988,kaggle,0,google/gemma-3-12b-it,zero,1
legitimate,450,3,2.295e-05,1.213,kaggle:6157,kaggle,0,google/gemma-3-12b-it,zero,0
legitimate,398,3,2.035e-05,1.712,kaggle:230,kaggle,0,google/gemma-3-12b-it,zero,0
legitimate,301,3,1.55e-05,1.021,kaggle:2226,kaggle,0,google/gemma-3-12b-it,zero,0
phishing,443,3,2.26e-05,0.773,kaggle:3089,kaggle,0,google/gemma-3-12b-it,zero,1
legitimate,472,3,2.405e-05,1.483,kaggle:4513,kaggle,0,google/gemma-3-12b-it,zero,0
legitimate,188,3,9.85e-06,1.223,kaggle:1315,kaggle,0,google/gemma-3-12b-it,zero,0
phishing,79,3,4.4e-06,1.076,kaggle:5790,kaggle,0,google/gemma-3-12b-it,zero,1
legitimate,144,3,7.65e-06,1.196,kaggle:2306,kaggle,0,google/gemma-3-12b-it,zero,0
legitimate,266,3,1.375e-05,6.691,kaggle:1488,kaggle,0,google/gemma-3-12b-it,zero,0
phishing,383,3,1.96e-05,1.627,kaggle:3045,kaggle,0,google/gemma-3-12b-it,zero,1
legitimate,214,3,1.115e-05,0.832,kaggle:1926,kaggle,0,google/gemma-3-12b-it,zero,0
phishing,332,3,1.705e-05,0.899,kaggle:3203,kaggle,0,google/gemma-3-12b-it,zero,1
legitimate,184,3,9.65e-06,0.573,kaggle:5659,kaggle,0,google/gemma-3-12b-it,zero,0
legitimate,349,3,1.79e-05,0.749,kaggle:2821,kaggle,0,google/gemma-3-12b-it,zero,0
legitimate,507,3,2.58e-05,2.029,kaggle:4385,kaggle,0,google/gemma-3-12b-it,zero,0
phishing,303,3,1.56e-05,0.575,kaggle:3018,kaggle,0,google/gemma-3-12b-it,zero,1
legitimate,770,3,3.895e-05,4.61,kaggle:4810,kaggle,0,google/gemma-3-12b-it,zero,0
legitimate,346,3,1.775e-05,2.712,kaggle:1902,kaggle,0,google/gemma-3-12b-it,zero,0
legitimate,321,3,1.65e-05,1.162,kaggle:4464,kaggle,0,google/gemma-3-12b-it,zero,0
legitimate,513,3,2.61e-05,0.948,kaggle:3560,kaggle,0,google/gemma-3-12b-it,zero,0
phishing,118,3,6.35e-06,3.659,kaggle:5899,kaggle,0,google/gemma-3-12b-it,zero,1
phishing,388,3,1.985e-05,1.611,kaggle:2344,kaggle,0,google/gemma-3-12b-it,zero,1
legitimate,236,3,1.225e-05,1.818,kaggle:538,kaggle,0,google/gemma-3-12b-it,zero,0
phishing,303,3,1.56e-05,0.588,kaggle:3413,kaggle,0,google/gemma-3-12b-it,zero,1
phishing,135,3,7.2e-06,0.621,kaggle:2002,kaggle,0,google/gemma-3-12b-it,zero,1
phishing,461,3,2.35e-05,0.999,kaggle:4715,kaggle,0,google/gemma-3-12b-it,zero,1
legitimate,384,3,1.965e-05,1.535,kaggle:6047,kaggle,0,google/gemma-3-12b-it,zero,0
spam,428,2,2.17e-05,0.543,kaggle:1919,kaggle,0,google/gemma-3-12b-it,zero,1
legitimate,442,3,2.255e-05,1.056,kaggle:5494,kaggle,0,google/gemma-3-12b-it,zero,0
legitimate,354,3,1.815e-05,0.668,kaggle:1039,kaggle,0,google/gemma-3-12b-it,zero,0
legitimate,166,3,8.75e-06,0.63,kaggle:2611,kaggle,0,google/gemma-3-12b-it,zero,0
phishing,149,3,7.9e-06,1.405,kaggle:6165,kaggle,0,google/gemma-3-12b-it,zero,1
legitimate,386,3,1.975e-05,1.125,kaggle:1718,kaggle,0,google/gemma-3-12b-it,zero,0
phishing,103,3,5.6e-06,0.919,kaggle:3896,kaggle,0,google/gemma-3-12b-it,zero,1
phishing,366,3,1.875e-05,1.394,kaggle:3547,kaggle,0,google/gemma-3-12b-it,zero,1
legitimate,476,3,2.425e-05,1.05,kaggle:1859,kaggle,0,google/gemma-3-12b-it,zero,0
legitimate,299,3,1.54e-05,0.973,kaggle:324,kaggle,0,google/gemma-3-12b-it,zero,0
legitimate,440,3,2.245e-05,0.54,kaggle:3841,kaggle,0,google/gemma-3-12b-it,zero,0
legitimate,437,3,2.23e-05,0.566,kaggle:5856,kaggle,0,google/gemma-3-12b-it,zero,0
legitimate,519,3,2.64e-05,0.856,kaggle:132,kaggle,0,google/gemma-3-12b-it,zero,0
spam,238,2,1.22e-05,0.47,kaggle:3169,kaggle,0,google/gemma-3-12b-it,zero,1
phishing,388,3,1.985e-05,0.598,kaggle:1057,kaggle,0,google/gemma-3-12b-it,zero,1
phishing,473,3,2.41e-05,1.682,kaggle:4461,kaggle,0,google/gemma-3-12b-it,zero,1
legitimate,484,3,2.465e-05,0.761,kaggle:812,kaggle,0,google/gemma-3-12b-it,zero,0
phishing,167,3,8.8e-06,1.505,kaggle:3618,kaggle,0,google/gemma-3-12b-it,zero,1
legitimate,378,3,1.935e-05,0.531,kaggle:3076,kaggle,0,google/gemma-3-12b-it,zero,0
phishing,521,3,2.65e-05,0.976,kaggle:1881,kaggle,0,google/gemma-3-12b-it,zero,1
phishing,131,3,7e-06,1.174,kaggle:5825,kaggle,0,google/gemma-3-12b-it,zero,1
legitimate,491,3,2.5e-05,1.016,kaggle:1869,kaggle,0,google/gemma-3-12b-it,zero,0
phishing,241,3,1.25e-05,1.22,kaggle:4095,kaggle,0,google/gemma-3-12b-it,zero,1
legitimate,135,3,7.2e-06,1.306,kaggle:318,kaggle,0,google/gemma-3-12b-it,zero,0
phishing,80,3,4.45e-06,0.954,kaggle:80,kaggle,0,google/gemma-3-12b-it,zero,1
legitimate,410,3,2.095e-05,0.554,kaggle:5943,kaggle,0,google/gemma-3-12b-it,zero,0
phishing,245,3,1.27e-05,0.679,kaggle:730,kaggle,0,google/gemma-3-12b-it,zero,1
spam,190,2,9.8e-06,0.601,kaggle:2828,kaggle,0,google/gemma-3-12b-it,zero,1
phishing,369,3,1.89e-05,1.875,kaggle:2812,kaggle,0,google/gemma-3-12b-it,zero,1
legitimate,554,3,2.815e-05,0.634,kaggle:3165,kaggle,0,google/gemma-3-12b-it,zero,0
legitimate,167,3,8.8e-06,0.697,kaggle:6072,kaggle,0,google/gemma-3-12b-it,zero,0
phishing,230,3,1.195e-05,1.841,kaggle:4280,kaggle,0,google/gemma-3-12b-it,zero,1
legitimate,392,3,2.005e-05,0.604,kaggle:4352,kaggle,0,google/gemma-3-12b-it,zero,0
legitimate,314,3,1.615e-05,1.297,kaggle:4279,kaggle,0,google/gemma-3-12b-it,zero,0
legitimate,457,3,2.33e-05,0.601,kaggle:6023,kaggle,0,google/gemma-3-12b-it,zero,0
legitimate,461,3,2.35e-05,0.618,kaggle:1047,kaggle,0,google/gemma-3-12b-it,zero,0
legitimate,398,3,2.035e-05,1.24,kaggle:2815,kaggle,0,google/gemma-3-12b-it,zero,0
legitimate,470,3,2.395e-05,0.554,kaggle:706,kaggle,0,google/gemma-3-12b-it,zero,0
legitimate,158,3,8.35e-06,1.198,kaggle:4537,kaggle,0,google/gemma-3-12b-it,zero,0
legitimate,279,3,1.44e-05,2.563,kaggle:2298,kaggle,0,google/gemma-3-12b-it,zero,0
legitimate,505,3,2.57e-05,5.714,kaggle:3801,kaggle,0,google/gemma-3-12b-it,zero,0
legitimate,238,3,1.235e-05,0.926,kaggle:4623,kaggle,0,google/gemma-3-12b-it,zero,0
legitimate,378,3,1.935e-05,0.615,kaggle:6038,kaggle,0,google/gemma-3-12b-it,zero,0
phishing,109,3,5.9e-06,0.705,kaggle:3063,kaggle,0,google/gemma-3-12b-it,zero,1
legitimate,131,3,7e-06,0.762,kaggle:6137,kaggle,0,google/gemma-3-12b-it,zero,0
legitimate,364,3,1.865e-05,1.269,kaggle:3886,kaggle,0,google/gemma-3-12b-it,zero,0
legitimate,362,3,1.855e-05,0.524,kaggle:5745,kaggle,0,google/gemma-3-12b-it,zero,0
legitimate,417,3,2.13e-05,0.885,kaggle:893,kaggle,0,google/gemma-3-12b-it,zero,0
legitimate,325,3,1.67e-05,0.618,kaggle:534,kaggle,0,google/gemma-3-12b-it,zero,0
legitimate,184,3,9.65e-06,0.682,kaggle:5869,kaggle,0,google/gemma-3-12b-it,zero,0
phishing,514,3,2.615e-05,0.847,kaggle:2412,kaggle,0,google/gemma-3-12b-it,zero,1
phishing,265,3,1.37e-05,1.024,kaggle:5472,kaggle,0,google/gemma-3-12b-it,zero,1
phishing,143,3,7.6e-06,2.787,kaggle:4410,kaggle,0,google/gemma-3-12b-it,zero,1
phishing,119,3,6.4e-06,0.817,kaggle:4770,kaggle,0,google/gemma-3-12b-it,zero,1
phishing,102,3,5.55e-06,0.532,kaggle:800,kaggle,0,google/gemma-3-12b-it,zero,1
legitimate,436,3,2.225e-05,0.845,kaggle:3405,kaggle,0,google/gemma-3-12b-it,zero,0
legitimate,343,3,1.76e-05,1.007,kaggle:5389,kaggle,0,google/gemma-3-12b-it,zero,0
spam,85,2,4.55e-06,2.129,kaggle:4224,kaggle,0,google/gemma-3-12b-it,zero,1
phishing,347,3,1.78e-05,2.023,kaggle:683,kaggle,0,google/gemma-3-12b-it,zero,1
legitimate,511,3,2.6e-05,2.523,kaggle:1669,kaggle,0,google/gemma-3-12b-it,zero,0
legitimate,389,3,1.99e-05,1.117,kaggle:5993,kaggle,0,google/gemma-3-12b-it,zero,0
phishing,447,3,2.28e-05,1.196,kaggle:88,kaggle,0,google/gemma-3-12b-it,zero,1
spam,389,2,1.975e-05,0.605,kaggle:736,kaggle,0,google/gemma-3-12b-it,zero,1
legitimate,404,3,2.065e-05,2.449,kaggle:3125,kaggle,0,google/gemma-3-12b-it,zero,0
phishing,109,3,5.9e-06,2.148,kaggle:6085,kaggle,0,google/gemma-3-12b-it,zero,1
phishing,142,3,7.55e-06,0.819,kaggle:3617,kaggle,0,google/gemma-3-12b-it,zero,1
legitimate,99,3,5.4e-06,1.958,kaggle:3334,kaggle,0,google/gemma-3-12b-it,zero,0
legitimate,328,3,1.685e-05,0.734,kaggle:2882,kaggle,0,google/gemma-3-12b-it,zero,0
phishing,112,3,6.05e-06,0.954,kaggle:3891,kaggle,0,google/gemma-3-12b-it,zero,1
legitimate,392,3,2.005e-05,4.116,kaggle:506,kaggle,0,google/gemma-3-12b-it,zero,0
phishing,510,3,2.595e-05,1.293,kaggle:5141,kaggle,0,google/gemma-3-12b-it,zero,1
phishing,102,3,5.55e-06,0.695,nazario:1523,nazario,1,google/gemma-3-12b-it,zero,1
phishing,347,3,1.78e-05,2.13,nazario:270,nazario,1,google/gemma-3-12b-it,zero,1
phishing,107,3,5.8e-06,0.788,nazario:353,nazario,1,google/gemma-3-12b-it,zero,1
phishing,477,3,2.43e-05,0.585,nazario:354,nazario,1,google/gemma-3-12b-it,zero,1
phishing,138,3,7.35e-06,1.195,nazario:916,nazario,1,google/gemma-3-12b-it,zero,1
phishing,172,3,9.05e-06,0.956,nazario:240,nazario,1,google/gemma-3-12b-it,zero,1
phishing,255,3,1.32e-05,1.006,nazario:1372,nazario,1,google/gemma-3-12b-it,zero,1
phishing,291,3,1.5e-05,0.615,nazario:416,nazario,1,google/gemma-3-12b-it,zero,1
phishing,353,3,1.81e-05,0.871,nazario:1046,nazario,1,google/gemma-3-12b-it,zero,1
phishing,211,3,1.1e-05,0.818,nazario:1188,nazario,1,google/gemma-3-12b-it,zero,1
phishing,346,3,1.775e-05,1.829,nazario:351,nazario,1,google/gemma-3-12b-it,zero,1
phishing,527,3,2.68e-05,2.452,nazario:65,nazario,1,google/gemma-3-12b-it,zero,1
phishing,322,3,1.655e-05,0.655,nazario:1243,nazario,1,google/gemma-3-12b-it,zero,1
phishing,194,3,1.015e-05,0.502,nazario:30,nazario,1,google/gemma-3-12b-it,zero,1
phishing,142,3,7.55e-06,0.654,nazario:1265,nazario,1,google/gemma-3-12b-it,zero,1
phishing,116,3,6.25e-06,0.781,nazario:1316,nazario,1,google/gemma-3-12b-it,zero,1
phishing,313,3,1.61e-05,0.923,nazario:1504,nazario,1,google/gemma-3-12b-it,zero,1
phishing,170,3,8.95e-06,1.063,nazario:175,nazario,1,google/gemma-3-12b-it,zero,1
phishing,348,3,1.785e-05,1.597,nazario:985,nazario,1,google/gemma-3-12b-it,zero,1
phishing,333,3,1.71e-05,1.069,nazario:1359,nazario,1,google/gemma-3-12b-it,zero,1
phishing,350,3,1.795e-05,2.324,nazario:532,nazario,1,google/gemma-3-12b-it,zero,1
phishing,148,3,7.85e-06,0.599,nazario:1173,nazario,1,google/gemma-3-12b-it,zero,1
phishing,160,3,8.45e-06,0.743,nazario:1520,nazario,1,google/gemma-3-12b-it,zero,1
phishing,195,3,1.02e-05,0.538,nazario:438,nazario,1,google/gemma-3-12b-it,zero,1
phishing,387,3,1.98e-05,1.983,nazario:239,nazario,1,google/gemma-3-12b-it,zero,1
phishing,196,3,1.025e-05,1.084,nazario:765,nazario,1,google/gemma-3-12b-it,zero,1
phishing,314,3,1.615e-05,1.003,nazario:59,nazario,1,google/gemma-3-12b-it,zero,1
phishing,483,3,2.46e-05,1.213,nazario:405,nazario,1,google/gemma-3-12b-it,zero,1
phishing,211,3,1.1e-05,1.117,nazario:711,nazario,1,google/gemma-3-12b-it,zero,1
phishing,372,3,1.905e-05,0.61,nazario:478,nazario,1,google/gemma-3-12b-it,zero,1
phishing,365,3,1.87e-05,0.993,nazario:162,nazario,1,google/gemma-3-12b-it,zero,1
phishing,354,3,1.815e-05,0.656,nazario:888,nazario,1,google/gemma-3-12b-it,zero,1
phishing,167,3,8.8e-06,2.519,nazario:1542,nazario,1,google/gemma-3-12b-it,zero,1
phishing,356,3,1.825e-05,1.191,nazario:471,nazario,1,google/gemma-3-12b-it,zero,1
phishing,315,3,1.62e-05,1.484,nazario:1216,nazario,1,google/gemma-3-12b-it,zero,1
phishing,138,3,7.35e-06,0.585,nazario:380,nazario,1,google/gemma-3-12b-it,zero,1
phishing,186,3,9.75e-06,1.483,nazario:692,nazario,1,google/gemma-3-12b-it,zero,1
phishing,246,3,1.275e-05,4.691,nazario:1321,nazario,1,google/gemma-3-12b-it,zero,1
phishing,237,3,1.23e-05,1.331,nazario:339,nazario,1,google/gemma-3-12b-it,zero,1
phishing,354,3,1.815e-05,1.938,nazario:124,nazario,1,google/gemma-3-12b-it,zero,1
phishing,316,3,1.625e-05,0.733,nazario:275,nazario,1,google/gemma-3-12b-it,zero,1
phishing,719,3,3.64e-05,2.773,nazario:1144,nazario,1,google/gemma-3-12b-it,zero,1
phishing,171,3,9e-06,1.253,nazario:806,nazario,1,google/gemma-3-12b-it,zero,1
phishing,165,3,8.7e-06,2.044,nazario:1156,nazario,1,google/gemma-3-12b-it,zero,1
phishing,281,3,1.45e-05,1.994,nazario:672,nazario,1,google/gemma-3-12b-it,zero,1
phishing,75,4,4.35e-06,0.988,nazario:23,nazario,1,google/gemma-3-12b-it,zero,1
legitimate,355,3,1.82e-05,0.898,nazario:1189,nazario,1,google/gemma-3-12b-it,zero,0
phishing,468,3,2.385e-05,1.594,nazario:49,nazario,1,google/gemma-3-12b-it,zero,1
phishing,77,3,4.3e-06,0.588,nazario:824,nazario,1,google/gemma-3-12b-it,zero,1
phishing,122,3,6.55e-06,0.922,nazario:271,nazario,1,google/gemma-3-12b-it,zero,1
phishing,203,3,1.06e-05,0.968,nazario:428,nazario,1,google/gemma-3-12b-it,zero,1
phishing,203,3,1.06e-05,2.219,nazario:720,nazario,1,google/gemma-3-12b-it,zero,1
phishing,163,3,8.6e-06,1.125,nazario:1211,nazario,1,google/gemma-3-12b-it,zero,1
phishing,322,3,1.655e-05,2.211,nazario:123,nazario,1,google/gemma-3-12b-it,zero,1
phishing,258,3,1.335e-05,2.068,nazario:1376,nazario,1,google/gemma-3-12b-it,zero,1
phishing,284,3,1.465e-05,3.554,nazario:237,nazario,1,google/gemma-3-12b-it,zero,1
phishing,404,3,2.065e-05,0.716,nazario:198,nazario,1,google/gemma-3-12b-it,zero,1
phishing,143,3,7.6e-06,1.472,nazario:914,nazario,1,google/gemma-3-12b-it,zero,1
phishing,179,3,9.4e-06,1.091,nazario:1247,nazario,1,google/gemma-3-12b-it,zero,1
phishing,324,3,1.665e-05,0.786,nazario:99,nazario,1,google/gemma-3-12b-it,zero,1
phishing,955,3,4.82e-05,1.622,nazario:332,nazario,1,google/gemma-3-12b-it,zero,1
phishing,185,3,9.7e-06,0.898,nazario:51,nazario,1,google/gemma-3-12b-it,zero,1
phishing,404,3,2.065e-05,0.603,nazario:70,nazario,1,google/gemma-3-12b-it,zero,1
phishing,350,3,1.795e-05,1.861,nazario:76,nazario,1,google/gemma-3-12b-it,zero,1
phishing,84,3,4.65e-06,2.69,nazario:907,nazario,1,google/gemma-3-12b-it,zero,1
phishing,225,3,1.17e-05,1.76,nazario:993,nazario,1,google/gemma-3-12b-it,zero,1
phishing,178,3,9.35e-06,4.296,nazario:1531,nazario,1,google/gemma-3-12b-it,zero,1
phishing,243,3,1.26e-05,1.471,nazario:220,nazario,1,google/gemma-3-12b-it,zero,1
phishing,363,3,1.86e-05,0.573,nazario:331,nazario,1,google/gemma-3-12b-it,zero,1
phishing,411,3,2.1e-05,0.627,nazario:926,nazario,1,google/gemma-3-12b-it,zero,1
phishing,71,3,4e-06,0.644,nazario:185,nazario,1,google/gemma-3-12b-it,zero,1
phishing,326,3,1.675e-05,1.19,nazario:381,nazario,1,google/gemma-3-12b-it,zero,1
phishing,201,3,1.05e-05,1.837,nazario:1277,nazario,1,google/gemma-3-12b-it,zero,1
phishing,228,3,1.185e-05,1.222,nazario:261,nazario,1,google/gemma-3-12b-it,zero,1
phishing,255,3,1.32e-05,0.987,nazario:1420,nazario,1,google/gemma-3-12b-it,zero,1
phishing,285,3,1.47e-05,1.232,nazario:1435,nazario,1,google/gemma-3-12b-it,zero,1
phishing,351,3,1.8e-05,0.595,nazario:135,nazario,1,google/gemma-3-12b-it,zero,1
phishing,206,3,1.075e-05,1.605,nazario:1461,nazario,1,google/gemma-3-12b-it,zero,1
legitimate,121,3,6.5e-06,1.366,nazario:67,nazario,1,google/gemma-3-12b-it,zero,0
phishing,282,3,1.455e-05,1.425,nazario:309,nazario,1,google/gemma-3-12b-it,zero,1
phishing,190,3,9.95e-06,1.339,nazario:1212,nazario,1,google/gemma-3-12b-it,zero,1
phishing,160,3,8.45e-06,0.679,nazario:976,nazario,1,google/gemma-3-12b-it,zero,1
phishing,125,3,6.7e-06,0.853,nazario:940,nazario,1,google/gemma-3-12b-it,zero,1
phishing,164,3,8.65e-06,0.531,nazario:1539,nazario,1,google/gemma-3-12b-it,zero,1
phishing,235,3,1.22e-05,1.17,nazario:869,nazario,1,google/gemma-3-12b-it,zero,1
phishing,432,3,2.205e-05,0.537,nazario:415,nazario,1,google/gemma-3-12b-it,zero,1
phishing,133,3,7.1e-06,1.298,nazario:1040,nazario,1,google/gemma-3-12b-it,zero,1
phishing,454,3,2.315e-05,2.491,nazario:485,nazario,1,google/gemma-3-12b-it,zero,1
phishing,150,3,7.95e-06,0.813,nazario:602,nazario,1,google/gemma-3-12b-it,zero,1
phishing,223,3,1.16e-05,1.062,nazario:350,nazario,1,google/gemma-3-12b-it,zero,1
phishing,363,3,1.86e-05,3.591,nazario:818,nazario,1,google/gemma-3-12b-it,zero,1
phishing,254,3,1.315e-05,0.737,nazario:366,nazario,1,google/gemma-3-12b-it,zero,1
phishing,257,3,1.33e-05,2.575,nazario:1108,nazario,1,google/gemma-3-12b-it,zero,1
phishing,276,3,1.425e-05,0.585,nazario:598,nazario,1,google/gemma-3-12b-it,zero,1
phishing,266,3,1.375e-05,0.669,nazario:427,nazario,1,google/gemma-3-12b-it,zero,1
phishing,186,3,9.75e-06,1.135,nazario:679,nazario,1,google/gemma-3-12b-it,zero,1
phishing,209,3,1.09e-05,0.785,nazario:964,nazario,1,google/gemma-3-12b-it,zero,1
phishing,118,3,6.35e-06,1.188,nazario:1398,nazario,1,google/gemma-3-12b-it,zero,1
phishing,177,3,9.3e-06,0.63,nazario:678,nazario,1,google/gemma-3-12b-it,zero,1
phishing,250,3,1.295e-05,1.387,nazario:1176,nazario,1,google/gemma-3-12b-it,zero,1
phishing,267,3,1.38e-05,1.162,nazario:982,nazario,1,google/gemma-3-12b-it,zero,1
phishing,523,3,2.66e-05,1.117,nazario:1029,nazario,1,google/gemma-3-12b-it,zero,1
phishing,478,3,2.435e-05,1.594,nigerian:1962,nigerian,1,google/gemma-3-12b-it,zero,1
phishing,281,3,1.45e-05,0.686,nigerian:240,nigerian,1,google/gemma-3-12b-it,zero,1
phishing,401,3,2.05e-05,0.723,nigerian:2554,nigerian,1,google/gemma-3-12b-it,zero,1
phishing,461,3,2.35e-05,0.859,nigerian:1626,nigerian,1,google/gemma-3-12b-it,zero,1
phishing,418,3,2.135e-05,1.066,nigerian:3070,nigerian,1,google/gemma-3-12b-it,zero,1
phishing,407,3,2.08e-05,1.398,nigerian:527,nigerian,1,google/gemma-3-12b-it,zero,1
phishing,379,3,1.94e-05,1.308,nigerian:2354,nigerian,1,google/gemma-3-12b-it,zero,1
phishing,386,3,1.975e-05,1.376,nigerian:3305,nigerian,1,google/gemma-3-12b-it,zero,1
phishing,405,3,2.07e-05,0.673,nigerian:321,nigerian,1,google/gemma-3-12b-it,zero,1
phishing,346,3,1.775e-05,0.902,nigerian:1146,nigerian,1,google/gemma-3-12b-it,zero,1
phishing,406,3,2.075e-05,1.22,nigerian:829,nigerian,1,google/gemma-3-12b-it,zero,1
phishing,405,3,2.07e-05,1.26,nigerian:1242,nigerian,1,google/gemma-3-12b-it,zero,1
phishing,380,3,1.945e-05,1.422,nigerian:1614,nigerian,1,google/gemma-3-12b-it,zero,1
phishing,377,3,1.93e-05,1.536,nigerian:1362,nigerian,1,google/gemma-3-12b-it,zero,1
phishing,485,3,2.47e-05,1.188,nigerian:964,nigerian,1,google/gemma-3-12b-it,zero,1
phishing,403,3,2.06e-05,0.613,nigerian:1414,nigerian,1,google/gemma-3-12b-it,zero,1
phishing,398,3,2.035e-05,0.993,nigerian:463,nigerian,1,google/gemma-3-12b-it,zero,1
phishing,445,3,2.27e-05,1.659,nigerian:1483,nigerian,1,google/gemma-3-12b-it,zero,1
phishing,437,3,2.23e-05,1.185,nigerian:203,nigerian,1,google/gemma-3-12b-it,zero,1
phishing,495,3,2.52e-05,0.928,nigerian:194,nigerian,1,google/gemma-3-12b-it,zero,1
phishing,402,3,2.055e-05,0.677,nigerian:978,nigerian,1,google/gemma-3-12b-it,zero,1
phishing,421,3,2.15e-05,0.588,nigerian:2516,nigerian,1,google/gemma-3-12b-it,zero,1
phishing,441,3,2.25e-05,1.176,nigerian:314,nigerian,1,google/gemma-3-12b-it,zero,1
phishing,403,3,2.06e-05,0.885,nigerian:790,nigerian,1,google/gemma-3-12b-it,zero,1
phishing,441,3,2.25e-05,0.661,nigerian:139,nigerian,1,google/gemma-3-12b-it,zero,1
phishing,427,3,2.18e-05,0.665,nigerian:2873,nigerian,1,google/gemma-3-12b-it,zero,1
phishing,474,3,2.415e-05,0.635,nigerian:602,nigerian,1,google/gemma-3-12b-it,zero,1
phishing,405,3,2.07e-05,0.603,nigerian:291,nigerian,1,google/gemma-3-12b-it,zero,1
phishing,390,3,1.995e-05,0.865,nigerian:30,nigerian,1,google/gemma-3-12b-it,zero,1
phishing,394,3,2.015e-05,0.634,nigerian:2314,nigerian,1,google/gemma-3-12b-it,zero,1
phishing,484,3,2.465e-05,0.626,nigerian:3136,nigerian,1,google/gemma-3-12b-it,zero,1
phishing,416,3,2.125e-05,1.219,nigerian:1609,nigerian,1,google/gemma-3-12b-it,zero,1
phishing,385,3,1.97e-05,0.662,nigerian:2943,nigerian,1,google/gemma-3-12b-it,zero,1
phishing,384,3,1.965e-05,1.004,nigerian:761,nigerian,1,google/gemma-3-12b-it,zero,1
phishing,204,3,1.065e-05,0.917,nigerian:1181,nigerian,1,google/gemma-3-12b-it,zero,1
phishing,481,3,2.45e-05,0.584,nigerian:1641,nigerian,1,google/gemma-3-12b-it,zero,1
phishing,369,3,1.89e-05,1.233,nigerian:322,nigerian,1,google/gemma-3-12b-it,zero,1
phishing,375,3,1.92e-05,1.556,nigerian:1509,nigerian,1,google/gemma-3-12b-it,zero,1
phishing,449,3,2.29e-05,0.915,nigerian:1576,nigerian,1,google/gemma-3-12b-it,zero,1
phishing,414,3,2.115e-05,0.663,nigerian:969,nigerian,1,google/gemma-3-12b-it,zero,1
phishing,415,3,2.12e-05,0.637,nigerian:32,nigerian,1,google/gemma-3-12b-it,zero,1
phishing,420,3,2.145e-05,0.878,nigerian:501,nigerian,1,google/gemma-3-12b-it,zero,1
phishing,393,3,2.01e-05,1.958,nigerian:2909,nigerian,1,google/gemma-3-12b-it,zero,1
phishing,434,3,2.215e-05,0.586,nigerian:2474,nigerian,1,google/gemma-3-12b-it,zero,1
phishing,386,3,1.975e-05,0.926,nigerian:1094,nigerian,1,google/gemma-3-12b-it,zero,1
phishing,450,3,2.295e-05,1.329,nigerian:3081,nigerian,1,google/gemma-3-12b-it,zero,1
phishing,429,3,2.19e-05,0.549,nigerian:3075,nigerian,1,google/gemma-3-12b-it,zero,1
phishing,379,3,1.94e-05,0.587,nigerian:1041,nigerian,1,google/gemma-3-12b-it,zero,1
phishing,361,3,1.85e-05,0.932,nigerian:2183,nigerian,1,google/gemma-3-12b-it,zero,1
phishing,426,3,2.175e-05,0.948,nigerian:3244,nigerian,1,google/gemma-3-12b-it,zero,1
phishing,416,3,2.125e-05,1.263,nigerian:1927,nigerian,1,google/gemma-3-12b-it,zero,1
phishing,432,3,2.205e-05,1.785,nigerian:838,nigerian,1,google/gemma-3-12b-it,zero,1
phishing,344,3,1.765e-05,1.247,nigerian:2118,nigerian,1,google/gemma-3-12b-it,zero,1
phishing,404,3,2.065e-05,0.788,nigerian:387,nigerian,1,google/gemma-3-12b-it,zero,1
phishing,386,3,1.975e-05,1.663,nigerian:1067,nigerian,1,google/gemma-3-12b-it,zero,1
phishing,456,3,2.325e-05,0.572,nigerian:52,nigerian,1,google/gemma-3-12b-it,zero,1
phishing,462,3,2.355e-05,1.456,nigerian:1575,nigerian,1,google/gemma-3-12b-it,zero,1
phishing,237,3,1.23e-05,0.801,nigerian:2673,nigerian,1,google/gemma-3-12b-it,zero,1
phishing,429,3,2.19e-05,1.211,nigerian:1501,nigerian,1,google/gemma-3-12b-it,zero,1
phishing,418,3,2.135e-05,1.228,nigerian:1703,nigerian,1,google/gemma-3-12b-it,zero,1
phishing,404,3,2.065e-05,0.669,nigerian:325,nigerian,1,google/gemma-3-12b-it,zero,1
phishing,522,3,2.655e-05,0.707,nigerian:2922,nigerian,1,google/gemma-3-12b-it,zero,1
phishing,416,3,2.125e-05,0.692,nigerian:2115,nigerian,1,google/gemma-3-12b-it,zero,1
phishing,484,3,2.465e-05,0.748,nigerian:718,nigerian,1,google/gemma-3-12b-it,zero,1
phishing,435,3,2.22e-05,1.213,nigerian:2103,nigerian,1,google/gemma-3-12b-it,zero,1
phishing,413,3,2.11e-05,1.773,nigerian:1441,nigerian,1,google/gemma-3-12b-it,zero,1
phishing,396,3,2.025e-05,0.688,nigerian:1632,nigerian,1,google/gemma-3-12b-it,zero,1
phishing,428,3,2.185e-05,1.152,nigerian:1783,nigerian,1,google/gemma-3-12b-it,zero,1
phishing,455,3,2.32e-05,0.925,nigerian:2819,nigerian,1,google/gemma-3-12b-it,zero,1
phishing,380,3,1.945e-05,1.51,nigerian:479,nigerian,1,google/gemma-3-12b-it,zero,1
phishing,389,3,1.99e-05,1.392,nigerian:1395,nigerian,1,google/gemma-3-12b-it,zero,1
phishing,410,3,2.095e-05,1.016,nigerian:2030,nigerian,1,google/gemma-3-12b-it,zero,1
phishing,345,3,1.77e-05,1.459,nigerian:170,nigerian,1,google/gemma-3-12b-it,zero,1
phishing,467,3,2.38e-05,1.412,nigerian:80,nigerian,1,google/gemma-3-12b-it,zero,1
phishing,402,3,2.055e-05,0.938,nigerian:1255,nigerian,1,google/gemma-3-12b-it,zero,1
phishing,436,3,2.225e-05,2.173,nigerian:439,nigerian,1,google/gemma-3-12b-it,zero,1
phishing,465,3,2.37e-05,1.607,nigerian:93,nigerian,1,google/gemma-3-12b-it,zero,1
phishing,375,3,1.92e-05,1.364,nigerian:449,nigerian,1,google/gemma-3-12b-it,zero,1
phishing,362,3,1.855e-05,0.838,nigerian:2727,nigerian,1,google/gemma-3-12b-it,zero,1
phishing,362,3,1.855e-05,2.327,nigerian:3225,nigerian,1,google/gemma-3-12b-it,zero,1
phishing,384,3,1.965e-05,0.564,nigerian:937,nigerian,1,google/gemma-3-12b-it,zero,1
phishing,441,3,2.25e-05,0.659,nigerian:1793,nigerian,1,google/gemma-3-12b-it,zero,1
phishing,421,3,2.15e-05,1.098,nigerian:1457,nigerian,1,google/gemma-3-12b-it,zero,1
phishing,403,3,2.06e-05,1.194,nigerian:599,nigerian,1,google/gemma-3-12b-it,zero,1
phishing,503,3,2.56e-05,1.833,nigerian:229,nigerian,1,google/gemma-3-12b-it,zero,1
phishing,476,3,2.425e-05,1.761,nigerian:1839,nigerian,1,google/gemma-3-12b-it,zero,1
phishing,393,3,2.01e-05,0.832,nigerian:2319,nigerian,1,google/gemma-3-12b-it,zero,1
phishing,427,3,2.18e-05,0.687,nigerian:2716,nigerian,1,google/gemma-3-12b-it,zero,1
phishing,317,3,1.63e-05,0.623,nigerian:3086,nigerian,1,google/gemma-3-12b-it,zero,1
phishing,225,3,1.17e-05,1.269,nigerian:1370,nigerian,1,google/gemma-3-12b-it,zero,1
phishing,422,3,2.155e-05,0.756,nigerian:1651,nigerian,1,google/gemma-3-12b-it,zero,1
phishing,424,3,2.165e-05,0.677,nigerian:679,nigerian,1,google/gemma-3-12b-it,zero,1
phishing,446,3,2.275e-05,1.147,nigerian:2376,nigerian,1,google/gemma-3-12b-it,zero,1
phishing,363,3,1.86e-05,0.6,nigerian:2390,nigerian,1,google/gemma-3-12b-it,zero,1
phishing,440,3,2.245e-05,0.835,nigerian:1124,nigerian,1,google/gemma-3-12b-it,zero,1
phishing,336,3,1.725e-05,0.75,nigerian:1159,nigerian,1,google/gemma-3-12b-it,zero,1
phishing,424,3,2.165e-05,1.216,nigerian:3151,nigerian,1,google/gemma-3-12b-it,zero,1
phishing,358,3,1.835e-05,0.808,nigerian:864,nigerian,1,google/gemma-3-12b-it,zero,1
phishing,389,3,1.99e-05,1.683,nigerian:2308,nigerian,1,google/gemma-3-12b-it,zero,1
phishing,317,3,1.63e-05,1.325,nigerian:2304,nigerian,1,google/gemma-3-12b-it,zero,1
phishing,429,3,2.19e-05,0.723,nigerian:295,nigerian,1,google/gemma-3-12b-it,zero,1
phishing,418,3,2.135e-05,1.201,nigerian:2641,nigerian,1,google/gemma-3-12b-it,zero,1
phishing,396,3,2.025e-05,0.677,nigerian:1003,nigerian,1,google/gemma-3-12b-it,zero,1
phishing,412,3,2.105e-05,0.559,nigerian:789,nigerian,1,google/gemma-3-12b-it,zero,1
phishing,424,3,2.165e-05,1.632,nigerian:2223,nigerian,1,google/gemma-3-12b-it,zero,1
phishing,450,3,2.295e-05,0.59,nigerian:1226,nigerian,1,google/gemma-3-12b-it,zero,1
phishing,544,3,2.765e-05,1.653,nigerian:2971,nigerian,1,google/gemma-3-12b-it,zero,1
phishing,528,3,2.685e-05,0.683,nigerian:2628,nigerian,1,google/gemma-3-12b-it,zero,1
phishing,430,3,2.195e-05,0.603,nigerian:183,nigerian,1,google/gemma-3-12b-it,zero,1
phishing,357,3,1.83e-05,0.559,nigerian:423,nigerian,1,google/gemma-3-12b-it,zero,1
phishing,408,3,2.085e-05,1.514,nigerian:2743,nigerian,1,google/gemma-3-12b-it,zero,1
phishing,440,3,2.245e-05,1.491,nigerian:1566,nigerian,1,google/gemma-3-12b-it,zero,1
phishing,348,3,1.785e-05,1.536,nigerian:3160,nigerian,1,google/gemma-3-12b-it,zero,1
phishing,425,3,2.17e-05,0.799,nigerian:874,nigerian,1,google/gemma-3-12b-it,zero,1
phishing,392,3,2.005e-05,1.289,nigerian:1916,nigerian,1,google/gemma-3-12b-it,zero,1
phishing,391,3,2e-05,0.844,nigerian:414,nigerian,1,google/gemma-3-12b-it,zero,1
phishing,324,3,1.665e-05,0.601,nigerian:486,nigerian,1,google/gemma-3-12b-it,zero,1
phishing,516,3,2.625e-05,3.278,nigerian:102,nigerian,1,google/gemma-3-12b-it,zero,1
phishing,439,3,2.24e-05,0.666,nigerian:1689,nigerian,1,google/gemma-3-12b-it,zero,1
phishing,271,3,1.4e-05,0.661,nigerian:1330,nigerian,1,google/gemma-3-12b-it,zero,1
phishing,402,3,2.055e-05,0.872,nigerian:1769,nigerian,1,google/gemma-3-12b-it,zero,1
phishing,399,3,2.04e-05,0.611,nigerian:544,nigerian,1,google/gemma-3-12b-it,zero,1
phishing,407,3,2.08e-05,1.066,nigerian:2913,nigerian,1,google/gemma-3-12b-it,zero,1
phishing,397,3,2.03e-05,0.709,nigerian:921,nigerian,1,google/gemma-3-12b-it,zero,1
phishing,501,3,2.55e-05,0.627,nigerian:764,nigerian,1,google/gemma-3-12b-it,zero,1
phishing,277,3,1.43e-05,1.015,nigerian:3035,nigerian,1,google/gemma-3-12b-it,zero,1
phishing,245,3,1.27e-05,0.586,nigerian:1204,nigerian,1,google/gemma-3-12b-it,zero,1
phishing,135,3,7.2e-06,1.042,ephishllm:6684,ephishllm,1,google/gemma-3-12b-it,zero,1
phishing,117,3,6.3e-06,0.916,ephishllm:5664,ephishllm,1,google/gemma-3-12b-it,zero,1
phishing,137,3,7.3e-06,0.587,ephishllm:9218,ephishllm,1,google/gemma-3-12b-it,zero,1
phishing,130,3,6.95e-06,1.478,ephishllm:9766,ephishllm,1,google/gemma-3-12b-it,zero,1
phishing,107,3,5.8e-06,0.623,ephishllm:6382,ephishllm,1,google/gemma-3-12b-it,zero,1
phishing,195,3,1.02e-05,0.621,ephishllm:8505,ephishllm,1,google/gemma-3-12b-it,zero,1
phishing,156,3,8.25e-06,0.556,ephishllm:5680,ephishllm,1,google/gemma-3-12b-it,zero,1
phishing,132,3,7.05e-06,1.001,ephishllm:6079,ephishllm,1,google/gemma-3-12b-it,zero,1
phishing,135,3,7.2e-06,0.771,ephishllm:5955,ephishllm,1,google/gemma-3-12b-it,zero,1
phishing,152,3,8.05e-06,0.889,ephishllm:5931,ephishllm,1,google/gemma-3-12b-it,zero,1
phishing,125,3,6.7e-06,0.979,ephishllm:9645,ephishllm,1,google/gemma-3-12b-it,zero,1
phishing,177,3,9.3e-06,0.846,ephishllm:5340,ephishllm,1,google/gemma-3-12b-it,zero,1
phishing,126,3,6.75e-06,1.026,ephishllm:9153,ephishllm,1,google/gemma-3-12b-it,zero,1
phishing,142,3,7.55e-06,0.659,ephishllm:8344,ephishllm,1,google/gemma-3-12b-it,zero,1
phishing,216,3,1.125e-05,0.719,ephishllm:6523,ephishllm,1,google/gemma-3-12b-it,zero,1
phishing,147,3,7.8e-06,0.608,ephishllm:8949,ephishllm,1,google/gemma-3-12b-it,zero,1
phishing,122,3,6.55e-06,0.641,ephishllm:6108,ephishllm,1,google/gemma-3-12b-it,zero,1
phishing,151,3,8e-06,0.848,ephishllm:7519,ephishllm,1,google/gemma-3-12b-it,zero,1
phishing,159,3,8.4e-06,0.682,ephishllm:4810,ephishllm,1,google/gemma-3-12b-it,zero,1
phishing,168,3,8.85e-06,0.517,ephishllm:8748,ephishllm,1,google/gemma-3-12b-it,zero,1
phishing,152,3,8.05e-06,0.925,ephishllm:8977,ephishllm,1,google/gemma-3-12b-it,zero,1
phishing,159,3,8.4e-06,0.691,ephishllm:7016,ephishllm,1,google/gemma-3-12b-it,zero,1
phishing,129,3,6.9e-06,0.783,ephishllm:5317,ephishllm,1,google/gemma-3-12b-it,zero,1
phishing,219,3,1.14e-05,0.669,ephishllm:7243,ephishllm,1,google/gemma-3-12b-it,zero,1
phishing,180,3,9.45e-06,0.602,ephishllm:9135,ephishllm,1,google/gemma-3-12b-it,zero,1
phishing,132,3,7.05e-06,0.606,ephishllm:6656,ephishllm,1,google/gemma-3-12b-it,zero,1
phishing,124,3,6.65e-06,1.115,ephishllm:8379,ephishllm,1,google/gemma-3-12b-it,zero,1
phishing,167,3,8.8e-06,0.653,ephishllm:5468,ephishllm,1,google/gemma-3-12b-it,zero,1
phishing,126,3,6.75e-06,0.563,ephishllm:4955,ephishllm,1,google/gemma-3-12b-it,zero,1
phishing,153,3,8.1e-06,0.562,ephishllm:5120,ephishllm,1,google/gemma-3-12b-it,zero,1
phishing,141,3,7.5e-06,0.561,ephishllm:8330,ephishllm,1,google/gemma-3-12b-it,zero,1
phishing,137,3,7.3e-06,0.614,ephishllm:8220,ephishllm,1,google/gemma-3-12b-it,zero,1
phishing,140,3,7.45e-06,0.667,ephishllm:8769,ephishllm,1,google/gemma-3-12b-it,zero,1
phishing,144,3,7.65e-06,0.771,ephishllm:8792,ephishllm,1,google/gemma-3-12b-it,zero,1
phishing,152,3,8.05e-06,0.681,ephishllm:8258,ephishllm,1,google/gemma-3-12b-it,zero,1
phishing,144,3,7.65e-06,0.528,ephishllm:8568,ephishllm,1,google/gemma-3-12b-it,zero,1
phishing,124,3,6.65e-06,0.699,ephishllm:7742,ephishllm,1,google/gemma-3-12b-it,zero,1
phishing,168,3,8.85e-06,0.757,ephishllm:5160,ephishllm,1,google/gemma-3-12b-it,zero,1
phishing,128,3,6.85e-06,0.792,ephishllm:5683,ephishllm,1,google/gemma-3-12b-it,zero,1
phishing,150,3,7.95e-06,1.26,ephishllm:7012,ephishllm,1,google/gemma-3-12b-it,zero,1
phishing,169,3,8.9e-06,0.629,ephishllm:8357,ephishllm,1,google/gemma-3-12b-it,zero,1
phishing,153,3,8.1e-06,0.699,ephishllm:9538,ephishllm,1,google/gemma-3-12b-it,zero,1
phishing,175,3,9.2e-06,0.815,ephishllm:9230,ephishllm,1,google/gemma-3-12b-it,zero,1
phishing,192,3,1.005e-05,0.892,ephishllm:5873,ephishllm,1,google/gemma-3-12b-it,zero,1
phishing,151,3,8e-06,0.575,ephishllm:5587,ephishllm,1,google/gemma-3-12b-it,zero,1
phishing,137,3,7.3e-06,0.661,ephishllm:5292,ephishllm,1,google/gemma-3-12b-it,zero,1
phishing,146,3,7.75e-06,0.576,ephishllm:6278,ephishllm,1,google/gemma-3-12b-it,zero,1
phishing,161,3,8.5e-06,0.539,ephishllm:6007,ephishllm,1,google/gemma-3-12b-it,zero,1
phishing,118,3,6.35e-06,0.527,ephishllm:5278,ephishllm,1,google/gemma-3-12b-it,zero,1
legitimate,192,3,1.005e-05,0.775,ephishllm:8831,ephishllm,1,google/gemma-3-12b-it,zero,0
phishing,178,3,9.35e-06,0.672,ephishllm:7772,ephishllm,1,google/gemma-3-12b-it,zero,1
phishing,154,3,8.15e-06,1.417,ephishllm:9809,ephishllm,1,google/gemma-3-12b-it,zero,1
phishing,143,3,7.6e-06,2.078,ephishllm:4866,ephishllm,1,google/gemma-3-12b-it,zero,1
phishing,218,3,1.135e-05,0.643,ephishllm:5498,ephishllm,1,google/gemma-3-12b-it,zero,1
phishing,194,3,1.015e-05,0.658,ephishllm:6219,ephishllm,1,google/gemma-3-12b-it,zero,1
phishing,123,3,6.6e-06,0.549,ephishllm:5413,ephishllm,1,google/gemma-3-12b-it,zero,1
phishing,131,3,7e-06,0.89,ephishllm:6647,ephishllm,1,google/gemma-3-12b-it,zero,1
phishing,164,3,8.65e-06,0.875,ephishllm:8120,ephishllm,1,google/gemma-3-12b-it,zero,1
phishing,135,3,7.2e-06,1.243,ephishllm:7020,ephishllm,1,google/gemma-3-12b-it,zero,1
phishing,165,3,8.7e-06,1.155,ephishllm:9305,ephishllm,1,google/gemma-3-12b-it,zero,1
phishing,165,3,8.7e-06,0.678,ephishllm:6351,ephishllm,1,google/gemma-3-12b-it,zero,1
phishing,132,3,7.05e-06,0.584,ephishllm:5203,ephishllm,1,google/gemma-3-12b-it,zero,1
phishing,125,3,6.7e-06,0.634,ephishllm:9859,ephishllm,1,google/gemma-3-12b-it,zero,1
phishing,162,3,8.55e-06,0.621,ephishllm:7768,ephishllm,1,google/gemma-3-12b-it,zero,1
phishing,167,3,8.8e-06,0.625,ephishllm:5821,ephishllm,1,google/gemma-3-12b-it,zero,1
phishing,199,3,1.04e-05,0.615,ephishllm:8892,ephishllm,1,google/gemma-3-12b-it,zero,1
phishing,137,3,7.3e-06,0.601,ephishllm:8032,ephishllm,1,google/gemma-3-12b-it,zero,1
phishing,136,3,7.25e-06,0.843,ephishllm:8824,ephishllm,1,google/gemma-3-12b-it,zero,1
phishing,120,3,6.45e-06,0.618,ephishllm:9912,ephishllm,1,google/gemma-3-12b-it,zero,1
phishing,137,3,7.3e-06,0.609,ephishllm:5698,ephishllm,1,google/gemma-3-12b-it,zero,1
phishing,117,3,6.3e-06,1.064,ephishllm:5574,ephishllm,1,google/gemma-3-12b-it,zero,1
phishing,134,3,7.15e-06,0.512,ephishllm:6620,ephishllm,1,google/gemma-3-12b-it,zero,1
phishing,139,3,7.4e-06,0.828,ephishllm:9360,ephishllm,1,google/gemma-3-12b-it,zero,1
phishing,118,3,6.35e-06,0.963,ephishllm:7029,ephishllm,1,google/gemma-3-12b-it,zero,1
phishing,115,3,6.2e-06,0.742,ephishllm:8170,ephishllm,1,google/gemma-3-12b-it,zero,1
phishing,155,3,8.2e-06,1.177,ephishllm:8094,ephishllm,1,google/gemma-3-12b-it,zero,1
phishing,139,3,7.4e-06,0.557,ephishllm:5027,ephishllm,1,google/gemma-3-12b-it,zero,1
phishing,125,3,6.7e-06,1.073,ephishllm:8992,ephishllm,1,google/gemma-3-12b-it,zero,1
phishing,121,3,6.5e-06,0.577,ephishllm:6959,ephishllm,1,google/gemma-3-12b-it,zero,1
phishing,211,3,1.1e-05,0.523,ephishllm:5411,ephishllm,1,google/gemma-3-12b-it,zero,1
legitimate,145,3,7.7e-06,0.612,ephishllm:5014,ephishllm,1,google/gemma-3-12b-it,zero,0
phishing,172,3,9.05e-06,0.615,ephishllm:7101,ephishllm,1,google/gemma-3-12b-it,zero,1
phishing,113,3,6.1e-06,0.58,ephishllm:6997,ephishllm,1,google/gemma-3-12b-it,zero,1
phishing,167,3,8.8e-06,0.667,ephishllm:7015,ephishllm,1,google/gemma-3-12b-it,zero,1
phishing,154,3,8.15e-06,0.607,ephishllm:7156,ephishllm,1,google/gemma-3-12b-it,zero,1
phishing,161,3,8.5e-06,0.589,ephishllm:4938,ephishllm,1,google/gemma-3-12b-it,zero,1
phishing,162,3,8.55e-06,0.605,ephishllm:9921,ephishllm,1,google/gemma-3-12b-it,zero,1
phishing,136,3,7.25e-06,0.896,ephishllm:6403,ephishllm,1,google/gemma-3-12b-it,zero,1
phishing,168,3,8.85e-06,0.589,ephishllm:8221,ephishllm,1,google/gemma-3-12b-it,zero,1
phishing,137,3,7.3e-06,0.637,ephishllm:6456,ephishllm,1,google/gemma-3-12b-it,zero,1
phishing,149,3,7.9e-06,0.689,ephishllm:9658,ephishllm,1,google/gemma-3-12b-it,zero,1
phishing,245,3,1.27e-05,0.552,ephishllm:5373,ephishllm,1,google/gemma-3-12b-it,zero,1
phishing,170,3,8.95e-06,0.662,ephishllm:8703,ephishllm,1,google/gemma-3-12b-it,zero,1
phishing,163,3,8.6e-06,1.104,ephishllm:5739,ephishllm,1,google/gemma-3-12b-it,zero,1
phishing,130,3,6.95e-06,0.641,ephishllm:7599,ephishllm,1,google/gemma-3-12b-it,zero,1
phishing,168,3,8.85e-06,0.578,ephishllm:6258,ephishllm,1,google/gemma-3-12b-it,zero,1
phishing,136,3,7.25e-06,0.607,ephishllm:8747,ephishllm,1,google/gemma-3-12b-it,zero,1
phishing,122,3,6.55e-06,1.139,ephishllm:7832,ephishllm,1,google/gemma-3-12b-it,zero,1
phishing,136,3,7.25e-06,0.691,ephishllm:6416,ephishllm,1,google/gemma-3-12b-it,zero,1
phishing,116,3,6.25e-06,0.561,ephishllm:6721,ephishllm,1,google/gemma-3-12b-it,zero,1
phishing,98,3,5.35e-06,1.14,ephishllm:6492,ephishllm,1,google/gemma-3-12b-it,zero,1
phishing,159,3,8.4e-06,0.755,ephishllm:7567,ephishllm,1,google/gemma-3-12b-it,zero,1
phishing,206,3,1.075e-05,0.779,ephishllm:6214,ephishllm,1,google/gemma-3-12b-it,zero,1
phishing,119,3,6.4e-06,0.94,ephishllm:4919,ephishllm,1,google/gemma-3-12b-it,zero,1
phishing,140,3,7.45e-06,0.668,ephishllm:8438,ephishllm,1,google/gemma-3-12b-it,zero,1
phishing,253,3,1.31e-05,0.727,ephishllm:9232,ephishllm,1,google/gemma-3-12b-it,zero,1
phishing,151,3,8e-06,0.682,ephishllm:7292,ephishllm,1,google/gemma-3-12b-it,zero,1
phishing,196,3,1.025e-05,0.593,ephishllm:7741,ephishllm,1,google/gemma-3-12b-it,zero,1
phishing,152,3,8.05e-06,0.646,ephishllm:7702,ephishllm,1,google/gemma-3-12b-it,zero,1
phishing,206,3,1.075e-05,2.4,ephishllm:5066,ephishllm,1,google/gemma-3-12b-it,zero,1
phishing,222,3,1.155e-05,1.098,ephishllm:8393,ephishllm,1,google/gemma-3-12b-it,zero,1
phishing,133,3,7.1e-06,1.457,ephishllm:6421,ephishllm,1,google/gemma-3-12b-it,zero,1
phishing,142,3,7.55e-06,0.582,ephishllm:6059,ephishllm,1,google/gemma-3-12b-it,zero,1
phishing,134,3,7.15e-06,0.54,ephishllm:4816,ephishllm,1,google/gemma-3-12b-it,zero,1
phishing,135,3,7.2e-06,0.632,ephishllm:4852,ephishllm,1,google/gemma-3-12b-it,zero,1
phishing,133,3,7.1e-06,1.758,ephishllm:7201,ephishllm,1,google/gemma-3-12b-it,zero,1
phishing,100,3,5.45e-06,0.883,ephishllm:7887,ephishllm,1,google/gemma-3-12b-it,zero,1
phishing,149,3,7.9e-06,0.614,ephishllm:5288,ephishllm,1,google/gemma-3-12b-it,zero,1
phishing,179,3,9.4e-06,0.513,ephishllm:6566,ephishllm,1,google/gemma-3-12b-it,zero,1
phishing,152,3,8.05e-06,0.519,ephishllm:9710,ephishllm,1,google/gemma-3-12b-it,zero,1
phishing,133,3,7.1e-06,0.806,ephishllm:9884,ephishllm,1,google/gemma-3-12b-it,zero,1
phishing,144,3,7.65e-06,1.149,ephishllm:6370,ephishllm,1,google/gemma-3-12b-it,zero,1
phishing,144,3,7.65e-06,1.824,ephishllm:5936,ephishllm,1,google/gemma-3-12b-it,zero,1
phishing,106,3,5.75e-06,1.212,ephishllm:5718,ephishllm,1,google/gemma-3-12b-it,zero,1
phishing,127,3,6.8e-06,1.024,ephishllm:6367,ephishllm,1,google/gemma-3-12b-it,zero,1
phishing,219,3,1.14e-05,1.114,ephishllm:5213,ephishllm,1,google/gemma-3-12b-it,zero,1
phishing,124,3,6.65e-06,1.124,ephishllm:9966,ephishllm,1,google/gemma-3-12b-it,zero,1
phishing,155,3,8.2e-06,1.263,ephishllm:6618,ephishllm,1,google/gemma-3-12b-it,zero,1
phishing,161,3,8.5e-06,1.078,ephishllm:5440,ephishllm,1,google/gemma-3-12b-it,zero,1
phishing,133,3,7.1e-06,1.307,ephishllm:5376,ephishllm,1,google/gemma-3-12b-it,zero,1
phishing,153,3,8.1e-06,0.818,ephishllm:9257,ephishllm,1,google/gemma-3-12b-it,zero,1
phishing,134,3,7.15e-06,1.375,ephishllm:8451,ephishllm,1,google/gemma-3-12b-it,zero,1
phishing,176,3,9.25e-06,0.694,ephishllm:7299,ephishllm,1,google/gemma-3-12b-it,zero,1
phishing,220,3,1.145e-05,1.049,ephishllm:7673,ephishllm,1,google/gemma-3-12b-it,zero,1
phishing,139,3,7.4e-06,1.405,ephishllm:8807,ephishllm,1,google/gemma-3-12b-it,zero,1
phishing,185,3,9.7e-06,0.904,ephishllm:4820,ephishllm,1,google/gemma-3-12b-it,zero,1
phishing,191,3,1e-05,1.266,ephishllm:5552,ephishllm,1,google/gemma-3-12b-it,zero,1
phishing,157,3,8.3e-06,1.262,ephishllm:6944,ephishllm,1,google/gemma-3-12b-it,zero,1
phishing,131,3,7e-06,0.803,ephishllm:6011,ephishllm,1,google/gemma-3-12b-it,zero,1
phishing,125,3,6.7e-06,1.064,ephishllm:8193,ephishllm,1,google/gemma-3-12b-it,zero,1
phishing,165,3,8.7e-06,0.877,ephishllm:7877,ephishllm,1,google/gemma-3-12b-it,zero,1
phishing,189,3,9.9e-06,0.794,ephishllm:5694,ephishllm,1,google/gemma-3-12b-it,zero,1
legitimate,193,3,1.01e-05,1.686,ephishllm:561,ephishllm,0,google/gemma-3-12b-it,zero,0
legitimate,142,3,7.55e-06,0.512,ephishllm:893,ephishllm,0,google/gemma-3-12b-it,zero,0
legitimate,146,3,7.75e-06,0.976,ephishllm:705,ephishllm,0,google/gemma-3-12b-it,zero,0
legitimate,151,3,8e-06,0.7,ephishllm:1873,ephishllm,0,google/gemma-3-12b-it,zero,0
legitimate,144,3,7.65e-06,0.706,ephishllm:3015,ephishllm,0,google/gemma-3-12b-it,zero,0
legitimate,169,3,8.9e-06,0.731,ephishllm:733,ephishllm,0,google/gemma-3-12b-it,zero,0
legitimate,147,3,7.8e-06,0.885,ephishllm:33,ephishllm,0,google/gemma-3-12b-it,zero,0
legitimate,152,3,8.05e-06,0.634,ephishllm:1322,ephishllm,0,google/gemma-3-12b-it,zero,0
legitimate,147,3,7.8e-06,1.829,ephishllm:3570,ephishllm,0,google/gemma-3-12b-it,zero,0
legitimate,231,3,1.2e-05,1.468,ephishllm:1756,ephishllm,0,google/gemma-3-12b-it,zero,0
legitimate,221,3,1.15e-05,2.301,ephishllm:2922,ephishllm,0,google/gemma-3-12b-it,zero,0
legitimate,167,3,8.8e-06,1.025,ephishllm:2540,ephishllm,0,google/gemma-3-12b-it,zero,0
legitimate,148,3,7.85e-06,2.378,ephishllm:179,ephishllm,0,google/gemma-3-12b-it,zero,0
legitimate,188,3,9.85e-06,0.638,ephishllm:1261,ephishllm,0,google/gemma-3-12b-it,zero,0
legitimate,142,3,7.55e-06,0.641,ephishllm:4258,ephishllm,0,google/gemma-3-12b-it,zero,0
legitimate,173,3,9.1e-06,1.267,ephishllm:3919,ephishllm,0,google/gemma-3-12b-it,zero,0
legitimate,155,3,8.2e-06,0.999,ephishllm:2809,ephishllm,0,google/gemma-3-12b-it,zero,0
legitimate,230,3,1.195e-05,1.104,ephishllm:3423,ephishllm,0,google/gemma-3-12b-it,zero,0
legitimate,201,3,1.05e-05,0.659,ephishllm:538,ephishllm,0,google/gemma-3-12b-it,zero,0
legitimate,181,3,9.5e-06,1.235,ephishllm:1505,ephishllm,0,google/gemma-3-12b-it,zero,0
legitimate,222,3,1.155e-05,1.119,ephishllm:3483,ephishllm,0,google/gemma-3-12b-it,zero,0
legitimate,227,3,1.18e-05,1.224,ephishllm:831,ephishllm,0,google/gemma-3-12b-it,zero,0
legitimate,160,3,8.45e-06,0.677,ephishllm:79,ephishllm,0,google/gemma-3-12b-it,zero,0
legitimate,249,3,1.29e-05,0.574,ephishllm:429,ephishllm,0,google/gemma-3-12b-it,zero,0
legitimate,253,3,1.31e-05,1.497,ephishllm:2570,ephishllm,0,google/gemma-3-12b-it,zero,0
legitimate,221,3,1.15e-05,0.545,ephishllm:1842,ephishllm,0,google/gemma-3-12b-it,zero,0
legitimate,139,3,7.4e-06,1.239,ephishllm:3764,ephishllm,0,google/gemma-3-12b-it,zero,0
legitimate,196,3,1.025e-05,0.584,ephishllm:765,ephishllm,0,google/gemma-3-12b-it,zero,0
legitimate,204,3,1.065e-05,1.337,ephishllm:1135,ephishllm,0,google/gemma-3-12b-it,zero,0
legitimate,135,3,7.2e-06,0.782,ephishllm:1421,ephishllm,0,google/gemma-3-12b-it,zero,0
phishing,178,3,9.35e-06,1.078,ephishllm:227,ephishllm,0,google/gemma-3-12b-it,zero,1
legitimate,195,3,1.02e-05,0.649,ephishllm:1551,ephishllm,0,google/gemma-3-12b-it,zero,0
legitimate,183,3,9.6e-06,1.223,ephishllm:4244,ephishllm,0,google/gemma-3-12b-it,zero,0
legitimate,276,3,1.425e-05,1.055,ephishllm:1351,ephishllm,0,google/gemma-3-12b-it,zero,0
legitimate,243,3,1.26e-05,0.76,ephishllm:1144,ephishllm,0,google/gemma-3-12b-it,zero,0
phishing,145,3,7.7e-06,0.874,ephishllm:2526,ephishllm,0,google/gemma-3-12b-it,zero,1
legitimate,185,3,9.7e-06,0.883,ephishllm:4182,ephishllm,0,google/gemma-3-12b-it,zero,0
legitimate,140,3,7.45e-06,1.244,ephishllm:1973,ephishllm,0,google/gemma-3-12b-it,zero,0
legitimate,156,3,8.25e-06,1.707,ephishllm:1831,ephishllm,0,google/gemma-3-12b-it,zero,0
legitimate,168,3,8.85e-06,0.536,ephishllm:3631,ephishllm,0,google/gemma-3-12b-it,zero,0
legitimate,166,3,8.75e-06,0.524,ephishllm:8,ephishllm,0,google/gemma-3-12b-it,zero,0
legitimate,159,3,8.4e-06,1.707,ephishllm:23,ephishllm,0,google/gemma-3-12b-it,zero,0
legitimate,208,3,1.085e-05,0.819,ephishllm:764,ephishllm,0,google/gemma-3-12b-it,zero,0
legitimate,159,3,8.4e-06,0.551,ephishllm:3123,ephishllm,0,google/gemma-3-12b-it,zero,0
legitimate,164,3,8.65e-06,1.036,ephishllm:859,ephishllm,0,google/gemma-3-12b-it,zero,0
legitimate,177,3,9.3e-06,0.725,ephishllm:742,ephishllm,0,google/gemma-3-12b-it,zero,0
legitimate,121,3,6.5e-06,0.776,ephishllm:4151,ephishllm,0,google/gemma-3-12b-it,zero,0
legitimate,175,3,9.2e-06,0.988,ephishllm:4239,ephishllm,0,google/gemma-3-12b-it,zero,0
legitimate,146,3,7.75e-06,1.496,ephishllm:4637,ephishllm,0,google/gemma-3-12b-it,zero,0
legitimate,248,3,1.285e-05,0.671,ephishllm:577,ephishllm,0,google/gemma-3-12b-it,zero,0
legitimate,300,3,1.545e-05,0.776,ephishllm:3392,ephishllm,0,google/gemma-3-12b-it,zero,0
legitimate,131,3,7e-06,0.683,ephishllm:670,ephishllm,0,google/gemma-3-12b-it,zero,0
legitimate,190,3,9.95e-06,2.069,ephishllm:1027,ephishllm,0,google/gemma-3-12b-it,zero,0
legitimate,188,3,9.85e-06,0.825,ephishllm:2341,ephishllm,0,google/gemma-3-12b-it,zero,0
legitimate,237,3,1.23e-05,1.634,ephishllm:4597,ephishllm,0,google/gemma-3-12b-it,zero,0
legitimate,161,3,8.5e-06,0.603,ephishllm:1665,ephishllm,0,google/gemma-3-12b-it,zero,0
legitimate,274,3,1.415e-05,1.1,ephishllm:3657,ephishllm,0,google/gemma-3-12b-it,zero,0
legitimate,170,3,8.95e-06,0.659,ephishllm:3081,ephishllm,0,google/gemma-3-12b-it,zero,0
legitimate,214,3,1.115e-05,1.214,ephishllm:491,ephishllm,0,google/gemma-3-12b-it,zero,0
legitimate,217,3,1.13e-05,1.138,ephishllm:534,ephishllm,0,google/gemma-3-12b-it,zero,0
legitimate,254,3,1.315e-05,1.927,ephishllm:65,ephishllm,0,google/gemma-3-12b-it,zero,0
legitimate,138,3,7.35e-06,2.124,ephishllm:4372,ephishllm,0,google/gemma-3-12b-it,zero,0
legitimate,169,3,8.9e-06,0.835,ephishllm:2672,ephishllm,0,google/gemma-3-12b-it,zero,0
legitimate,169,3,8.9e-06,0.541,ephishllm:763,ephishllm,0,google/gemma-3-12b-it,zero,0
legitimate,142,3,7.55e-06,1.708,ephishllm:1694,ephishllm,0,google/gemma-3-12b-it,zero,0
legitimate,244,3,1.265e-05,0.614,ephishllm:3751,ephishllm,0,google/gemma-3-12b-it,zero,0
legitimate,201,3,1.05e-05,0.643,ephishllm:4752,ephishllm,0,google/gemma-3-12b-it,zero,0
legitimate,175,3,9.2e-06,0.701,ephishllm:4261,ephishllm,0,google/gemma-3-12b-it,zero,0
legitimate,165,3,8.7e-06,0.804,ephishllm:1718,ephishllm,0,google/gemma-3-12b-it,zero,0
legitimate,175,3,9.2e-06,0.798,ephishllm:199,ephishllm,0,google/gemma-3-12b-it,zero,0
phishing,203,3,1.06e-05,1.237,ephishllm:3539,ephishllm,0,google/gemma-3-12b-it,zero,1
legitimate,180,3,9.45e-06,0.661,ephishllm:1614,ephishllm,0,google/gemma-3-12b-it,zero,0
legitimate,219,3,1.14e-05,0.637,ephishllm:2267,ephishllm,0,google/gemma-3-12b-it,zero,0
legitimate,212,3,1.105e-05,0.588,ephishllm:1610,ephishllm,0,google/gemma-3-12b-it,zero,0
legitimate,214,3,1.115e-05,1.265,ephishllm:3559,ephishllm,0,google/gemma-3-12b-it,zero,0
legitimate,133,3,7.1e-06,0.6,ephishllm:1728,ephishllm,0,google/gemma-3-12b-it,zero,0
legitimate,184,3,9.65e-06,1.929,ephishllm:1514,ephishllm,0,google/gemma-3-12b-it,zero,0
legitimate,262,3,1.355e-05,0.56,ephishllm:4317,ephishllm,0,google/gemma-3-12b-it,zero,0
legitimate,155,3,8.2e-06,0.619,ephishllm:3633,ephishllm,0,google/gemma-3-12b-it,zero,0
legitimate,230,3,1.195e-05,0.571,ephishllm:3722,ephishllm,0,google/gemma-3-12b-it,zero,0
legitimate,206,3,1.075e-05,0.875,ephishllm:1784,ephishllm,0,google/gemma-3-12b-it,zero,0
legitimate,152,3,8.05e-06,0.549,ephishllm:3725,ephishllm,0,google/gemma-3-12b-it,zero,0
legitimate,193,3,1.01e-05,0.611,ephishllm:1438,ephishllm,0,google/gemma-3-12b-it,zero,0
legitimate,224,3,1.165e-05,1.253,ephishllm:3741,ephishllm,0,google/gemma-3-12b-it,zero,0
legitimate,175,3,9.2e-06,0.663,ephishllm:4750,ephishllm,0,google/gemma-3-12b-it,zero,0
legitimate,187,3,9.8e-06,0.586,ephishllm:3583,ephishllm,0,google/gemma-3-12b-it,zero,0
legitimate,213,3,1.11e-05,0.606,ephishllm:3066,ephishllm,0,google/gemma-3-12b-it,zero,0
legitimate,188,3,9.85e-06,1.071,ephishllm:879,ephishllm,0,google/gemma-3-12b-it,zero,0
phishing,150,3,7.95e-06,1.208,ephishllm:3352,ephishllm,0,google/gemma-3-12b-it,zero,1
phishing,195,3,1.02e-05,0.588,ephishllm:287,ephishllm,0,google/gemma-3-12b-it,zero,1
legitimate,207,3,1.08e-05,1.714,ephishllm:1391,ephishllm,0,google/gemma-3-12b-it,zero,0
legitimate,178,3,9.35e-06,1.036,ephishllm:4227,ephishllm,0,google/gemma-3-12b-it,zero,0
legitimate,291,3,1.5e-05,0.633,ephishllm:915,ephishllm,0,google/gemma-3-12b-it,zero,0
legitimate,223,3,1.16e-05,0.609,ephishllm:2348,ephishllm,0,google/gemma-3-12b-it,zero,0
legitimate,236,3,1.225e-05,0.734,ephishllm:3669,ephishllm,0,google/gemma-3-12b-it,zero,0
legitimate,209,3,1.09e-05,0.733,ephishllm:4256,ephishllm,0,google/gemma-3-12b-it,zero,0
legitimate,203,3,1.06e-05,0.906,ephishllm:969,ephishllm,0,google/gemma-3-12b-it,zero,0
legitimate,175,3,9.2e-06,0.919,ephishllm:2406,ephishllm,0,google/gemma-3-12b-it,zero,0
phishing,218,3,1.135e-05,0.557,ephishllm:3688,ephishllm,0,google/gemma-3-12b-it,zero,1
legitimate,223,3,1.16e-05,0.734,ephishllm:584,ephishllm,0,google/gemma-3-12b-it,zero,0
legitimate,248,3,1.285e-05,2.824,ephishllm:144,ephishllm,0,google/gemma-3-12b-it,zero,0
legitimate,156,3,8.25e-06,0.59,ephishllm:3683,ephishllm,0,google/gemma-3-12b-it,zero,0
legitimate,195,3,1.02e-05,1.64,ephishllm:290,ephishllm,0,google/gemma-3-12b-it,zero,0
legitimate,187,3,9.8e-06,0.668,ephishllm:1047,ephishllm,0,google/gemma-3-12b-it,zero,0
legitimate,223,3,1.16e-05,1.346,ephishllm:4694,ephishllm,0,google/gemma-3-12b-it,zero,0
legitimate,212,3,1.105e-05,1.402,ephishllm:841,ephishllm,0,google/gemma-3-12b-it,zero,0
legitimate,208,3,1.085e-05,0.68,ephishllm:4214,ephishllm,0,google/gemma-3-12b-it,zero,0
legitimate,138,3,7.35e-06,2.891,ephishllm:4403,ephishllm,0,google/gemma-3-12b-it,zero,0
legitimate,310,3,1.595e-05,1.839,ephishllm:2897,ephishllm,0,google/gemma-3-12b-it,zero,0
phishing,169,3,8.9e-06,1.125,ephishllm:4083,ephishllm,0,google/gemma-3-12b-it,zero,1
legitimate,294,3,1.515e-05,0.618,ephishllm:4753,ephishllm,0,google/gemma-3-12b-it,zero,0
legitimate,196,3,1.025e-05,0.608,ephishllm:1532,ephishllm,0,google/gemma-3-12b-it,zero,0
legitimate,157,3,8.3e-06,0.926,ephishllm:721,ephishllm,0,google/gemma-3-12b-it,zero,0
legitimate,209,3,1.09e-05,0.718,ephishllm:4294,ephishllm,0,google/gemma-3-12b-it,zero,0
legitimate,178,3,9.35e-06,0.824,ephishllm:132,ephishllm,0,google/gemma-3-12b-it,zero,0
legitimate,168,3,8.85e-06,0.808,ephishllm:2803,ephishllm,0,google/gemma-3-12b-it,zero,0
legitimate,182,3,9.55e-06,0.572,ephishllm:838,ephishllm,0,google/gemma-3-12b-it,zero,0
legitimate,205,3,1.07e-05,0.91,ephishllm:677,ephishllm,0,google/gemma-3-12b-it,zero,0
legitimate,218,3,1.135e-05,0.615,ephishllm:3852,ephishllm,0,google/gemma-3-12b-it,zero,0
legitimate,144,3,7.65e-06,0.577,ephishllm:3792,ephishllm,0,google/gemma-3-12b-it,zero,0
legitimate,164,3,8.65e-06,0.773,ephishllm:2650,ephishllm,0,google/gemma-3-12b-it,zero,0
phishing,167,3,8.8e-06,0.658,ephishllm:296,ephishllm,0,google/gemma-3-12b-it,zero,1
legitimate,153,3,8.1e-06,0.627,ephishllm:3441,ephishllm,0,google/gemma-3-12b-it,zero,0
legitimate,177,3,9.3e-06,0.902,ephishllm:2361,ephishllm,0,google/gemma-3-12b-it,zero,0
legitimate,228,3,1.185e-05,0.881,ephishllm:4422,ephishllm,0,google/gemma-3-12b-it,zero,0
phishing,316,3,1.625e-05,0.707,ceas08:6043,ceas08,1,google/gemma-3-12b-it,zero,1
phishing,116,3,6.25e-06,0.746,ceas08:9802,ceas08,1,google/gemma-3-12b-it,zero,1
phishing,673,3,3.41e-05,0.658,ceas08:5602,ceas08,1,google/gemma-3-12b-it,zero,1
legitimate,110,3,5.95e-06,0.644,ceas08:4216,ceas08,0,google/gemma-3-12b-it,zero,0
phishing,707,3,3.58e-05,0.678,ceas08:2131,ceas08,0,google/gemma-3-12b-it,zero,1
phishing,493,3,2.51e-05,0.693,ceas08:3259,ceas08,0,google/gemma-3-12b-it,zero,1
legitimate,277,3,1.43e-05,0.643,ceas08:3652,ceas08,0,google/gemma-3-12b-it,zero,0
legitimate,429,3,2.19e-05,0.971,ceas08:1896,ceas08,0,google/gemma-3-12b-it,zero,0
legitimate,242,3,1.255e-05,0.694,ceas08:4056,ceas08,0,google/gemma-3-12b-it,zero,0
phishing,214,3,1.115e-05,0.887,trec07:6083,trec07,1,google/gemma-3-12b-it,zero,1
legitimate,511,3,2.6e-05,0.807,trec07:2088,trec07,0,google/gemma-3-12b-it,zero,0
phishing,320,3,1.645e-05,0.71,trec07:4253,trec07,0,google/gemma-3-12b-it,zero,1
legitimate,706,3,3.575e-05,0.965,trec07:3459,trec07,0,google/gemma-3-12b-it,zero,0
legitimate,450,3,2.295e-05,0.602,trec07:3083,trec07,0,google/gemma-3-12b-it,zero,0
legitimate,382,3,1.955e-05,0.55,trec07:4166,trec07,0,google/gemma-3-12b-it,zero,0
legitimate,349,3,1.79e-05,0.681,ling:1548,ling,0,google/gemma-3-12b-it,zero,0
legitimate,334,3,1.715e-05,0.758,ling:692,ling,0,google/gemma-3-12b-it,zero,0
legitimate,85,3,4.7e-06,0.554,ling:58,ling,0,google/gemma-3-12b-it,zero,0
legitimate,395,3,2.02e-05,2.077,ling:2394,ling,0,google/gemma-3-12b-it,zero,0
legitimate,383,3,1.96e-05,0.6,ling:2542,ling,0,google/gemma-3-12b-it,zero,0
legitimate,232,3,1.205e-05,0.679,ling:2790,ling,0,google/gemma-3-12b-it,zero,0
legitimate,371,3,1.9e-05,2.654,ling:1712,ling,0,google/gemma-3-12b-it,zero,0
phishing,147,3,7.8e-06,0.633,ling:1961,ling,0,google/gemma-3-12b-it,zero,1
legitimate,275,3,1.42e-05,0.864,ling:2125,ling,0,google/gemma-3-12b-it,zero,0
legitimate,381,3,1.95e-05,0.922,ling:857,ling,0,google/gemma-3-12b-it,zero,0
legitimate,341,3,1.75e-05,2.749,ling:1352,ling,0,google/gemma-3-12b-it,zero,0
legitimate,453,3,2.31e-05,0.727,ling:578,ling,0,google/gemma-3-12b-it,zero,0
legitimate,377,3,1.93e-05,0.72,ling:2632,ling,0,google/gemma-3-12b-it,zero,0
legitimate,326,3,1.675e-05,0.909,ling:756,ling,0,google/gemma-3-12b-it,zero,0
legitimate,353,3,1.81e-05,0.652,ling:554,ling,0,google/gemma-3-12b-it,zero,0
phishing,146,3,7.75e-06,0.703,enron:7627,enron,1,google/gemma-3-12b-it,zero,1
phishing,77,3,4.3e-06,0.616,enron:7215,enron,1,google/gemma-3-12b-it,zero,1
phishing,291,3,1.5e-05,0.743,enron:8503,enron,1,google/gemma-3-12b-it,zero,1
phishing,116,3,6.25e-06,0.584,enron:8868,enron,1,google/gemma-3-12b-it,zero,1
phishing,447,3,2.28e-05,0.866,enron:7032,enron,1,google/gemma-3-12b-it,zero,1
phishing,314,3,1.615e-05,2.541,enron:8145,enron,1,google/gemma-3-12b-it,zero,1
phishing,414,3,2.115e-05,1.188,enron:6494,enron,1,google/gemma-3-12b-it,zero,1
phishing,70,3,3.95e-06,1.735,enron:9283,enron,1,google/gemma-3-12b-it,zero,1
phishing,647,3,3.28e-05,1.064,enron:6772,enron,1,google/gemma-3-12b-it,zero,1
phishing,187,3,9.8e-06,0.667,enron:9117,enron,1,google/gemma-3-12b-it,zero,1
phishing,106,3,5.75e-06,1.25,enron:6708,enron,1,google/gemma-3-12b-it,zero,1
phishing,386,3,1.975e-05,1.185,enron:5782,enron,1,google/gemma-3-12b-it,zero,1
phishing,233,3,1.21e-05,0.693,enron:1425,enron,0,google/gemma-3-12b-it,zero,1
phishing,430,3,2.195e-05,0.658,enron:5014,enron,0,google/gemma-3-12b-it,zero,1
legitimate,87,3,4.8e-06,0.748,enron:1773,enron,0,google/gemma-3-12b-it,zero,0
legitimate,559,3,2.84e-05,0.959,enron:1616,enron,0,google/gemma-3-12b-it,zero,0
phishing,76,3,4.25e-06,1.15,enron:5267,enron,0,google/gemma-3-12b-it,zero,1
legitimate,338,3,1.735e-05,1.143,enron:4526,enron,0,google/gemma-3-12b-it,zero,0
phishing,284,3,1.465e-05,0.88,enron:4763,enron,0,google/gemma-3-12b-it,zero,1
phishing,316,3,1.625e-05,1.013,enron:5199,enron,0,google/gemma-3-12b-it,zero,1
legitimate,514,3,2.615e-05,2.131,enron:4180,enron,0,google/gemma-3-12b-it,zero,0
legitimate,371,3,1.9e-05,0.667,enron:5100,enron,0,google/gemma-3-12b-it,zero,0
phishing,103,3,5.6e-06,0.781,enron:1532,enron,0,google/gemma-3-12b-it,zero,1
legitimate,572,3,2.905e-05,1.514,enron:2072,enron,0,google/gemma-3-12b-it,zero,0
legitimate,147,3,7.8e-06,0.761,enron:23,enron,0,google/gemma-3-12b-it,zero,0
legitimate,263,3,1.36e-05,1.178,enron:5192,enron,0,google/gemma-3-12b-it,zero,0
phishing,274,3,1.415e-05,1.219,enron:1292,enron,0,google/gemma-3-12b-it,zero,1
legitimate,475,3,2.42e-05,0.832,enron:879,enron,0,google/gemma-3-12b-it,zero,0
legitimate,141,3,7.5e-06,0.676,enron:653,enron,0,google/gemma-3-12b-it,zero,0
legitimate,403,3,2.06e-05,0.68,enron:2153,enron,0,google/gemma-3-12b-it,zero,0
legitimate,105,3,5.7e-06,1.061,enron:4144,enron,0,google/gemma-3-12b-it,zero,0
phishing,145,3,7.7e-06,1.279,enron:1434,enron,0,google/gemma-3-12b-it,zero,1
phishing,224,3,1.165e-05,1.746,enron:877,enron,0,google/gemma-3-12b-it,zero,1
phishing,563,3,2.86e-05,1.323,enron:439,enron,0,google/gemma-3-12b-it,zero,1
phishing,120,3,6.45e-06,0.715,enron:2314,enron,0,google/gemma-3-12b-it,zero,1
legitimate,279,3,1.44e-05,1.322,enron:80,enron,0,google/gemma-3-12b-it,zero,0
phishing,530,3,2.695e-05,0.741,enron:4049,enron,0,google/gemma-3-12b-it,zero,1
phishing,117,3,6.3e-06,0.667,enron:2882,enron,0,google/gemma-3-12b-it,zero,1
phishing,291,3,1.5e-05,0.701,kaggle:8822,kaggle,1,google/gemma-3-12b-it,zero,1
phishing,117,3,6.3e-06,1.934,kaggle:9287,kaggle,1,google/gemma-3-12b-it,zero,1
phishing,102,3,5.55e-06,0.685,kaggle:8928,kaggle,1,google/gemma-3-12b-it,zero,1
phishing,388,3,1.985e-05,0.655,kaggle:6996,kaggle,1,google/gemma-3-12b-it,zero,1
phishing,377,3,1.93e-05,1.03,kaggle:7820,kaggle,1,google/gemma-3-12b-it,zero,1
phishing,94,3,5.15e-06,1.52,kaggle:8084,kaggle,1,google/gemma-3-12b-it,zero,1
phishing,399,3,2.04e-05,0.751,kaggle:6627,kaggle,1,google/gemma-3-12b-it,zero,1
phishing,194,3,1.015e-05,0.554,kaggle:9741,kaggle,1,google/gemma-3-12b-it,zero,1
legitimate,374,3,1.915e-05,1.203,kaggle:6286,kaggle,1,google/gemma-3-12b-it,zero,0
phishing,383,3,1.96e-05,0.65,kaggle:7537,kaggle,1,google/gemma-3-12b-it,zero,1
phishing,211,3,1.1e-05,1.002,kaggle:8594,kaggle,1,google/gemma-3-12b-it,zero,1
phishing,434,3,2.215e-05,2.695,kaggle:6418,kaggle,1,google/gemma-3-12b-it,zero,1
phishing,369,3,1.89e-05,0.806,kaggle:6890,kaggle,1,google/gemma-3-12b-it,zero,1
phishing,452,3,2.305e-05,0.996,kaggle:9561,kaggle,1,google/gemma-3-12b-it,zero,1
phishing,472,3,2.405e-05,1.177,kaggle:9480,kaggle,1,google/gemma-3-12b-it,zero,1
phishing,347,3,1.78e-05,0.641,kaggle:8198,kaggle,1,google/gemma-3-12b-it,zero,1
legitimate,212,3,1.105e-05,2.938,kaggle:1345,kaggle,0,google/gemma-3-12b-it,zero,0
legitimate,156,3,8.25e-06,1.674,kaggle:4490,kaggle,0,google/gemma-3-12b-it,zero,0
phishing,440,3,2.245e-05,1.231,kaggle:3836,kaggle,0,google/gemma-3-12b-it,zero,1
spam,264,2,1.35e-05,0.954,kaggle:4837,kaggle,0,google/gemma-3-12b-it,zero,1
phishing,435,3,2.22e-05,0.701,kaggle:156,kaggle,0,google/gemma-3-12b-it,zero,1
phishing,371,3,1.9e-05,1.277,kaggle:2570,kaggle,0,google/gemma-3-12b-it,zero,1
phishing,63,3,3.6e-06,0.744,kaggle:6035,kaggle,0,google/gemma-3-12b-it,zero,1
phishing,106,3,5.75e-06,1.153,kaggle:5944,kaggle,0,google/gemma-3-12b-it,zero,1
legitimate,270,3,1.395e-05,0.601,kaggle:2862,kaggle,0,google/gemma-3-12b-it,zero,0
phishing,110,3,5.95e-06,0.649,kaggle:198,kaggle,0,google/gemma-3-12b-it,zero,1
legitimate,346,3,1.775e-05,1.362,kaggle:1144,kaggle,0,google/gemma-3-12b-it,zero,0
legitimate,373,3,1.91e-05,0.741,kaggle:3732,kaggle,0,google/gemma-3-12b-it,zero,0
legitimate,302,3,1.555e-05,0.826,kaggle:3308,kaggle,0,google/gemma-3-12b-it,zero,0
phishing,112,3,6.05e-06,1.118,nazario:352,nazario,1,google/gemma-3-12b-it,zero,1
phishing,247,3,1.28e-05,1.258,nazario:168,nazario,1,google/gemma-3-12b-it,zero,1
phishing,170,3,8.95e-06,1.027,nazario:522,nazario,1,google/gemma-3-12b-it,zero,1
phishing,212,3,1.105e-05,0.661,nazario:859,nazario,1,google/gemma-3-12b-it,zero,1
phishing,361,3,1.85e-05,1.89,nazario:1182,nazario,1,google/gemma-3-12b-it,zero,1
phishing,120,3,6.45e-06,0.603,nazario:184,nazario,1,google/gemma-3-12b-it,zero,1
phishing,126,3,6.75e-06,0.513,nazario:701,nazario,1,google/gemma-3-12b-it,zero,1
phishing,347,3,1.78e-05,0.797,nazario:1288,nazario,1,google/gemma-3-12b-it,zero,1
phishing,397,3,2.03e-05,1.201,nazario:494,nazario,1,google/gemma-3-12b-it,zero,1
phishing,132,3,7.05e-06,0.683,nazario:1381,nazario,1,google/gemma-3-12b-it,zero,1
phishing,193,3,1.01e-05,0.768,nazario:610,nazario,1,google/gemma-3-12b-it,zero,1
phishing,119,3,6.4e-06,1.366,nazario:974,nazario,1,google/gemma-3-12b-it,zero,1
phishing,298,3,1.535e-05,0.678,nazario:986,nazario,1,google/gemma-3-12b-it,zero,1
phishing,100,3,5.45e-06,1.144,nazario:1259,nazario,1,google/gemma-3-12b-it,zero,1
phishing,172,3,9.05e-06,0.63,nazario:203,nazario,1,google/gemma-3-12b-it,zero,1
phishing,301,3,1.55e-05,0.763,nazario:371,nazario,1,google/gemma-3-12b-it,zero,1
phishing,244,3,1.265e-05,0.603,nazario:1430,nazario,1,google/gemma-3-12b-it,zero,1
phishing,194,3,1.015e-05,1.05,nazario:670,nazario,1,google/gemma-3-12b-it,zero,1
phishing,114,3,6.15e-06,0.793,nazario:617,nazario,1,google/gemma-3-12b-it,zero,1
phishing,292,3,1.505e-05,0.723,nazario:1203,nazario,1,google/gemma-3-12b-it,zero,1
phishing,268,3,1.385e-05,1.224,nazario:199,nazario,1,google/gemma-3-12b-it,zero,1
phishing,186,3,9.75e-06,1.509,nazario:1362,nazario,1,google/gemma-3-12b-it,zero,1
phishing,267,3,1.38e-05,0.826,nazario:1000,nazario,1,google/gemma-3-12b-it,zero,1
phishing,413,3,2.11e-05,0.697,nazario:141,nazario,1,google/gemma-3-12b-it,zero,1
phishing,384,3,1.965e-05,0.804,nazario:1446,nazario,1,google/gemma-3-12b-it,zero,1
phishing,349,3,1.79e-05,2.856,nazario:1179,nazario,1,google/gemma-3-12b-it,zero,1
phishing,235,3,1.22e-05,1.193,nazario:988,nazario,1,google/gemma-3-12b-it,zero,1
phishing,265,3,1.37e-05,2.043,nazario:490,nazario,1,google/gemma-3-12b-it,zero,1
phishing,1006,3,5.075e-05,1.131,nazario:527,nazario,1,google/gemma-3-12b-it,zero,1
phishing,134,3,7.15e-06,1.627,nazario:1548,nazario,1,google/gemma-3-12b-it,zero,1
phishing,110,3,5.95e-06,2.207,nazario:774,nazario,1,google/gemma-3-12b-it,zero,1
phishing,314,3,1.615e-05,0.631,nazario:383,nazario,1,google/gemma-3-12b-it,zero,1
phishing,172,3,9.05e-06,1.2,nazario:1252,nazario,1,google/gemma-3-12b-it,zero,1
phishing,192,3,1.005e-05,1.126,nazario:718,nazario,1,google/gemma-3-12b-it,zero,1
phishing,400,3,2.045e-05,1.53,nazario:1098,nazario,1,google/gemma-3-12b-it,zero,1
phishing,251,3,1.3e-05,1.149,nazario:29,nazario,1,google/gemma-3-12b-it,zero,1
phishing,362,3,1.855e-05,0.674,nazario:367,nazario,1,google/gemma-3-12b-it,zero,1
phishing,474,3,2.415e-05,1.021,nazario:1421,nazario,1,google/gemma-3-12b-it,zero,1
phishing,159,3,8.4e-06,0.917,nazario:631,nazario,1,google/gemma-3-12b-it,zero,1
phishing,97,3,5.3e-06,0.595,nazario:1342,nazario,1,google/gemma-3-12b-it,zero,1
phishing,191,3,1e-05,1.143,nazario:1213,nazario,1,google/gemma-3-12b-it,zero,1
phishing,113,3,6.1e-06,0.817,nazario:413,nazario,1,google/gemma-3-12b-it,zero,1
phishing,434,3,2.215e-05,1.327,nazario:743,nazario,1,google/gemma-3-12b-it,zero,1
phishing,440,3,2.245e-05,0.695,nigerian:2159,nigerian,1,google/gemma-3-12b-it,zero,1
phishing,394,3,2.015e-05,0.582,nigerian:1929,nigerian,1,google/gemma-3-12b-it,zero,1
phishing,399,3,2.04e-05,0.939,nigerian:2252,nigerian,1,google/gemma-3-12b-it,zero,1
phishing,496,3,2.525e-05,0.989,nigerian:2415,nigerian,1,google/gemma-3-12b-it,zero,1
phishing,427,3,2.18e-05,3.144,nigerian:2902,nigerian,1,google/gemma-3-12b-it,zero,1
phishing,443,3,2.26e-05,0.629,nigerian:354,nigerian,1,google/gemma-3-12b-it,zero,1
phishing,411,3,2.1e-05,0.852,nigerian:809,nigerian,1,google/gemma-3-12b-it,zero,1
phishing,373,3,1.91e-05,1.131,nigerian:239,nigerian,1,google/gemma-3-12b-it,zero,1
phishing,441,3,2.25e-05,0.745,nigerian:611,nigerian,1,google/gemma-3-12b-it,zero,1
phishing,393,3,2.01e-05,0.65,nigerian:1057,nigerian,1,google/gemma-3-12b-it,zero,1
phishing,432,3,2.205e-05,0.721,nigerian:1723,nigerian,1,google/gemma-3-12b-it,zero,1
phishing,413,3,2.11e-05,1.146,nigerian:2655,nigerian,1,google/gemma-3-12b-it,zero,1
phishing,396,3,2.025e-05,0.919,nigerian:134,nigerian,1,google/gemma-3-12b-it,zero,1
phishing,426,3,2.175e-05,0.715,nigerian:2634,nigerian,1,google/gemma-3-12b-it,zero,1
phishing,398,3,2.035e-05,0.817,nigerian:2639,nigerian,1,google/gemma-3-12b-it,zero,1
phishing,498,3,2.535e-05,0.593,nigerian:2761,nigerian,1,google/gemma-3-12b-it,zero,1
phishing,382,3,1.955e-05,1.143,nigerian:70,nigerian,1,google/gemma-3-12b-it,zero,1
phishing,429,3,2.19e-05,0.714,nigerian:2176,nigerian,1,google/gemma-3-12b-it,zero,1
phishing,127,3,6.8e-06,0.572,nigerian:2553,nigerian,1,google/gemma-3-12b-it,zero,1
phishing,388,3,1.985e-05,0.657,nigerian:17,nigerian,1,google/gemma-3-12b-it,zero,1
phishing,394,3,2.015e-05,1.32,nigerian:478,nigerian,1,google/gemma-3-12b-it,zero,1
phishing,430,3,2.195e-05,0.572,nigerian:817,nigerian,1,google/gemma-3-12b-it,zero,1
phishing,443,3,2.26e-05,0.645,nigerian:1105,nigerian,1,google/gemma-3-12b-it,zero,1
phishing,174,3,9.15e-06,0.505,ephishllm:5904,ephishllm,1,google/gemma-3-12b-it,zero,1
phishing,120,3,6.45e-06,0.623,ephishllm:6898,ephishllm,1,google/gemma-3-12b-it,zero,1
phishing,212,3,1.105e-05,0.567,ephishllm:5550,ephishllm,1,google/gemma-3-12b-it,zero,1
phishing,149,3,7.9e-06,0.603,ephishllm:5259,ephishllm,1,google/gemma-3-12b-it,zero,1
phishing,124,3,6.65e-06,0.577,ephishllm:5331,ephishllm,1,google/gemma-3-12b-it,zero,1
phishing,149,3,7.9e-06,1.362,ephishllm:6002,ephishllm,1,google/gemma-3-12b-it,zero,1
phishing,167,3,8.8e-06,0.57,ephishllm:5284,ephishllm,1,google/gemma-3-12b-it,zero,1
phishing,99,3,5.4e-06,0.591,ephishllm:8759,ephishllm,1,google/gemma-3-12b-it,zero,1
legitimate,128,3,6.85e-06,0.689,ephishllm:1684,ephishllm,0,google/gemma-3-12b-it,zero,0
legitimate,236,3,1.225e-05,0.674,ephishllm:4705,ephishllm,0,google/gemma-3-12b-it,zero,0
legitimate,249,3,1.29e-05,0.977,ephishllm:3734,ephishllm,0,google/gemma-3-12b-it,zero,0
legitimate,168,3,8.85e-06,0.591,ephishllm:1374,ephishllm,0,google/gemma-3-12b-it,zero,0
legitimate,200,3,1.045e-05,0.561,ephishllm:2628,ephishllm,0,google/gemma-3-12b-it,zero,0
phishing,213,3,1.11e-05,1.5,ephishllm:598,ephishllm,0,google/gemma-3-12b-it,zero,1
legitimate,149,3,7.9e-06,0.667,ephishllm:3265,ephishllm,0,google/gemma-3-12b-it,zero,0
legitimate,293,3,1.51e-05,0.967,ephishllm:4469,ephishllm,0,google/gemma-3-12b-it,zero,0
legitimate,237,3,1.23e-05,0.586,ephishllm:1972,ephishllm,0,google/gemma-3-12b-it,zero,0
legitimate,227,3,1.18e-05,2.07,ephishllm:1056,ephishllm,0,google/gemma-3-12b-it,zero,0
phishing,204,3,1.065e-05,0.571,ephishllm:501,ephishllm,0,google/gemma-3-12b-it,zero,1
phishing,160,3,8.45e-06,0.677,ephishllm:2596,ephishllm,0,google/gemma-3-12b-it,zero,1
legitimate,184,3,9.65e-06,0.576,ephishllm:4691,ephishllm,0,google/gemma-3-12b-it,zero,0
legitimate,169,3,8.9e-06,0.708,ephishllm:1437,ephishllm,0,google/gemma-3-12b-it,zero,0
legitimate,188,3,9.85e-06,1.036,ephishllm:322,ephishllm,0,google/gemma-3-12b-it,zero,0
legitimate,200,3,1.045e-05,0.603,ephishllm:2899,ephishllm,0,google/gemma-3-12b-it,zero,0
legitimate,203,3,1.06e-05,1.032,ephishllm:4112,ephishllm,0,google/gemma-3-12b-it,zero,0
phishing,216,3,1.125e-05,0.545,ephishllm:1522,ephishllm,0,google/gemma-3-12b-it,zero,1
legitimate,217,3,1.13e-05,0.796,ephishllm:1024,ephishllm,0,google/gemma-3-12b-it,zero,0
legitimate,240,3,1.245e-05,0.728,ephishllm:3990,ephishllm,0,google/gemma-3-12b-it,zero,0
legitimate,148,3,7.85e-06,0.684,ephishllm:1812,ephishllm,0,google/gemma-3-12b-it,zero,0
legitimate,215,3,1.12e-05,0.68,ephishllm:964,ephishllm,0,google/gemma-3-12b-it,zero,0
legitimate,224,3,1.165e-05,0.76,ephishllm:4152,ephishllm,0,google/gemma-3-12b-it,zero,0
legitimate,222,3,1.155e-05,1.317,ephishllm:2236,ephishllm,0,google/gemma-3-12b-it,zero,0
legitimate,132,3,7.05e-06,2.252,ephishllm:4374,ephishllm,0,google/gemma-3-12b-it,zero,0
phishing,450,3,2.295e-05,0.573,enron:4044,enron,0,google/gemma-3-12b-it,zero,1
phishing,70,3,3.95e-06,2.737,enron:4531,enron,0,google/gemma-3-12b-it,zero,1
phishing,888,3,4.485e-05,0.854,kaggle:6489,kaggle,1,google/gemma-3-12b-it,zero,1
phishing,152,3,8.05e-06,0.525,nazario:1102,nazario,1,google/gemma-3-12b-it,zero,1
phishing,120,3,6.45e-06,0.631,nazario:1235,nazario,1,google/gemma-3-12b-it,zero,1
phishing,274,3,1.415e-05,0.666,nazario:922,nazario,1,google/gemma-3-12b-it,zero,1
,0,0,0.0,0.0,nazario:1027,nazario,1,google/gemma-3-12b-it,zero,-1
phishing,908,3,4.585e-05,0.997,nazario:1450,nazario,1,google/gemma-3-12b-it,zero,1
