answer,tokens_in,tokens_out,cost_usd,latency_s,id,source,label,model,mode,pred_raw
"phishing

this email",373,5,2.681e-05,0.582,spamassassin:4742,spamassassin,1,microsoft/phi-4,zero,1
phishing,380,3,2.702e-05,3.47,spamassassin:5215,spamassassin,1,microsoft/phi-4,zero,1
phishing,394,3,2.8e-05,0.96,spamassassin:5738,spamassassin,1,microsoft/phi-4,zero,1
phishing,287,3,2.051e-05,0.559,spamassassin:4496,spamassassin,1,microsoft/phi-4,zero,1
phishing,412,3,2.926e-05,0.694,spamassassin:4625,spamassassin,1,microsoft/phi-4,zero,1
phishing,181,3,1.309e-05,1.199,spamassassin:5468,spamassassin,1,microsoft/phi-4,zero,1
"phishing

this email",427,5,3.059e-05,0.523,spamassassin:5352,spamassassin,1,microsoft/phi-4,zero,1
phishing,104,3,7.7e-06,0.561,spamassassin:4114,spamassassin,1,microsoft/phi-4,zero,1
"phishing

the email",471,5,3.367e-05,0.723,spamassassin:4693,spamassassin,1,microsoft/phi-4,zero,1
"phishing

the email",924,5,6.538e-05,0.537,spamassassin:5201,spamassassin,1,microsoft/phi-4,zero,1
phishing,350,3,2.492e-05,0.712,spamassassin:5497,spamassassin,1,microsoft/phi-4,zero,1
phishing,254,3,1.82e-05,0.676,spamassassin:5378,spamassassin,1,microsoft/phi-4,zero,1
"phishing

the email",313,5,2.261e-05,1.085,spamassassin:4430,spamassassin,1,microsoft/phi-4,zero,1
"phishing

this email",368,5,2.646e-05,0.504,spamassassin:5746,spamassassin,1,microsoft/phi-4,zero,1
phishing,273,3,1.953e-05,0.469,spamassassin:4692,spamassassin,1,microsoft/phi-4,zero,1
phishing,664,3,4.69e-05,0.484,spamassassin:4394,spamassassin,1,microsoft/phi-4,zero,1
phishing,434,3,3.08e-05,0.483,spamassassin:5420,spamassassin,1,microsoft/phi-4,zero,1
phishing,829,3,5.845e-05,0.941,spamassassin:5471,spamassassin,1,microsoft/phi-4,zero,1
phishing,372,3,2.646e-05,0.573,spamassassin:5118,spamassassin,1,microsoft/phi-4,zero,1
phishing,408,3,2.898e-05,0.665,spamassassin:5301,spamassassin,1,microsoft/phi-4,zero,1
phishing,408,3,2.898e-05,0.589,spamassassin:5185,spamassassin,1,microsoft/phi-4,zero,1
phishing,300,3,2.142e-05,0.581,spamassassin:5721,spamassassin,1,microsoft/phi-4,zero,1
"phishing

this email",235,5,1.715e-05,0.588,spamassassin:5037,spamassassin,1,microsoft/phi-4,zero,1
"phishing

this email",372,5,2.674e-05,0.619,spamassassin:4473,spamassassin,1,microsoft/phi-4,zero,1
phishing,390,3,2.772e-05,0.774,spamassassin:4169,spamassassin,1,microsoft/phi-4,zero,1
"phishing

this email",263,5,1.911e-05,0.595,spamassassin:5027,spamassassin,1,microsoft/phi-4,zero,1
"phishing

this email",223,5,1.631e-05,0.901,spamassassin:4907,spamassassin,1,microsoft/phi-4,zero,1
"phishing

this email",1063,5,7.511e-05,0.681,spamassassin:4553,spamassassin,1,microsoft/phi-4,zero,1
phishing,460,3,3.262e-05,0.619,spamassassin:4422,spamassassin,1,microsoft/phi-4,zero,1
phishing,75,3,5.67e-06,0.832,spamassassin:5012,spamassassin,1,microsoft/phi-4,zero,1
"phishing

this email",444,5,3.178e-05,0.527,spamassassin:5781,spamassassin,1,microsoft/phi-4,zero,1
phishing,488,3,3.458e-05,0.584,spamassassin:5503,spamassassin,1,microsoft/phi-4,zero,1
phishing,317,3,2.261e-05,1.54,spamassassin:4848,spamassassin,1,microsoft/phi-4,zero,1
phishing,410,3,2.912e-05,0.837,spamassassin:4520,spamassassin,1,microsoft/phi-4,zero,1
"phishing

this email",245,5,1.785e-05,0.516,spamassassin:5509,spamassassin,1,microsoft/phi-4,zero,1
"phishing

this email",418,5,2.996e-05,0.586,spamassassin:5628,spamassassin,1,microsoft/phi-4,zero,1
the email you've described,291,5,2.107e-05,0.452,spamassassin:4617,spamassassin,1,microsoft/phi-4,zero,-1
phishing,405,3,2.877e-05,0.467,spamassassin:5362,spamassassin,1,microsoft/phi-4,zero,1
phishing,320,3,2.282e-05,0.754,spamassassin:4792,spamassassin,1,microsoft/phi-4,zero,1
the email you've described,257,5,1.869e-05,0.701,spamassassin:5791,spamassassin,1,microsoft/phi-4,zero,-1
"phishing

the email",460,5,3.29e-05,0.518,spamassassin:4389,spamassassin,1,microsoft/phi-4,zero,1
the email you received from,170,5,1.26e-05,0.516,spamassassin:4276,spamassassin,1,microsoft/phi-4,zero,-1
"phishing

this email",455,5,3.255e-05,1.295,spamassassin:4869,spamassassin,1,microsoft/phi-4,zero,1
phishing,163,3,1.183e-05,0.897,spamassassin:4433,spamassassin,1,microsoft/phi-4,zero,1
phishing,405,3,2.877e-05,1.192,spamassassin:5169,spamassassin,1,microsoft/phi-4,zero,1
phishing,352,3,2.506e-05,0.903,spamassassin:5410,spamassassin,1,microsoft/phi-4,zero,1
"phishing

this email",442,5,3.164e-05,0.52,spamassassin:5740,spamassassin,1,microsoft/phi-4,zero,1
based on the content and,424,5,3.038e-05,1.519,spamassassin:5677,spamassassin,1,microsoft/phi-4,zero,-1
"phishing

this email",368,5,2.646e-05,1.259,spamassassin:4673,spamassassin,1,microsoft/phi-4,zero,1
the email you've described,162,5,1.204e-05,0.552,spamassassin:5597,spamassassin,1,microsoft/phi-4,zero,-1
phishing,337,3,2.401e-05,0.516,spamassassin:4541,spamassassin,1,microsoft/phi-4,zero,1
the email you've described,337,5,2.429e-05,1.36,spamassassin:4505,spamassassin,1,microsoft/phi-4,zero,-1
"phishing

the email",317,5,2.289e-05,1.648,spamassassin:5751,spamassassin,1,microsoft/phi-4,zero,1
phishing,401,3,2.849e-05,0.51,spamassassin:4279,spamassassin,1,microsoft/phi-4,zero,1
"phishing

the email",613,5,4.361e-05,0.586,spamassassin:5300,spamassassin,1,microsoft/phi-4,zero,1
phishing,221,3,1.589e-05,0.783,spamassassin:4140,spamassassin,1,microsoft/phi-4,zero,1
phishing,419,3,2.975e-05,0.732,spamassassin:5057,spamassassin,1,microsoft/phi-4,zero,1
phishing,283,3,2.023e-05,1.161,spamassassin:5667,spamassassin,1,microsoft/phi-4,zero,1
"phishing

the email",429,5,3.073e-05,1.076,spamassassin:5325,spamassassin,1,microsoft/phi-4,zero,1
the email you've described,251,5,1.827e-05,1.331,spamassassin:4964,spamassassin,1,microsoft/phi-4,zero,-1
"phishing

this email",326,5,2.352e-05,0.487,spamassassin:4680,spamassassin,1,microsoft/phi-4,zero,1
"phishing

this email",402,5,2.884e-05,0.516,spamassassin:4950,spamassassin,1,microsoft/phi-4,zero,1
phishing,212,3,1.526e-05,0.489,spamassassin:4569,spamassassin,1,microsoft/phi-4,zero,1
phishing,114,3,8.4e-06,0.479,spamassassin:4226,spamassassin,1,microsoft/phi-4,zero,1
"phishing

this email",326,5,2.352e-05,1.035,spamassassin:5743,spamassassin,1,microsoft/phi-4,zero,1
phishing,418,3,2.968e-05,1.373,spamassassin:5144,spamassassin,1,microsoft/phi-4,zero,1
phishing,333,3,2.373e-05,0.554,spamassassin:5001,spamassassin,1,microsoft/phi-4,zero,1
phishing,303,3,2.163e-05,0.418,spamassassin:5326,spamassassin,1,microsoft/phi-4,zero,1
phishing,412,3,2.926e-05,0.6,spamassassin:4773,spamassassin,1,microsoft/phi-4,zero,1
phishing,351,3,2.499e-05,0.811,spamassassin:4827,spamassassin,1,microsoft/phi-4,zero,1
"phishing

this email",436,5,3.122e-05,0.739,spamassassin:4407,spamassassin,1,microsoft/phi-4,zero,1
phishing,543,3,3.843e-05,0.693,spamassassin:5769,spamassassin,1,microsoft/phi-4,zero,1
phishing,187,3,1.351e-05,0.675,spamassassin:4570,spamassassin,1,microsoft/phi-4,zero,1
phishing,512,3,3.626e-05,0.454,spamassassin:5350,spamassassin,1,microsoft/phi-4,zero,1
phishing,151,3,1.099e-05,0.963,spamassassin:5689,spamassassin,1,microsoft/phi-4,zero,1
phishing,357,3,2.541e-05,1.366,spamassassin:4768,spamassassin,1,microsoft/phi-4,zero,1
based on the content and,469,5,3.353e-05,0.82,spamassassin:4868,spamassassin,1,microsoft/phi-4,zero,-1
phishing,1062,3,7.476e-05,0.856,spamassassin:4161,spamassassin,1,microsoft/phi-4,zero,1
phishing,418,3,2.968e-05,0.738,spamassassin:5080,spamassassin,1,microsoft/phi-4,zero,1
"phishing

this email",224,5,1.638e-05,1.88,spamassassin:4160,spamassassin,1,microsoft/phi-4,zero,1
based on the content and,263,5,1.911e-05,0.809,spamassassin:5629,spamassassin,1,microsoft/phi-4,zero,-1
phishing,459,3,3.255e-05,0.588,spamassassin:4555,spamassassin,1,microsoft/phi-4,zero,1
phishing,332,3,2.366e-05,0.46,spamassassin:4362,spamassassin,1,microsoft/phi-4,zero,1
phishing,285,3,2.037e-05,0.691,spamassassin:4415,spamassassin,1,microsoft/phi-4,zero,1
phishing,422,3,2.996e-05,0.887,spamassassin:5615,spamassassin,1,microsoft/phi-4,zero,1
"phishing

this email",467,5,3.339e-05,0.694,spamassassin:4784,spamassassin,1,microsoft/phi-4,zero,1
phishing,388,3,2.758e-05,0.69,spamassassin:5360,spamassassin,1,microsoft/phi-4,zero,1
the email you've described,374,5,2.688e-05,2.165,spamassassin:4156,spamassassin,1,microsoft/phi-4,zero,-1
as a large language model,303,5,2.191e-05,0.675,spamassassin:5683,spamassassin,1,microsoft/phi-4,zero,-1
phishing,964,3,6.79e-05,0.664,spamassassin:4803,spamassassin,1,microsoft/phi-4,zero,1
phishing,315,3,2.247e-05,0.639,spamassassin:5684,spamassassin,1,microsoft/phi-4,zero,1
the email you've received,413,5,2.961e-05,0.654,spamassassin:5427,spamassassin,1,microsoft/phi-4,zero,-1
based on the content and,195,5,1.435e-05,0.545,spamassassin:4562,spamassassin,1,microsoft/phi-4,zero,-1
phishing,418,3,2.968e-05,0.768,spamassassin:5386,spamassassin,1,microsoft/phi-4,zero,1
"phishing

this email",391,5,2.807e-05,0.506,spamassassin:4342,spamassassin,1,microsoft/phi-4,zero,1
based on the content and,366,5,2.632e-05,0.974,spamassassin:5059,spamassassin,1,microsoft/phi-4,zero,-1
phishing,308,3,2.198e-05,0.614,spamassassin:4120,spamassassin,1,microsoft/phi-4,zero,1
"phishing

the email",321,5,2.317e-05,0.771,spamassassin:4485,spamassassin,1,microsoft/phi-4,zero,1
phishing,318,3,2.268e-05,0.695,spamassassin:4970,spamassassin,1,microsoft/phi-4,zero,1
phishing,336,3,2.394e-05,1.584,spamassassin:4345,spamassassin,1,microsoft/phi-4,zero,1
phishing,340,3,2.422e-05,0.433,spamassassin:5079,spamassassin,1,microsoft/phi-4,zero,1
the email you've described,514,5,3.668e-05,1.042,spamassassin:4705,spamassassin,1,microsoft/phi-4,zero,-1
"phishing

this email",457,5,3.269e-05,0.592,spamassassin:4121,spamassassin,1,microsoft/phi-4,zero,1
as a large language model,293,5,2.121e-05,1.127,spamassassin:5180,spamassassin,1,microsoft/phi-4,zero,-1
phishing,251,3,1.799e-05,0.606,spamassassin:4206,spamassassin,1,microsoft/phi-4,zero,1
the email you described appears,67,5,5.39e-06,0.516,spamassassin:5708,spamassassin,1,microsoft/phi-4,zero,-1
based on the content and,359,5,2.583e-05,0.567,spamassassin:4458,spamassassin,1,microsoft/phi-4,zero,-1
phishing,559,3,3.955e-05,0.52,spamassassin:4711,spamassassin,1,microsoft/phi-4,zero,1
the email you've described,447,5,3.199e-05,0.524,spamassassin:4572,spamassassin,1,microsoft/phi-4,zero,-1
as a large language model,260,5,1.89e-05,0.836,spamassassin:4586,spamassassin,1,microsoft/phi-4,zero,-1
based on the content and,591,5,4.207e-05,0.458,spamassassin:5763,spamassassin,1,microsoft/phi-4,zero,-1
the email you've described,94,5,7.28e-06,1.997,spamassassin:4190,spamassassin,1,microsoft/phi-4,zero,-1
"phishing

this email",293,5,2.121e-05,1.357,spamassassin:5208,spamassassin,1,microsoft/phi-4,zero,1
phishing,367,3,2.611e-05,0.786,spamassassin:5323,spamassassin,1,microsoft/phi-4,zero,1
the email you've described,413,5,2.961e-05,0.514,spamassassin:4338,spamassassin,1,microsoft/phi-4,zero,-1
as a large language model,369,5,2.653e-05,0.454,spamassassin:4544,spamassassin,1,microsoft/phi-4,zero,-1
phishing,209,3,1.505e-05,0.435,spamassassin:5640,spamassassin,1,microsoft/phi-4,zero,1
"phishing

the email",446,5,3.192e-05,0.872,spamassassin:4264,spamassassin,1,microsoft/phi-4,zero,1
phishing,305,3,2.177e-05,0.479,spamassassin:4865,spamassassin,1,microsoft/phi-4,zero,1
the email you've described,266,5,1.932e-05,0.574,spamassassin:4955,spamassassin,1,microsoft/phi-4,zero,-1
phishing,1116,3,7.854e-05,0.459,spamassassin:4700,spamassassin,1,microsoft/phi-4,zero,1
phishing,218,3,1.568e-05,0.537,spamassassin:4897,spamassassin,1,microsoft/phi-4,zero,1
"phishing

this email",451,5,3.227e-05,0.528,spamassassin:5727,spamassassin,1,microsoft/phi-4,zero,1
"phishing

the email",618,5,4.396e-05,0.798,spamassassin:4923,spamassassin,1,microsoft/phi-4,zero,1
phishing,228,3,1.638e-05,0.614,spamassassin:5076,spamassassin,1,microsoft/phi-4,zero,1
"phishing

this email",479,5,3.423e-05,0.718,spamassassin:4802,spamassassin,1,microsoft/phi-4,zero,1
phishing,1113,3,7.833e-05,0.479,spamassassin:5785,spamassassin,1,microsoft/phi-4,zero,1
phishing,76,3,5.74e-06,1.806,spamassassin:5425,spamassassin,1,microsoft/phi-4,zero,1
phishing,409,3,2.905e-05,0.718,spamassassin:4516,spamassassin,1,microsoft/phi-4,zero,1
"phishing

the email",870,5,6.16e-05,0.494,spamassassin:4123,spamassassin,1,microsoft/phi-4,zero,1
phishing,294,3,2.1e-05,0.56,spamassassin:5331,spamassassin,1,microsoft/phi-4,zero,1
phishing,202,3,1.456e-05,0.492,spamassassin:5250,spamassassin,1,microsoft/phi-4,zero,1
phishing,382,3,2.716e-05,1.027,spamassassin:5344,spamassassin,1,microsoft/phi-4,zero,1
phishing,343,3,2.443e-05,0.467,spamassassin:5064,spamassassin,1,microsoft/phi-4,zero,1
"phishing

this email",436,5,3.122e-05,0.862,spamassassin:5021,spamassassin,1,microsoft/phi-4,zero,1
"phishing

this email",445,5,3.185e-05,0.777,spamassassin:4577,spamassassin,1,microsoft/phi-4,zero,1
based on the content and,371,5,2.667e-05,0.541,spamassassin:4871,spamassassin,1,microsoft/phi-4,zero,-1
phishing,399,3,2.835e-05,0.906,spamassassin:4294,spamassassin,1,microsoft/phi-4,zero,1
phishing,442,3,3.136e-05,1.685,spamassassin:4679,spamassassin,1,microsoft/phi-4,zero,1
"phishing

the email",183,5,1.351e-05,0.5,spamassassin:4135,spamassassin,1,microsoft/phi-4,zero,1
phishing,290,3,2.072e-05,0.441,spamassassin:4651,spamassassin,1,microsoft/phi-4,zero,1
phishing,398,3,2.828e-05,0.475,spamassassin:4621,spamassassin,1,microsoft/phi-4,zero,1
"phishing

the email",410,5,2.94e-05,1.082,spamassassin:5023,spamassassin,1,microsoft/phi-4,zero,1
phishing,426,3,3.024e-05,0.568,spamassassin:5474,spamassassin,1,microsoft/phi-4,zero,1
phishing,237,3,1.701e-05,0.482,spamassassin:4150,spamassassin,1,microsoft/phi-4,zero,1
phishing,418,3,2.968e-05,0.461,spamassassin:4530,spamassassin,1,microsoft/phi-4,zero,1
"phishing

this email",405,5,2.905e-05,0.467,spamassassin:4330,spamassassin,1,microsoft/phi-4,zero,1
as a large language model,169,5,1.253e-05,0.61,spamassassin:5098,spamassassin,1,microsoft/phi-4,zero,-1
"phishing

the email",977,5,6.909e-05,0.662,spamassassin:4388,spamassassin,1,microsoft/phi-4,zero,1
phishing,336,3,2.394e-05,0.517,spamassassin:5724,spamassassin,1,microsoft/phi-4,zero,1
"phishing

the email",246,5,1.792e-05,0.488,spamassassin:599,spamassassin,0,microsoft/phi-4,zero,1
"legitimate

the email",228,5,1.666e-05,0.683,spamassassin:752,spamassassin,0,microsoft/phi-4,zero,0
phishing,113,3,8.33e-06,0.67,spamassassin:2019,spamassassin,0,microsoft/phi-4,zero,1
legitimate,217,3,1.561e-05,0.436,spamassassin:1001,spamassassin,0,microsoft/phi-4,zero,0
"phishing

the email",169,5,1.253e-05,0.518,spamassassin:3567,spamassassin,0,microsoft/phi-4,zero,1
"phishing

the email",380,5,2.73e-05,0.505,spamassassin:4065,spamassassin,0,microsoft/phi-4,zero,1
"phishing

the email",379,5,2.723e-05,0.755,spamassassin:682,spamassassin,0,microsoft/phi-4,zero,1
based on the content and,348,5,2.506e-05,0.492,spamassassin:325,spamassassin,0,microsoft/phi-4,zero,-1
as a large language model,253,5,1.841e-05,1.078,spamassassin:166,spamassassin,0,microsoft/phi-4,zero,-1
"legitimate

the email",405,5,2.905e-05,0.591,spamassassin:1034,spamassassin,0,microsoft/phi-4,zero,0
"legitimate

the email",355,5,2.555e-05,0.603,spamassassin:3580,spamassassin,0,microsoft/phi-4,zero,0
"legitimate

the email",170,5,1.26e-05,0.524,spamassassin:857,spamassassin,0,microsoft/phi-4,zero,0
"phishing

the email",227,5,1.659e-05,1.064,spamassassin:109,spamassassin,0,microsoft/phi-4,zero,1
legitimate,225,3,1.617e-05,0.429,spamassassin:2775,spamassassin,0,microsoft/phi-4,zero,0
"legitimate

the email",391,5,2.807e-05,0.473,spamassassin:1811,spamassassin,0,microsoft/phi-4,zero,0
legitimate,262,3,1.876e-05,0.444,spamassassin:149,spamassassin,0,microsoft/phi-4,zero,0
"legitimate

the email",237,5,1.729e-05,0.684,spamassassin:2706,spamassassin,0,microsoft/phi-4,zero,0
"legitimate

the email",327,5,2.359e-05,1.436,spamassassin:298,spamassassin,0,microsoft/phi-4,zero,0
"legitimate

the email",291,5,2.107e-05,0.515,spamassassin:1395,spamassassin,0,microsoft/phi-4,zero,0
based on the content of,431,5,3.087e-05,0.64,spamassassin:1641,spamassassin,0,microsoft/phi-4,zero,-1
"legitimate

the email",260,5,1.89e-05,0.901,spamassassin:1593,spamassassin,0,microsoft/phi-4,zero,0
"legitimate

the email",219,5,1.603e-05,0.794,spamassassin:1909,spamassassin,0,microsoft/phi-4,zero,0
based on the content and,405,5,2.905e-05,0.573,spamassassin:179,spamassassin,0,microsoft/phi-4,zero,-1
legitimate,137,3,1.001e-05,0.606,spamassassin:33,spamassassin,0,microsoft/phi-4,zero,0
as a large language model,391,5,2.807e-05,1.007,spamassassin:2440,spamassassin,0,microsoft/phi-4,zero,-1
phishing,125,3,9.17e-06,0.504,spamassassin:2002,spamassassin,0,microsoft/phi-4,zero,1
"phishing

the email",517,5,3.689e-05,0.45,spamassassin:3953,spamassassin,0,microsoft/phi-4,zero,1
legitimate,170,3,1.232e-05,0.503,spamassassin:1330,spamassassin,0,microsoft/phi-4,zero,0
"legitimate

the email",206,5,1.512e-05,0.772,spamassassin:1027,spamassassin,0,microsoft/phi-4,zero,0
"legitimate

the email",271,5,1.967e-05,0.451,spamassassin:2787,spamassassin,0,microsoft/phi-4,zero,0
"phishing

the email",385,5,2.765e-05,0.483,spamassassin:555,spamassassin,0,microsoft/phi-4,zero,1
based on the content provided,721,5,5.117e-05,0.81,spamassassin:1740,spamassassin,0,microsoft/phi-4,zero,-1
"phishing

this email",420,5,3.01e-05,0.439,spamassassin:3121,spamassassin,0,microsoft/phi-4,zero,1
legitimate,378,3,2.688e-05,0.421,spamassassin:1018,spamassassin,0,microsoft/phi-4,zero,0
phishing,197,3,1.421e-05,0.503,spamassassin:2949,spamassassin,0,microsoft/phi-4,zero,1
based on the content of,281,5,2.037e-05,0.595,spamassassin:1258,spamassassin,0,microsoft/phi-4,zero,-1
based on the content and,421,5,3.017e-05,0.558,spamassassin:229,spamassassin,0,microsoft/phi-4,zero,-1
phishing,138,3,1.008e-05,0.724,spamassassin:1866,spamassassin,0,microsoft/phi-4,zero,1
"legitimate

the email",322,5,2.324e-05,0.47,spamassassin:1164,spamassassin,0,microsoft/phi-4,zero,0
"legitimate

the email",308,5,2.226e-05,0.68,spamassassin:2835,spamassassin,0,microsoft/phi-4,zero,0
"phishing

the email",282,5,2.044e-05,1.018,spamassassin:3620,spamassassin,0,microsoft/phi-4,zero,1
based on the content and,331,5,2.387e-05,1.49,spamassassin:3878,spamassassin,0,microsoft/phi-4,zero,-1
based on the content and,451,5,3.227e-05,0.51,spamassassin:1173,spamassassin,0,microsoft/phi-4,zero,-1
"legitimate

the email",222,5,1.624e-05,0.438,spamassassin:3256,spamassassin,0,microsoft/phi-4,zero,0
"phishing

the email",217,5,1.589e-05,0.491,spamassassin:3244,spamassassin,0,microsoft/phi-4,zero,1
"legitimate

the email",189,5,1.393e-05,0.643,spamassassin:96,spamassassin,0,microsoft/phi-4,zero,0
"legitimate

the email",310,5,2.24e-05,0.489,spamassassin:501,spamassassin,0,microsoft/phi-4,zero,0
"phishing

the email",476,5,3.402e-05,0.647,spamassassin:1186,spamassassin,0,microsoft/phi-4,zero,1
legitimate,384,3,2.73e-05,0.507,spamassassin:3801,spamassassin,0,microsoft/phi-4,zero,0
"legitimate

the email",432,5,3.094e-05,0.557,spamassassin:2727,spamassassin,0,microsoft/phi-4,zero,0
"legitimate

the email",277,5,2.009e-05,0.509,spamassassin:2936,spamassassin,0,microsoft/phi-4,zero,0
"legitimate

the email",258,5,1.876e-05,0.475,spamassassin:2510,spamassassin,0,microsoft/phi-4,zero,0
"phishing

the email",356,5,2.562e-05,0.477,spamassassin:132,spamassassin,0,microsoft/phi-4,zero,1
"phishing

the email",157,5,1.169e-05,1.601,spamassassin:869,spamassassin,0,microsoft/phi-4,zero,1
"legitimate

the email",310,5,2.24e-05,0.797,spamassassin:527,spamassassin,0,microsoft/phi-4,zero,0
"phishing

the email",556,5,3.962e-05,0.836,spamassassin:3950,spamassassin,0,microsoft/phi-4,zero,1
based on the content and,408,5,2.926e-05,0.64,spamassassin:3443,spamassassin,0,microsoft/phi-4,zero,-1
based on the content provided,383,5,2.751e-05,1.294,spamassassin:3160,spamassassin,0,microsoft/phi-4,zero,-1
legitimate,161,3,1.169e-05,0.452,spamassassin:2484,spamassassin,0,microsoft/phi-4,zero,0
"legitimate

the email",254,5,1.848e-05,0.503,spamassassin:305,spamassassin,0,microsoft/phi-4,zero,0
"legitimate

the email",428,5,3.066e-05,0.471,spamassassin:1041,spamassassin,0,microsoft/phi-4,zero,0
based on the content of,358,5,2.576e-05,0.478,spamassassin:2409,spamassassin,0,microsoft/phi-4,zero,-1
"legitimate

the email",256,5,1.862e-05,2.104,spamassassin:308,spamassassin,0,microsoft/phi-4,zero,0
"legitimate

the email",171,5,1.267e-05,0.834,spamassassin:3598,spamassassin,0,microsoft/phi-4,zero,0
"legitimate

the email",350,5,2.52e-05,1.468,spamassassin:2644,spamassassin,0,microsoft/phi-4,zero,0
"legitimate

the email",184,5,1.358e-05,0.563,spamassassin:1846,spamassassin,0,microsoft/phi-4,zero,0
"phishing

the email",203,5,1.491e-05,0.478,spamassassin:2405,spamassassin,0,microsoft/phi-4,zero,1
"phishing

the email",80,5,6.3e-06,0.677,spamassassin:802,spamassassin,0,microsoft/phi-4,zero,1
"legitimate

the email",378,5,2.716e-05,0.822,spamassassin:2728,spamassassin,0,microsoft/phi-4,zero,0
"phishing

this email",309,5,2.233e-05,1.083,spamassassin:3531,spamassassin,0,microsoft/phi-4,zero,1
"legitimate

the email",455,5,3.255e-05,0.613,spamassassin:1309,spamassassin,0,microsoft/phi-4,zero,0
phishing,413,3,2.933e-05,0.461,spamassassin:2295,spamassassin,0,microsoft/phi-4,zero,1
"phishing

the email",219,5,1.603e-05,0.663,spamassassin:196,spamassassin,0,microsoft/phi-4,zero,1
"legitimate

the email",437,5,3.129e-05,0.616,spamassassin:366,spamassassin,0,microsoft/phi-4,zero,0
based on the content and,468,5,3.346e-05,0.571,spamassassin:2726,spamassassin,0,microsoft/phi-4,zero,-1
legitimate,358,3,2.548e-05,0.56,spamassassin:976,spamassassin,0,microsoft/phi-4,zero,0
"phishing

the email",120,5,9.1e-06,0.697,spamassassin:2111,spamassassin,0,microsoft/phi-4,zero,1
based on the content provided,232,5,1.694e-05,0.437,spamassassin:2720,spamassassin,0,microsoft/phi-4,zero,-1
"phishing

the email",441,5,3.157e-05,0.549,spamassassin:3863,spamassassin,0,microsoft/phi-4,zero,1
based on the content and,377,5,2.709e-05,0.581,spamassassin:2632,spamassassin,0,microsoft/phi-4,zero,-1
"legitimate

the email",380,5,2.73e-05,0.594,spamassassin:3864,spamassassin,0,microsoft/phi-4,zero,0
"legitimate

the email",232,5,1.694e-05,0.727,spamassassin:1221,spamassassin,0,microsoft/phi-4,zero,0
phishing,407,3,2.891e-05,0.526,spamassassin:314,spamassassin,0,microsoft/phi-4,zero,1
phishing,678,3,4.788e-05,0.573,spamassassin:3639,spamassassin,0,microsoft/phi-4,zero,1
"phishing

the email",269,5,1.953e-05,0.471,spamassassin:184,spamassassin,0,microsoft/phi-4,zero,1
based on the content and,336,5,2.422e-05,0.915,spamassassin:1644,spamassassin,0,microsoft/phi-4,zero,-1
"legitimate

the email",398,5,2.856e-05,2.008,spamassassin:1621,spamassassin,0,microsoft/phi-4,zero,0
legitimate,403,3,2.863e-05,0.535,spamassassin:461,spamassassin,0,microsoft/phi-4,zero,0
based on the information provided,318,5,2.296e-05,0.577,spamassassin:1808,spamassassin,0,microsoft/phi-4,zero,-1
legitimate,198,3,1.428e-05,0.724,spamassassin:3494,spamassassin,0,microsoft/phi-4,zero,0
"phishing

the email",155,5,1.155e-05,0.527,spamassassin:2330,spamassassin,0,microsoft/phi-4,zero,1
phishing,155,3,1.127e-05,0.682,spamassassin:315,spamassassin,0,microsoft/phi-4,zero,1
"phishing

the email",161,5,1.197e-05,1.166,spamassassin:1110,spamassassin,0,microsoft/phi-4,zero,1
"phishing

the email",365,5,2.625e-05,0.481,spamassassin:1552,spamassassin,0,microsoft/phi-4,zero,1
phishing,476,2,3.36e-05,0.501,spamassassin:1507,spamassassin,0,microsoft/phi-4,zero,1
"phishing

the email",372,5,2.674e-05,0.447,spamassassin:881,spamassassin,0,microsoft/phi-4,zero,1
based on the content of,260,5,1.89e-05,0.537,spamassassin:1513,spamassassin,0,microsoft/phi-4,zero,-1
"legitimate

the email",465,5,3.325e-05,0.563,spamassassin:1563,spamassassin,0,microsoft/phi-4,zero,0
as a large language model,151,5,1.127e-05,0.605,spamassassin:2195,spamassassin,0,microsoft/phi-4,zero,-1
phishing,106,3,7.84e-06,0.514,spamassassin:1967,spamassassin,0,microsoft/phi-4,zero,1
based on the content provided,395,5,2.835e-05,0.603,spamassassin:4008,spamassassin,0,microsoft/phi-4,zero,-1
as a large language model,394,5,2.828e-05,0.627,spamassassin:3951,spamassassin,0,microsoft/phi-4,zero,-1
as a large language model,434,5,3.108e-05,0.572,spamassassin:1163,spamassassin,0,microsoft/phi-4,zero,-1
"legitimate

the email",393,5,2.821e-05,0.706,spamassassin:414,spamassassin,0,microsoft/phi-4,zero,0
based on the content and,399,5,2.863e-05,0.565,spamassassin:932,spamassassin,0,microsoft/phi-4,zero,-1
based on the content and,591,5,4.207e-05,0.773,spamassassin:3917,spamassassin,0,microsoft/phi-4,zero,-1
"phishing

the email",510,5,3.64e-05,0.71,spamassassin:1064,spamassassin,0,microsoft/phi-4,zero,1
based on the content of,167,5,1.239e-05,0.68,spamassassin:1647,spamassassin,0,microsoft/phi-4,zero,-1
"phishing

the email",537,5,3.829e-05,0.606,spamassassin:3848,spamassassin,0,microsoft/phi-4,zero,1
as a large language model,269,5,1.953e-05,0.767,spamassassin:1826,spamassassin,0,microsoft/phi-4,zero,-1
based on the content provided,146,5,1.092e-05,2.41,spamassassin:70,spamassassin,0,microsoft/phi-4,zero,-1
"phishing

this email",431,5,3.087e-05,0.54,spamassassin:3032,spamassassin,0,microsoft/phi-4,zero,1
"legitimate

the email",292,5,2.114e-05,0.535,spamassassin:952,spamassassin,0,microsoft/phi-4,zero,0
"legitimate

the email",448,5,3.206e-05,0.54,spamassassin:211,spamassassin,0,microsoft/phi-4,zero,0
as a large language model,168,5,1.246e-05,0.605,spamassassin:1260,spamassassin,0,microsoft/phi-4,zero,-1
"legitimate

the email",380,5,2.73e-05,0.718,spamassassin:985,spamassassin,0,microsoft/phi-4,zero,0
"legitimate

the email",471,5,3.367e-05,0.556,spamassassin:1766,spamassassin,0,microsoft/phi-4,zero,0
"phishing

the email",345,5,2.485e-05,0.645,spamassassin:3754,spamassassin,0,microsoft/phi-4,zero,1
phishing,122,3,8.96e-06,0.591,spamassassin:2244,spamassassin,0,microsoft/phi-4,zero,1
"phishing

the email",356,5,2.562e-05,0.713,spamassassin:14,spamassassin,0,microsoft/phi-4,zero,1
based on the information provided,150,5,1.12e-05,0.56,spamassassin:879,spamassassin,0,microsoft/phi-4,zero,-1
based on the content and,476,5,3.402e-05,0.506,spamassassin:1178,spamassassin,0,microsoft/phi-4,zero,-1
based on the content of,435,5,3.115e-05,0.716,spamassassin:1114,spamassassin,0,microsoft/phi-4,zero,-1
"legitimate

the email",466,5,3.332e-05,0.866,spamassassin:1420,spamassassin,0,microsoft/phi-4,zero,0
"phishing

the email",389,5,2.793e-05,1.099,spamassassin:270,spamassassin,0,microsoft/phi-4,zero,1
legitimate,150,3,1.092e-05,0.938,spamassassin:538,spamassassin,0,microsoft/phi-4,zero,0
legitimate,239,3,1.715e-05,0.967,spamassassin:1345,spamassassin,0,microsoft/phi-4,zero,0
based on the content you,392,5,2.814e-05,0.701,spamassassin:8,spamassassin,0,microsoft/phi-4,zero,-1
"phishing

this email",413,5,2.961e-05,0.712,spamassassin:1226,spamassassin,0,microsoft/phi-4,zero,1
"legitimate

the email",319,5,2.303e-05,0.692,spamassassin:1818,spamassassin,0,microsoft/phi-4,zero,0
legitimate,356,3,2.534e-05,0.658,spamassassin:2927,spamassassin,0,microsoft/phi-4,zero,0
"legitimate

the email",447,5,3.199e-05,0.618,spamassassin:3679,spamassassin,0,microsoft/phi-4,zero,0
"legitimate

the email",180,5,1.33e-05,0.788,spamassassin:818,spamassassin,0,microsoft/phi-4,zero,0
phishing,112,3,8.26e-06,0.76,spamassassin:2402,spamassassin,0,microsoft/phi-4,zero,1
"phishing

the email",460,5,3.29e-05,0.657,spamassassin:2164,spamassassin,0,microsoft/phi-4,zero,1
as a large language model,344,5,2.478e-05,0.632,spamassassin:3063,spamassassin,0,microsoft/phi-4,zero,-1
legitimate,274,3,1.96e-05,0.642,spamassassin:3585,spamassassin,0,microsoft/phi-4,zero,0
"phishing

the email",253,5,1.841e-05,1.864,spamassassin:1231,spamassassin,0,microsoft/phi-4,zero,1
"legitimate

the email",269,5,1.953e-05,0.661,spamassassin:251,spamassassin,0,microsoft/phi-4,zero,0
"legitimate

the email",432,5,3.094e-05,0.595,spamassassin:3590,spamassassin,0,microsoft/phi-4,zero,0
"phishing

the email",320,5,2.31e-05,0.645,spamassassin:2973,spamassassin,0,microsoft/phi-4,zero,1
phishing,164,3,1.19e-05,1.057,spamassassin:296,spamassassin,0,microsoft/phi-4,zero,1
based on the content of,116,5,8.82e-06,1.712,spamassassin:755,spamassassin,0,microsoft/phi-4,zero,-1
"phishing

the email",406,5,2.912e-05,0.774,spamassassin:544,spamassassin,0,microsoft/phi-4,zero,1
"**legitimate**

the",417,5,2.989e-05,0.654,spamassassin:3542,spamassassin,0,microsoft/phi-4,zero,0
based on the information provided,442,5,3.164e-05,0.916,spamassassin:4078,spamassassin,0,microsoft/phi-4,zero,-1
phishing,118,3,8.68e-06,0.537,spamassassin:2107,spamassassin,0,microsoft/phi-4,zero,1
"legitimate

the email",402,5,2.884e-05,0.634,spamassassin:3572,spamassassin,0,microsoft/phi-4,zero,0
as a large language model,423,5,3.031e-05,0.544,spamassassin:4085,spamassassin,0,microsoft/phi-4,zero,-1
phishing,106,3,7.84e-06,2.02,spamassassin:2124,spamassassin,0,microsoft/phi-4,zero,1
the email you've described,125,5,9.45e-06,0.55,ceas08:8116,ceas08,1,microsoft/phi-4,zero,-1
"legitimate

the email",186,5,1.372e-05,0.526,ceas08:7953,ceas08,1,microsoft/phi-4,zero,0
"phishing

the email",576,5,4.102e-05,0.794,ceas08:5150,ceas08,1,microsoft/phi-4,zero,1
"phishing

the email",186,5,1.372e-05,0.533,ceas08:7796,ceas08,1,microsoft/phi-4,zero,1
phishing,79,3,5.95e-06,0.503,ceas08:4894,ceas08,1,microsoft/phi-4,zero,1
phishing,79,3,5.95e-06,0.479,ceas08:9838,ceas08,1,microsoft/phi-4,zero,1
the email you've described,110,5,8.4e-06,0.585,ceas08:8788,ceas08,1,microsoft/phi-4,zero,-1
phishing,94,3,7e-06,0.467,ceas08:8667,ceas08,1,microsoft/phi-4,zero,1
"phishing

the email",155,5,1.155e-05,0.496,ceas08:9868,ceas08,1,microsoft/phi-4,zero,1
"phishing

the email",575,5,4.095e-05,1.43,ceas08:9735,ceas08,1,microsoft/phi-4,zero,1
"phishing

this email",172,5,1.274e-05,0.506,ceas08:6658,ceas08,1,microsoft/phi-4,zero,1
the email you've described,108,5,8.26e-06,0.468,ceas08:7999,ceas08,1,microsoft/phi-4,zero,-1
phishing,136,3,9.94e-06,0.667,ceas08:8805,ceas08,1,microsoft/phi-4,zero,1
as a large language model,170,5,1.26e-05,0.458,ceas08:7742,ceas08,1,microsoft/phi-4,zero,-1
phishing,95,3,7.07e-06,0.436,ceas08:9321,ceas08,1,microsoft/phi-4,zero,1
"legitimate

the email",184,5,1.358e-05,1.502,ceas08:4722,ceas08,1,microsoft/phi-4,zero,0
phishing,122,3,8.96e-06,0.494,ceas08:4879,ceas08,1,microsoft/phi-4,zero,1
the email you've described,129,5,9.73e-06,0.551,ceas08:9306,ceas08,1,microsoft/phi-4,zero,-1
as a large language model,385,5,2.765e-05,0.69,ceas08:6460,ceas08,1,microsoft/phi-4,zero,-1
the email you've described,121,5,9.17e-06,0.64,ceas08:8713,ceas08,1,microsoft/phi-4,zero,-1
"legitimate

the email",188,5,1.386e-05,0.739,ceas08:5031,ceas08,1,microsoft/phi-4,zero,0
phishing,64,3,4.9e-06,0.517,ceas08:6041,ceas08,1,microsoft/phi-4,zero,1
"phishing

the email",575,5,4.095e-05,0.66,ceas08:9595,ceas08,1,microsoft/phi-4,zero,1
"legitimate

the email",186,5,1.372e-05,0.648,ceas08:9081,ceas08,1,microsoft/phi-4,zero,0
phishing,151,3,1.099e-05,0.503,ceas08:7180,ceas08,1,microsoft/phi-4,zero,1
phishing,114,3,8.4e-06,0.497,ceas08:7153,ceas08,1,microsoft/phi-4,zero,1
phishing,92,3,6.86e-06,0.431,ceas08:8721,ceas08,1,microsoft/phi-4,zero,1
phishing,166,3,1.204e-05,0.665,ceas08:8319,ceas08,1,microsoft/phi-4,zero,1
phishing,98,3,7.28e-06,0.586,ceas08:6985,ceas08,1,microsoft/phi-4,zero,1
phishing,78,3,5.88e-06,0.507,ceas08:5156,ceas08,1,microsoft/phi-4,zero,1
phishing,119,3,8.75e-06,1.004,ceas08:4759,ceas08,1,microsoft/phi-4,zero,1
phishing,132,3,9.66e-06,0.471,ceas08:7235,ceas08,1,microsoft/phi-4,zero,1
phishing,149,3,1.085e-05,0.417,ceas08:4716,ceas08,1,microsoft/phi-4,zero,1
phishing,139,3,1.015e-05,0.71,ceas08:9464,ceas08,1,microsoft/phi-4,zero,1
phishing,114,3,8.4e-06,0.502,ceas08:5173,ceas08,1,microsoft/phi-4,zero,1
phishing,99,3,7.35e-06,0.663,ceas08:5333,ceas08,1,microsoft/phi-4,zero,1
phishing,81,3,6.09e-06,0.475,ceas08:7506,ceas08,1,microsoft/phi-4,zero,1
phishing,114,3,8.4e-06,0.497,ceas08:5589,ceas08,1,microsoft/phi-4,zero,1
phishing,103,3,7.63e-06,0.496,ceas08:9016,ceas08,1,microsoft/phi-4,zero,1
"phishing

the email",186,5,1.372e-05,0.575,ceas08:5523,ceas08,1,microsoft/phi-4,zero,1
phishing,99,3,7.35e-06,0.534,ceas08:8978,ceas08,1,microsoft/phi-4,zero,1
phishing,82,3,6.16e-06,0.737,ceas08:5451,ceas08,1,microsoft/phi-4,zero,1
phishing,92,3,6.86e-06,0.502,ceas08:6120,ceas08,1,microsoft/phi-4,zero,1
the email you've described,91,5,7.07e-06,0.507,ceas08:9221,ceas08,1,microsoft/phi-4,zero,-1
"phishing

the email",572,5,4.074e-05,0.52,ceas08:7814,ceas08,1,microsoft/phi-4,zero,1
"phishing

the email",576,5,4.102e-05,0.736,ceas08:9456,ceas08,1,microsoft/phi-4,zero,1
phishing,72,3,5.46e-06,0.518,ceas08:6942,ceas08,1,microsoft/phi-4,zero,1
phishing,323,3,2.303e-05,0.506,ceas08:6043,ceas08,1,microsoft/phi-4,zero,1
"phishing

the email",575,5,4.095e-05,1.55,ceas08:5107,ceas08,1,microsoft/phi-4,zero,1
phishing,183,3,1.323e-05,0.53,ceas08:7966,ceas08,1,microsoft/phi-4,zero,1
phishing,111,3,8.19e-06,0.645,ceas08:6208,ceas08,1,microsoft/phi-4,zero,1
phishing,114,3,8.4e-06,1.147,ceas08:9802,ceas08,1,microsoft/phi-4,zero,1
phishing,74,3,5.6e-06,0.74,ceas08:8158,ceas08,1,microsoft/phi-4,zero,1
phishing,83,3,6.23e-06,0.523,ceas08:4723,ceas08,1,microsoft/phi-4,zero,1
phishing,84,3,6.3e-06,1.043,ceas08:8513,ceas08,1,microsoft/phi-4,zero,1
phishing,83,3,6.23e-06,0.49,ceas08:5520,ceas08,1,microsoft/phi-4,zero,1
phishing,101,3,7.49e-06,0.659,ceas08:7516,ceas08,1,microsoft/phi-4,zero,1
phishing,163,3,1.183e-05,0.492,ceas08:4449,ceas08,1,microsoft/phi-4,zero,1
"phishing

the email",572,5,4.074e-05,0.897,ceas08:6735,ceas08,1,microsoft/phi-4,zero,1
phishing,78,3,5.88e-06,0.424,ceas08:8793,ceas08,1,microsoft/phi-4,zero,1
phishing,106,3,7.84e-06,0.496,ceas08:8096,ceas08,1,microsoft/phi-4,zero,1
phishing,80,3,6.02e-06,0.888,ceas08:6158,ceas08,1,microsoft/phi-4,zero,1
phishing,123,3,9.03e-06,0.981,ceas08:7745,ceas08,1,microsoft/phi-4,zero,1
phishing,189,3,1.365e-05,0.576,ceas08:8207,ceas08,1,microsoft/phi-4,zero,1
phishing,145,3,1.057e-05,0.454,ceas08:7695,ceas08,1,microsoft/phi-4,zero,1
phishing,68,3,5.18e-06,0.558,ceas08:5235,ceas08,1,microsoft/phi-4,zero,1
phishing,107,3,7.91e-06,0.812,ceas08:9665,ceas08,1,microsoft/phi-4,zero,1
phishing,97,3,7.21e-06,0.51,ceas08:5970,ceas08,1,microsoft/phi-4,zero,1
phishing,89,3,6.65e-06,0.495,ceas08:4964,ceas08,1,microsoft/phi-4,zero,1
phishing,154,3,1.12e-05,0.504,ceas08:5625,ceas08,1,microsoft/phi-4,zero,1
phishing,576,3,4.074e-05,1.833,ceas08:4956,ceas08,1,microsoft/phi-4,zero,1
"phishing

this email",245,5,1.785e-05,0.472,ceas08:8072,ceas08,1,microsoft/phi-4,zero,1
phishing,71,3,5.39e-06,1.069,ceas08:4505,ceas08,1,microsoft/phi-4,zero,1
phishing,77,3,5.81e-06,0.498,ceas08:5464,ceas08,1,microsoft/phi-4,zero,1
phishing,71,3,5.39e-06,0.409,ceas08:4848,ceas08,1,microsoft/phi-4,zero,1
phishing,149,3,1.085e-05,0.649,ceas08:7830,ceas08,1,microsoft/phi-4,zero,1
phishing,72,3,5.46e-06,0.468,ceas08:4593,ceas08,1,microsoft/phi-4,zero,1
"phishing

the email",576,5,4.102e-05,0.523,ceas08:8807,ceas08,1,microsoft/phi-4,zero,1
phishing,263,3,1.883e-05,0.664,ceas08:9136,ceas08,1,microsoft/phi-4,zero,1
phishing,148,3,1.078e-05,0.569,ceas08:9683,ceas08,1,microsoft/phi-4,zero,1
phishing,88,3,6.58e-06,0.455,ceas08:7500,ceas08,1,microsoft/phi-4,zero,1
"phishing

the email",575,5,4.095e-05,0.593,ceas08:8489,ceas08,1,microsoft/phi-4,zero,1
"phishing

the email",572,5,4.074e-05,0.638,ceas08:6006,ceas08,1,microsoft/phi-4,zero,1
phishing,114,3,8.4e-06,0.504,ceas08:6755,ceas08,1,microsoft/phi-4,zero,1
phishing,94,3,7e-06,0.51,ceas08:9635,ceas08,1,microsoft/phi-4,zero,1
phishing,164,3,1.19e-05,0.47,ceas08:5837,ceas08,1,microsoft/phi-4,zero,1
phishing,139,3,1.015e-05,1.309,ceas08:7533,ceas08,1,microsoft/phi-4,zero,1
phishing,129,3,9.45e-06,0.462,ceas08:5352,ceas08,1,microsoft/phi-4,zero,1
"phishing

the email",192,5,1.414e-05,0.445,ceas08:9759,ceas08,1,microsoft/phi-4,zero,1
"phishing

the email",572,5,4.074e-05,0.549,ceas08:5687,ceas08,1,microsoft/phi-4,zero,1
phishing,110,3,8.12e-06,0.489,ceas08:4434,ceas08,1,microsoft/phi-4,zero,1
"legitimate

the email",184,5,1.358e-05,0.57,ceas08:8588,ceas08,1,microsoft/phi-4,zero,0
phishing,115,3,8.47e-06,0.656,ceas08:8692,ceas08,1,microsoft/phi-4,zero,1
phishing,95,3,7.07e-06,0.508,ceas08:7154,ceas08,1,microsoft/phi-4,zero,1
phishing,106,3,7.84e-06,0.417,ceas08:5965,ceas08,1,microsoft/phi-4,zero,1
phishing,164,3,1.19e-05,0.438,ceas08:5863,ceas08,1,microsoft/phi-4,zero,1
phishing,131,3,9.59e-06,1.476,ceas08:8743,ceas08,1,microsoft/phi-4,zero,1
phishing,84,3,6.3e-06,0.526,ceas08:4750,ceas08,1,microsoft/phi-4,zero,1
phishing,97,3,7.21e-06,1.226,ceas08:6890,ceas08,1,microsoft/phi-4,zero,1
phishing,186,3,1.344e-05,0.655,ceas08:9201,ceas08,1,microsoft/phi-4,zero,1
"phishing

the email",575,5,4.095e-05,0.599,ceas08:9194,ceas08,1,microsoft/phi-4,zero,1
phishing,130,3,9.52e-06,0.732,ceas08:5893,ceas08,1,microsoft/phi-4,zero,1
the email you've described,154,5,1.148e-05,0.592,ceas08:5547,ceas08,1,microsoft/phi-4,zero,-1
phishing,78,3,5.88e-06,0.655,ceas08:8759,ceas08,1,microsoft/phi-4,zero,1
phishing,89,3,6.65e-06,0.678,ceas08:8200,ceas08,1,microsoft/phi-4,zero,1
phishing,125,3,9.17e-06,0.887,ceas08:7096,ceas08,1,microsoft/phi-4,zero,1
phishing,124,3,9.1e-06,0.513,ceas08:6996,ceas08,1,microsoft/phi-4,zero,1
phishing,127,3,9.31e-06,0.51,ceas08:4459,ceas08,1,microsoft/phi-4,zero,1
phishing,86,3,6.44e-06,0.827,ceas08:6685,ceas08,1,microsoft/phi-4,zero,1
phishing,103,3,7.63e-06,0.87,ceas08:6239,ceas08,1,microsoft/phi-4,zero,1
phishing,90,3,6.72e-06,0.5,ceas08:6636,ceas08,1,microsoft/phi-4,zero,1
phishing,135,3,9.87e-06,0.409,ceas08:8421,ceas08,1,microsoft/phi-4,zero,1
"phishing

the email",576,5,4.102e-05,0.473,ceas08:9244,ceas08,1,microsoft/phi-4,zero,1
phishing,101,3,7.49e-06,0.73,ceas08:5959,ceas08,1,microsoft/phi-4,zero,1
"legitimate

the email",188,5,1.386e-05,0.573,ceas08:8528,ceas08,1,microsoft/phi-4,zero,0
phishing,151,3,1.099e-05,0.431,ceas08:8722,ceas08,1,microsoft/phi-4,zero,1
phishing,78,3,5.88e-06,1.562,ceas08:5458,ceas08,1,microsoft/phi-4,zero,1
phishing,103,3,7.63e-06,0.932,ceas08:8965,ceas08,1,microsoft/phi-4,zero,1
"phishing

the email",575,5,4.095e-05,0.477,ceas08:9862,ceas08,1,microsoft/phi-4,zero,1
"phishing

the email",576,5,4.102e-05,0.483,ceas08:6815,ceas08,1,microsoft/phi-4,zero,1
phishing,145,3,1.057e-05,0.452,ceas08:9396,ceas08,1,microsoft/phi-4,zero,1
"phishing

the email",189,5,1.393e-05,0.801,ceas08:6756,ceas08,1,microsoft/phi-4,zero,1
phishing,148,3,1.078e-05,1.001,ceas08:5527,ceas08,1,microsoft/phi-4,zero,1
"phishing

the email",572,5,4.074e-05,0.756,ceas08:5602,ceas08,1,microsoft/phi-4,zero,1
phishing,85,3,6.37e-06,0.576,ceas08:4852,ceas08,1,microsoft/phi-4,zero,1
phishing,88,3,6.58e-06,0.562,ceas08:8073,ceas08,1,microsoft/phi-4,zero,1
phishing,146,3,1.064e-05,0.603,ceas08:6450,ceas08,1,microsoft/phi-4,zero,1
phishing,94,3,7e-06,1.989,ceas08:8600,ceas08,1,microsoft/phi-4,zero,1
phishing,114,3,8.4e-06,0.473,ceas08:5924,ceas08,1,microsoft/phi-4,zero,1
"phishing

this email",305,5,2.205e-05,1.158,ceas08:4799,ceas08,1,microsoft/phi-4,zero,1
"phishing

the email",575,5,4.095e-05,0.494,ceas08:7857,ceas08,1,microsoft/phi-4,zero,1
phishing,84,3,6.3e-06,0.474,ceas08:8683,ceas08,1,microsoft/phi-4,zero,1
phishing,147,3,1.071e-05,0.556,ceas08:4827,ceas08,1,microsoft/phi-4,zero,1
the email you've described,85,5,6.65e-06,0.631,ceas08:6205,ceas08,1,microsoft/phi-4,zero,-1
"phishing

the email",575,5,4.095e-05,0.643,ceas08:6655,ceas08,1,microsoft/phi-4,zero,1
phishing,140,3,1.022e-05,0.71,ceas08:6907,ceas08,1,microsoft/phi-4,zero,1
phishing,126,3,9.24e-06,0.972,ceas08:6154,ceas08,1,microsoft/phi-4,zero,1
phishing,113,3,8.33e-06,0.42,ceas08:8390,ceas08,1,microsoft/phi-4,zero,1
phishing,170,3,1.232e-05,0.459,ceas08:5238,ceas08,1,microsoft/phi-4,zero,1
"phishing

the email",572,5,4.074e-05,0.573,ceas08:5601,ceas08,1,microsoft/phi-4,zero,1
phishing,88,3,6.58e-06,0.499,ceas08:7388,ceas08,1,microsoft/phi-4,zero,1
the email you've described,146,5,1.092e-05,0.725,ceas08:7380,ceas08,1,microsoft/phi-4,zero,-1
phishing,68,3,5.18e-06,0.611,ceas08:5395,ceas08,1,microsoft/phi-4,zero,1
the email you've described,152,5,1.134e-05,0.559,ceas08:7022,ceas08,1,microsoft/phi-4,zero,-1
phishing,148,3,1.078e-05,0.431,ceas08:9007,ceas08,1,microsoft/phi-4,zero,1
"phishing

the email",576,5,4.102e-05,0.56,ceas08:8964,ceas08,1,microsoft/phi-4,zero,1
legitimate,144,3,1.05e-05,0.559,ceas08:5015,ceas08,1,microsoft/phi-4,zero,0
phishing,100,3,7.42e-06,0.502,ceas08:7890,ceas08,1,microsoft/phi-4,zero,1
the email you've described,274,5,1.988e-05,0.495,ceas08:6214,ceas08,1,microsoft/phi-4,zero,-1
phishing,176,3,1.274e-05,1.523,ceas08:7037,ceas08,1,microsoft/phi-4,zero,1
phishing,598,3,4.228e-05,0.521,ceas08:443,ceas08,0,microsoft/phi-4,zero,1
"legitimate

the email",100,5,7.7e-06,0.902,ceas08:2825,ceas08,0,microsoft/phi-4,zero,0
"phishing

the email",479,5,3.423e-05,0.543,ceas08:2473,ceas08,0,microsoft/phi-4,zero,1
"phishing

the email",414,5,2.968e-05,0.817,ceas08:2431,ceas08,0,microsoft/phi-4,zero,1
based on the content and,345,5,2.485e-05,0.496,ceas08:318,ceas08,0,microsoft/phi-4,zero,-1
"legitimate

the email",315,5,2.275e-05,0.728,ceas08:2540,ceas08,0,microsoft/phi-4,zero,0
based on the content provided,577,5,4.109e-05,0.583,ceas08:3328,ceas08,0,microsoft/phi-4,zero,-1
legitimate,348,3,2.478e-05,0.893,ceas08:4120,ceas08,0,microsoft/phi-4,zero,0
"phishing

the email",380,5,2.73e-05,1.063,ceas08:151,ceas08,0,microsoft/phi-4,zero,1
as a large language model,403,5,2.891e-05,0.508,ceas08:3451,ceas08,0,microsoft/phi-4,zero,-1
"legitimate

the email",419,5,3.003e-05,0.604,ceas08:4149,ceas08,0,microsoft/phi-4,zero,0
as a large language model,398,5,2.856e-05,0.631,ceas08:3346,ceas08,0,microsoft/phi-4,zero,-1
"phishing

the email",187,5,1.379e-05,0.446,ceas08:3959,ceas08,0,microsoft/phi-4,zero,1
based on the information provided,534,5,3.808e-05,0.631,ceas08:1392,ceas08,0,microsoft/phi-4,zero,-1
as a large language model,297,5,2.149e-05,1.263,ceas08:4105,ceas08,0,microsoft/phi-4,zero,-1
"legitimate

the email",416,5,2.982e-05,0.519,ceas08:1161,ceas08,0,microsoft/phi-4,zero,0
phishing,396,3,2.814e-05,0.438,ceas08:2552,ceas08,0,microsoft/phi-4,zero,1
legitimate,251,3,1.799e-05,0.448,ceas08:764,ceas08,0,microsoft/phi-4,zero,0
"legitimate

the email",396,5,2.842e-05,2.326,ceas08:3921,ceas08,0,microsoft/phi-4,zero,0
as a large language model,384,5,2.758e-05,0.987,ceas08:3728,ceas08,0,microsoft/phi-4,zero,-1
based on the information provided,204,5,1.498e-05,0.539,ceas08:3316,ceas08,0,microsoft/phi-4,zero,-1
"legitimate

the email",344,5,2.478e-05,0.518,ceas08:315,ceas08,0,microsoft/phi-4,zero,0
based on the information provided,201,5,1.477e-05,0.499,ceas08:2754,ceas08,0,microsoft/phi-4,zero,-1
"legitimate

the email",238,5,1.736e-05,0.714,ceas08:2598,ceas08,0,microsoft/phi-4,zero,0
"phishing

the email",292,5,2.114e-05,1.015,ceas08:1220,ceas08,0,microsoft/phi-4,zero,1
based on the content of,363,5,2.611e-05,0.718,ceas08:1010,ceas08,0,microsoft/phi-4,zero,-1
"legitimate

the email",416,5,2.982e-05,1.455,ceas08:2528,ceas08,0,microsoft/phi-4,zero,0
as a large language model,367,5,2.639e-05,0.473,ceas08:4415,ceas08,0,microsoft/phi-4,zero,-1
the email you've described,578,5,4.116e-05,0.525,ceas08:3292,ceas08,0,microsoft/phi-4,zero,-1
"legitimate

the email",402,5,2.884e-05,0.513,ceas08:179,ceas08,0,microsoft/phi-4,zero,0
"phishing

the email",357,5,2.569e-05,0.848,ceas08:3930,ceas08,0,microsoft/phi-4,zero,1
"legitimate

the email",388,5,2.786e-05,0.807,ceas08:2260,ceas08,0,microsoft/phi-4,zero,0
as a large language model,319,5,2.303e-05,0.485,ceas08:731,ceas08,0,microsoft/phi-4,zero,-1
"phishing

the email",238,5,1.736e-05,0.668,ceas08:51,ceas08,0,microsoft/phi-4,zero,1
based on the content and,347,5,2.499e-05,0.7,ceas08:720,ceas08,0,microsoft/phi-4,zero,-1
based on the content and,394,5,2.828e-05,0.591,ceas08:584,ceas08,0,microsoft/phi-4,zero,-1
"legitimate

the email",438,5,3.136e-05,0.794,ceas08:1501,ceas08,0,microsoft/phi-4,zero,0
based on the content of,213,5,1.561e-05,0.822,ceas08:4055,ceas08,0,microsoft/phi-4,zero,-1
as a large language model,421,5,3.017e-05,0.46,ceas08:3062,ceas08,0,microsoft/phi-4,zero,-1
"legitimate

the email",583,5,4.151e-05,0.462,ceas08:1413,ceas08,0,microsoft/phi-4,zero,0
"legitimate

the email",382,5,2.744e-05,0.678,ceas08:798,ceas08,0,microsoft/phi-4,zero,0
as a large language model,389,5,2.793e-05,0.618,ceas08:4083,ceas08,0,microsoft/phi-4,zero,-1
phishing,109,3,8.05e-06,0.966,ceas08:842,ceas08,0,microsoft/phi-4,zero,1
as a large language model,360,5,2.59e-05,0.967,ceas08:1192,ceas08,0,microsoft/phi-4,zero,-1
"legitimate

the email",68,5,5.46e-06,1.053,ceas08:4248,ceas08,0,microsoft/phi-4,zero,0
based on the content provided,482,5,3.444e-05,0.625,ceas08:2357,ceas08,0,microsoft/phi-4,zero,-1
as a large language model,440,5,3.15e-05,0.481,ceas08:1157,ceas08,0,microsoft/phi-4,zero,-1
"phishing

the email",426,5,3.052e-05,0.557,ceas08:4396,ceas08,0,microsoft/phi-4,zero,1
"legitimate

the email",466,5,3.332e-05,0.563,ceas08:1780,ceas08,0,microsoft/phi-4,zero,0
as a large language model,338,5,2.436e-05,0.476,ceas08:4285,ceas08,0,microsoft/phi-4,zero,-1
phishing,152,3,1.106e-05,0.435,ceas08:2325,ceas08,0,microsoft/phi-4,zero,1
legitimate,270,3,1.932e-05,0.546,ceas08:538,ceas08,0,microsoft/phi-4,zero,0
to determine whether the email,183,5,1.351e-05,0.473,ceas08:4234,ceas08,0,microsoft/phi-4,zero,-1
based on the content provided,109,5,8.33e-06,0.432,ceas08:4425,ceas08,0,microsoft/phi-4,zero,-1
"phishing

the email",241,5,1.757e-05,0.599,ceas08:134,ceas08,0,microsoft/phi-4,zero,1
"legitimate

the email",483,5,3.451e-05,0.74,ceas08:3720,ceas08,0,microsoft/phi-4,zero,0
legitimate,82,3,6.16e-06,0.698,ceas08:1051,ceas08,0,microsoft/phi-4,zero,0
based on the information provided,359,5,2.583e-05,0.578,ceas08:3076,ceas08,0,microsoft/phi-4,zero,-1
legitimate,317,3,2.261e-05,0.523,ceas08:4411,ceas08,0,microsoft/phi-4,zero,0
"phishing

the email",168,5,1.246e-05,0.475,ceas08:721,ceas08,0,microsoft/phi-4,zero,1
as a large language model,331,5,2.387e-05,0.482,ceas08:2554,ceas08,0,microsoft/phi-4,zero,-1
"phishing

this email",530,5,3.78e-05,0.882,ceas08:2389,ceas08,0,microsoft/phi-4,zero,1
"legitimate

the email",441,5,3.157e-05,0.841,ceas08:2672,ceas08,0,microsoft/phi-4,zero,0
to determine whether the email,498,5,3.556e-05,0.674,ceas08:2647,ceas08,0,microsoft/phi-4,zero,-1
as a large language model,391,5,2.807e-05,3.098,ceas08:297,ceas08,0,microsoft/phi-4,zero,-1
"phishing

the email",525,5,3.745e-05,0.47,ceas08:1103,ceas08,0,microsoft/phi-4,zero,1
"legitimate

the email",565,5,4.025e-05,0.449,ceas08:1803,ceas08,0,microsoft/phi-4,zero,0
based on the content provided,434,5,3.108e-05,0.479,ceas08:2297,ceas08,0,microsoft/phi-4,zero,-1
"phishing

the email",432,5,3.094e-05,0.575,ceas08:1600,ceas08,0,microsoft/phi-4,zero,1
based on the information provided,239,5,1.743e-05,0.483,ceas08:2314,ceas08,0,microsoft/phi-4,zero,-1
"phishing

the email",280,5,2.03e-05,0.582,ceas08:3390,ceas08,0,microsoft/phi-4,zero,1
phishing,142,3,1.036e-05,0.416,ceas08:1361,ceas08,0,microsoft/phi-4,zero,1
"legitimate

the email",257,5,1.869e-05,0.47,ceas08:3227,ceas08,0,microsoft/phi-4,zero,0
legitimate,103,3,7.63e-06,0.605,ceas08:4216,ceas08,0,microsoft/phi-4,zero,0
"legitimate

the email",491,5,3.507e-05,0.602,ceas08:1200,ceas08,0,microsoft/phi-4,zero,0
"phishing

the email",223,5,1.631e-05,0.59,ceas08:1698,ceas08,0,microsoft/phi-4,zero,1
phishing,210,3,1.512e-05,0.829,ceas08:2646,ceas08,0,microsoft/phi-4,zero,1
"legitimate

the email",466,5,3.332e-05,0.534,ceas08:3563,ceas08,0,microsoft/phi-4,zero,0
based on the content of,407,5,2.919e-05,0.983,ceas08:2798,ceas08,0,microsoft/phi-4,zero,-1
as a large language model,337,5,2.429e-05,0.785,ceas08:2939,ceas08,0,microsoft/phi-4,zero,-1
"phishing

the email",259,5,1.883e-05,0.593,ceas08:17,ceas08,0,microsoft/phi-4,zero,1
"legitimate

the email",477,5,3.409e-05,0.588,ceas08:551,ceas08,0,microsoft/phi-4,zero,0
"legitimate

the email",422,5,3.024e-05,0.746,ceas08:410,ceas08,0,microsoft/phi-4,zero,0
"legitimate

the email",318,5,2.296e-05,0.631,ceas08:2741,ceas08,0,microsoft/phi-4,zero,0
"phishing

the email",439,5,3.143e-05,0.507,ceas08:1476,ceas08,0,microsoft/phi-4,zero,1
as a large language model,362,5,2.604e-05,0.906,ceas08:2801,ceas08,0,microsoft/phi-4,zero,-1
"legitimate

the email",358,5,2.576e-05,0.537,ceas08:530,ceas08,0,microsoft/phi-4,zero,0
based on the content you,603,5,4.291e-05,0.761,ceas08:2131,ceas08,0,microsoft/phi-4,zero,-1
"legitimate

the email",336,5,2.422e-05,0.635,ceas08:1784,ceas08,0,microsoft/phi-4,zero,0
based on the content and,396,5,2.842e-05,0.601,ceas08:2863,ceas08,0,microsoft/phi-4,zero,-1
"phishing

the email",288,5,2.086e-05,1.529,ceas08:3999,ceas08,0,microsoft/phi-4,zero,1
"phishing

the email",188,5,1.386e-05,0.484,ceas08:3540,ceas08,0,microsoft/phi-4,zero,1
legitimate,428,3,3.038e-05,0.547,ceas08:1237,ceas08,0,microsoft/phi-4,zero,0
based on the content and,437,5,3.129e-05,0.576,ceas08:3462,ceas08,0,microsoft/phi-4,zero,-1
as a large language model,342,5,2.464e-05,0.47,ceas08:4336,ceas08,0,microsoft/phi-4,zero,-1
legitimate,172,3,1.246e-05,0.717,ceas08:1146,ceas08,0,microsoft/phi-4,zero,0
"legitimate

the email",483,5,3.451e-05,0.882,ceas08:4080,ceas08,0,microsoft/phi-4,zero,0
"phishing

the email",148,5,1.106e-05,0.539,ceas08:175,ceas08,0,microsoft/phi-4,zero,1
based on the content of,235,5,1.715e-05,0.449,ceas08:4319,ceas08,0,microsoft/phi-4,zero,-1
based on the content provided,119,5,9.03e-06,0.72,ceas08:3336,ceas08,0,microsoft/phi-4,zero,-1
to determine whether the email,508,5,3.626e-05,0.493,ceas08:2846,ceas08,0,microsoft/phi-4,zero,-1
as a large language model,393,5,2.821e-05,0.796,ceas08:2829,ceas08,0,microsoft/phi-4,zero,-1
as a large language model,380,5,2.73e-05,0.604,ceas08:3298,ceas08,0,microsoft/phi-4,zero,-1
based on the content and,420,5,3.01e-05,0.579,ceas08:3259,ceas08,0,microsoft/phi-4,zero,-1
based on the content of,202,5,1.484e-05,0.481,ceas08:3994,ceas08,0,microsoft/phi-4,zero,-1
"legitimate

the email",459,5,3.283e-05,0.676,ceas08:555,ceas08,0,microsoft/phi-4,zero,0
"legitimate

the email",483,5,3.451e-05,0.476,ceas08:3998,ceas08,0,microsoft/phi-4,zero,0
"legitimate

the email",430,5,3.08e-05,0.942,ceas08:2121,ceas08,0,microsoft/phi-4,zero,0
"phishing

the email",194,5,1.428e-05,0.807,ceas08:2171,ceas08,0,microsoft/phi-4,zero,1
to determine if the email,153,5,1.141e-05,0.51,ceas08:3812,ceas08,0,microsoft/phi-4,zero,-1
"phishing

the email",209,5,1.533e-05,0.441,ceas08:877,ceas08,0,microsoft/phi-4,zero,1
"phishing

the email",277,5,2.009e-05,1.12,ceas08:3321,ceas08,0,microsoft/phi-4,zero,1
"legitimate

the email",386,5,2.772e-05,0.443,ceas08:3258,ceas08,0,microsoft/phi-4,zero,0
"legitimate

the email",266,5,1.932e-05,0.448,ceas08:3148,ceas08,0,microsoft/phi-4,zero,0
as a large language model,341,5,2.457e-05,1.702,ceas08:1323,ceas08,0,microsoft/phi-4,zero,-1
to determine whether the email,153,5,1.141e-05,0.737,ceas08:3857,ceas08,0,microsoft/phi-4,zero,-1
as a large language model,389,5,2.793e-05,0.661,ceas08:602,ceas08,0,microsoft/phi-4,zero,-1
"phishing

the email",220,5,1.61e-05,0.744,ceas08:787,ceas08,0,microsoft/phi-4,zero,1
based on the information provided,133,5,1.001e-05,0.58,ceas08:2093,ceas08,0,microsoft/phi-4,zero,-1
to determine whether the email,321,5,2.317e-05,0.732,ceas08:3740,ceas08,0,microsoft/phi-4,zero,-1
"phishing

this email",318,5,2.296e-05,0.469,ceas08:1491,ceas08,0,microsoft/phi-4,zero,1
phishing,119,3,8.75e-06,0.453,ceas08:1807,ceas08,0,microsoft/phi-4,zero,1
"phishing

the email",447,5,3.199e-05,1.59,ceas08:93,ceas08,0,microsoft/phi-4,zero,1
as a large language model,359,5,2.583e-05,0.589,ceas08:416,ceas08,0,microsoft/phi-4,zero,-1
legitimate,116,3,8.54e-06,1.038,ceas08:4382,ceas08,0,microsoft/phi-4,zero,0
as a large language model,477,5,3.409e-05,0.561,ceas08:843,ceas08,0,microsoft/phi-4,zero,-1
based on the content provided,382,5,2.744e-05,0.532,ceas08:4050,ceas08,0,microsoft/phi-4,zero,-1
"legitimate

the email",270,5,1.96e-05,0.491,ceas08:252,ceas08,0,microsoft/phi-4,zero,0
as a large language model,388,5,2.786e-05,0.494,ceas08:2103,ceas08,0,microsoft/phi-4,zero,-1
"phishing

the email",223,5,1.631e-05,0.695,ceas08:2970,ceas08,0,microsoft/phi-4,zero,1
"phishing

the email",200,5,1.47e-05,0.546,ceas08:1846,ceas08,0,microsoft/phi-4,zero,1
"phishing

the email",231,5,1.687e-05,0.445,ceas08:668,ceas08,0,microsoft/phi-4,zero,1
to determine if the email,451,5,3.227e-05,0.549,ceas08:3410,ceas08,0,microsoft/phi-4,zero,-1
based on the content and,262,5,1.904e-05,0.537,ceas08:3652,ceas08,0,microsoft/phi-4,zero,-1
as a large language model,396,5,2.842e-05,0.685,ceas08:109,ceas08,0,microsoft/phi-4,zero,-1
"phishing

the email",404,5,2.898e-05,0.56,ceas08:4251,ceas08,0,microsoft/phi-4,zero,1
based on the content and,402,5,2.884e-05,0.998,ceas08:1896,ceas08,0,microsoft/phi-4,zero,-1
as a large language model,389,5,2.793e-05,1.296,ceas08:2130,ceas08,0,microsoft/phi-4,zero,-1
based on the content provided,359,5,2.583e-05,0.439,ceas08:1739,ceas08,0,microsoft/phi-4,zero,-1
"phishing

this email",138,5,1.036e-05,0.469,ceas08:2653,ceas08,0,microsoft/phi-4,zero,1
"phishing

the email",398,5,2.856e-05,1.759,ceas08:1507,ceas08,0,microsoft/phi-4,zero,1
"phishing

the email",220,5,1.61e-05,0.481,ceas08:120,ceas08,0,microsoft/phi-4,zero,1
legitimate,149,3,1.085e-05,0.707,ceas08:915,ceas08,0,microsoft/phi-4,zero,0
"legitimate

the email",567,5,4.039e-05,0.501,ceas08:1869,ceas08,0,microsoft/phi-4,zero,0
"legitimate

the email",222,5,1.624e-05,0.576,ceas08:4056,ceas08,0,microsoft/phi-4,zero,0
phishing,148,3,1.078e-05,0.421,ceas08:1180,ceas08,0,microsoft/phi-4,zero,1
phishing,390,3,2.772e-05,0.451,ceas08:626,ceas08,0,microsoft/phi-4,zero,1
legitimate,408,3,2.898e-05,0.775,ceas08:1991,ceas08,0,microsoft/phi-4,zero,0
as a large language model,278,5,2.016e-05,0.781,ceas08:1293,ceas08,0,microsoft/phi-4,zero,-1
based on the content provided,401,5,2.877e-05,1.728,ceas08:3609,ceas08,0,microsoft/phi-4,zero,-1
"phishing

this email",261,5,1.897e-05,0.581,trec07:5165,trec07,1,microsoft/phi-4,zero,1
phishing,234,3,1.68e-05,0.599,trec07:8154,trec07,1,microsoft/phi-4,zero,1
phishing,337,3,2.401e-05,0.682,trec07:4573,trec07,1,microsoft/phi-4,zero,1
the email you've described,211,5,1.547e-05,0.588,trec07:7747,trec07,1,microsoft/phi-4,zero,-1
phishing,239,3,1.715e-05,0.624,trec07:4979,trec07,1,microsoft/phi-4,zero,1
the email you've described,329,5,2.373e-05,0.587,trec07:7946,trec07,1,microsoft/phi-4,zero,-1
phishing,142,3,1.036e-05,0.437,trec07:6775,trec07,1,microsoft/phi-4,zero,1
phishing,145,3,1.057e-05,0.468,trec07:5421,trec07,1,microsoft/phi-4,zero,1
phishing,73,3,5.53e-06,0.721,trec07:7579,trec07,1,microsoft/phi-4,zero,1
phishing,131,3,9.59e-06,0.718,trec07:5973,trec07,1,microsoft/phi-4,zero,1
phishing,72,3,5.46e-06,0.878,trec07:8126,trec07,1,microsoft/phi-4,zero,1
phishing,362,3,2.576e-05,0.774,trec07:6157,trec07,1,microsoft/phi-4,zero,1
phishing,78,3,5.88e-06,0.955,trec07:5509,trec07,1,microsoft/phi-4,zero,1
"phishing

this email",224,5,1.638e-05,0.454,trec07:8833,trec07,1,microsoft/phi-4,zero,1
phishing,62,3,4.76e-06,0.454,trec07:9537,trec07,1,microsoft/phi-4,zero,1
phishing,172,3,1.246e-05,0.471,trec07:9021,trec07,1,microsoft/phi-4,zero,1
phishing,243,3,1.743e-05,1.189,trec07:7926,trec07,1,microsoft/phi-4,zero,1
"phishing

this email",392,5,2.814e-05,1.759,trec07:7901,trec07,1,microsoft/phi-4,zero,1
phishing,147,3,1.071e-05,0.442,trec07:8495,trec07,1,microsoft/phi-4,zero,1
phishing,224,3,1.61e-05,0.45,trec07:7819,trec07,1,microsoft/phi-4,zero,1
phishing,141,3,1.029e-05,0.728,trec07:8373,trec07,1,microsoft/phi-4,zero,1
phishing,161,3,1.169e-05,0.672,trec07:9673,trec07,1,microsoft/phi-4,zero,1
phishing,103,3,7.63e-06,0.479,trec07:7109,trec07,1,microsoft/phi-4,zero,1
phishing,208,3,1.498e-05,0.411,trec07:6083,trec07,1,microsoft/phi-4,zero,1
"phishing

the email",253,5,1.841e-05,0.806,trec07:6123,trec07,1,microsoft/phi-4,zero,1
the email you've described,268,5,1.946e-05,0.476,trec07:8730,trec07,1,microsoft/phi-4,zero,-1
as a large language model,311,5,2.247e-05,0.477,trec07:5443,trec07,1,microsoft/phi-4,zero,-1
phishing,173,3,1.253e-05,0.67,trec07:5340,trec07,1,microsoft/phi-4,zero,1
spam,364,2,2.576e-05,0.531,trec07:7071,trec07,1,microsoft/phi-4,zero,1
the email you've described,414,5,2.968e-05,0.598,trec07:9935,trec07,1,microsoft/phi-4,zero,-1
the email you've described,88,5,6.86e-06,0.589,trec07:5031,trec07,1,microsoft/phi-4,zero,-1
phishing,114,3,8.4e-06,0.692,trec07:6458,trec07,1,microsoft/phi-4,zero,1
phishing,76,3,5.74e-06,0.458,trec07:9208,trec07,1,microsoft/phi-4,zero,1
the email you've described,212,5,1.554e-05,0.498,trec07:7735,trec07,1,microsoft/phi-4,zero,-1
the email you've received,164,5,1.218e-05,0.505,trec07:5455,trec07,1,microsoft/phi-4,zero,-1
phishing,102,3,7.56e-06,0.887,trec07:8579,trec07,1,microsoft/phi-4,zero,1
based on the content of,397,5,2.849e-05,0.487,trec07:8007,trec07,1,microsoft/phi-4,zero,-1
phishing,188,3,1.358e-05,0.419,trec07:7181,trec07,1,microsoft/phi-4,zero,1
"phishing

this email",396,5,2.842e-05,0.495,trec07:7234,trec07,1,microsoft/phi-4,zero,1
phishing,316,3,2.254e-05,1.025,trec07:7575,trec07,1,microsoft/phi-4,zero,1
"phishing

the email",386,5,2.772e-05,0.588,trec07:5615,trec07,1,microsoft/phi-4,zero,1
phishing,190,3,1.372e-05,0.428,trec07:8919,trec07,1,microsoft/phi-4,zero,1
phishing,369,3,2.625e-05,0.756,trec07:8041,trec07,1,microsoft/phi-4,zero,1
phishing,115,3,8.47e-06,0.552,trec07:8645,trec07,1,microsoft/phi-4,zero,1
phishing,238,3,1.708e-05,0.43,trec07:6310,trec07,1,microsoft/phi-4,zero,1
phishing,326,3,2.324e-05,0.43,trec07:6041,trec07,1,microsoft/phi-4,zero,1
phishing,133,3,9.73e-06,0.662,trec07:5940,trec07,1,microsoft/phi-4,zero,1
based on the content and,404,5,2.898e-05,0.524,trec07:8598,trec07,1,microsoft/phi-4,zero,-1
phishing,419,3,2.975e-05,0.811,trec07:8381,trec07,1,microsoft/phi-4,zero,1
phishing,399,3,2.835e-05,0.467,trec07:7734,trec07,1,microsoft/phi-4,zero,1
the email you've provided,190,5,1.4e-05,0.485,trec07:6929,trec07,1,microsoft/phi-4,zero,-1
based on the content and,371,5,2.667e-05,0.842,trec07:9598,trec07,1,microsoft/phi-4,zero,-1
the text you've provided,247,5,1.799e-05,0.719,trec07:7480,trec07,1,microsoft/phi-4,zero,-1
the email you've described,146,5,1.092e-05,0.488,trec07:8749,trec07,1,microsoft/phi-4,zero,-1
phishing,435,3,3.087e-05,1.067,trec07:5316,trec07,1,microsoft/phi-4,zero,1
phishing,114,3,8.4e-06,0.459,trec07:4707,trec07,1,microsoft/phi-4,zero,1
phishing,73,3,5.53e-06,0.475,trec07:5795,trec07,1,microsoft/phi-4,zero,1
"phishing

this email",111,5,8.47e-06,0.925,trec07:7061,trec07,1,microsoft/phi-4,zero,1
phishing,383,3,2.723e-05,0.497,trec07:6158,trec07,1,microsoft/phi-4,zero,1
"phishing

this email",550,5,3.92e-05,0.849,trec07:5752,trec07,1,microsoft/phi-4,zero,1
phishing,272,3,1.946e-05,0.456,trec07:9551,trec07,1,microsoft/phi-4,zero,1
phishing,257,3,1.841e-05,0.434,trec07:4619,trec07,1,microsoft/phi-4,zero,1
based on the content and,254,5,1.848e-05,0.606,trec07:5223,trec07,1,microsoft/phi-4,zero,-1
phishing,416,3,2.954e-05,0.481,trec07:6888,trec07,1,microsoft/phi-4,zero,1
the email you've described,116,5,8.82e-06,0.492,trec07:6205,trec07,1,microsoft/phi-4,zero,-1
"phishing

the email",249,5,1.813e-05,0.484,trec07:6816,trec07,1,microsoft/phi-4,zero,1
phishing,168,3,1.218e-05,1.2,trec07:8724,trec07,1,microsoft/phi-4,zero,1
"phishing

the email",398,5,2.856e-05,0.44,trec07:4859,trec07,1,microsoft/phi-4,zero,1
the email you've described,72,5,5.74e-06,1.281,trec07:8376,trec07,1,microsoft/phi-4,zero,-1
phishing,185,3,1.337e-05,1.123,trec07:6741,trec07,1,microsoft/phi-4,zero,1
phishing,125,3,9.17e-06,0.5,trec07:8067,trec07,1,microsoft/phi-4,zero,1
as a large language model,428,5,3.066e-05,1.38,trec07:7707,trec07,1,microsoft/phi-4,zero,-1
phishing,146,3,1.064e-05,0.455,trec07:8921,trec07,1,microsoft/phi-4,zero,1
phishing,351,3,2.499e-05,0.431,trec07:6707,trec07,1,microsoft/phi-4,zero,1
the email you've provided,238,5,1.736e-05,0.558,trec07:4555,trec07,1,microsoft/phi-4,zero,-1
phishing,147,3,1.071e-05,0.614,trec07:9303,trec07,1,microsoft/phi-4,zero,1
"phishing

this email",402,5,2.884e-05,0.573,trec07:9991,trec07,1,microsoft/phi-4,zero,1
phishing,175,3,1.267e-05,0.476,trec07:5728,trec07,1,microsoft/phi-4,zero,1
based on the content and,201,5,1.477e-05,0.545,trec07:5613,trec07,1,microsoft/phi-4,zero,-1
phishing,131,3,9.59e-06,0.486,trec07:9692,trec07,1,microsoft/phi-4,zero,1
phishing,473,3,3.353e-05,0.58,trec07:5405,trec07,1,microsoft/phi-4,zero,1
phishing,170,3,1.232e-05,0.53,trec07:7360,trec07,1,microsoft/phi-4,zero,1
"phishing

the email",551,5,3.927e-05,0.578,trec07:4672,trec07,1,microsoft/phi-4,zero,1
phishing,195,3,1.407e-05,0.52,trec07:8417,trec07,1,microsoft/phi-4,zero,1
the email you've described,371,5,2.667e-05,0.482,trec07:4708,trec07,1,microsoft/phi-4,zero,-1
the email you've described,199,5,1.463e-05,0.716,trec07:5698,trec07,1,microsoft/phi-4,zero,-1
"phishing

this email",539,5,3.843e-05,0.618,trec07:4624,trec07,1,microsoft/phi-4,zero,1
the email you've described,125,5,9.45e-06,0.888,trec07:8084,trec07,1,microsoft/phi-4,zero,-1
phishing,241,3,1.729e-05,0.481,trec07:8518,trec07,1,microsoft/phi-4,zero,1
the email you've described,151,5,1.127e-05,0.539,trec07:9719,trec07,1,microsoft/phi-4,zero,-1
phishing,101,3,7.49e-06,1.935,trec07:8341,trec07,1,microsoft/phi-4,zero,1
phishing,402,3,2.856e-05,1.807,trec07:5291,trec07,1,microsoft/phi-4,zero,1
"phishing

the email",438,5,3.136e-05,0.618,trec07:5138,trec07,1,microsoft/phi-4,zero,1
phishing,76,3,5.74e-06,2.219,trec07:8989,trec07,1,microsoft/phi-4,zero,1
as a large language model,294,5,2.128e-05,0.483,trec07:7242,trec07,1,microsoft/phi-4,zero,-1
phishing,439,3,3.115e-05,0.451,trec07:6362,trec07,1,microsoft/phi-4,zero,1
the text you've provided,198,5,1.456e-05,2.168,trec07:8795,trec07,1,microsoft/phi-4,zero,-1
phishing,269,3,1.925e-05,0.471,trec07:8289,trec07,1,microsoft/phi-4,zero,1
phishing,160,3,1.162e-05,0.484,trec07:9763,trec07,1,microsoft/phi-4,zero,1
the email you've provided,284,5,2.058e-05,0.698,trec07:6897,trec07,1,microsoft/phi-4,zero,-1
based on the information provided,74,5,5.88e-06,0.52,trec07:4941,trec07,1,microsoft/phi-4,zero,-1
"phishing

the email",314,5,2.268e-05,0.516,trec07:6734,trec07,1,microsoft/phi-4,zero,1
phishing,124,3,9.1e-06,0.455,trec07:6946,trec07,1,microsoft/phi-4,zero,1
phishing,193,3,1.393e-05,0.464,trec07:8220,trec07,1,microsoft/phi-4,zero,1
"phishing

this email",438,5,3.136e-05,0.487,trec07:7871,trec07,1,microsoft/phi-4,zero,1
phishing,407,3,2.891e-05,0.714,trec07:7484,trec07,1,microsoft/phi-4,zero,1
as a large language model,277,5,2.009e-05,0.521,trec07:5635,trec07,1,microsoft/phi-4,zero,-1
phishing,154,3,1.12e-05,0.419,trec07:5977,trec07,1,microsoft/phi-4,zero,1
phishing,179,3,1.295e-05,0.51,trec07:9192,trec07,1,microsoft/phi-4,zero,1
phishing,214,3,1.54e-05,0.446,trec07:6497,trec07,1,microsoft/phi-4,zero,1
phishing,282,3,2.016e-05,0.408,trec07:4837,trec07,1,microsoft/phi-4,zero,1
phishing,200,3,1.442e-05,0.886,trec07:9379,trec07,1,microsoft/phi-4,zero,1
phishing,86,3,6.44e-06,0.622,trec07:5750,trec07,1,microsoft/phi-4,zero,1
the email you've described,307,5,2.219e-05,0.486,trec07:5782,trec07,1,microsoft/phi-4,zero,-1
"phishing

the email",240,5,1.75e-05,0.722,trec07:8811,trec07,1,microsoft/phi-4,zero,1
phishing,260,3,1.862e-05,0.881,trec07:5572,trec07,1,microsoft/phi-4,zero,1
phishing,415,3,2.947e-05,0.46,trec07:9140,trec07,1,microsoft/phi-4,zero,1
phishing,388,3,2.758e-05,0.841,trec07:9327,trec07,1,microsoft/phi-4,zero,1
"phishing

the email",425,5,3.045e-05,0.545,trec07:4548,trec07,1,microsoft/phi-4,zero,1
phishing,334,3,2.38e-05,0.443,trec07:6849,trec07,1,microsoft/phi-4,zero,1
phishing,175,3,1.267e-05,0.418,trec07:6792,trec07,1,microsoft/phi-4,zero,1
as a large language model,142,5,1.064e-05,0.632,trec07:6258,trec07,1,microsoft/phi-4,zero,-1
phishing,222,3,1.596e-05,0.79,trec07:7435,trec07,1,microsoft/phi-4,zero,1
"phishing

this email",387,5,2.779e-05,0.442,trec07:9779,trec07,1,microsoft/phi-4,zero,1
phishing,148,3,1.078e-05,1.168,trec07:6025,trec07,1,microsoft/phi-4,zero,1
phishing,113,3,8.33e-06,0.707,trec07:9004,trec07,1,microsoft/phi-4,zero,1
phishing,431,3,3.059e-05,0.399,trec07:7455,trec07,1,microsoft/phi-4,zero,1
phishing,153,3,1.113e-05,0.503,trec07:8555,trec07,1,microsoft/phi-4,zero,1
phishing,177,3,1.281e-05,0.604,trec07:7142,trec07,1,microsoft/phi-4,zero,1
phishing,432,3,3.066e-05,0.461,trec07:8670,trec07,1,microsoft/phi-4,zero,1
phishing,158,3,1.148e-05,0.427,trec07:6972,trec07,1,microsoft/phi-4,zero,1
phishing,209,3,1.505e-05,0.523,trec07:8256,trec07,1,microsoft/phi-4,zero,1
phishing,87,3,6.51e-06,0.658,trec07:8977,trec07,1,microsoft/phi-4,zero,1
phishing,167,3,1.211e-05,0.906,trec07:7387,trec07,1,microsoft/phi-4,zero,1
phishing,196,3,1.414e-05,0.744,trec07:5287,trec07,1,microsoft/phi-4,zero,1
the email you've provided,256,5,1.862e-05,1.471,trec07:7005,trec07,1,microsoft/phi-4,zero,-1
"phishing

the email",364,5,2.618e-05,0.458,trec07:9373,trec07,1,microsoft/phi-4,zero,1
phishing,378,3,2.688e-05,1.356,trec07:9835,trec07,1,microsoft/phi-4,zero,1
as a large language model,220,5,1.61e-05,0.507,trec07:9076,trec07,1,microsoft/phi-4,zero,-1
the email you've described,110,5,8.4e-06,0.452,trec07:5084,trec07,1,microsoft/phi-4,zero,-1
phishing,541,3,3.829e-05,0.428,trec07:7874,trec07,1,microsoft/phi-4,zero,1
based on the content and,401,5,2.877e-05,0.519,trec07:9410,trec07,1,microsoft/phi-4,zero,-1
phishing,87,3,6.51e-06,0.713,trec07:5845,trec07,1,microsoft/phi-4,zero,1
the email you've provided,324,5,2.338e-05,0.517,trec07:8842,trec07,1,microsoft/phi-4,zero,-1
"phishing

this email",374,5,2.688e-05,0.527,trec07:7739,trec07,1,microsoft/phi-4,zero,1
phishing,550,3,3.892e-05,0.603,trec07:6183,trec07,1,microsoft/phi-4,zero,1
phishing,133,3,9.73e-06,1.28,trec07:9725,trec07,1,microsoft/phi-4,zero,1
phishing,379,3,2.695e-05,0.592,trec07:7716,trec07,1,microsoft/phi-4,zero,1
phishing,195,3,1.407e-05,0.566,trec07:9178,trec07,1,microsoft/phi-4,zero,1
phishing,164,3,1.19e-05,0.583,trec07:9571,trec07,1,microsoft/phi-4,zero,1
the email you provided appears,383,5,2.751e-05,1.439,trec07:1647,trec07,0,microsoft/phi-4,zero,-1
"legitimate

the email",392,5,2.814e-05,0.752,trec07:1476,trec07,0,microsoft/phi-4,zero,0
"legitimate

the email",444,5,3.178e-05,0.855,trec07:2111,trec07,0,microsoft/phi-4,zero,0
based on the content and,467,5,3.339e-05,0.741,trec07:3610,trec07,0,microsoft/phi-4,zero,-1
as a large language model,408,5,2.926e-05,0.45,trec07:691,trec07,0,microsoft/phi-4,zero,-1
legitimate,553,3,3.913e-05,0.745,trec07:2655,trec07,0,microsoft/phi-4,zero,0
"legitimate

the email",436,5,3.122e-05,1.222,trec07:1662,trec07,0,microsoft/phi-4,zero,0
as a large language model,408,5,2.926e-05,0.475,trec07:3248,trec07,0,microsoft/phi-4,zero,-1
"legitimate

the email",320,5,2.31e-05,0.788,trec07:415,trec07,0,microsoft/phi-4,zero,0
based on the content provided,489,5,3.493e-05,0.453,trec07:3121,trec07,0,microsoft/phi-4,zero,-1
"legitimate

the email",684,5,4.858e-05,0.451,trec07:683,trec07,0,microsoft/phi-4,zero,0
as an ai language model,433,5,3.101e-05,0.677,trec07:1580,trec07,0,microsoft/phi-4,zero,-1
"phishing

the email",486,5,3.472e-05,0.498,trec07:2328,trec07,0,microsoft/phi-4,zero,1
"phishing

the email",426,5,3.052e-05,0.509,trec07:1164,trec07,0,microsoft/phi-4,zero,1
legitimate,218,3,1.568e-05,0.401,trec07:1344,trec07,0,microsoft/phi-4,zero,0
"phishing

the email",432,5,3.094e-05,0.829,trec07:3838,trec07,0,microsoft/phi-4,zero,1
"phishing

the email",468,5,3.346e-05,0.478,trec07:3417,trec07,0,microsoft/phi-4,zero,1
"legitimate

the email",277,5,2.009e-05,0.468,trec07:2700,trec07,0,microsoft/phi-4,zero,0
"legitimate

the email",282,5,2.044e-05,0.576,trec07:3935,trec07,0,microsoft/phi-4,zero,0
"legitimate

the email",303,5,2.191e-05,0.579,trec07:1106,trec07,0,microsoft/phi-4,zero,0
as a large language model,385,5,2.765e-05,0.435,trec07:1937,trec07,0,microsoft/phi-4,zero,-1
"legitimate. 

the",382,5,2.744e-05,0.494,trec07:2276,trec07,0,microsoft/phi-4,zero,0
"legitimate

the email",247,5,1.799e-05,0.481,trec07:800,trec07,0,microsoft/phi-4,zero,0
legitimate,420,3,2.982e-05,0.451,trec07:2018,trec07,0,microsoft/phi-4,zero,0
"phishing

the email",428,5,3.066e-05,0.817,trec07:23,trec07,0,microsoft/phi-4,zero,1
based on the content of,579,5,4.123e-05,1.076,trec07:2252,trec07,0,microsoft/phi-4,zero,-1
"legitimate

the email",320,5,2.31e-05,0.698,trec07:8,trec07,0,microsoft/phi-4,zero,0
the content you've provided,486,5,3.472e-05,1.137,trec07:3985,trec07,0,microsoft/phi-4,zero,-1
"legitimate

the email",243,5,1.771e-05,1.113,trec07:1745,trec07,0,microsoft/phi-4,zero,0
based on the content provided,255,5,1.855e-05,0.657,trec07:3595,trec07,0,microsoft/phi-4,zero,-1
"phishing

the email",392,5,2.814e-05,0.448,trec07:2023,trec07,0,microsoft/phi-4,zero,1
"phishing

the email",460,5,3.29e-05,0.67,trec07:199,trec07,0,microsoft/phi-4,zero,1
legitimate,282,3,2.016e-05,0.471,trec07:3628,trec07,0,microsoft/phi-4,zero,0
"legitimate

the email",416,5,2.982e-05,0.47,trec07:4363,trec07,0,microsoft/phi-4,zero,0
"phishing

the email",378,5,2.716e-05,0.443,trec07:69,trec07,0,microsoft/phi-4,zero,1
"legitimate

the email",155,5,1.155e-05,1.111,trec07:3671,trec07,0,microsoft/phi-4,zero,0
legitimate,107,3,7.91e-06,0.529,trec07:1880,trec07,0,microsoft/phi-4,zero,0
based on the content provided,255,5,1.855e-05,0.792,trec07:240,trec07,0,microsoft/phi-4,zero,-1
based on the information provided,391,5,2.807e-05,0.724,trec07:3543,trec07,0,microsoft/phi-4,zero,-1
the email you provided appears,467,5,3.339e-05,0.664,trec07:1103,trec07,0,microsoft/phi-4,zero,-1
the email you've provided,217,5,1.589e-05,0.59,trec07:4135,trec07,0,microsoft/phi-4,zero,-1
based on the content of,238,5,1.736e-05,0.465,trec07:3338,trec07,0,microsoft/phi-4,zero,-1
"phishing

the email",247,5,1.799e-05,0.692,trec07:4226,trec07,0,microsoft/phi-4,zero,1
based on the content of,525,5,3.745e-05,0.821,trec07:4093,trec07,0,microsoft/phi-4,zero,-1
phishing,447,3,3.171e-05,0.791,trec07:1084,trec07,0,microsoft/phi-4,zero,1
"legitimate

the email",461,5,3.297e-05,0.973,trec07:416,trec07,0,microsoft/phi-4,zero,0
"legitimate

the email",223,5,1.631e-05,0.483,trec07:2014,trec07,0,microsoft/phi-4,zero,0
"phishing

the email",576,5,4.102e-05,0.468,trec07:3259,trec07,0,microsoft/phi-4,zero,1
based on the content and,429,5,3.073e-05,0.617,trec07:3814,trec07,0,microsoft/phi-4,zero,-1
as a large language model,215,5,1.575e-05,0.753,trec07:252,trec07,0,microsoft/phi-4,zero,-1
based on the content of,770,5,5.46e-05,0.765,trec07:3333,trec07,0,microsoft/phi-4,zero,-1
"phishing

the email",439,5,3.143e-05,0.494,trec07:1432,trec07,0,microsoft/phi-4,zero,1
"legitimate

the email",373,5,2.681e-05,0.49,trec07:3043,trec07,0,microsoft/phi-4,zero,0
the email you provided appears,481,5,3.437e-05,0.505,trec07:2088,trec07,0,microsoft/phi-4,zero,-1
based on the content of,429,5,3.073e-05,0.531,trec07:1020,trec07,0,microsoft/phi-4,zero,-1
the email you provided appears,486,5,3.472e-05,0.684,trec07:3733,trec07,0,microsoft/phi-4,zero,-1
phishing,493,3,3.493e-05,0.522,trec07:1073,trec07,0,microsoft/phi-4,zero,1
legitimate,282,3,2.016e-05,0.47,trec07:3286,trec07,0,microsoft/phi-4,zero,0
"legitimate

the email",564,5,4.018e-05,0.489,trec07:4206,trec07,0,microsoft/phi-4,zero,0
based on the content of,319,5,2.303e-05,0.492,trec07:3003,trec07,0,microsoft/phi-4,zero,-1
"legitimate

the email",428,5,3.066e-05,0.683,trec07:4413,trec07,0,microsoft/phi-4,zero,0
the email you provided appears,476,5,3.402e-05,1.289,trec07:869,trec07,0,microsoft/phi-4,zero,-1
based on the content and,257,5,1.869e-05,0.577,trec07:2927,trec07,0,microsoft/phi-4,zero,-1
based on the content of,178,5,1.316e-05,0.518,trec07:1767,trec07,0,microsoft/phi-4,zero,-1
based on the content provided,480,5,3.43e-05,0.512,trec07:4536,trec07,0,microsoft/phi-4,zero,-1
"legitimate

the email",278,5,2.016e-05,0.914,trec07:4260,trec07,0,microsoft/phi-4,zero,0
legitimate,361,3,2.569e-05,1.409,trec07:29,trec07,0,microsoft/phi-4,zero,0
as a large language model,360,5,2.59e-05,0.681,trec07:3331,trec07,0,microsoft/phi-4,zero,-1
"legitimate

the email",483,5,3.451e-05,1.374,trec07:2962,trec07,0,microsoft/phi-4,zero,0
as a large language model,309,5,2.233e-05,1.507,trec07:4339,trec07,0,microsoft/phi-4,zero,-1
"phishing

the email",265,5,1.925e-05,0.639,trec07:4253,trec07,0,microsoft/phi-4,zero,1
based on the content and,481,5,3.437e-05,0.494,trec07:2092,trec07,0,microsoft/phi-4,zero,-1
based on the content provided,392,5,2.814e-05,0.43,trec07:2877,trec07,0,microsoft/phi-4,zero,-1
"legitimate

the email",363,5,2.611e-05,0.684,trec07:538,trec07,0,microsoft/phi-4,zero,0
based on the content and,469,5,3.353e-05,2.764,trec07:2086,trec07,0,microsoft/phi-4,zero,-1
as an ai language model,421,5,3.017e-05,1.739,trec07:1606,trec07,0,microsoft/phi-4,zero,-1
based on the content of,457,5,3.269e-05,1.31,trec07:429,trec07,0,microsoft/phi-4,zero,-1
legitimate,361,3,2.569e-05,0.702,trec07:3024,trec07,0,microsoft/phi-4,zero,0
"legitimate

the email",431,5,3.087e-05,0.508,trec07:1126,trec07,0,microsoft/phi-4,zero,0
"legitimate

the email",144,5,1.078e-05,0.449,trec07:2422,trec07,0,microsoft/phi-4,zero,0
"legitimate

the email",350,5,2.52e-05,0.508,trec07:705,trec07,0,microsoft/phi-4,zero,0
"legitimate

the email",537,5,3.829e-05,0.517,trec07:3459,trec07,0,microsoft/phi-4,zero,0
based on the content provided,109,5,8.33e-06,0.642,trec07:2283,trec07,0,microsoft/phi-4,zero,-1
as a large language model,338,5,2.436e-05,0.465,trec07:555,trec07,0,microsoft/phi-4,zero,-1
"legitimate

the email",422,5,3.024e-05,3.832,trec07:3083,trec07,0,microsoft/phi-4,zero,0
the email you provided appears,419,5,3.003e-05,0.58,trec07:3684,trec07,0,microsoft/phi-4,zero,-1
"legitimate

the email",291,5,2.107e-05,0.463,trec07:2260,trec07,0,microsoft/phi-4,zero,0
"phishing

the email",373,5,2.681e-05,0.49,trec07:776,trec07,0,microsoft/phi-4,zero,1
"phishing

the email",269,5,1.953e-05,0.457,trec07:1498,trec07,0,microsoft/phi-4,zero,1
the email you've provided,310,5,2.24e-05,1.549,trec07:179,trec07,0,microsoft/phi-4,zero,-1
the email you've provided,447,5,3.199e-05,0.556,trec07:4118,trec07,0,microsoft/phi-4,zero,-1
as a large language model,421,5,3.017e-05,0.883,trec07:2676,trec07,0,microsoft/phi-4,zero,-1
as a large language model,540,5,3.85e-05,0.528,trec07:297,trec07,0,microsoft/phi-4,zero,-1
as a large language model,394,5,2.828e-05,0.59,trec07:3093,trec07,0,microsoft/phi-4,zero,-1
phishing,329,3,2.345e-05,1.093,trec07:3846,trec07,0,microsoft/phi-4,zero,1
"phishing

the email",428,5,3.066e-05,0.701,trec07:3673,trec07,0,microsoft/phi-4,zero,1
as a large language model,260,5,1.89e-05,0.697,trec07:1615,trec07,0,microsoft/phi-4,zero,-1
based on the content and,377,5,2.709e-05,0.513,trec07:478,trec07,0,microsoft/phi-4,zero,-1
"legitimate

the email",253,5,1.841e-05,0.675,trec07:4024,trec07,0,microsoft/phi-4,zero,0
legitimate,416,3,2.954e-05,0.502,trec07:1192,trec07,0,microsoft/phi-4,zero,0
"phishing

this email",379,5,2.723e-05,0.487,trec07:3638,trec07,0,microsoft/phi-4,zero,1
legitimate,260,3,1.862e-05,0.45,trec07:1302,trec07,0,microsoft/phi-4,zero,0
the email you've provided,368,5,2.646e-05,0.464,trec07:3400,trec07,0,microsoft/phi-4,zero,-1
"legitimate

the email",229,5,1.673e-05,0.589,trec07:2321,trec07,0,microsoft/phi-4,zero,0
"phishing

the email",271,5,1.967e-05,0.534,trec07:1170,trec07,0,microsoft/phi-4,zero,1
"legitimate

the email",448,5,3.206e-05,0.506,trec07:2614,trec07,0,microsoft/phi-4,zero,0
"phishing

the email",245,5,1.785e-05,0.501,trec07:238,trec07,0,microsoft/phi-4,zero,1
the email you've provided,392,5,2.814e-05,0.866,trec07:2755,trec07,0,microsoft/phi-4,zero,-1
the email you've provided,444,5,3.178e-05,0.557,trec07:1652,trec07,0,microsoft/phi-4,zero,-1
as a large language model,171,5,1.267e-05,0.624,trec07:1649,trec07,0,microsoft/phi-4,zero,-1
legitimate,145,3,1.057e-05,0.505,trec07:807,trec07,0,microsoft/phi-4,zero,0
based on the content provided,420,5,3.01e-05,0.569,trec07:3972,trec07,0,microsoft/phi-4,zero,-1
the content you've provided,503,5,3.591e-05,1.435,trec07:4468,trec07,0,microsoft/phi-4,zero,-1
based on the content provided,307,5,2.219e-05,1.428,trec07:1552,trec07,0,microsoft/phi-4,zero,-1
"phishing

the email",389,5,2.793e-05,0.48,trec07:443,trec07,0,microsoft/phi-4,zero,1
based on the content and,404,5,2.898e-05,0.826,trec07:4520,trec07,0,microsoft/phi-4,zero,-1
based on the content provided,207,5,1.519e-05,1.543,trec07:3728,trec07,0,microsoft/phi-4,zero,-1
the content you've provided,593,5,4.221e-05,0.448,trec07:1116,trec07,0,microsoft/phi-4,zero,-1
"phishing

the email",257,5,1.869e-05,0.467,trec07:1162,trec07,0,microsoft/phi-4,zero,1
based on the content and,504,5,3.598e-05,0.481,trec07:296,trec07,0,microsoft/phi-4,zero,-1
"legitimate

the email",346,5,2.492e-05,0.545,trec07:2646,trec07,0,microsoft/phi-4,zero,0
based on the content and,403,5,2.891e-05,0.524,trec07:3111,trec07,0,microsoft/phi-4,zero,-1
legitimate,188,3,1.358e-05,2.626,trec07:3372,trec07,0,microsoft/phi-4,zero,0
"legitimate

the email",216,5,1.582e-05,0.442,trec07:33,trec07,0,microsoft/phi-4,zero,0
legitimate,174,3,1.26e-05,0.531,trec07:530,trec07,0,microsoft/phi-4,zero,0
"phishing

the email",109,5,8.33e-06,0.512,trec07:3469,trec07,0,microsoft/phi-4,zero,1
legitimate,144,3,1.05e-05,0.507,trec07:1330,trec07,0,microsoft/phi-4,zero,0
"legitimate

the email",372,5,2.674e-05,0.462,trec07:3760,trec07,0,microsoft/phi-4,zero,0
phishing,715,3,5.047e-05,0.545,trec07:350,trec07,0,microsoft/phi-4,zero,1
"legitimate

the email",582,5,4.144e-05,0.457,trec07:1627,trec07,0,microsoft/phi-4,zero,0
"legitimate

the email",515,5,3.675e-05,0.845,trec07:414,trec07,0,microsoft/phi-4,zero,0
"legitimate

the email",442,5,3.164e-05,1.012,trec07:151,trec07,0,microsoft/phi-4,zero,0
"legitimate

the email",404,5,2.898e-05,0.487,trec07:4105,trec07,0,microsoft/phi-4,zero,0
"legitimate

the email",265,5,1.925e-05,0.563,trec07:2740,trec07,0,microsoft/phi-4,zero,0
"legitimate

the email",438,5,3.136e-05,0.511,trec07:4254,trec07,0,microsoft/phi-4,zero,0
"legitimate

the email",201,5,1.477e-05,0.447,trec07:2668,trec07,0,microsoft/phi-4,zero,0
as a large language model,345,5,2.485e-05,1.03,trec07:1504,trec07,0,microsoft/phi-4,zero,-1
"legitimate

the email",383,5,2.751e-05,0.808,trec07:1842,trec07,0,microsoft/phi-4,zero,0
"legitimate

the email",240,5,1.75e-05,0.786,trec07:3235,trec07,0,microsoft/phi-4,zero,0
"legitimate

the email",563,5,4.011e-05,0.493,trec07:945,trec07,0,microsoft/phi-4,zero,0
"phishing

the email",433,5,3.101e-05,0.463,trec07:4152,trec07,0,microsoft/phi-4,zero,1
"legitimate

the email",204,5,1.498e-05,0.529,trec07:1786,trec07,0,microsoft/phi-4,zero,0
legitimate,261,3,1.869e-05,0.484,trec07:2135,trec07,0,microsoft/phi-4,zero,0
phishing,312,3,2.226e-05,0.806,trec07:4166,trec07,0,microsoft/phi-4,zero,1
"phishing

the email",344,5,2.478e-05,1.792,trec07:2029,trec07,0,microsoft/phi-4,zero,1
"phishing

the email",329,5,2.373e-05,0.477,trec07:3047,trec07,0,microsoft/phi-4,zero,1
"phishing

the email",406,5,2.912e-05,0.558,trec07:1173,trec07,0,microsoft/phi-4,zero,1
"legitimate

the email",521,5,3.717e-05,0.453,trec07:1773,trec07,0,microsoft/phi-4,zero,0
"legitimate

the email",431,5,3.087e-05,0.649,trec07:1032,trec07,0,microsoft/phi-4,zero,0
"legitimate

the email",302,5,2.184e-05,0.476,trec07:4459,trec07,0,microsoft/phi-4,zero,0
"phishing

this email",413,5,2.961e-05,0.64,ling:1902,ling,1,microsoft/phi-4,zero,1
"phishing

this email",221,5,1.617e-05,0.512,ling:209,ling,1,microsoft/phi-4,zero,1
phishing,174,3,1.26e-05,0.514,ling:2076,ling,1,microsoft/phi-4,zero,1
the email you've described,195,5,1.435e-05,1.184,ling:1327,ling,1,microsoft/phi-4,zero,-1
based on the content and,421,5,3.017e-05,0.609,ling:985,ling,1,microsoft/phi-4,zero,-1
phishing,139,3,1.015e-05,1.823,ling:1259,ling,1,microsoft/phi-4,zero,1
the email you've described,384,5,2.758e-05,0.57,ling:1075,ling,1,microsoft/phi-4,zero,-1
"phishing

this email",411,5,2.947e-05,0.549,ling:622,ling,1,microsoft/phi-4,zero,1
phishing,574,3,4.06e-05,1.41,ling:2510,ling,1,microsoft/phi-4,zero,1
phishing,557,3,3.941e-05,0.575,ling:178,ling,1,microsoft/phi-4,zero,1
phishing,365,3,2.597e-05,0.678,ling:457,ling,1,microsoft/phi-4,zero,1
phishing,390,3,2.772e-05,0.592,ling:1059,ling,1,microsoft/phi-4,zero,1
phishing,126,3,9.24e-06,0.521,ling:899,ling,1,microsoft/phi-4,zero,1
phishing,488,3,3.458e-05,0.48,ling:2224,ling,1,microsoft/phi-4,zero,1
phishing,122,3,8.96e-06,1.089,ling:2399,ling,1,microsoft/phi-4,zero,1
"phishing

this email",295,5,2.135e-05,0.613,ling:383,ling,1,microsoft/phi-4,zero,1
phishing,156,3,1.134e-05,0.566,ling:2289,ling,1,microsoft/phi-4,zero,1
phishing,365,3,2.597e-05,1.139,ling:1751,ling,1,microsoft/phi-4,zero,1
phishing,133,3,9.73e-06,0.476,ling:2659,ling,1,microsoft/phi-4,zero,1
"phishing

this email",413,5,2.961e-05,0.473,ling:492,ling,1,microsoft/phi-4,zero,1
the email you've described,128,5,9.66e-06,0.528,ling:472,ling,1,microsoft/phi-4,zero,-1
the email you've described,497,5,3.549e-05,0.67,ling:810,ling,1,microsoft/phi-4,zero,-1
the email you've described,433,5,3.101e-05,0.503,ling:1363,ling,1,microsoft/phi-4,zero,-1
phishing,288,3,2.058e-05,0.829,ling:696,ling,1,microsoft/phi-4,zero,1
phishing,487,3,3.451e-05,0.653,ling:1341,ling,1,microsoft/phi-4,zero,1
phishing,404,3,2.87e-05,0.498,ling:2410,ling,1,microsoft/phi-4,zero,1
the email you've described,558,5,3.976e-05,0.674,ling:481,ling,1,microsoft/phi-4,zero,-1
"i'm sorry, but",429,5,3.073e-05,0.472,ling:2820,ling,1,microsoft/phi-4,zero,-1
phishing,585,3,4.137e-05,0.486,ling:104,ling,1,microsoft/phi-4,zero,1
"phishing

the email",464,5,3.318e-05,0.637,ling:1703,ling,1,microsoft/phi-4,zero,1
"phishing

this email",515,5,3.675e-05,0.451,ling:2423,ling,1,microsoft/phi-4,zero,1
the email you've described,164,5,1.218e-05,0.677,ling:1564,ling,1,microsoft/phi-4,zero,-1
based on the content and,428,5,3.066e-05,0.513,ling:2607,ling,1,microsoft/phi-4,zero,-1
based on the content and,472,5,3.374e-05,0.548,ling:680,ling,1,microsoft/phi-4,zero,-1
phishing,251,3,1.799e-05,0.444,ling:2836,ling,1,microsoft/phi-4,zero,1
phishing,85,3,6.37e-06,0.437,ling:471,ling,1,microsoft/phi-4,zero,1
the email you've provided,518,5,3.696e-05,0.624,ling:1730,ling,1,microsoft/phi-4,zero,-1
the email you've provided,424,5,3.038e-05,0.616,ling:2001,ling,1,microsoft/phi-4,zero,-1
phishing,120,3,8.82e-06,0.687,ling:729,ling,1,microsoft/phi-4,zero,1
phishing,208,3,1.498e-05,0.5,ling:480,ling,1,microsoft/phi-4,zero,1
phishing,96,3,7.14e-06,0.465,ling:1755,ling,1,microsoft/phi-4,zero,1
phishing,372,3,2.646e-05,0.512,ling:511,ling,1,microsoft/phi-4,zero,1
"phishing

this email",462,5,3.304e-05,0.614,ling:1131,ling,1,microsoft/phi-4,zero,1
phishing,192,3,1.386e-05,0.449,ling:458,ling,1,microsoft/phi-4,zero,1
phishing,348,3,2.478e-05,2.128,ling:981,ling,1,microsoft/phi-4,zero,1
based on the content and,440,5,3.15e-05,0.514,ling:470,ling,1,microsoft/phi-4,zero,-1
"phishing

this email",443,5,3.171e-05,0.476,ling:446,ling,1,microsoft/phi-4,zero,1
"phishing

the email",452,5,3.234e-05,0.45,ling:1455,ling,1,microsoft/phi-4,zero,1
phishing,376,3,2.674e-05,0.551,ling:2579,ling,1,microsoft/phi-4,zero,1
the email you've described,171,5,1.267e-05,0.996,ling:1796,ling,1,microsoft/phi-4,zero,-1
the email you've provided,379,5,2.723e-05,1.073,ling:1622,ling,1,microsoft/phi-4,zero,-1
"phishing

this email",323,5,2.331e-05,0.506,ling:187,ling,1,microsoft/phi-4,zero,1
phishing,391,3,2.779e-05,0.431,ling:1560,ling,1,microsoft/phi-4,zero,1
phishing,522,3,3.696e-05,0.529,ling:1986,ling,1,microsoft/phi-4,zero,1
"phishing

this email",369,5,2.653e-05,0.652,ling:2530,ling,1,microsoft/phi-4,zero,1
phishing,253,3,1.813e-05,0.456,ling:2655,ling,1,microsoft/phi-4,zero,1
phishing,383,3,2.723e-05,0.566,ling:112,ling,1,microsoft/phi-4,zero,1
phishing,358,3,2.548e-05,0.49,ling:2504,ling,1,microsoft/phi-4,zero,1
phishing,385,3,2.737e-05,0.437,ling:133,ling,1,microsoft/phi-4,zero,1
"i'm sorry, but",428,5,3.066e-05,0.753,ling:2809,ling,1,microsoft/phi-4,zero,-1
phishing,227,3,1.631e-05,0.964,ling:2508,ling,1,microsoft/phi-4,zero,1
phishing,463,3,3.283e-05,0.453,ling:21,ling,1,microsoft/phi-4,zero,1
"phishing

this email",429,5,3.073e-05,0.452,ling:153,ling,1,microsoft/phi-4,zero,1
"phishing

this email",489,5,3.493e-05,0.692,ling:1779,ling,1,microsoft/phi-4,zero,1
"phishing

this email",481,5,3.437e-05,0.569,ling:2348,ling,1,microsoft/phi-4,zero,1
phishing,470,3,3.332e-05,0.405,ling:384,ling,1,microsoft/phi-4,zero,1
"phishing

this email",250,5,1.82e-05,1.742,ling:1233,ling,1,microsoft/phi-4,zero,1
"phishing

this email",299,5,2.163e-05,1.044,ling:2461,ling,1,microsoft/phi-4,zero,1
phishing,254,3,1.82e-05,0.605,ling:1878,ling,1,microsoft/phi-4,zero,1
the email you've described,177,5,1.309e-05,1.324,ling:1296,ling,1,microsoft/phi-4,zero,-1
the email you've provided,402,5,2.884e-05,0.963,ling:1939,ling,1,microsoft/phi-4,zero,-1
the email you've described,264,5,1.918e-05,0.474,ling:2447,ling,1,microsoft/phi-4,zero,-1
the email you've described,385,5,2.765e-05,0.509,ling:160,ling,1,microsoft/phi-4,zero,-1
"phishing

this email",597,5,4.249e-05,0.481,ling:2288,ling,1,microsoft/phi-4,zero,1
phishing,159,3,1.155e-05,0.448,ling:1264,ling,1,microsoft/phi-4,zero,1
phishing,355,3,2.527e-05,0.676,ling:1943,ling,1,microsoft/phi-4,zero,1
"phishing

this email",396,5,2.842e-05,1.282,ling:227,ling,1,microsoft/phi-4,zero,1
the email you've described,435,5,3.115e-05,0.489,ling:1113,ling,1,microsoft/phi-4,zero,-1
"phishing

this email",219,5,1.603e-05,0.44,ling:2821,ling,1,microsoft/phi-4,zero,1
phishing,159,3,1.155e-05,0.708,ling:690,ling,1,microsoft/phi-4,zero,1
phishing,337,3,2.401e-05,0.602,ling:2256,ling,1,microsoft/phi-4,zero,1
"phishing

this email",407,5,2.919e-05,0.593,ling:2036,ling,1,microsoft/phi-4,zero,1
phishing,361,3,2.569e-05,0.732,ling:1782,ling,1,microsoft/phi-4,zero,1
this email is likely malicious,209,5,1.533e-05,0.447,ling:157,ling,1,microsoft/phi-4,zero,1
phishing,274,3,1.96e-05,2.378,ling:280,ling,1,microsoft/phi-4,zero,1
phishing,409,3,2.905e-05,0.505,ling:2807,ling,1,microsoft/phi-4,zero,1
based on the content and,482,5,3.444e-05,0.47,ling:2838,ling,1,microsoft/phi-4,zero,-1
phishing,201,3,1.449e-05,0.452,ling:851,ling,1,microsoft/phi-4,zero,1
based on the content and,464,5,3.318e-05,0.847,ling:579,ling,1,microsoft/phi-4,zero,-1
"phishing

this email",279,5,2.023e-05,0.461,ling:385,ling,1,microsoft/phi-4,zero,1
"phishing

this email",427,5,3.059e-05,0.507,ling:983,ling,1,microsoft/phi-4,zero,1
the email you've described,357,5,2.569e-05,0.853,ling:159,ling,1,microsoft/phi-4,zero,-1
the email you've described,404,5,2.898e-05,0.58,ling:138,ling,1,microsoft/phi-4,zero,-1
based on the content and,482,5,3.444e-05,0.451,ling:435,ling,1,microsoft/phi-4,zero,-1
phishing,513,3,3.633e-05,1.566,ling:2555,ling,1,microsoft/phi-4,zero,1
"phishing

this email",385,5,2.765e-05,0.51,ling:1999,ling,1,microsoft/phi-4,zero,1
phishing,264,3,1.89e-05,0.522,ling:179,ling,1,microsoft/phi-4,zero,1
"phishing

the email",472,5,3.374e-05,0.47,ling:494,ling,1,microsoft/phi-4,zero,1
"phishing

this email",220,5,1.61e-05,0.465,ling:1969,ling,1,microsoft/phi-4,zero,1
phishing,380,3,2.702e-05,0.582,ling:751,ling,1,microsoft/phi-4,zero,1
phishing,378,3,2.688e-05,0.539,ling:2835,ling,1,microsoft/phi-4,zero,1
the email you've described,390,5,2.8e-05,0.535,ling:2231,ling,1,microsoft/phi-4,zero,-1
phishing,451,3,3.199e-05,0.434,ling:580,ling,1,microsoft/phi-4,zero,1
the email you've described,452,5,3.234e-05,1.268,ling:1551,ling,1,microsoft/phi-4,zero,-1
the email you've described,779,5,5.523e-05,0.689,ling:2487,ling,1,microsoft/phi-4,zero,-1
phishing,452,3,3.206e-05,0.61,ling:2451,ling,1,microsoft/phi-4,zero,1
based on the content and,778,5,5.516e-05,0.975,ling:2527,ling,1,microsoft/phi-4,zero,-1
phishing,355,3,2.527e-05,0.556,ling:1479,ling,1,microsoft/phi-4,zero,1
phishing,205,3,1.477e-05,0.529,ling:634,ling,1,microsoft/phi-4,zero,1
phishing,364,3,2.59e-05,0.486,ling:2389,ling,1,microsoft/phi-4,zero,1
phishing,310,3,2.212e-05,0.674,ling:92,ling,1,microsoft/phi-4,zero,1
the email you've described,406,5,2.912e-05,0.689,ling:277,ling,1,microsoft/phi-4,zero,-1
"phishing

this email",382,5,2.744e-05,0.532,ling:1114,ling,1,microsoft/phi-4,zero,1
phishing,150,3,1.092e-05,0.435,ling:801,ling,1,microsoft/phi-4,zero,1
phishing,269,3,1.925e-05,1.967,ling:2466,ling,1,microsoft/phi-4,zero,1
the email you've described,146,5,1.092e-05,0.505,ling:2223,ling,1,microsoft/phi-4,zero,-1
phishing,112,3,8.26e-06,0.482,ling:137,ling,1,microsoft/phi-4,zero,1
phishing,133,3,9.73e-06,1.34,ling:2608,ling,1,microsoft/phi-4,zero,1
"phishing

this email",406,5,2.912e-05,0.763,ling:2656,ling,1,microsoft/phi-4,zero,1
"phishing

this email",368,5,2.646e-05,1.84,ling:2271,ling,1,microsoft/phi-4,zero,1
phishing,365,3,2.597e-05,0.667,ling:85,ling,1,microsoft/phi-4,zero,1
phishing,427,3,3.031e-05,0.996,ling:139,ling,1,microsoft/phi-4,zero,1
"phishing

this email",149,5,1.113e-05,1.132,ling:2788,ling,1,microsoft/phi-4,zero,1
the email you've described,349,5,2.513e-05,0.826,ling:401,ling,1,microsoft/phi-4,zero,-1
phishing,398,3,2.828e-05,0.556,ling:2627,ling,1,microsoft/phi-4,zero,1
phishing,191,3,1.379e-05,0.45,ling:1666,ling,1,microsoft/phi-4,zero,1
phishing,329,3,2.345e-05,0.644,ling:1093,ling,1,microsoft/phi-4,zero,1
the email you've described,118,5,8.96e-06,0.557,ling:430,ling,1,microsoft/phi-4,zero,-1
"phishing

the email",403,5,2.891e-05,1.097,ling:665,ling,1,microsoft/phi-4,zero,1
"phishing

this email",205,5,1.505e-05,1.488,ling:1756,ling,1,microsoft/phi-4,zero,1
phishing,382,3,2.716e-05,0.498,ling:1355,ling,1,microsoft/phi-4,zero,1
phishing,378,3,2.688e-05,0.665,ling:171,ling,1,microsoft/phi-4,zero,1
"phishing

the email",468,5,3.346e-05,1.349,ling:1241,ling,1,microsoft/phi-4,zero,1
phishing,501,3,3.549e-05,0.991,ling:1237,ling,1,microsoft/phi-4,zero,1
"phishing

the email",203,5,1.491e-05,0.478,ling:168,ling,1,microsoft/phi-4,zero,1
phishing,122,3,8.96e-06,0.519,ling:94,ling,1,microsoft/phi-4,zero,1
phishing,153,3,1.113e-05,0.483,ling:2581,ling,1,microsoft/phi-4,zero,1
"phishing

this email",380,5,2.73e-05,0.894,ling:653,ling,1,microsoft/phi-4,zero,1
the email you've described,192,5,1.414e-05,0.513,ling:1386,ling,1,microsoft/phi-4,zero,-1
phishing,364,3,2.59e-05,0.471,ling:2635,ling,1,microsoft/phi-4,zero,1
phishing,143,3,1.043e-05,0.524,ling:701,ling,1,microsoft/phi-4,zero,1
phishing,368,3,2.618e-05,1.717,ling:685,ling,1,microsoft/phi-4,zero,1
phishing,151,3,1.099e-05,0.466,ling:1547,ling,1,microsoft/phi-4,zero,1
"phishing

this email",492,5,3.514e-05,0.451,ling:953,ling,1,microsoft/phi-4,zero,1
"phishing

this email",178,5,1.316e-05,0.479,ling:2610,ling,1,microsoft/phi-4,zero,1
phishing,361,3,2.569e-05,1.143,ling:2467,ling,1,microsoft/phi-4,zero,1
phishing,391,3,2.779e-05,0.602,ling:2190,ling,1,microsoft/phi-4,zero,1
phishing,252,3,1.806e-05,1.085,ling:998,ling,1,microsoft/phi-4,zero,1
phishing,400,3,2.842e-05,1.953,ling:1089,ling,1,microsoft/phi-4,zero,1
phishing,475,3,3.367e-05,0.457,ling:1365,ling,1,microsoft/phi-4,zero,1
"legitimate

the email",374,5,2.688e-05,0.553,ling:2420,ling,0,microsoft/phi-4,zero,0
"legitimate

the email",526,5,3.752e-05,0.586,ling:2353,ling,0,microsoft/phi-4,zero,0
"legitimate

the email",382,5,2.744e-05,0.824,ling:1016,ling,0,microsoft/phi-4,zero,0
legitimate,425,3,3.017e-05,0.862,ling:2053,ling,0,microsoft/phi-4,zero,0
"legitimate

the email",418,5,2.996e-05,0.82,ling:2401,ling,0,microsoft/phi-4,zero,0
based on the content provided,365,5,2.625e-05,0.479,ling:156,ling,0,microsoft/phi-4,zero,-1
based on the information provided,205,5,1.505e-05,0.88,ling:1637,ling,0,microsoft/phi-4,zero,-1
"legitimate

the email",265,5,1.925e-05,0.486,ling:2045,ling,0,microsoft/phi-4,zero,0
based on the content you,383,5,2.751e-05,0.626,ling:1534,ling,0,microsoft/phi-4,zero,-1
based on the information provided,118,5,8.96e-06,0.496,ling:1272,ling,0,microsoft/phi-4,zero,-1
"phishing

the email",432,5,3.094e-05,0.504,ling:2043,ling,0,microsoft/phi-4,zero,1
"legitimate

the email",423,5,3.031e-05,0.521,ling:125,ling,0,microsoft/phi-4,zero,0
based on the information provided,341,5,2.457e-05,0.531,ling:1434,ling,0,microsoft/phi-4,zero,-1
"legitimate

the email",333,5,2.401e-05,0.701,ling:1810,ling,0,microsoft/phi-4,zero,0
based on the content of,372,5,2.674e-05,0.877,ling:2275,ling,0,microsoft/phi-4,zero,-1
"phishing

the email",388,5,2.786e-05,1.494,ling:2137,ling,0,microsoft/phi-4,zero,1
"legitimate

the email",359,5,2.583e-05,0.518,ling:221,ling,0,microsoft/phi-4,zero,0
"phishing

the email",343,5,2.471e-05,0.557,ling:2173,ling,0,microsoft/phi-4,zero,1
legitimate,136,3,9.94e-06,0.487,ling:1821,ling,0,microsoft/phi-4,zero,0
"phishing

the email",347,5,2.499e-05,1.066,ling:1867,ling,0,microsoft/phi-4,zero,1
"phishing

the email",437,5,3.129e-05,0.901,ling:1198,ling,0,microsoft/phi-4,zero,1
"legitimate

the email",339,5,2.443e-05,0.676,ling:2573,ling,0,microsoft/phi-4,zero,0
"legitimate

the email",463,5,3.311e-05,0.563,ling:1216,ling,0,microsoft/phi-4,zero,0
"legitimate

the email",451,5,3.227e-05,0.5,ling:2566,ling,0,microsoft/phi-4,zero,0
"phishing

the email",312,5,2.254e-05,0.689,ling:1612,ling,0,microsoft/phi-4,zero,1
the email you've provided,338,5,2.436e-05,1.439,ling:630,ling,0,microsoft/phi-4,zero,-1
"legitimate

the email",208,5,1.526e-05,0.709,ling:1566,ling,0,microsoft/phi-4,zero,0
to determine if the email,129,5,9.73e-06,0.538,ling:2084,ling,0,microsoft/phi-4,zero,-1
based on the content provided,412,5,2.954e-05,1.157,ling:1546,ling,0,microsoft/phi-4,zero,-1
based on the content you,489,5,3.493e-05,0.49,ling:2441,ling,0,microsoft/phi-4,zero,-1
based on the content of,417,5,2.989e-05,0.65,ling:2138,ling,0,microsoft/phi-4,zero,-1
based on the content provided,260,5,1.89e-05,0.625,ling:1335,ling,0,microsoft/phi-4,zero,-1
based on the content and,387,5,2.779e-05,0.609,ling:2406,ling,0,microsoft/phi-4,zero,-1
to determine if the email,440,5,3.15e-05,1.274,ling:1432,ling,0,microsoft/phi-4,zero,-1
based on the information provided,363,5,2.611e-05,0.595,ling:1426,ling,0,microsoft/phi-4,zero,-1
"phishing

the email",370,5,2.66e-05,0.616,ling:2496,ling,0,microsoft/phi-4,zero,1
based on the content and,231,5,1.687e-05,2.184,ling:263,ling,0,microsoft/phi-4,zero,-1
based on the content provided,188,5,1.386e-05,0.64,ling:556,ling,0,microsoft/phi-4,zero,-1
based on the information provided,308,5,2.226e-05,0.497,ling:619,ling,0,microsoft/phi-4,zero,-1
"legitimate

the email",421,5,3.017e-05,0.499,ling:1162,ling,0,microsoft/phi-4,zero,0
"phishing

the email",476,5,3.402e-05,8.228,ling:538,ling,0,microsoft/phi-4,zero,1
"phishing

the email",354,5,2.548e-05,2.89,ling:1548,ling,0,microsoft/phi-4,zero,1
based on the information provided,451,5,3.227e-05,0.506,ling:905,ling,0,microsoft/phi-4,zero,-1
"legitimate

the email",337,5,2.429e-05,0.698,ling:692,ling,0,microsoft/phi-4,zero,0
"legitimate

the email",86,5,6.72e-06,0.583,ling:58,ling,0,microsoft/phi-4,zero,0
to determine if the email,378,5,2.716e-05,1.041,ling:1336,ling,0,microsoft/phi-4,zero,-1
"phishing

the email",396,5,2.842e-05,0.952,ling:2394,ling,0,microsoft/phi-4,zero,1
"legitimate

the email",387,5,2.779e-05,1.087,ling:2542,ling,0,microsoft/phi-4,zero,0
based on the content you,407,5,2.919e-05,1.104,ling:2688,ling,0,microsoft/phi-4,zero,-1
"phishing

this email",422,5,3.024e-05,0.782,ling:1321,ling,0,microsoft/phi-4,zero,1
based on the information provided,236,5,1.722e-05,0.724,ling:1305,ling,0,microsoft/phi-4,zero,-1
"legitimate

the email",362,5,2.604e-05,0.946,ling:1992,ling,0,microsoft/phi-4,zero,0
based on the information provided,294,5,2.128e-05,0.561,ling:515,ling,0,microsoft/phi-4,zero,-1
"legitimate

the email",380,5,2.73e-05,0.496,ling:2170,ling,0,microsoft/phi-4,zero,0
"legitimate

the email",272,5,1.974e-05,0.601,ling:2313,ling,0,microsoft/phi-4,zero,0
"phishing

the email",335,5,2.415e-05,0.64,ling:2712,ling,0,microsoft/phi-4,zero,1
"legitimate

the email",217,5,1.589e-05,0.579,ling:2790,ling,0,microsoft/phi-4,zero,0
"phishing

the email",370,5,2.66e-05,0.604,ling:1712,ling,0,microsoft/phi-4,zero,1
based on the information provided,342,5,2.464e-05,0.529,ling:1615,ling,0,microsoft/phi-4,zero,-1
"phishing

the email",165,5,1.225e-05,0.854,ling:1904,ling,0,microsoft/phi-4,zero,1
"phishing

this email",383,5,2.751e-05,0.655,ling:2101,ling,0,microsoft/phi-4,zero,1
based on the content provided,429,5,3.073e-05,0.556,ling:1125,ling,0,microsoft/phi-4,zero,-1
"legitimate

the email",147,5,1.099e-05,0.501,ling:1961,ling,0,microsoft/phi-4,zero,0
"legitimate

the email",145,5,1.085e-05,1.442,ling:1150,ling,0,microsoft/phi-4,zero,0
"legitimate

the email",278,5,2.016e-05,0.649,ling:2125,ling,0,microsoft/phi-4,zero,0
"phishing

the email",379,5,2.723e-05,0.611,ling:857,ling,0,microsoft/phi-4,zero,1
"legitimate

the email",336,5,2.422e-05,0.576,ling:1502,ling,0,microsoft/phi-4,zero,0
based on the content of,125,5,9.45e-06,0.559,ling:499,ling,0,microsoft/phi-4,zero,-1
"legitimate

the email",300,5,2.17e-05,0.431,ling:2252,ling,0,microsoft/phi-4,zero,0
"legitimate

the email",313,5,2.261e-05,0.749,ling:1254,ling,0,microsoft/phi-4,zero,0
"legitimate

the email",164,5,1.218e-05,0.853,ling:1673,ling,0,microsoft/phi-4,zero,0
based on the content of,362,5,2.604e-05,0.741,ling:2319,ling,0,microsoft/phi-4,zero,-1
the email you've described,239,5,1.743e-05,0.793,ling:2757,ling,0,microsoft/phi-4,zero,-1
based on the content you,374,5,2.688e-05,2.145,ling:1980,ling,0,microsoft/phi-4,zero,-1
the email you've provided,146,5,1.092e-05,0.447,ling:286,ling,0,microsoft/phi-4,zero,-1
"phishing

the email",450,5,3.22e-05,0.472,ling:299,ling,0,microsoft/phi-4,zero,1
"phishing

the email",376,5,2.702e-05,0.446,ling:2647,ling,0,microsoft/phi-4,zero,1
the email you've provided,400,5,2.87e-05,1.748,ling:215,ling,0,microsoft/phi-4,zero,-1
"phishing

the email",393,5,2.821e-05,0.628,ling:908,ling,0,microsoft/phi-4,zero,1
"legitimate

the email",290,5,2.1e-05,0.826,ling:1740,ling,0,microsoft/phi-4,zero,0
"phishing

the email",301,5,2.177e-05,0.695,ling:284,ling,0,microsoft/phi-4,zero,1
"phishing

the email",381,5,2.737e-05,0.505,ling:925,ling,0,microsoft/phi-4,zero,1
"legitimate

the email",225,5,1.645e-05,0.53,ling:2160,ling,0,microsoft/phi-4,zero,0
"phishing

the email",380,5,2.73e-05,0.549,ling:929,ling,0,microsoft/phi-4,zero,1
based on the information provided,478,5,3.416e-05,0.952,ling:666,ling,0,microsoft/phi-4,zero,-1
"legitimate

the email",456,5,3.262e-05,0.774,ling:1038,ling,0,microsoft/phi-4,zero,0
"legitimate

the email",333,5,2.401e-05,0.746,ling:1352,ling,0,microsoft/phi-4,zero,0
"legitimate

the email",441,5,3.157e-05,0.732,ling:578,ling,0,microsoft/phi-4,zero,0
based on the content provided,388,5,2.786e-05,0.617,ling:110,ling,0,microsoft/phi-4,zero,-1
based on the content of,174,5,1.288e-05,0.613,ling:46,ling,0,microsoft/phi-4,zero,-1
based on the content and,507,5,3.619e-05,0.637,ling:1444,ling,0,microsoft/phi-4,zero,-1
to determine whether the email,262,5,1.904e-05,0.603,ling:778,ling,0,microsoft/phi-4,zero,-1
"legitimate

the email",155,5,1.155e-05,0.954,ling:294,ling,0,microsoft/phi-4,zero,0
"phishing

the email",345,5,2.485e-05,0.744,ling:2663,ling,0,microsoft/phi-4,zero,1
based on the content and,392,5,2.814e-05,1.082,ling:1839,ling,0,microsoft/phi-4,zero,-1
based on the content of,347,5,2.499e-05,0.564,ling:2551,ling,0,microsoft/phi-4,zero,-1
as a large language model,363,5,2.611e-05,0.641,ling:842,ling,0,microsoft/phi-4,zero,-1
"legitimate

the email",256,5,1.862e-05,1.007,ling:1557,ling,0,microsoft/phi-4,zero,0
based on the content provided,422,5,3.024e-05,0.56,ling:1656,ling,0,microsoft/phi-4,zero,-1
based on the content provided,352,5,2.534e-05,0.485,ling:2603,ling,0,microsoft/phi-4,zero,-1
based on the information provided,254,5,1.848e-05,0.511,ling:1513,ling,0,microsoft/phi-4,zero,-1
"legitimate

the email",447,5,3.199e-05,0.516,ling:1710,ling,0,microsoft/phi-4,zero,0
"legitimate

the email",392,5,2.814e-05,0.485,ling:1052,ling,0,microsoft/phi-4,zero,0
to determine whether the email,583,5,4.151e-05,0.651,ling:1592,ling,0,microsoft/phi-4,zero,-1
based on the content you,344,5,2.478e-05,0.824,ling:2298,ling,0,microsoft/phi-4,zero,-1
based on the content provided,523,5,3.731e-05,0.52,ling:2342,ling,0,microsoft/phi-4,zero,-1
based on the content provided,291,5,2.107e-05,0.477,ling:1447,ling,0,microsoft/phi-4,zero,-1
"legitimate

the email",108,5,8.26e-06,1.197,ling:1030,ling,0,microsoft/phi-4,zero,0
"legitimate

the email",348,5,2.506e-05,0.634,ling:2005,ling,0,microsoft/phi-4,zero,0
to determine if the email,94,5,7.28e-06,0.554,ling:1726,ling,0,microsoft/phi-4,zero,-1
"legitimate

the email",435,5,3.115e-05,0.508,ling:869,ling,0,microsoft/phi-4,zero,0
phishing,410,3,2.912e-05,1.058,ling:2115,ling,0,microsoft/phi-4,zero,1
based on the content and,384,5,2.758e-05,0.986,ling:2632,ling,0,microsoft/phi-4,zero,-1
to determine whether the email,318,5,2.296e-05,0.476,ling:2146,ling,0,microsoft/phi-4,zero,-1
based on the content and,327,5,2.359e-05,0.592,ling:958,ling,0,microsoft/phi-4,zero,-1
"phishing

the email",486,5,3.472e-05,1.43,ling:533,ling,0,microsoft/phi-4,zero,1
"legitimate

the email",346,5,2.492e-05,0.769,ling:1983,ling,0,microsoft/phi-4,zero,0
based on the content of,278,5,2.016e-05,0.617,ling:2136,ling,0,microsoft/phi-4,zero,-1
"legitimate

the email",325,5,2.345e-05,0.654,ling:1397,ling,0,microsoft/phi-4,zero,0
"legitimate

the email",331,5,2.387e-05,0.529,ling:756,ling,0,microsoft/phi-4,zero,0
based on the information provided,276,5,2.002e-05,0.999,ling:780,ling,0,microsoft/phi-4,zero,-1
as a large language model,344,5,2.478e-05,0.659,ling:1886,ling,0,microsoft/phi-4,zero,-1
based on the content provided,395,5,2.835e-05,0.972,ling:1435,ling,0,microsoft/phi-4,zero,-1
"phishing

the email",207,5,1.519e-05,0.497,ling:1932,ling,0,microsoft/phi-4,zero,1
"phishing

the email",573,5,4.081e-05,0.547,ling:2270,ling,0,microsoft/phi-4,zero,1
"phishing

the email",372,5,2.674e-05,0.597,ling:625,ling,0,microsoft/phi-4,zero,1
based on the content provided,395,5,2.835e-05,0.478,ling:994,ling,0,microsoft/phi-4,zero,-1
the email you've provided,125,5,9.45e-06,0.868,ling:2674,ling,0,microsoft/phi-4,zero,-1
"legitimate

the email",356,5,2.562e-05,0.476,ling:1167,ling,0,microsoft/phi-4,zero,0
"phishing

the email",351,5,2.527e-05,0.765,ling:244,ling,0,microsoft/phi-4,zero,1
the email content you've,357,5,2.569e-05,0.527,ling:2549,ling,0,microsoft/phi-4,zero,-1
"legitimate

the email",444,5,3.178e-05,0.566,ling:1370,ling,0,microsoft/phi-4,zero,0
based on the content provided,349,5,2.513e-05,0.56,ling:2721,ling,0,microsoft/phi-4,zero,-1
based on the content of,106,5,8.12e-06,1.386,ling:413,ling,0,microsoft/phi-4,zero,-1
"phishing

the email",406,5,2.912e-05,0.602,ling:1353,ling,0,microsoft/phi-4,zero,1
based on the information provided,357,5,2.569e-05,1.527,ling:1671,ling,0,microsoft/phi-4,zero,-1
"legitimate

the email",475,5,3.395e-05,1.139,ling:2417,ling,0,microsoft/phi-4,zero,0
"legitimate

the email",526,5,3.752e-05,1.032,ling:256,ling,0,microsoft/phi-4,zero,0
based on the content and,358,5,2.576e-05,0.822,ling:2227,ling,0,microsoft/phi-4,zero,-1
"phishing

the email",375,5,2.695e-05,0.465,ling:974,ling,0,microsoft/phi-4,zero,1
based on the content provided,388,5,2.786e-05,0.555,ling:1282,ling,0,microsoft/phi-4,zero,-1
based on the content provided,340,5,2.45e-05,0.48,ling:2336,ling,0,microsoft/phi-4,zero,-1
"legitimate

the email",375,5,2.695e-05,1.284,ling:1602,ling,0,microsoft/phi-4,zero,0
"legitimate

the email",91,5,7.07e-06,0.523,ling:1784,ling,0,microsoft/phi-4,zero,0
"legitimate

the email",300,5,2.17e-05,0.609,ling:1395,ling,0,microsoft/phi-4,zero,0
based on the information provided,297,5,2.149e-05,0.559,ling:2750,ling,0,microsoft/phi-4,zero,-1
based on the content provided,330,5,2.38e-05,0.543,ling:1900,ling,0,microsoft/phi-4,zero,-1
legitimate,293,3,2.093e-05,0.665,ling:2855,ling,0,microsoft/phi-4,zero,0
based on the information provided,378,5,2.716e-05,0.519,ling:2498,ling,0,microsoft/phi-4,zero,-1
based on the content provided,312,5,2.254e-05,0.487,ling:554,ling,0,microsoft/phi-4,zero,-1
phishing,169,3,1.225e-05,0.769,enron:6861,enron,1,microsoft/phi-4,zero,1
based on the content and,257,5,1.869e-05,1.026,enron:9711,enron,1,microsoft/phi-4,zero,-1
the email you've described,186,5,1.372e-05,2.713,enron:8157,enron,1,microsoft/phi-4,zero,-1
as a large language model,436,5,3.122e-05,0.843,enron:5895,enron,1,microsoft/phi-4,zero,-1
the email you've provided,295,5,2.135e-05,1.018,enron:7650,enron,1,microsoft/phi-4,zero,-1
"phishing

the email",385,5,2.765e-05,1.177,enron:7524,enron,1,microsoft/phi-4,zero,1
based on the information provided,451,5,3.227e-05,1.127,enron:8586,enron,1,microsoft/phi-4,zero,-1
the email you've described,106,5,8.12e-06,0.526,enron:9435,enron,1,microsoft/phi-4,zero,-1
the email you've described,282,5,2.044e-05,0.544,enron:9382,enron,1,microsoft/phi-4,zero,-1
phishing,353,3,2.513e-05,1.256,enron:5665,enron,1,microsoft/phi-4,zero,1
phishing,197,3,1.421e-05,0.413,enron:8777,enron,1,microsoft/phi-4,zero,1
the email you've provided,431,5,3.087e-05,0.565,enron:9233,enron,1,microsoft/phi-4,zero,-1
"phishing

the email",212,5,1.554e-05,0.441,enron:6153,enron,1,microsoft/phi-4,zero,1
phishing,368,3,2.618e-05,0.445,enron:6475,enron,1,microsoft/phi-4,zero,1
the email you've described,413,5,2.961e-05,0.577,enron:6533,enron,1,microsoft/phi-4,zero,-1
"phishing

this email",469,5,3.353e-05,0.65,enron:9867,enron,1,microsoft/phi-4,zero,1
phishing,154,3,1.12e-05,0.727,enron:5909,enron,1,microsoft/phi-4,zero,1
the email you've described,414,5,2.968e-05,0.483,enron:9592,enron,1,microsoft/phi-4,zero,-1
phishing,167,3,1.211e-05,0.87,enron:5872,enron,1,microsoft/phi-4,zero,1
"phishing

this email",372,5,2.674e-05,2.051,enron:7623,enron,1,microsoft/phi-4,zero,1
phishing,234,3,1.68e-05,0.434,enron:7216,enron,1,microsoft/phi-4,zero,1
phishing,355,3,2.527e-05,0.573,enron:6016,enron,1,microsoft/phi-4,zero,1
phishing,185,3,1.337e-05,0.512,enron:9757,enron,1,microsoft/phi-4,zero,1
"phishing

the email",346,5,2.492e-05,0.856,enron:5633,enron,1,microsoft/phi-4,zero,1
the email you've described,140,5,1.05e-05,0.886,enron:7627,enron,1,microsoft/phi-4,zero,-1
phishing,406,3,2.884e-05,0.49,enron:8990,enron,1,microsoft/phi-4,zero,1
the email you've described,198,5,1.456e-05,0.463,enron:6520,enron,1,microsoft/phi-4,zero,-1
the email you described appears,79,5,6.23e-06,0.456,enron:9845,enron,1,microsoft/phi-4,zero,-1
phishing,185,3,1.337e-05,0.619,enron:5344,enron,1,microsoft/phi-4,zero,1
the email you've provided,239,5,1.743e-05,1.211,enron:5779,enron,1,microsoft/phi-4,zero,-1
"phishing

the email",162,5,1.204e-05,0.965,enron:8648,enron,1,microsoft/phi-4,zero,1
phishing,111,3,8.19e-06,0.833,enron:8009,enron,1,microsoft/phi-4,zero,1
the email you've described,183,5,1.351e-05,0.463,enron:5979,enron,1,microsoft/phi-4,zero,-1
the email you've described,138,5,1.036e-05,0.5,enron:7192,enron,1,microsoft/phi-4,zero,-1
phishing,355,3,2.527e-05,0.486,enron:6352,enron,1,microsoft/phi-4,zero,1
the email you've provided,106,5,8.12e-06,0.53,enron:7218,enron,1,microsoft/phi-4,zero,-1
phishing,455,3,3.227e-05,0.885,enron:8972,enron,1,microsoft/phi-4,zero,1
based on the content and,310,5,2.24e-05,0.784,enron:8874,enron,1,microsoft/phi-4,zero,-1
phishing,167,3,1.211e-05,0.956,enron:7171,enron,1,microsoft/phi-4,zero,1
phishing,92,3,6.86e-06,0.672,enron:6358,enron,1,microsoft/phi-4,zero,1
phishing,186,3,1.344e-05,0.702,enron:5797,enron,1,microsoft/phi-4,zero,1
the email you've described,125,5,9.45e-06,2.567,enron:7991,enron,1,microsoft/phi-4,zero,-1
"phishing

this email",87,5,6.79e-06,0.437,enron:5698,enron,1,microsoft/phi-4,zero,1
"phishing

this email",135,5,1.015e-05,0.721,enron:6321,enron,1,microsoft/phi-4,zero,1
"phishing

the email",246,5,1.792e-05,0.762,enron:5841,enron,1,microsoft/phi-4,zero,1
phishing,134,3,9.8e-06,0.44,enron:9276,enron,1,microsoft/phi-4,zero,1
the email you've provided,184,5,1.358e-05,0.571,enron:8279,enron,1,microsoft/phi-4,zero,-1
phishing,97,3,7.21e-06,0.589,enron:6747,enron,1,microsoft/phi-4,zero,1
the email you've described,219,5,1.603e-05,0.517,enron:5334,enron,1,microsoft/phi-4,zero,-1
phishing,308,3,2.198e-05,0.565,enron:8560,enron,1,microsoft/phi-4,zero,1
"phishing

the email",356,5,2.562e-05,0.491,enron:5607,enron,1,microsoft/phi-4,zero,1
the email you described is,85,5,6.65e-06,0.491,enron:5661,enron,1,microsoft/phi-4,zero,-1
the email you've described,402,5,2.884e-05,0.765,enron:8290,enron,1,microsoft/phi-4,zero,-1
the email you've described,130,5,9.8e-06,1.842,enron:7353,enron,1,microsoft/phi-4,zero,-1
phishing,102,3,7.56e-06,0.781,enron:8524,enron,1,microsoft/phi-4,zero,1
based on the content and,242,5,1.764e-05,0.624,enron:9090,enron,1,microsoft/phi-4,zero,-1
based on the information provided,172,5,1.274e-05,0.637,enron:7248,enron,1,microsoft/phi-4,zero,-1
"phishing

this email",407,5,2.919e-05,0.766,enron:6515,enron,1,microsoft/phi-4,zero,1
phishing,313,3,2.233e-05,0.836,enron:8248,enron,1,microsoft/phi-4,zero,1
the email you've provided,115,5,8.75e-06,0.477,enron:7902,enron,1,microsoft/phi-4,zero,-1
the email you've described,164,5,1.218e-05,1.698,enron:9787,enron,1,microsoft/phi-4,zero,-1
the email you've described,124,5,9.38e-06,0.512,enron:9365,enron,1,microsoft/phi-4,zero,-1
phishing,128,3,9.38e-06,0.515,enron:6204,enron,1,microsoft/phi-4,zero,1
phishing,486,3,3.444e-05,0.67,enron:6491,enron,1,microsoft/phi-4,zero,1
phishing,268,3,1.918e-05,0.484,enron:7814,enron,1,microsoft/phi-4,zero,1
phishing,100,3,7.42e-06,0.52,enron:6255,enron,1,microsoft/phi-4,zero,1
phishing,380,3,2.702e-05,0.678,enron:7008,enron,1,microsoft/phi-4,zero,1
phishing,277,3,1.981e-05,0.465,enron:5812,enron,1,microsoft/phi-4,zero,1
"phishing

the email",403,5,2.891e-05,0.518,enron:6723,enron,1,microsoft/phi-4,zero,1
phishing,121,3,8.89e-06,0.496,enron:7881,enron,1,microsoft/phi-4,zero,1
phishing,159,3,1.155e-05,0.621,enron:7541,enron,1,microsoft/phi-4,zero,1
phishing,133,3,9.73e-06,0.478,enron:9006,enron,1,microsoft/phi-4,zero,1
phishing,422,3,2.996e-05,0.584,enron:8661,enron,1,microsoft/phi-4,zero,1
phishing,232,3,1.666e-05,0.519,enron:9928,enron,1,microsoft/phi-4,zero,1
phishing,264,3,1.89e-05,0.725,enron:6503,enron,1,microsoft/phi-4,zero,1
"phishing

this email",136,5,1.022e-05,0.46,enron:9350,enron,1,microsoft/phi-4,zero,1
phishing,193,3,1.393e-05,1.11,enron:5626,enron,1,microsoft/phi-4,zero,1
the email you've described,219,5,1.603e-05,0.518,enron:7232,enron,1,microsoft/phi-4,zero,-1
phishing,106,3,7.84e-06,0.475,enron:7905,enron,1,microsoft/phi-4,zero,1
phishing,410,3,2.912e-05,0.537,enron:6823,enron,1,microsoft/phi-4,zero,1
based on the content and,233,5,1.701e-05,0.528,enron:5510,enron,1,microsoft/phi-4,zero,-1
"phishing

this email",160,5,1.19e-05,1.286,enron:7886,enron,1,microsoft/phi-4,zero,1
the email you've provided,399,5,2.863e-05,2.139,enron:9491,enron,1,microsoft/phi-4,zero,-1
phishing,132,3,9.66e-06,0.879,enron:6139,enron,1,microsoft/phi-4,zero,1
phishing,156,3,1.134e-05,0.829,enron:6673,enron,1,microsoft/phi-4,zero,1
phishing,255,3,1.827e-05,0.78,enron:8416,enron,1,microsoft/phi-4,zero,1
phishing,77,3,5.81e-06,0.552,enron:7215,enron,1,microsoft/phi-4,zero,1
the email you've described,117,5,8.89e-06,0.549,enron:6581,enron,1,microsoft/phi-4,zero,-1
"phishing

the email",166,5,1.232e-05,1.064,enron:6981,enron,1,microsoft/phi-4,zero,1
"phishing

the email",457,5,3.269e-05,1.99,enron:7551,enron,1,microsoft/phi-4,zero,1
"phishing

the email",430,5,3.08e-05,0.507,enron:9454,enron,1,microsoft/phi-4,zero,1
phishing,386,3,2.744e-05,0.66,enron:8620,enron,1,microsoft/phi-4,zero,1
the email you've described,125,5,9.45e-06,0.527,enron:6718,enron,1,microsoft/phi-4,zero,-1
the email you've described,124,5,9.38e-06,0.53,enron:8627,enron,1,microsoft/phi-4,zero,-1
phishing,253,3,1.813e-05,0.527,enron:9217,enron,1,microsoft/phi-4,zero,1
"phishing

this email",287,5,2.079e-05,0.607,enron:8503,enron,1,microsoft/phi-4,zero,1
phishing,115,3,8.47e-06,0.853,enron:8868,enron,1,microsoft/phi-4,zero,1
phishing,136,3,9.94e-06,0.454,enron:7014,enron,1,microsoft/phi-4,zero,1
"phishing

this email",262,5,1.904e-05,0.489,enron:6813,enron,1,microsoft/phi-4,zero,1
the email you've described,313,5,2.261e-05,0.941,enron:7913,enron,1,microsoft/phi-4,zero,-1
"phishing

this email",163,5,1.211e-05,0.554,enron:9455,enron,1,microsoft/phi-4,zero,1
"phishing

this email",199,5,1.463e-05,0.623,enron:6335,enron,1,microsoft/phi-4,zero,1
"phishing

the email",415,5,2.975e-05,0.497,enron:9641,enron,1,microsoft/phi-4,zero,1
"phishing

this email",492,5,3.514e-05,0.509,enron:9554,enron,1,microsoft/phi-4,zero,1
the email you've described,115,5,8.75e-06,1.216,enron:9967,enron,1,microsoft/phi-4,zero,-1
the email you've provided,117,5,8.89e-06,0.56,enron:5608,enron,1,microsoft/phi-4,zero,-1
"phishing

the email",422,5,3.024e-05,0.745,enron:9392,enron,1,microsoft/phi-4,zero,1
the email you've provided,523,5,3.731e-05,0.643,enron:6856,enron,1,microsoft/phi-4,zero,-1
the email you've described,143,5,1.071e-05,0.564,enron:6738,enron,1,microsoft/phi-4,zero,-1
"phishing

the email",599,5,4.263e-05,0.767,enron:5490,enron,1,microsoft/phi-4,zero,1
"phishing

this email",429,5,3.073e-05,0.82,enron:7032,enron,1,microsoft/phi-4,zero,1
"phishing

the email",182,5,1.344e-05,0.618,enron:8082,enron,1,microsoft/phi-4,zero,1
the email you've provided,307,5,2.219e-05,0.682,enron:8145,enron,1,microsoft/phi-4,zero,-1
the email you've described,114,5,8.68e-06,0.518,enron:5380,enron,1,microsoft/phi-4,zero,-1
phishing,425,3,3.017e-05,0.825,enron:9885,enron,1,microsoft/phi-4,zero,1
the email you've described,213,5,1.561e-05,0.485,enron:8946,enron,1,microsoft/phi-4,zero,-1
based on the information provided,83,5,6.51e-06,0.54,enron:6098,enron,1,microsoft/phi-4,zero,-1
the email you've described,168,5,1.246e-05,0.611,enron:9670,enron,1,microsoft/phi-4,zero,-1
as a large language model,344,5,2.478e-05,0.562,enron:7595,enron,1,microsoft/phi-4,zero,-1
the email you've provided,418,5,2.996e-05,0.512,enron:6494,enron,1,microsoft/phi-4,zero,-1
the email you've described,167,5,1.239e-05,0.469,enron:6809,enron,1,microsoft/phi-4,zero,-1
"i'm sorry, but",67,5,5.39e-06,0.545,enron:6843,enron,1,microsoft/phi-4,zero,-1
the email you've described,70,5,5.6e-06,1.029,enron:9283,enron,1,microsoft/phi-4,zero,-1
based on the content and,338,5,2.436e-05,0.651,enron:7896,enron,1,microsoft/phi-4,zero,-1
the email you've provided,637,5,4.529e-05,0.637,enron:6772,enron,1,microsoft/phi-4,zero,-1
phishing,354,3,2.52e-05,0.449,enron:5337,enron,1,microsoft/phi-4,zero,1
phishing,102,3,7.56e-06,1.268,enron:9542,enron,1,microsoft/phi-4,zero,1
phishing,189,3,1.365e-05,0.516,enron:9117,enron,1,microsoft/phi-4,zero,1
"phishing

this email",393,5,2.821e-05,0.462,enron:6485,enron,1,microsoft/phi-4,zero,1
the email you've described,434,5,3.108e-05,0.502,enron:5808,enron,1,microsoft/phi-4,zero,-1
"phishing

the email",441,5,3.157e-05,0.489,enron:6743,enron,1,microsoft/phi-4,zero,1
phishing,118,3,8.68e-06,0.432,enron:9920,enron,1,microsoft/phi-4,zero,1
phishing,280,3,2.002e-05,1.511,enron:8649,enron,1,microsoft/phi-4,zero,1
phishing,106,3,7.84e-06,0.464,enron:6708,enron,1,microsoft/phi-4,zero,1
the email you described is,239,5,1.743e-05,1.164,enron:9071,enron,1,microsoft/phi-4,zero,-1
phishing,258,3,1.848e-05,0.593,enron:5602,enron,1,microsoft/phi-4,zero,1
the email you've described,189,5,1.393e-05,0.684,enron:8417,enron,1,microsoft/phi-4,zero,-1
the email you've provided,146,5,1.092e-05,1.029,enron:7672,enron,1,microsoft/phi-4,zero,-1
the email you've provided,292,5,2.114e-05,0.531,enron:7438,enron,1,microsoft/phi-4,zero,-1
"phishing

this email",419,5,3.003e-05,0.527,enron:7883,enron,1,microsoft/phi-4,zero,1
phishing,173,3,1.253e-05,0.797,enron:6790,enron,1,microsoft/phi-4,zero,1
"phishing

the email",404,5,2.898e-05,1.389,enron:5390,enron,1,microsoft/phi-4,zero,1
phishing,449,3,3.185e-05,0.662,enron:6310,enron,1,microsoft/phi-4,zero,1
phishing,134,3,9.8e-06,0.537,enron:7734,enron,1,microsoft/phi-4,zero,1
the email you've described,84,5,6.58e-06,0.659,enron:8291,enron,1,microsoft/phi-4,zero,-1
as a large language model,388,5,2.786e-05,0.712,enron:5782,enron,1,microsoft/phi-4,zero,-1
based on the content of,184,5,1.358e-05,0.846,enron:9230,enron,1,microsoft/phi-4,zero,-1
phishing,350,3,2.492e-05,0.875,enron:6778,enron,1,microsoft/phi-4,zero,1
the email you've described,414,5,2.968e-05,0.682,enron:9708,enron,1,microsoft/phi-4,zero,-1
the email you've described,193,5,1.421e-05,1.449,enron:9729,enron,1,microsoft/phi-4,zero,-1
"phishing

the email",195,5,1.435e-05,1.495,enron:3349,enron,0,microsoft/phi-4,zero,1
"phishing

the email",223,5,1.631e-05,0.645,enron:491,enron,0,microsoft/phi-4,zero,1
phishing,297,3,2.121e-05,0.448,enron:4521,enron,0,microsoft/phi-4,zero,1
"legitimate

the email",376,5,2.702e-05,0.542,enron:969,enron,0,microsoft/phi-4,zero,0
to determine whether the email,101,5,7.77e-06,0.505,enron:5305,enron,0,microsoft/phi-4,zero,-1
"phishing

the email",317,5,2.289e-05,0.759,enron:1200,enron,0,microsoft/phi-4,zero,1
"legitimate

the email",175,5,1.295e-05,0.515,enron:1752,enron,0,microsoft/phi-4,zero,0
based on the content of,318,5,2.296e-05,0.481,enron:497,enron,0,microsoft/phi-4,zero,-1
"legitimate

the email",148,5,1.106e-05,0.486,enron:3306,enron,0,microsoft/phi-4,zero,0
"legitimate

the email",545,5,3.885e-05,0.823,enron:3615,enron,0,microsoft/phi-4,zero,0
based on the content and,219,5,1.603e-05,0.652,enron:2348,enron,0,microsoft/phi-4,zero,-1
as a large language model,339,5,2.443e-05,0.646,enron:4524,enron,0,microsoft/phi-4,zero,-1
"phishing

the email",599,5,4.263e-05,1.594,enron:893,enron,0,microsoft/phi-4,zero,1
to determine whether the email,152,5,1.134e-05,0.546,enron:2302,enron,0,microsoft/phi-4,zero,-1
based on the content and,439,5,3.143e-05,0.458,enron:2364,enron,0,microsoft/phi-4,zero,-1
based on the information provided,205,5,1.505e-05,0.642,enron:3667,enron,0,microsoft/phi-4,zero,-1
as a large language model,386,5,2.772e-05,0.456,enron:240,enron,0,microsoft/phi-4,zero,-1
based on the content provided,332,5,2.394e-05,0.544,enron:2080,enron,0,microsoft/phi-4,zero,-1
based on the information provided,225,5,1.645e-05,0.514,enron:1425,enron,0,microsoft/phi-4,zero,-1
as a large language model,389,5,2.793e-05,0.482,enron:5014,enron,0,microsoft/phi-4,zero,-1
"phishing

the email",87,5,6.79e-06,0.522,enron:1773,enron,0,microsoft/phi-4,zero,1
based on the content of,120,5,9.1e-06,0.496,enron:3184,enron,0,microsoft/phi-4,zero,-1
when evaluating whether an email,183,5,1.351e-05,0.595,enron:4374,enron,0,microsoft/phi-4,zero,-1
"legitimate

the email",338,5,2.436e-05,0.485,enron:1620,enron,0,microsoft/phi-4,zero,0
phishing,162,3,1.176e-05,0.667,enron:5043,enron,0,microsoft/phi-4,zero,1
"phishing

the email",520,5,3.71e-05,0.476,enron:1616,enron,0,microsoft/phi-4,zero,1
as a large language model,269,5,1.953e-05,0.626,enron:168,enron,0,microsoft/phi-4,zero,-1
based on the information provided,184,5,1.358e-05,0.435,enron:1034,enron,0,microsoft/phi-4,zero,-1
based on the content provided,334,5,2.408e-05,0.733,enron:2226,enron,0,microsoft/phi-4,zero,-1
the email you've described,77,5,6.09e-06,1.359,enron:5267,enron,0,microsoft/phi-4,zero,-1
based on the content and,280,5,2.03e-05,0.477,enron:1379,enron,0,microsoft/phi-4,zero,-1
based on the information provided,158,5,1.176e-05,0.442,enron:5040,enron,0,microsoft/phi-4,zero,-1
based on the content provided,113,5,8.61e-06,0.603,enron:4331,enron,0,microsoft/phi-4,zero,-1
as a large language model,364,5,2.618e-05,0.772,enron:4725,enron,0,microsoft/phi-4,zero,-1
"phishing

the email",606,5,4.312e-05,0.574,enron:746,enron,0,microsoft/phi-4,zero,1
based on the content of,419,5,3.003e-05,0.526,enron:3213,enron,0,microsoft/phi-4,zero,-1
"phishing

the email",156,5,1.162e-05,1.417,enron:4828,enron,0,microsoft/phi-4,zero,1
"legitimate

the email",440,5,3.15e-05,0.502,enron:418,enron,0,microsoft/phi-4,zero,0
based on the content of,335,5,2.415e-05,0.634,enron:4526,enron,0,microsoft/phi-4,zero,-1
phishing,279,3,1.995e-05,1.116,enron:4763,enron,0,microsoft/phi-4,zero,1
as a large language model,302,5,2.184e-05,0.545,enron:5199,enron,0,microsoft/phi-4,zero,-1
as a large language model,420,5,3.01e-05,0.493,enron:3702,enron,0,microsoft/phi-4,zero,-1
"phishing

the email",149,5,1.113e-05,2.157,enron:505,enron,0,microsoft/phi-4,zero,1
based on the content and,497,5,3.549e-05,0.534,enron:79,enron,0,microsoft/phi-4,zero,-1
when evaluating whether an email,222,5,1.624e-05,0.566,enron:84,enron,0,microsoft/phi-4,zero,-1
"legitimate

the email",206,5,1.512e-05,1.193,enron:2577,enron,0,microsoft/phi-4,zero,0
as a large language model,501,5,3.577e-05,0.657,enron:4180,enron,0,microsoft/phi-4,zero,-1
as a large language model,346,5,2.492e-05,0.49,enron:5100,enron,0,microsoft/phi-4,zero,-1
based on the content and,477,5,3.409e-05,0.839,enron:4907,enron,0,microsoft/phi-4,zero,-1
phishing,94,3,7e-06,0.779,enron:1532,enron,0,microsoft/phi-4,zero,1
"phishing

the email",272,5,1.974e-05,0.485,enron:8,enron,0,microsoft/phi-4,zero,1
based on the content and,599,5,4.263e-05,0.461,enron:4085,enron,0,microsoft/phi-4,zero,-1
"phishing

this email",70,5,5.6e-06,0.717,enron:589,enron,0,microsoft/phi-4,zero,1
"legitimate

the email",363,5,2.611e-05,0.531,enron:426,enron,0,microsoft/phi-4,zero,0
"legitimate

the email",120,5,9.1e-06,0.773,enron:4230,enron,0,microsoft/phi-4,zero,0
"legitimate

the email",166,5,1.232e-05,0.448,enron:4080,enron,0,microsoft/phi-4,zero,0
"legitimate

the email",513,5,3.661e-05,0.921,enron:3044,enron,0,microsoft/phi-4,zero,0
as a large language model,199,5,1.463e-05,0.549,enron:1041,enron,0,microsoft/phi-4,zero,-1
when evaluating whether an email,540,5,3.85e-05,0.475,enron:2072,enron,0,microsoft/phi-4,zero,-1
"legitimate

the email",367,5,2.639e-05,1.424,enron:465,enron,0,microsoft/phi-4,zero,0
"legitimate

the email",502,5,3.584e-05,0.473,enron:296,enron,0,microsoft/phi-4,zero,0
"phishing

the email",257,5,1.869e-05,0.665,enron:4955,enron,0,microsoft/phi-4,zero,1
phishing,567,3,4.011e-05,0.47,enron:1129,enron,0,microsoft/phi-4,zero,1
"legitimate

the email",87,5,6.79e-06,0.499,enron:1612,enron,0,microsoft/phi-4,zero,0
"phishing

the email",303,5,2.191e-05,0.441,enron:373,enron,0,microsoft/phi-4,zero,1
based on the information provided,83,5,6.51e-06,0.624,enron:4951,enron,0,microsoft/phi-4,zero,-1
to determine whether the email,95,5,7.35e-06,0.524,enron:1115,enron,0,microsoft/phi-4,zero,-1
based on the content of,105,5,8.05e-06,0.639,enron:15,enron,0,microsoft/phi-4,zero,-1
as a large language model,415,5,2.975e-05,0.51,enron:747,enron,0,microsoft/phi-4,zero,-1
the email you've described,64,5,5.18e-06,0.524,enron:1436,enron,0,microsoft/phi-4,zero,-1
based on the content provided,103,5,7.91e-06,0.59,enron:279,enron,0,microsoft/phi-4,zero,-1
"legitimate

the email",450,5,3.22e-05,0.566,enron:5217,enron,0,microsoft/phi-4,zero,0
"phishing

the email",103,5,7.91e-06,0.841,enron:2209,enron,0,microsoft/phi-4,zero,1
to determine whether the email,96,5,7.42e-06,0.535,enron:5198,enron,0,microsoft/phi-4,zero,-1
based on the content of,191,5,1.407e-05,1.282,enron:3166,enron,0,microsoft/phi-4,zero,-1
based on the information provided,86,5,6.72e-06,0.49,enron:2222,enron,0,microsoft/phi-4,zero,-1
based on the content and,512,5,3.654e-05,1.435,enron:3303,enron,0,microsoft/phi-4,zero,-1
based on the information provided,104,5,7.98e-06,0.64,enron:4073,enron,0,microsoft/phi-4,zero,-1
"phishing

the email",243,5,1.771e-05,0.58,enron:3909,enron,0,microsoft/phi-4,zero,1
"phishing

the email",238,5,1.736e-05,0.569,enron:538,enron,0,microsoft/phi-4,zero,1
based on the content of,311,5,2.247e-05,0.808,enron:833,enron,0,microsoft/phi-4,zero,-1
"phishing

this email",166,5,1.232e-05,0.554,enron:4448,enron,0,microsoft/phi-4,zero,1
"phishing

the email",81,5,6.37e-06,1.879,enron:1420,enron,0,microsoft/phi-4,zero,1
"phishing

the email",132,5,9.94e-06,1.083,enron:23,enron,0,microsoft/phi-4,zero,1
based on the information provided,430,5,3.08e-05,0.437,enron:1235,enron,0,microsoft/phi-4,zero,-1
"legitimate

the email",467,5,3.339e-05,0.624,enron:3892,enron,0,microsoft/phi-4,zero,0
phishing,408,3,2.898e-05,0.812,enron:4232,enron,0,microsoft/phi-4,zero,1
based on the information provided,259,5,1.883e-05,1.245,enron:5192,enron,0,microsoft/phi-4,zero,-1
"legitimate

the email",435,5,3.115e-05,1.134,enron:4044,enron,0,microsoft/phi-4,zero,0
"phishing

the email",272,5,1.974e-05,0.62,enron:1292,enron,0,microsoft/phi-4,zero,1
"legitimate

the email",156,5,1.162e-05,0.94,enron:1212,enron,0,microsoft/phi-4,zero,0
phishing,212,3,1.526e-05,0.48,enron:3014,enron,0,microsoft/phi-4,zero,1
"legitimate

the email",434,5,3.108e-05,0.583,enron:4789,enron,0,microsoft/phi-4,zero,0
"legitimate

the email",560,5,3.99e-05,1.588,enron:290,enron,0,microsoft/phi-4,zero,0
phishing,196,3,1.414e-05,0.646,enron:2366,enron,0,microsoft/phi-4,zero,1
"phishing

this email",126,5,9.52e-06,0.518,enron:1498,enron,0,microsoft/phi-4,zero,1
phishing,317,3,2.261e-05,0.457,enron:1831,enron,0,microsoft/phi-4,zero,1
"legitimate

the email",465,5,3.325e-05,0.551,enron:879,enron,0,microsoft/phi-4,zero,0
legitimate,138,3,1.008e-05,0.536,enron:653,enron,0,microsoft/phi-4,zero,0
as a large language model,438,5,3.136e-05,0.531,enron:1047,enron,0,microsoft/phi-4,zero,-1
based on the content and,484,5,3.458e-05,0.837,enron:1437,enron,0,microsoft/phi-4,zero,-1
i'm unable to determine,398,5,2.856e-05,0.47,enron:2153,enron,0,microsoft/phi-4,zero,-1
to determine if the email,194,5,1.428e-05,0.597,enron:4517,enron,0,microsoft/phi-4,zero,-1
"phishing

the email",68,5,5.46e-06,0.848,enron:4531,enron,0,microsoft/phi-4,zero,1
to determine if the email,100,5,7.7e-06,1.318,enron:3867,enron,0,microsoft/phi-4,zero,-1
to determine whether the email,109,5,8.33e-06,0.505,enron:167,enron,0,microsoft/phi-4,zero,-1
based on the content provided,163,5,1.211e-05,0.566,enron:5162,enron,0,microsoft/phi-4,zero,-1
to determine if the email,105,5,8.05e-06,0.534,enron:4144,enron,0,microsoft/phi-4,zero,-1
as a large language model,528,5,3.766e-05,0.484,enron:3820,enron,0,microsoft/phi-4,zero,-1
phishing,132,3,9.66e-06,0.577,enron:1434,enron,0,microsoft/phi-4,zero,1
as a large language model,223,5,1.631e-05,0.497,enron:1545,enron,0,microsoft/phi-4,zero,-1
"phishing

the email",213,5,1.561e-05,0.579,enron:877,enron,0,microsoft/phi-4,zero,1
based on the information provided,598,5,4.256e-05,0.607,enron:439,enron,0,microsoft/phi-4,zero,-1
"phishing

the email",411,5,2.947e-05,0.547,enron:5140,enron,0,microsoft/phi-4,zero,1
"phishing

the email",280,5,2.03e-05,0.527,enron:239,enron,0,microsoft/phi-4,zero,1
"legitimate

the email",415,5,2.975e-05,0.457,enron:5101,enron,0,microsoft/phi-4,zero,0
to determine if the email,305,5,2.205e-05,1.299,enron:2688,enron,0,microsoft/phi-4,zero,-1
"legitimate

the email",510,5,3.64e-05,0.465,enron:471,enron,0,microsoft/phi-4,zero,0
legitimate,243,3,1.743e-05,0.724,enron:4269,enron,0,microsoft/phi-4,zero,0
as a large language model,385,5,2.765e-05,0.53,enron:3949,enron,0,microsoft/phi-4,zero,-1
based on the content of,68,5,5.46e-06,0.426,enron:4947,enron,0,microsoft/phi-4,zero,-1
the email you've described,64,5,5.18e-06,0.563,enron:1894,enron,0,microsoft/phi-4,zero,-1
based on the information provided,259,5,1.883e-05,1.018,enron:4447,enron,0,microsoft/phi-4,zero,-1
"phishing

the email",210,5,1.54e-05,1.404,enron:2519,enron,0,microsoft/phi-4,zero,1
"phishing

the email",395,5,2.835e-05,0.574,enron:3733,enron,0,microsoft/phi-4,zero,1
"legitimate

the email",321,5,2.317e-05,0.467,enron:4019,enron,0,microsoft/phi-4,zero,0
"phishing

the email",120,5,9.1e-06,0.504,enron:2314,enron,0,microsoft/phi-4,zero,1
"phishing

the email",350,5,2.52e-05,0.482,enron:346,enron,0,microsoft/phi-4,zero,1
"phishing

the email",352,5,2.534e-05,0.538,enron:3649,enron,0,microsoft/phi-4,zero,1
"legitimate

the email",308,5,2.226e-05,0.592,enron:1055,enron,0,microsoft/phi-4,zero,0
to determine whether the email,118,5,8.96e-06,0.467,enron:4309,enron,0,microsoft/phi-4,zero,-1
to determine whether the email,143,5,1.071e-05,1.012,enron:4183,enron,0,microsoft/phi-4,zero,-1
"legitimate

the email",504,5,3.598e-05,0.453,enron:842,enron,0,microsoft/phi-4,zero,0
"phishing

the email",240,5,1.75e-05,0.766,enron:5274,enron,0,microsoft/phi-4,zero,1
"legitimate

the email",245,5,1.785e-05,0.84,enron:4401,enron,0,microsoft/phi-4,zero,0
based on the content provided,289,5,2.093e-05,0.446,enron:80,enron,0,microsoft/phi-4,zero,-1
based on the content provided,442,5,3.164e-05,0.493,enron:4635,enron,0,microsoft/phi-4,zero,-1
as a large language model,192,5,1.414e-05,0.478,enron:4881,enron,0,microsoft/phi-4,zero,-1
as a large language model,253,5,1.841e-05,1.925,enron:3670,enron,0,microsoft/phi-4,zero,-1
as a large language model,532,5,3.794e-05,0.849,enron:1090,enron,0,microsoft/phi-4,zero,-1
as a large language model,248,5,1.806e-05,0.637,enron:3464,enron,0,microsoft/phi-4,zero,-1
to determine whether the email,532,5,3.794e-05,0.62,enron:4049,enron,0,microsoft/phi-4,zero,-1
to determine whether the email,119,5,9.03e-06,0.505,enron:2882,enron,0,microsoft/phi-4,zero,-1
"phishing

the email",279,5,2.023e-05,0.723,enron:2952,enron,0,microsoft/phi-4,zero,1
"legitimate

the email",373,5,2.681e-05,2.726,enron:2594,enron,0,microsoft/phi-4,zero,0
"phishing

the email",207,5,1.519e-05,1.417,enron:4546,enron,0,microsoft/phi-4,zero,1
"phishing

the email",365,5,2.625e-05,0.535,enron:2813,enron,0,microsoft/phi-4,zero,1
to determine whether the email,127,5,9.59e-06,0.533,enron:2801,enron,0,microsoft/phi-4,zero,-1
based on the content provided,86,5,6.72e-06,0.514,enron:4803,enron,0,microsoft/phi-4,zero,-1
to determine if the email,89,5,6.93e-06,3.071,enron:1580,enron,0,microsoft/phi-4,zero,-1
the email you've described,110,5,8.4e-06,0.581,kaggle:9136,kaggle,1,microsoft/phi-4,zero,-1
phishing,363,3,2.583e-05,1.315,kaggle:9695,kaggle,1,microsoft/phi-4,zero,1
the email you've described,183,5,1.351e-05,0.534,kaggle:9294,kaggle,1,microsoft/phi-4,zero,-1
"phishing

this email",86,5,6.72e-06,0.86,kaggle:9570,kaggle,1,microsoft/phi-4,zero,1
the email you've described,160,5,1.19e-05,2.359,kaggle:6656,kaggle,1,microsoft/phi-4,zero,-1
the email you've described,174,5,1.288e-05,0.562,kaggle:6539,kaggle,1,microsoft/phi-4,zero,-1
the email you've described,123,5,9.31e-06,0.492,kaggle:6448,kaggle,1,microsoft/phi-4,zero,-1
the email you've described,284,5,2.058e-05,0.484,kaggle:8693,kaggle,1,microsoft/phi-4,zero,-1
phishing,240,3,1.722e-05,0.429,kaggle:7893,kaggle,1,microsoft/phi-4,zero,1
phishing,315,3,2.247e-05,1.488,kaggle:6708,kaggle,1,microsoft/phi-4,zero,1
the email you've described,120,5,9.1e-06,0.661,kaggle:8023,kaggle,1,microsoft/phi-4,zero,-1
phishing,428,3,3.038e-05,0.62,kaggle:8387,kaggle,1,microsoft/phi-4,zero,1
based on the content of,387,5,2.779e-05,0.603,kaggle:6389,kaggle,1,microsoft/phi-4,zero,-1
phishing,415,3,2.947e-05,0.463,kaggle:7491,kaggle,1,microsoft/phi-4,zero,1
phishing,230,3,1.652e-05,0.674,kaggle:7922,kaggle,1,microsoft/phi-4,zero,1
phishing,295,3,2.107e-05,0.461,kaggle:8822,kaggle,1,microsoft/phi-4,zero,1
phishing,114,3,8.4e-06,0.522,kaggle:8322,kaggle,1,microsoft/phi-4,zero,1
phishing,137,3,1.001e-05,2.766,kaggle:9838,kaggle,1,microsoft/phi-4,zero,1
phishing,174,3,1.26e-05,1.643,kaggle:8955,kaggle,1,microsoft/phi-4,zero,1
phishing,186,3,1.344e-05,0.529,kaggle:9889,kaggle,1,microsoft/phi-4,zero,1
phishing,412,3,2.926e-05,0.505,kaggle:7963,kaggle,1,microsoft/phi-4,zero,1
phishing,419,3,2.975e-05,0.933,kaggle:9455,kaggle,1,microsoft/phi-4,zero,1
phishing,143,3,1.043e-05,0.631,kaggle:7383,kaggle,1,microsoft/phi-4,zero,1
"phishing

this email",271,5,1.967e-05,0.754,kaggle:7087,kaggle,1,microsoft/phi-4,zero,1
based on the content and,187,5,1.379e-05,0.514,kaggle:7360,kaggle,1,microsoft/phi-4,zero,-1
phishing,386,3,2.744e-05,0.982,kaggle:9740,kaggle,1,microsoft/phi-4,zero,1
phishing,154,3,1.12e-05,1.654,kaggle:9469,kaggle,1,microsoft/phi-4,zero,1
phishing,347,3,2.471e-05,0.577,kaggle:6453,kaggle,1,microsoft/phi-4,zero,1
phishing,361,3,2.569e-05,1.169,kaggle:6620,kaggle,1,microsoft/phi-4,zero,1
the email you've described,87,5,6.79e-06,0.794,kaggle:8083,kaggle,1,microsoft/phi-4,zero,-1
phishing,289,3,2.065e-05,0.433,kaggle:6465,kaggle,1,microsoft/phi-4,zero,1
the email you've described,377,5,2.709e-05,1.348,kaggle:8384,kaggle,1,microsoft/phi-4,zero,-1
phishing,131,3,9.59e-06,0.416,kaggle:9231,kaggle,1,microsoft/phi-4,zero,1
the email you've provided,147,5,1.099e-05,0.542,kaggle:8745,kaggle,1,microsoft/phi-4,zero,-1
phishing,391,3,2.779e-05,0.815,kaggle:8550,kaggle,1,microsoft/phi-4,zero,1
the email you've described,377,5,2.709e-05,0.613,kaggle:7681,kaggle,1,microsoft/phi-4,zero,-1
phishing,296,3,2.114e-05,0.553,kaggle:7957,kaggle,1,microsoft/phi-4,zero,1
the email you've described,484,5,3.458e-05,0.674,kaggle:9159,kaggle,1,microsoft/phi-4,zero,-1
to determine if an email,63,5,5.11e-06,0.511,kaggle:6701,kaggle,1,microsoft/phi-4,zero,-1
"phishing

this email",308,5,2.226e-05,1.495,kaggle:8619,kaggle,1,microsoft/phi-4,zero,1
the email you've described,107,5,8.19e-06,1.049,kaggle:6683,kaggle,1,microsoft/phi-4,zero,-1
phishing,265,3,1.897e-05,0.47,kaggle:9842,kaggle,1,microsoft/phi-4,zero,1
phishing,405,3,2.877e-05,0.459,kaggle:8978,kaggle,1,microsoft/phi-4,zero,1
phishing,292,3,2.086e-05,0.796,kaggle:9243,kaggle,1,microsoft/phi-4,zero,1
"phishing

this email",371,5,2.667e-05,0.519,kaggle:7589,kaggle,1,microsoft/phi-4,zero,1
phishing,164,3,1.19e-05,0.48,kaggle:9575,kaggle,1,microsoft/phi-4,zero,1
this email is **mal,405,5,2.905e-05,0.576,kaggle:7605,kaggle,1,microsoft/phi-4,zero,-1
phishing,249,3,1.785e-05,1.67,kaggle:9375,kaggle,1,microsoft/phi-4,zero,1
"phishing

the email",397,5,2.849e-05,0.525,kaggle:7045,kaggle,1,microsoft/phi-4,zero,1
phishing,196,3,1.414e-05,1.113,kaggle:9258,kaggle,1,microsoft/phi-4,zero,1
phishing,110,3,8.12e-06,0.49,kaggle:7786,kaggle,1,microsoft/phi-4,zero,1
phishing,422,3,2.996e-05,0.516,kaggle:8057,kaggle,1,microsoft/phi-4,zero,1
this email is likely **,407,5,2.919e-05,0.646,kaggle:6578,kaggle,1,microsoft/phi-4,zero,-1
the email you've described,346,5,2.492e-05,1.151,kaggle:6823,kaggle,1,microsoft/phi-4,zero,-1
the text you've provided,118,5,8.96e-06,0.536,kaggle:9287,kaggle,1,microsoft/phi-4,zero,-1
the email you described appears,93,5,7.21e-06,0.525,kaggle:6301,kaggle,1,microsoft/phi-4,zero,-1
the email you've described,122,5,9.24e-06,0.537,kaggle:7819,kaggle,1,microsoft/phi-4,zero,-1
the email you've described,110,5,8.4e-06,0.51,kaggle:8928,kaggle,1,microsoft/phi-4,zero,-1
phishing,387,3,2.751e-05,0.485,kaggle:6996,kaggle,1,microsoft/phi-4,zero,1
phishing,408,3,2.898e-05,0.492,kaggle:7820,kaggle,1,microsoft/phi-4,zero,1
phishing,272,3,1.946e-05,0.474,kaggle:8336,kaggle,1,microsoft/phi-4,zero,1
the email you've described,91,5,7.07e-06,0.705,kaggle:8084,kaggle,1,microsoft/phi-4,zero,-1
phishing,363,3,2.583e-05,0.521,kaggle:8728,kaggle,1,microsoft/phi-4,zero,1
the email you've described,142,5,1.064e-05,0.78,kaggle:8060,kaggle,1,microsoft/phi-4,zero,-1
phishing,113,3,8.33e-06,0.499,kaggle:7363,kaggle,1,microsoft/phi-4,zero,1
phishing,213,3,1.533e-05,0.657,kaggle:6362,kaggle,1,microsoft/phi-4,zero,1
phishing,416,3,2.954e-05,1.13,kaggle:8418,kaggle,1,microsoft/phi-4,zero,1
based on the content and,240,5,1.75e-05,0.488,kaggle:9716,kaggle,1,microsoft/phi-4,zero,-1
based on the content of,399,5,2.863e-05,0.484,kaggle:6283,kaggle,1,microsoft/phi-4,zero,-1
"phishing

this email",400,5,2.87e-05,0.604,kaggle:6627,kaggle,1,microsoft/phi-4,zero,1
"phishing

the email",551,5,3.927e-05,0.482,kaggle:9372,kaggle,1,microsoft/phi-4,zero,1
this email is likely malicious,330,5,2.38e-05,0.481,kaggle:8852,kaggle,1,microsoft/phi-4,zero,1
phishing,339,3,2.415e-05,0.449,kaggle:8823,kaggle,1,microsoft/phi-4,zero,1
phishing,147,3,1.071e-05,0.649,kaggle:8956,kaggle,1,microsoft/phi-4,zero,1
phishing,556,3,3.934e-05,0.797,kaggle:7340,kaggle,1,microsoft/phi-4,zero,1
based on the content and,159,5,1.183e-05,0.515,kaggle:7415,kaggle,1,microsoft/phi-4,zero,-1
phishing,176,3,1.274e-05,0.662,kaggle:9515,kaggle,1,microsoft/phi-4,zero,1
phishing,380,3,2.702e-05,0.46,kaggle:6926,kaggle,1,microsoft/phi-4,zero,1
phishing,158,3,1.148e-05,0.463,kaggle:7469,kaggle,1,microsoft/phi-4,zero,1
"phishing

the email",371,5,2.667e-05,0.556,kaggle:9609,kaggle,1,microsoft/phi-4,zero,1
phishing,247,3,1.771e-05,0.805,kaggle:8383,kaggle,1,microsoft/phi-4,zero,1
"phishing

the email",423,5,3.031e-05,0.63,kaggle:8698,kaggle,1,microsoft/phi-4,zero,1
the email you've described,165,5,1.225e-05,1.268,kaggle:8952,kaggle,1,microsoft/phi-4,zero,-1
the email you've described,398,5,2.856e-05,0.524,kaggle:6662,kaggle,1,microsoft/phi-4,zero,-1
phishing,173,3,1.253e-05,1.562,kaggle:7344,kaggle,1,microsoft/phi-4,zero,1
the email you received is,312,5,2.254e-05,0.505,kaggle:8513,kaggle,1,microsoft/phi-4,zero,-1
the email you've described,125,5,9.45e-06,0.529,kaggle:8047,kaggle,1,microsoft/phi-4,zero,-1
the email you've provided,177,5,1.309e-05,0.512,kaggle:7403,kaggle,1,microsoft/phi-4,zero,-1
the email you've described,196,5,1.442e-05,0.481,kaggle:9741,kaggle,1,microsoft/phi-4,zero,-1
based on the content and,357,5,2.569e-05,0.477,kaggle:6286,kaggle,1,microsoft/phi-4,zero,-1
the email you've described,377,5,2.709e-05,0.638,kaggle:7098,kaggle,1,microsoft/phi-4,zero,-1
"phishing

this email",377,5,2.709e-05,0.482,kaggle:8977,kaggle,1,microsoft/phi-4,zero,1
the email you've provided,392,5,2.814e-05,0.794,kaggle:7990,kaggle,1,microsoft/phi-4,zero,-1
the email you've described,217,5,1.589e-05,0.608,kaggle:8765,kaggle,1,microsoft/phi-4,zero,-1
"phishing

the email",385,5,2.765e-05,0.441,kaggle:7664,kaggle,1,microsoft/phi-4,zero,1
phishing,350,3,2.492e-05,0.727,kaggle:7325,kaggle,1,microsoft/phi-4,zero,1
"phishing

this email",212,5,1.554e-05,0.468,kaggle:6480,kaggle,1,microsoft/phi-4,zero,1
phishing,106,3,7.84e-06,0.642,kaggle:8416,kaggle,1,microsoft/phi-4,zero,1
"phishing

this email",370,5,2.66e-05,0.493,kaggle:7245,kaggle,1,microsoft/phi-4,zero,1
based on the content and,421,5,3.017e-05,1.195,kaggle:8722,kaggle,1,microsoft/phi-4,zero,-1
"phishing

this email",349,5,2.513e-05,0.499,kaggle:8446,kaggle,1,microsoft/phi-4,zero,1
phishing,378,3,2.688e-05,0.507,kaggle:7537,kaggle,1,microsoft/phi-4,zero,1
the email you've described,199,5,1.463e-05,0.62,kaggle:7140,kaggle,1,microsoft/phi-4,zero,-1
"phishing

this email",390,5,2.8e-05,1.515,kaggle:9891,kaggle,1,microsoft/phi-4,zero,1
based on the content and,264,5,1.918e-05,0.6,kaggle:9667,kaggle,1,microsoft/phi-4,zero,-1
phishing,477,3,3.381e-05,0.518,kaggle:6719,kaggle,1,microsoft/phi-4,zero,1
the text you've provided,118,5,8.96e-06,0.502,kaggle:8963,kaggle,1,microsoft/phi-4,zero,-1
phishing,371,3,2.639e-05,0.536,kaggle:7694,kaggle,1,microsoft/phi-4,zero,1
this email is likely **,141,5,1.057e-05,0.835,kaggle:9060,kaggle,1,microsoft/phi-4,zero,-1
phishing,191,3,1.379e-05,0.433,kaggle:6684,kaggle,1,microsoft/phi-4,zero,1
**disclaimer:** as a,413,5,2.961e-05,1.544,kaggle:8072,kaggle,1,microsoft/phi-4,zero,-1
based on the content and,382,5,2.744e-05,0.536,kaggle:8113,kaggle,1,microsoft/phi-4,zero,-1
phishing,375,3,2.667e-05,0.497,kaggle:8452,kaggle,1,microsoft/phi-4,zero,1
"phishing

this email",235,5,1.715e-05,0.511,kaggle:6378,kaggle,1,microsoft/phi-4,zero,1
phishing,156,3,1.134e-05,0.492,kaggle:8920,kaggle,1,microsoft/phi-4,zero,1
phishing,272,3,1.946e-05,0.792,kaggle:7233,kaggle,1,microsoft/phi-4,zero,1
the email you've described,208,5,1.526e-05,0.534,kaggle:8052,kaggle,1,microsoft/phi-4,zero,-1
phishing,379,3,2.695e-05,0.833,kaggle:8907,kaggle,1,microsoft/phi-4,zero,1
the email you've described,202,5,1.484e-05,0.535,kaggle:6730,kaggle,1,microsoft/phi-4,zero,-1
the email you received is,381,5,2.737e-05,0.572,kaggle:6594,kaggle,1,microsoft/phi-4,zero,-1
the email you've described,297,5,2.149e-05,0.651,kaggle:6320,kaggle,1,microsoft/phi-4,zero,-1
the email you've described,175,5,1.295e-05,0.631,kaggle:8128,kaggle,1,microsoft/phi-4,zero,-1
phishing,352,3,2.506e-05,0.869,kaggle:8280,kaggle,1,microsoft/phi-4,zero,1
phishing,214,3,1.54e-05,2.101,kaggle:9156,kaggle,1,microsoft/phi-4,zero,1
phishing,335,3,2.387e-05,0.726,kaggle:7771,kaggle,1,microsoft/phi-4,zero,1
"phishing

this email",227,5,1.659e-05,0.449,kaggle:9232,kaggle,1,microsoft/phi-4,zero,1
phishing,379,3,2.695e-05,0.445,kaggle:9957,kaggle,1,microsoft/phi-4,zero,1
phishing,191,3,1.379e-05,0.401,kaggle:7074,kaggle,1,microsoft/phi-4,zero,1
phishing,200,3,1.442e-05,0.474,kaggle:8594,kaggle,1,microsoft/phi-4,zero,1
"phishing

this email",418,5,2.996e-05,0.517,kaggle:6509,kaggle,1,microsoft/phi-4,zero,1
"phishing

the email",357,5,2.569e-05,0.49,kaggle:7079,kaggle,1,microsoft/phi-4,zero,1
"phishing

this email",561,5,3.997e-05,0.497,kaggle:8716,kaggle,1,microsoft/phi-4,zero,1
the email you provided is,219,5,1.603e-05,0.801,kaggle:9859,kaggle,1,microsoft/phi-4,zero,-1
the email you've described,288,5,2.086e-05,0.995,kaggle:6863,kaggle,1,microsoft/phi-4,zero,-1
the email you provided exhibits,421,5,3.017e-05,0.604,kaggle:8362,kaggle,1,microsoft/phi-4,zero,-1
phishing,65,3,4.97e-06,1.019,kaggle:9760,kaggle,1,microsoft/phi-4,zero,1
the email you've described,400,5,2.87e-05,0.508,kaggle:6418,kaggle,1,microsoft/phi-4,zero,-1
phishing,345,3,2.457e-05,0.533,kaggle:9678,kaggle,1,microsoft/phi-4,zero,1
"phishing

the email",369,5,2.653e-05,0.696,kaggle:6890,kaggle,1,microsoft/phi-4,zero,1
the email you've described,112,5,8.54e-06,1.994,kaggle:6321,kaggle,1,microsoft/phi-4,zero,-1
"phishing

this email",376,5,2.702e-05,1.291,kaggle:9345,kaggle,1,microsoft/phi-4,zero,1
"phishing

the email",393,5,2.821e-05,0.738,kaggle:6295,kaggle,1,microsoft/phi-4,zero,1
phishing,399,3,2.835e-05,1.217,kaggle:9561,kaggle,1,microsoft/phi-4,zero,1
based on the content and,901,5,6.377e-05,0.473,kaggle:6489,kaggle,1,microsoft/phi-4,zero,-1
phishing,206,3,1.484e-05,0.522,kaggle:8100,kaggle,1,microsoft/phi-4,zero,1
the email you've described,244,5,1.778e-05,0.49,kaggle:8285,kaggle,1,microsoft/phi-4,zero,-1
the email you've described,426,5,3.052e-05,1.507,kaggle:9480,kaggle,1,microsoft/phi-4,zero,-1
the text you've provided,158,5,1.176e-05,0.815,kaggle:7971,kaggle,1,microsoft/phi-4,zero,-1
phishing,399,3,2.835e-05,0.599,kaggle:8198,kaggle,1,microsoft/phi-4,zero,1
the email you've described,107,5,8.19e-06,0.512,kaggle:6498,kaggle,1,microsoft/phi-4,zero,-1
based on the content provided,400,5,2.87e-05,0.507,kaggle:3158,kaggle,0,microsoft/phi-4,zero,-1
based on the content provided,194,5,1.428e-05,0.533,kaggle:1345,kaggle,0,microsoft/phi-4,zero,-1
as a large language model,140,5,1.05e-05,0.56,kaggle:5916,kaggle,0,microsoft/phi-4,zero,-1
based on the content of,294,5,2.128e-05,0.58,kaggle:5533,kaggle,0,microsoft/phi-4,zero,-1
based on the content you,170,5,1.26e-05,0.517,kaggle:2521,kaggle,0,microsoft/phi-4,zero,-1
based on the content and,480,5,3.43e-05,0.584,kaggle:6215,kaggle,0,microsoft/phi-4,zero,-1
"phishing

the email",299,5,2.163e-05,0.558,kaggle:1181,kaggle,0,microsoft/phi-4,zero,1
to determine whether the email,451,5,3.227e-05,0.58,kaggle:5849,kaggle,0,microsoft/phi-4,zero,-1
"legitimate

the email",157,5,1.169e-05,0.488,kaggle:4490,kaggle,0,microsoft/phi-4,zero,0
phishing,438,3,3.108e-05,0.487,kaggle:3548,kaggle,0,microsoft/phi-4,zero,1
as a large language model,181,5,1.337e-05,0.637,kaggle:2771,kaggle,0,microsoft/phi-4,zero,-1
legitimate,145,3,1.057e-05,1.279,kaggle:4477,kaggle,0,microsoft/phi-4,zero,0
"phishing

the email",442,5,3.164e-05,0.694,kaggle:3836,kaggle,0,microsoft/phi-4,zero,1
"phishing

the email",217,5,1.589e-05,0.661,kaggle:2042,kaggle,0,microsoft/phi-4,zero,1
based on the information provided,265,5,1.925e-05,0.661,kaggle:611,kaggle,0,microsoft/phi-4,zero,-1
based on the content and,488,5,3.486e-05,0.696,kaggle:2543,kaggle,0,microsoft/phi-4,zero,-1
"phishing

the email",210,5,1.54e-05,0.493,kaggle:432,kaggle,0,microsoft/phi-4,zero,1
"phishing

the email",309,5,2.233e-05,1.94,kaggle:476,kaggle,0,microsoft/phi-4,zero,1
phishing,70,3,5.32e-06,0.623,kaggle:511,kaggle,0,microsoft/phi-4,zero,1
"legitimate

the email",100,5,7.7e-06,0.701,kaggle:3220,kaggle,0,microsoft/phi-4,zero,0
based on the content of,353,5,2.541e-05,0.521,kaggle:2166,kaggle,0,microsoft/phi-4,zero,-1
"legitimate

the email",540,5,3.85e-05,0.536,kaggle:535,kaggle,0,microsoft/phi-4,zero,0
phishing,119,3,8.75e-06,0.477,kaggle:1620,kaggle,0,microsoft/phi-4,zero,1
the email you've described,79,5,6.23e-06,0.452,kaggle:2154,kaggle,0,microsoft/phi-4,zero,-1
as a large language model,399,5,2.863e-05,0.502,kaggle:401,kaggle,0,microsoft/phi-4,zero,-1
based on the content you,380,5,2.73e-05,0.598,kaggle:4808,kaggle,0,microsoft/phi-4,zero,-1
based on the content provided,261,5,1.897e-05,0.506,kaggle:23,kaggle,0,microsoft/phi-4,zero,-1
the email you've described,90,5,7e-06,0.676,kaggle:1874,kaggle,0,microsoft/phi-4,zero,-1
"legitimate

the email",231,5,1.687e-05,0.577,kaggle:1223,kaggle,0,microsoft/phi-4,zero,0
phishing,172,3,1.246e-05,0.432,kaggle:6179,kaggle,0,microsoft/phi-4,zero,1
"phishing

the email",234,5,1.708e-05,0.605,kaggle:3163,kaggle,0,microsoft/phi-4,zero,1
based on the content provided,257,5,1.869e-05,0.553,kaggle:4837,kaggle,0,microsoft/phi-4,zero,-1
"phishing

the email",185,5,1.365e-05,0.495,kaggle:1188,kaggle,0,microsoft/phi-4,zero,1
"phishing

the email",426,5,3.052e-05,0.452,kaggle:1426,kaggle,0,microsoft/phi-4,zero,1
based on the content of,243,5,1.771e-05,0.45,kaggle:1557,kaggle,0,microsoft/phi-4,zero,-1
phishing,424,3,3.01e-05,0.679,kaggle:156,kaggle,0,microsoft/phi-4,zero,1
"phishing

this email",375,5,2.695e-05,1.467,kaggle:2570,kaggle,0,microsoft/phi-4,zero,1
based on the information provided,82,5,6.44e-06,1.456,kaggle:622,kaggle,0,microsoft/phi-4,zero,-1
based on the information provided,145,5,1.085e-05,0.47,kaggle:3708,kaggle,0,microsoft/phi-4,zero,-1
as an ai language model,328,5,2.366e-05,0.665,kaggle:5804,kaggle,0,microsoft/phi-4,zero,-1
based on the content of,152,5,1.134e-05,1.391,kaggle:1740,kaggle,0,microsoft/phi-4,zero,-1
to determine if the email,187,5,1.379e-05,0.479,kaggle:1805,kaggle,0,microsoft/phi-4,zero,-1
the email you've described,65,5,5.25e-06,0.571,kaggle:6035,kaggle,0,microsoft/phi-4,zero,-1
based on the content and,538,5,3.836e-05,1.329,kaggle:208,kaggle,0,microsoft/phi-4,zero,-1
"legitimate

the email",255,5,1.855e-05,1.067,kaggle:5913,kaggle,0,microsoft/phi-4,zero,0
the email you've described,85,5,6.65e-06,0.867,kaggle:2988,kaggle,0,microsoft/phi-4,zero,-1
as a large language model,428,5,3.066e-05,0.472,kaggle:6157,kaggle,0,microsoft/phi-4,zero,-1
based on the content of,393,5,2.821e-05,1.194,kaggle:230,kaggle,0,microsoft/phi-4,zero,-1
to determine whether the email,305,5,2.205e-05,0.661,kaggle:2226,kaggle,0,microsoft/phi-4,zero,-1
"legitimate

this email",432,5,3.094e-05,0.686,kaggle:3089,kaggle,0,microsoft/phi-4,zero,0
legitimate,423,3,3.003e-05,0.527,kaggle:4513,kaggle,0,microsoft/phi-4,zero,0
"legitimate

the email",194,5,1.428e-05,0.622,kaggle:1315,kaggle,0,microsoft/phi-4,zero,0
"phishing

this email",78,5,6.16e-06,0.8,kaggle:5790,kaggle,0,microsoft/phi-4,zero,1
phishing,133,3,9.73e-06,0.49,kaggle:2306,kaggle,0,microsoft/phi-4,zero,1
"legitimate

the email",254,5,1.848e-05,0.485,kaggle:1488,kaggle,0,microsoft/phi-4,zero,0
"phishing

the email",106,5,8.12e-06,0.488,kaggle:5944,kaggle,0,microsoft/phi-4,zero,1
"phishing

this email",394,5,2.828e-05,0.498,kaggle:3045,kaggle,0,microsoft/phi-4,zero,1
as a large language model,193,5,1.421e-05,1.351,kaggle:1926,kaggle,0,microsoft/phi-4,zero,-1
"phishing

the email",328,5,2.366e-05,1.456,kaggle:3203,kaggle,0,microsoft/phi-4,zero,1
based on the content provided,185,5,1.365e-05,0.655,kaggle:5659,kaggle,0,microsoft/phi-4,zero,-1
based on the content and,358,5,2.576e-05,0.66,kaggle:2821,kaggle,0,microsoft/phi-4,zero,-1
based on the content and,498,5,3.556e-05,0.617,kaggle:4385,kaggle,0,microsoft/phi-4,zero,-1
phishing,295,3,2.107e-05,0.498,kaggle:3018,kaggle,0,microsoft/phi-4,zero,1
based on the content you,642,5,4.564e-05,2.801,kaggle:4810,kaggle,0,microsoft/phi-4,zero,-1
"phishing

the email",337,5,2.429e-05,0.719,kaggle:1902,kaggle,0,microsoft/phi-4,zero,1
"legitimate

the email",301,5,2.177e-05,0.579,kaggle:4464,kaggle,0,microsoft/phi-4,zero,0
based on the information provided,531,5,3.787e-05,0.716,kaggle:3560,kaggle,0,microsoft/phi-4,zero,-1
"phishing

this email",107,5,8.19e-06,0.605,kaggle:5899,kaggle,0,microsoft/phi-4,zero,1
based on the content and,339,5,2.443e-05,0.575,kaggle:2344,kaggle,0,microsoft/phi-4,zero,-1
as a large language model,220,5,1.61e-05,0.487,kaggle:538,kaggle,0,microsoft/phi-4,zero,-1
"phishing

the email",291,5,2.107e-05,0.505,kaggle:3413,kaggle,0,microsoft/phi-4,zero,1
based on the information provided,112,5,8.54e-06,0.468,kaggle:2002,kaggle,0,microsoft/phi-4,zero,-1
based on the content and,449,5,3.213e-05,1.788,kaggle:4715,kaggle,0,microsoft/phi-4,zero,-1
"phishing

this email",366,5,2.632e-05,0.632,kaggle:6047,kaggle,0,microsoft/phi-4,zero,1
"phishing

the email",264,5,1.918e-05,0.477,kaggle:2862,kaggle,0,microsoft/phi-4,zero,1
"phishing

the email",415,5,2.975e-05,0.522,kaggle:1919,kaggle,0,microsoft/phi-4,zero,1
"phishing

the email",438,5,3.136e-05,0.478,kaggle:5494,kaggle,0,microsoft/phi-4,zero,1
"phishing

the email",346,5,2.492e-05,0.789,kaggle:1039,kaggle,0,microsoft/phi-4,zero,1
based on the content provided,156,5,1.162e-05,0.62,kaggle:2611,kaggle,0,microsoft/phi-4,zero,-1
the email you've described,146,5,1.092e-05,0.578,kaggle:6165,kaggle,0,microsoft/phi-4,zero,-1
"phishing

the email",389,5,2.793e-05,1.061,kaggle:1718,kaggle,0,microsoft/phi-4,zero,1
based on the information provided,96,5,7.42e-06,0.51,kaggle:3896,kaggle,0,microsoft/phi-4,zero,-1
"legitimate

the email",357,5,2.569e-05,0.869,kaggle:3547,kaggle,0,microsoft/phi-4,zero,0
based on the content of,447,5,3.199e-05,0.569,kaggle:1859,kaggle,0,microsoft/phi-4,zero,-1
as a large language model,292,5,2.114e-05,0.592,kaggle:324,kaggle,0,microsoft/phi-4,zero,-1
legitimate,441,3,3.129e-05,0.565,kaggle:3841,kaggle,0,microsoft/phi-4,zero,0
based on the information provided,424,5,3.038e-05,1.423,kaggle:5856,kaggle,0,microsoft/phi-4,zero,-1
based on the content and,483,5,3.451e-05,0.565,kaggle:132,kaggle,0,microsoft/phi-4,zero,-1
"legitimate

the email",238,5,1.736e-05,1.415,kaggle:3169,kaggle,0,microsoft/phi-4,zero,0
"phishing

the email",383,5,2.751e-05,0.526,kaggle:1057,kaggle,0,microsoft/phi-4,zero,1
as a large language model,485,5,3.465e-05,2.004,kaggle:4461,kaggle,0,microsoft/phi-4,zero,-1
legitimate,412,3,2.926e-05,0.548,kaggle:812,kaggle,0,microsoft/phi-4,zero,0
"phishing

the email",161,5,1.197e-05,0.491,kaggle:3618,kaggle,0,microsoft/phi-4,zero,1
"phishing

the email",385,5,2.765e-05,0.528,kaggle:3076,kaggle,0,microsoft/phi-4,zero,1
based on the information provided,482,5,3.444e-05,0.752,kaggle:1881,kaggle,0,microsoft/phi-4,zero,-1
based on the information provided,116,5,8.82e-06,0.463,kaggle:5825,kaggle,0,microsoft/phi-4,zero,-1
phishing,514,3,3.64e-05,1.271,kaggle:1869,kaggle,0,microsoft/phi-4,zero,1
based on the content and,200,5,1.47e-05,0.631,kaggle:4095,kaggle,0,microsoft/phi-4,zero,-1
legitimate,135,3,9.87e-06,0.563,kaggle:318,kaggle,0,microsoft/phi-4,zero,0
"phishing

this email",80,5,6.3e-06,0.523,kaggle:80,kaggle,0,microsoft/phi-4,zero,1
"legitimate

the email",385,5,2.765e-05,0.597,kaggle:5943,kaggle,0,microsoft/phi-4,zero,0
"phishing

the email",227,5,1.659e-05,0.616,kaggle:730,kaggle,0,microsoft/phi-4,zero,1
phishing,187,3,1.351e-05,1.32,kaggle:2828,kaggle,0,microsoft/phi-4,zero,1
"legitimate

the email",380,5,2.73e-05,0.958,kaggle:2812,kaggle,0,microsoft/phi-4,zero,0
"phishing

the email",532,5,3.794e-05,0.567,kaggle:3165,kaggle,0,microsoft/phi-4,zero,1
based on the content provided,146,5,1.092e-05,0.472,kaggle:6072,kaggle,0,microsoft/phi-4,zero,-1
"phishing

the email",217,5,1.589e-05,0.994,kaggle:4280,kaggle,0,microsoft/phi-4,zero,1
phishing,359,3,2.555e-05,1.077,kaggle:4352,kaggle,0,microsoft/phi-4,zero,1
based on the content of,296,5,2.142e-05,0.589,kaggle:4279,kaggle,0,microsoft/phi-4,zero,-1
"phishing

the email",429,5,3.073e-05,0.556,kaggle:6023,kaggle,0,microsoft/phi-4,zero,1
based on the content and,409,5,2.933e-05,0.479,kaggle:1047,kaggle,0,microsoft/phi-4,zero,-1
"legitimate

the email",382,5,2.744e-05,0.764,kaggle:2815,kaggle,0,microsoft/phi-4,zero,0
"phishing

the email",455,5,3.255e-05,0.754,kaggle:706,kaggle,0,microsoft/phi-4,zero,1
to determine if the email,155,5,1.155e-05,0.709,kaggle:4537,kaggle,0,microsoft/phi-4,zero,-1
as a large language model,259,5,1.883e-05,0.695,kaggle:2298,kaggle,0,microsoft/phi-4,zero,-1
based on the information provided,505,5,3.605e-05,1.086,kaggle:3801,kaggle,0,microsoft/phi-4,zero,-1
based on the content and,226,5,1.652e-05,0.526,kaggle:4623,kaggle,0,microsoft/phi-4,zero,-1
based on the content and,355,5,2.555e-05,0.984,kaggle:6038,kaggle,0,microsoft/phi-4,zero,-1
based on the content provided,112,5,8.54e-06,0.565,kaggle:3063,kaggle,0,microsoft/phi-4,zero,-1
based on the content provided,124,5,9.38e-06,2.756,kaggle:6137,kaggle,0,microsoft/phi-4,zero,-1
"phishing

the email",363,5,2.611e-05,0.495,kaggle:3886,kaggle,0,microsoft/phi-4,zero,1
based on the content you,373,5,2.681e-05,0.527,kaggle:5745,kaggle,0,microsoft/phi-4,zero,-1
based on the content of,405,5,2.905e-05,0.517,kaggle:893,kaggle,0,microsoft/phi-4,zero,-1
when evaluating whether an email,324,5,2.338e-05,0.782,kaggle:534,kaggle,0,microsoft/phi-4,zero,-1
"legitimate

the email",180,5,1.33e-05,0.904,kaggle:5869,kaggle,0,microsoft/phi-4,zero,0
based on the content and,475,5,3.395e-05,0.615,kaggle:2412,kaggle,0,microsoft/phi-4,zero,-1
"phishing

the email",261,5,1.897e-05,0.572,kaggle:5472,kaggle,0,microsoft/phi-4,zero,1
the email you've provided,143,5,1.071e-05,0.484,kaggle:4410,kaggle,0,microsoft/phi-4,zero,-1
the email you've provided,101,5,7.77e-06,0.984,kaggle:4770,kaggle,0,microsoft/phi-4,zero,-1
"legitimate

the email",97,5,7.49e-06,0.476,kaggle:800,kaggle,0,microsoft/phi-4,zero,0
based on the content of,388,5,2.786e-05,0.679,kaggle:3405,kaggle,0,microsoft/phi-4,zero,-1
based on the content and,298,5,2.156e-05,0.624,kaggle:5389,kaggle,0,microsoft/phi-4,zero,-1
phishing,83,2,6.09e-06,0.645,kaggle:4224,kaggle,0,microsoft/phi-4,zero,1
"phishing

this email",327,5,2.359e-05,0.455,kaggle:683,kaggle,0,microsoft/phi-4,zero,1
to determine whether the email,472,5,3.374e-05,1.085,kaggle:1669,kaggle,0,microsoft/phi-4,zero,-1
as a large language model,380,5,2.73e-05,0.593,kaggle:5993,kaggle,0,microsoft/phi-4,zero,-1
based on the information provided,100,5,7.7e-06,0.573,kaggle:198,kaggle,0,microsoft/phi-4,zero,-1
based on the content you,421,5,3.017e-05,0.595,kaggle:88,kaggle,0,microsoft/phi-4,zero,-1
"phishing

the email",371,5,2.667e-05,0.627,kaggle:736,kaggle,0,microsoft/phi-4,zero,1
"legitimate

the email",294,5,2.128e-05,0.539,kaggle:1144,kaggle,0,microsoft/phi-4,zero,0
as a large language model,367,5,2.639e-05,0.515,kaggle:3125,kaggle,0,microsoft/phi-4,zero,-1
based on the information provided,99,5,7.63e-06,0.519,kaggle:6085,kaggle,0,microsoft/phi-4,zero,-1
the content you've provided,131,5,9.87e-06,0.497,kaggle:3617,kaggle,0,microsoft/phi-4,zero,-1
"phishing

the email",369,5,2.653e-05,0.522,kaggle:3732,kaggle,0,microsoft/phi-4,zero,1
phishing,99,3,7.35e-06,0.417,kaggle:3334,kaggle,0,microsoft/phi-4,zero,1
based on the content of,331,5,2.387e-05,0.925,kaggle:2882,kaggle,0,microsoft/phi-4,zero,-1
"phishing

this email",272,5,1.974e-05,0.489,kaggle:3308,kaggle,0,microsoft/phi-4,zero,1
to determine if the email,102,5,7.84e-06,0.611,kaggle:3891,kaggle,0,microsoft/phi-4,zero,-1
based on the content provided,373,5,2.681e-05,0.807,kaggle:506,kaggle,0,microsoft/phi-4,zero,-1
"phishing

the email",438,5,3.136e-05,0.489,kaggle:5141,kaggle,0,microsoft/phi-4,zero,1
phishing,93,3,6.93e-06,0.75,nazario:1523,nazario,1,microsoft/phi-4,zero,1
based on the content of,335,5,2.415e-05,1.499,nazario:270,nazario,1,microsoft/phi-4,zero,-1
the email you've described,98,5,7.56e-06,0.484,nazario:353,nazario,1,microsoft/phi-4,zero,-1
the email you've described,477,5,3.409e-05,0.498,nazario:354,nazario,1,microsoft/phi-4,zero,-1
phishing,134,3,9.8e-06,0.783,nazario:916,nazario,1,microsoft/phi-4,zero,1
phishing,163,3,1.183e-05,0.778,nazario:240,nazario,1,microsoft/phi-4,zero,1
phishing,105,3,7.77e-06,0.546,nazario:352,nazario,1,microsoft/phi-4,zero,1
the email you've described,255,5,1.855e-05,0.56,nazario:1372,nazario,1,microsoft/phi-4,zero,-1
the email you've described,268,5,1.946e-05,0.662,nazario:416,nazario,1,microsoft/phi-4,zero,-1
"phishing

the email",326,5,2.352e-05,0.586,nazario:1046,nazario,1,microsoft/phi-4,zero,1
phishing,148,3,1.078e-05,0.531,nazario:1188,nazario,1,microsoft/phi-4,zero,1
"phishing

the email",323,5,2.331e-05,0.666,nazario:351,nazario,1,microsoft/phi-4,zero,1
"phishing

the email",451,5,3.227e-05,1.157,nazario:65,nazario,1,microsoft/phi-4,zero,1
as a large language model,318,5,2.296e-05,2.155,nazario:1243,nazario,1,microsoft/phi-4,zero,-1
based on the content and,167,5,1.239e-05,0.483,nazario:30,nazario,1,microsoft/phi-4,zero,-1
phishing,133,3,9.73e-06,0.954,nazario:1265,nazario,1,microsoft/phi-4,zero,1
phishing,114,3,8.4e-06,0.659,nazario:1316,nazario,1,microsoft/phi-4,zero,1
"phishing

this email",306,5,2.212e-05,0.877,nazario:1504,nazario,1,microsoft/phi-4,zero,1
phishing,164,3,1.19e-05,0.471,nazario:175,nazario,1,microsoft/phi-4,zero,1
phishing,247,3,1.771e-05,0.586,nazario:168,nazario,1,microsoft/phi-4,zero,1
"phishing

the email",333,5,2.401e-05,0.836,nazario:985,nazario,1,microsoft/phi-4,zero,1
phishing,207,3,1.491e-05,0.534,nazario:1359,nazario,1,microsoft/phi-4,zero,1
"phishing

the email",326,5,2.352e-05,0.533,nazario:532,nazario,1,microsoft/phi-4,zero,1
based on the content of,140,5,1.05e-05,0.551,nazario:1173,nazario,1,microsoft/phi-4,zero,-1
phishing,163,3,1.183e-05,0.448,nazario:522,nazario,1,microsoft/phi-4,zero,1
the email you've described,151,5,1.127e-05,1.403,nazario:1520,nazario,1,microsoft/phi-4,zero,-1
the email you received is,175,5,1.295e-05,0.727,nazario:438,nazario,1,microsoft/phi-4,zero,-1
phishing,341,3,2.429e-05,0.919,nazario:239,nazario,1,microsoft/phi-4,zero,1
the email you've received,196,5,1.442e-05,0.603,nazario:765,nazario,1,microsoft/phi-4,zero,-1
the email you've described,255,5,1.855e-05,1.104,nazario:59,nazario,1,microsoft/phi-4,zero,-1
"phishing

the email",411,5,2.947e-05,0.646,nazario:405,nazario,1,microsoft/phi-4,zero,1
phishing,192,3,1.386e-05,0.62,nazario:711,nazario,1,microsoft/phi-4,zero,1
phishing,353,3,2.513e-05,0.523,nazario:478,nazario,1,microsoft/phi-4,zero,1
"phishing

this email",344,5,2.478e-05,0.586,nazario:162,nazario,1,microsoft/phi-4,zero,1
"phishing

this email",263,5,1.911e-05,1.462,nazario:888,nazario,1,microsoft/phi-4,zero,1
phishing,180,3,1.302e-05,0.594,nazario:859,nazario,1,microsoft/phi-4,zero,1
"phishing

this email",320,5,2.31e-05,0.905,nazario:1182,nazario,1,microsoft/phi-4,zero,1
phishing,154,3,1.12e-05,0.546,nazario:1542,nazario,1,microsoft/phi-4,zero,1
"phishing

this email",348,5,2.506e-05,0.544,nazario:471,nazario,1,microsoft/phi-4,zero,1
phishing,108,3,7.98e-06,0.475,nazario:184,nazario,1,microsoft/phi-4,zero,1
"phishing

this email",123,5,9.31e-06,0.68,nazario:701,nazario,1,microsoft/phi-4,zero,1
phishing,288,3,2.058e-05,0.455,nazario:1288,nazario,1,microsoft/phi-4,zero,1
the email you've described,279,5,2.023e-05,1.55,nazario:494,nazario,1,microsoft/phi-4,zero,-1
the email you've described,349,5,2.513e-05,0.772,nazario:1216,nazario,1,microsoft/phi-4,zero,-1
the email you've described,133,5,1.001e-05,0.85,nazario:380,nazario,1,microsoft/phi-4,zero,-1
phishing,121,3,8.89e-06,0.537,nazario:1381,nazario,1,microsoft/phi-4,zero,1
"phishing

the email",185,5,1.365e-05,0.754,nazario:692,nazario,1,microsoft/phi-4,zero,1
"phishing

this email",183,5,1.351e-05,0.483,nazario:610,nazario,1,microsoft/phi-4,zero,1
"phishing

this email",231,5,1.687e-05,0.793,nazario:1321,nazario,1,microsoft/phi-4,zero,1
the email you've described,219,5,1.603e-05,0.449,nazario:339,nazario,1,microsoft/phi-4,zero,-1
the email you've described,338,5,2.436e-05,0.551,nazario:124,nazario,1,microsoft/phi-4,zero,-1
the email you've described,104,5,7.98e-06,0.541,nazario:974,nazario,1,microsoft/phi-4,zero,-1
the email you've described,287,5,2.079e-05,0.62,nazario:275,nazario,1,microsoft/phi-4,zero,-1
"phishing

this email",287,5,2.079e-05,0.564,nazario:986,nazario,1,microsoft/phi-4,zero,1
phishing,295,3,2.107e-05,1.038,nazario:1144,nazario,1,microsoft/phi-4,zero,1
the email you received is,98,5,7.56e-06,0.565,nazario:1259,nazario,1,microsoft/phi-4,zero,-1
phishing,169,3,1.225e-05,1.276,nazario:806,nazario,1,microsoft/phi-4,zero,1
phishing,156,3,1.134e-05,0.717,nazario:1156,nazario,1,microsoft/phi-4,zero,1
the email you received is,286,5,2.072e-05,0.531,nazario:672,nazario,1,microsoft/phi-4,zero,-1
"phishing

the email",75,5,5.95e-06,0.535,nazario:23,nazario,1,microsoft/phi-4,zero,1
to determine if the email,307,5,2.219e-05,0.916,nazario:1189,nazario,1,microsoft/phi-4,zero,-1
phishing,174,3,1.26e-05,0.514,nazario:203,nazario,1,microsoft/phi-4,zero,1
phishing,264,3,1.89e-05,0.48,nazario:371,nazario,1,microsoft/phi-4,zero,1
phishing,445,3,3.157e-05,0.717,nazario:49,nazario,1,microsoft/phi-4,zero,1
"phishing

this email",73,5,5.81e-06,0.62,nazario:824,nazario,1,microsoft/phi-4,zero,1
the email you've described,215,5,1.575e-05,0.738,nazario:1430,nazario,1,microsoft/phi-4,zero,-1
"phishing

this email",188,5,1.386e-05,0.688,nazario:670,nazario,1,microsoft/phi-4,zero,1
phishing,108,3,7.98e-06,0.475,nazario:617,nazario,1,microsoft/phi-4,zero,1
"phishing

this email",124,5,9.38e-06,0.513,nazario:271,nazario,1,microsoft/phi-4,zero,1
"phishing

this email",195,5,1.435e-05,0.835,nazario:428,nazario,1,microsoft/phi-4,zero,1
phishing,188,3,1.358e-05,1.814,nazario:720,nazario,1,microsoft/phi-4,zero,1
phishing,151,3,1.099e-05,0.769,nazario:1211,nazario,1,microsoft/phi-4,zero,1
phishing,285,3,2.037e-05,0.558,nazario:123,nazario,1,microsoft/phi-4,zero,1
based on the content and,226,5,1.652e-05,0.652,nazario:1376,nazario,1,microsoft/phi-4,zero,-1
phishing,278,3,1.988e-05,0.46,nazario:237,nazario,1,microsoft/phi-4,zero,1
based on the content of,277,5,2.009e-05,0.542,nazario:1203,nazario,1,microsoft/phi-4,zero,-1
"phishing

this email",437,5,3.129e-05,0.686,nazario:198,nazario,1,microsoft/phi-4,zero,1
the email you received is,259,5,1.883e-05,0.627,nazario:199,nazario,1,microsoft/phi-4,zero,-1
the email you've described,135,5,1.015e-05,0.577,nazario:914,nazario,1,microsoft/phi-4,zero,-1
the email you received is,137,5,1.029e-05,0.491,nazario:1102,nazario,1,microsoft/phi-4,zero,-1
"phishing

the email",233,5,1.701e-05,0.598,nazario:1247,nazario,1,microsoft/phi-4,zero,1
"phishing

this email",111,5,8.47e-06,2.578,nazario:1235,nazario,1,microsoft/phi-4,zero,1
"phishing

this email",290,5,2.1e-05,0.777,nazario:99,nazario,1,microsoft/phi-4,zero,1
phishing,314,3,2.24e-05,0.765,nazario:332,nazario,1,microsoft/phi-4,zero,1
"phishing

this email",183,5,1.351e-05,1.119,nazario:51,nazario,1,microsoft/phi-4,zero,1
phishing,367,3,2.611e-05,1.184,nazario:70,nazario,1,microsoft/phi-4,zero,1
the email you received is,166,5,1.232e-05,0.464,nazario:1362,nazario,1,microsoft/phi-4,zero,-1
phishing,344,3,2.45e-05,0.709,nazario:76,nazario,1,microsoft/phi-4,zero,1
the email you've described,243,5,1.771e-05,1.702,nazario:1000,nazario,1,microsoft/phi-4,zero,-1
phishing,238,3,1.708e-05,0.528,nazario:922,nazario,1,microsoft/phi-4,zero,1
"phishing

this email",414,5,2.968e-05,0.444,nazario:141,nazario,1,microsoft/phi-4,zero,1
based on the content and,362,5,2.604e-05,1.072,nazario:1446,nazario,1,microsoft/phi-4,zero,-1
the email you've described,294,5,2.128e-05,0.531,nazario:1179,nazario,1,microsoft/phi-4,zero,-1
"phishing

this email",208,5,1.526e-05,0.744,nazario:988,nazario,1,microsoft/phi-4,zero,1
the email you described exhibits,83,5,6.51e-06,0.447,nazario:907,nazario,1,microsoft/phi-4,zero,-1
"phishing

the email",213,5,1.561e-05,0.568,nazario:993,nazario,1,microsoft/phi-4,zero,1
phishing,152,3,1.106e-05,0.408,nazario:1531,nazario,1,microsoft/phi-4,zero,1
the email you received is,232,5,1.694e-05,1.014,nazario:220,nazario,1,microsoft/phi-4,zero,-1
"phishing

this email",364,5,2.618e-05,0.664,nazario:331,nazario,1,microsoft/phi-4,zero,1
the email you've described,348,5,2.506e-05,0.491,nazario:926,nazario,1,microsoft/phi-4,zero,-1
the email you described raises,71,5,5.67e-06,0.587,nazario:185,nazario,1,microsoft/phi-4,zero,-1
the email you've described,300,5,2.17e-05,1.329,nazario:381,nazario,1,microsoft/phi-4,zero,-1
"phishing

this email",180,5,1.33e-05,0.759,nazario:1277,nazario,1,microsoft/phi-4,zero,1
"phishing

this email",218,5,1.596e-05,0.581,nazario:261,nazario,1,microsoft/phi-4,zero,1
"phishing

this email",231,5,1.687e-05,0.589,nazario:1420,nazario,1,microsoft/phi-4,zero,1
"phishing

this email",96,5,7.42e-06,0.541,nazario:1027,nazario,1,microsoft/phi-4,zero,1
phishing,205,3,1.477e-05,0.434,nazario:1435,nazario,1,microsoft/phi-4,zero,1
phishing,892,3,6.286e-05,0.683,nazario:1450,nazario,1,microsoft/phi-4,zero,1
"phishing

this email",351,5,2.527e-05,0.658,nazario:135,nazario,1,microsoft/phi-4,zero,1
phishing,196,3,1.414e-05,0.57,nazario:1461,nazario,1,microsoft/phi-4,zero,1
the email you've described,229,5,1.673e-05,0.517,nazario:490,nazario,1,microsoft/phi-4,zero,-1
phishing,730,3,5.152e-05,0.519,nazario:527,nazario,1,microsoft/phi-4,zero,1
phishing,125,3,9.17e-06,0.811,nazario:1548,nazario,1,microsoft/phi-4,zero,1
phishing,103,3,7.63e-06,0.826,nazario:774,nazario,1,microsoft/phi-4,zero,1
the email you've described,118,5,8.96e-06,0.631,nazario:67,nazario,1,microsoft/phi-4,zero,-1
"phishing

this email",263,5,1.911e-05,1.363,nazario:383,nazario,1,microsoft/phi-4,zero,1
phishing,148,3,1.078e-05,0.503,nazario:1252,nazario,1,microsoft/phi-4,zero,1
"phishing

this email",259,5,1.883e-05,0.588,nazario:309,nazario,1,microsoft/phi-4,zero,1
phishing,158,3,1.148e-05,0.673,nazario:1212,nazario,1,microsoft/phi-4,zero,1
phishing,140,3,1.022e-05,0.707,nazario:976,nazario,1,microsoft/phi-4,zero,1
the email you've described,116,5,8.82e-06,0.806,nazario:940,nazario,1,microsoft/phi-4,zero,-1
phishing,142,3,1.036e-05,0.525,nazario:1539,nazario,1,microsoft/phi-4,zero,1
"phishing

this email",230,5,1.68e-05,0.502,nazario:869,nazario,1,microsoft/phi-4,zero,1
the email you received is,163,5,1.211e-05,0.635,nazario:718,nazario,1,microsoft/phi-4,zero,-1
the email you received is,515,5,3.675e-05,0.676,nazario:415,nazario,1,microsoft/phi-4,zero,-1
"phishing

this email",375,5,2.695e-05,0.664,nazario:1098,nazario,1,microsoft/phi-4,zero,1
the email you've described,127,5,9.59e-06,0.549,nazario:1040,nazario,1,microsoft/phi-4,zero,-1
the email you received is,219,5,1.603e-05,0.78,nazario:29,nazario,1,microsoft/phi-4,zero,-1
"phishing

the email",353,5,2.541e-05,0.759,nazario:367,nazario,1,microsoft/phi-4,zero,1
"phishing

this email",427,5,3.059e-05,0.589,nazario:1421,nazario,1,microsoft/phi-4,zero,1
phishing,353,3,2.513e-05,0.969,nazario:485,nazario,1,microsoft/phi-4,zero,1
phishing,155,3,1.127e-05,0.642,nazario:631,nazario,1,microsoft/phi-4,zero,1
phishing,145,3,1.057e-05,0.862,nazario:602,nazario,1,microsoft/phi-4,zero,1
this email is likely malicious,212,5,1.554e-05,0.759,nazario:350,nazario,1,microsoft/phi-4,zero,1
this email is likely malicious,360,5,2.59e-05,1.468,nazario:818,nazario,1,microsoft/phi-4,zero,1
the email you described exhibits,93,5,7.21e-06,0.515,nazario:1342,nazario,1,microsoft/phi-4,zero,-1
as a large language model,247,5,1.799e-05,0.563,nazario:366,nazario,1,microsoft/phi-4,zero,-1
"phishing

this email",250,5,1.82e-05,1.506,nazario:1108,nazario,1,microsoft/phi-4,zero,1
based on the content of,196,5,1.442e-05,0.631,nazario:598,nazario,1,microsoft/phi-4,zero,-1
the email you've described,177,5,1.309e-05,0.618,nazario:1213,nazario,1,microsoft/phi-4,zero,-1
the email you've described,255,5,1.855e-05,1.451,nazario:427,nazario,1,microsoft/phi-4,zero,-1
phishing,161,3,1.169e-05,0.572,nazario:679,nazario,1,microsoft/phi-4,zero,1
phishing,182,3,1.316e-05,0.599,nazario:964,nazario,1,microsoft/phi-4,zero,1
phishing,107,3,7.91e-06,0.707,nazario:413,nazario,1,microsoft/phi-4,zero,1
"phishing

the email",362,5,2.604e-05,0.636,nazario:743,nazario,1,microsoft/phi-4,zero,1
the email you've described,109,5,8.33e-06,0.856,nazario:1398,nazario,1,microsoft/phi-4,zero,-1
phishing,174,3,1.26e-05,0.589,nazario:678,nazario,1,microsoft/phi-4,zero,1
based on the information provided,227,5,1.659e-05,0.546,nazario:1176,nazario,1,microsoft/phi-4,zero,-1
"phishing

this email",266,5,1.932e-05,0.56,nazario:982,nazario,1,microsoft/phi-4,zero,1
"phishing

this email",265,5,1.925e-05,0.957,nazario:1029,nazario,1,microsoft/phi-4,zero,1
"phishing

this email",412,5,2.954e-05,3.296,nigerian:2159,nigerian,1,microsoft/phi-4,zero,1
"phishing

this email",492,5,3.514e-05,0.695,nigerian:1962,nigerian,1,microsoft/phi-4,zero,1
"phishing

this email",266,5,1.932e-05,0.595,nigerian:240,nigerian,1,microsoft/phi-4,zero,1
phishing,405,3,2.877e-05,0.693,nigerian:2554,nigerian,1,microsoft/phi-4,zero,1
"phishing

this email",492,5,3.514e-05,0.531,nigerian:1626,nigerian,1,microsoft/phi-4,zero,1
"phishing

this email",415,5,2.975e-05,0.933,nigerian:3070,nigerian,1,microsoft/phi-4,zero,1
"phishing

this email",405,5,2.905e-05,0.776,nigerian:527,nigerian,1,microsoft/phi-4,zero,1
the email you've described,382,5,2.744e-05,0.75,nigerian:2354,nigerian,1,microsoft/phi-4,zero,-1
the email you've described,384,5,2.758e-05,0.883,nigerian:3305,nigerian,1,microsoft/phi-4,zero,-1
"phishing

this email",400,5,2.87e-05,0.951,nigerian:1929,nigerian,1,microsoft/phi-4,zero,1
the email you've described,388,5,2.786e-05,0.99,nigerian:2252,nigerian,1,microsoft/phi-4,zero,-1
this email is highly likely,399,5,2.863e-05,0.94,nigerian:321,nigerian,1,microsoft/phi-4,zero,-1
phishing,335,3,2.387e-05,1.361,nigerian:1146,nigerian,1,microsoft/phi-4,zero,1
the email you've described,409,5,2.933e-05,0.514,nigerian:829,nigerian,1,microsoft/phi-4,zero,-1
phishing,528,3,3.738e-05,0.701,nigerian:2415,nigerian,1,microsoft/phi-4,zero,1
the email you've described,406,5,2.912e-05,1.21,nigerian:2902,nigerian,1,microsoft/phi-4,zero,-1
the email you've described,427,5,3.059e-05,0.989,nigerian:354,nigerian,1,microsoft/phi-4,zero,-1
"phishing

this email",380,5,2.73e-05,0.666,nigerian:809,nigerian,1,microsoft/phi-4,zero,1
the email you've received,396,5,2.842e-05,0.614,nigerian:1242,nigerian,1,microsoft/phi-4,zero,-1
the email you provided exhibits,357,5,2.569e-05,0.624,nigerian:1614,nigerian,1,microsoft/phi-4,zero,-1
phishing,360,3,2.562e-05,0.735,nigerian:239,nigerian,1,microsoft/phi-4,zero,1
the email you've described,377,5,2.709e-05,1.101,nigerian:1362,nigerian,1,microsoft/phi-4,zero,-1
phishing,513,3,3.633e-05,0.711,nigerian:964,nigerian,1,microsoft/phi-4,zero,1
phishing,399,3,2.835e-05,1.111,nigerian:1414,nigerian,1,microsoft/phi-4,zero,1
phishing,367,3,2.611e-05,0.895,nigerian:463,nigerian,1,microsoft/phi-4,zero,1
phishing,420,3,2.982e-05,0.754,nigerian:1483,nigerian,1,microsoft/phi-4,zero,1
"phishing

this email",419,5,3.003e-05,1.579,nigerian:203,nigerian,1,microsoft/phi-4,zero,1
"phishing

this email",535,5,3.815e-05,0.772,nigerian:194,nigerian,1,microsoft/phi-4,zero,1
as a large language model,385,5,2.765e-05,0.647,nigerian:978,nigerian,1,microsoft/phi-4,zero,-1
"phishing

this email",384,5,2.758e-05,0.621,nigerian:2516,nigerian,1,microsoft/phi-4,zero,1
phishing,424,3,3.01e-05,0.489,nigerian:314,nigerian,1,microsoft/phi-4,zero,1
the email you've described,385,5,2.765e-05,0.605,nigerian:790,nigerian,1,microsoft/phi-4,zero,-1
"i'm sorry, but",438,5,3.136e-05,0.772,nigerian:139,nigerian,1,microsoft/phi-4,zero,-1
"i'm sorry, but",413,5,2.961e-05,0.707,nigerian:2873,nigerian,1,microsoft/phi-4,zero,-1
"phishing

this email",494,5,3.528e-05,0.638,nigerian:602,nigerian,1,microsoft/phi-4,zero,1
as a large language model,375,5,2.695e-05,0.659,nigerian:291,nigerian,1,microsoft/phi-4,zero,-1
"i'm sorry, but",390,5,2.8e-05,1.141,nigerian:30,nigerian,1,microsoft/phi-4,zero,-1
phishing,392,3,2.786e-05,0.61,nigerian:2314,nigerian,1,microsoft/phi-4,zero,1
"phishing

this email",499,5,3.563e-05,0.592,nigerian:3136,nigerian,1,microsoft/phi-4,zero,1
as a large language model,421,5,3.017e-05,0.596,nigerian:611,nigerian,1,microsoft/phi-4,zero,-1
the email you've received,400,5,2.87e-05,0.645,nigerian:1609,nigerian,1,microsoft/phi-4,zero,-1
phishing,384,3,2.73e-05,1.351,nigerian:1057,nigerian,1,microsoft/phi-4,zero,1
the email you've received,381,5,2.737e-05,0.81,nigerian:2943,nigerian,1,microsoft/phi-4,zero,-1
the email you've described,377,5,2.709e-05,0.707,nigerian:761,nigerian,1,microsoft/phi-4,zero,-1
the email you've described,201,5,1.477e-05,0.795,nigerian:1181,nigerian,1,microsoft/phi-4,zero,-1
phishing,414,3,2.94e-05,0.622,nigerian:1641,nigerian,1,microsoft/phi-4,zero,1
"phishing

this email",406,5,2.912e-05,1.822,nigerian:1723,nigerian,1,microsoft/phi-4,zero,1
"i'm sorry, but",365,5,2.625e-05,1.007,nigerian:322,nigerian,1,microsoft/phi-4,zero,-1
"i'm sorry, but",362,5,2.604e-05,1.761,nigerian:1509,nigerian,1,microsoft/phi-4,zero,-1
"phishing

this email",405,5,2.905e-05,1.894,nigerian:2655,nigerian,1,microsoft/phi-4,zero,1
"phishing

this email",385,5,2.765e-05,1.505,nigerian:134,nigerian,1,microsoft/phi-4,zero,1
phishing,407,3,2.891e-05,1.646,nigerian:2634,nigerian,1,microsoft/phi-4,zero,1
"phishing

this email",429,5,3.073e-05,0.861,nigerian:1576,nigerian,1,microsoft/phi-4,zero,1
phishing,382,3,2.716e-05,0.807,nigerian:969,nigerian,1,microsoft/phi-4,zero,1
phishing,411,3,2.919e-05,0.639,nigerian:32,nigerian,1,microsoft/phi-4,zero,1
the email you've described,464,5,3.318e-05,0.845,nigerian:501,nigerian,1,microsoft/phi-4,zero,-1
the email you've described,382,5,2.744e-05,0.925,nigerian:2639,nigerian,1,microsoft/phi-4,zero,-1
phishing,461,3,3.269e-05,0.553,nigerian:2761,nigerian,1,microsoft/phi-4,zero,1
phishing,370,3,2.632e-05,0.803,nigerian:2909,nigerian,1,microsoft/phi-4,zero,1
the email you've described,378,5,2.716e-05,0.781,nigerian:70,nigerian,1,microsoft/phi-4,zero,-1
as a large language model,419,5,3.003e-05,0.607,nigerian:2474,nigerian,1,microsoft/phi-4,zero,-1
phishing,364,3,2.59e-05,0.792,nigerian:1094,nigerian,1,microsoft/phi-4,zero,1
based on the content and,435,5,3.115e-05,0.787,nigerian:3081,nigerian,1,microsoft/phi-4,zero,-1
phishing,401,3,2.849e-05,2.607,nigerian:2176,nigerian,1,microsoft/phi-4,zero,1
as a large language model,392,5,2.814e-05,0.678,nigerian:3075,nigerian,1,microsoft/phi-4,zero,-1
the email you've described,374,5,2.688e-05,1.358,nigerian:1041,nigerian,1,microsoft/phi-4,zero,-1
"phishing

this email",351,5,2.527e-05,1.918,nigerian:2183,nigerian,1,microsoft/phi-4,zero,1
phishing,468,3,3.318e-05,0.679,nigerian:3244,nigerian,1,microsoft/phi-4,zero,1
phishing,403,3,2.863e-05,1.239,nigerian:1927,nigerian,1,microsoft/phi-4,zero,1
the email you've described,421,5,3.017e-05,0.674,nigerian:838,nigerian,1,microsoft/phi-4,zero,-1
the email you've described,326,5,2.352e-05,0.718,nigerian:2118,nigerian,1,microsoft/phi-4,zero,-1
as a large language model,395,5,2.835e-05,0.587,nigerian:387,nigerian,1,microsoft/phi-4,zero,-1
"phishing

this email",373,5,2.681e-05,2.861,nigerian:1067,nigerian,1,microsoft/phi-4,zero,1
the email you've received,494,5,3.528e-05,0.768,nigerian:52,nigerian,1,microsoft/phi-4,zero,-1
the email you've described,425,5,3.045e-05,0.736,nigerian:1575,nigerian,1,microsoft/phi-4,zero,-1
the email you've described,232,5,1.694e-05,0.949,nigerian:2673,nigerian,1,microsoft/phi-4,zero,-1
phishing,117,3,8.61e-06,1.565,nigerian:2553,nigerian,1,microsoft/phi-4,zero,1
the email you've described,386,5,2.772e-05,2.364,nigerian:17,nigerian,1,microsoft/phi-4,zero,-1
"phishing

this email",404,5,2.898e-05,0.892,nigerian:1501,nigerian,1,microsoft/phi-4,zero,1
phishing,432,3,3.066e-05,0.601,nigerian:1703,nigerian,1,microsoft/phi-4,zero,1
"i'm sorry, but",398,5,2.856e-05,0.695,nigerian:325,nigerian,1,microsoft/phi-4,zero,-1
"phishing

this email",472,5,3.374e-05,0.795,nigerian:2922,nigerian,1,microsoft/phi-4,zero,1
as a large language model,396,5,2.842e-05,0.631,nigerian:2115,nigerian,1,microsoft/phi-4,zero,-1
the email you've described,529,5,3.773e-05,1.019,nigerian:718,nigerian,1,microsoft/phi-4,zero,-1
phishing,403,3,2.863e-05,0.901,nigerian:2103,nigerian,1,microsoft/phi-4,zero,1
phishing,390,3,2.772e-05,0.782,nigerian:478,nigerian,1,microsoft/phi-4,zero,1
the email you've described,401,5,2.877e-05,1.488,nigerian:817,nigerian,1,microsoft/phi-4,zero,-1
phishing,417,3,2.961e-05,0.97,nigerian:1441,nigerian,1,microsoft/phi-4,zero,1
as a large language model,400,5,2.87e-05,0.652,nigerian:1632,nigerian,1,microsoft/phi-4,zero,-1
the email you received is,405,5,2.905e-05,1.635,nigerian:1783,nigerian,1,microsoft/phi-4,zero,-1
the email you've described,434,5,3.108e-05,0.704,nigerian:2819,nigerian,1,microsoft/phi-4,zero,-1
phishing,381,3,2.709e-05,0.93,nigerian:479,nigerian,1,microsoft/phi-4,zero,1
"i'm sorry, but",382,5,2.744e-05,1.372,nigerian:1395,nigerian,1,microsoft/phi-4,zero,-1
phishing,398,3,2.828e-05,0.69,nigerian:2030,nigerian,1,microsoft/phi-4,zero,1
the email you've described,348,5,2.506e-05,1.469,nigerian:170,nigerian,1,microsoft/phi-4,zero,-1
this email is likely malicious,452,5,3.234e-05,0.917,nigerian:80,nigerian,1,microsoft/phi-4,zero,1
the email you've described,387,5,2.779e-05,0.954,nigerian:1255,nigerian,1,microsoft/phi-4,zero,-1
phishing,422,3,2.996e-05,0.617,nigerian:439,nigerian,1,microsoft/phi-4,zero,1
the email you've described,411,5,2.947e-05,0.822,nigerian:93,nigerian,1,microsoft/phi-4,zero,-1
this email is likely malicious,367,5,2.639e-05,1.885,nigerian:449,nigerian,1,microsoft/phi-4,zero,1
"i'm sorry, but",356,5,2.562e-05,0.635,nigerian:2727,nigerian,1,microsoft/phi-4,zero,-1
as a large language model,362,5,2.604e-05,0.723,nigerian:3225,nigerian,1,microsoft/phi-4,zero,-1
"phishing

this email",377,5,2.709e-05,0.477,nigerian:937,nigerian,1,microsoft/phi-4,zero,1
phishing,424,3,3.01e-05,0.832,nigerian:1793,nigerian,1,microsoft/phi-4,zero,1
phishing,418,3,2.968e-05,1.092,nigerian:1457,nigerian,1,microsoft/phi-4,zero,1
the email you've described,376,5,2.702e-05,0.626,nigerian:599,nigerian,1,microsoft/phi-4,zero,-1
phishing,499,3,3.535e-05,0.805,nigerian:229,nigerian,1,microsoft/phi-4,zero,1
the email you've described,511,5,3.647e-05,0.685,nigerian:1839,nigerian,1,microsoft/phi-4,zero,-1
the email you've described,376,5,2.702e-05,0.648,nigerian:2319,nigerian,1,microsoft/phi-4,zero,-1
"phishing

this email",428,5,3.066e-05,1.26,nigerian:2716,nigerian,1,microsoft/phi-4,zero,1
the email you've described,302,5,2.184e-05,0.571,nigerian:3086,nigerian,1,microsoft/phi-4,zero,-1
"phishing

this email",209,5,1.533e-05,0.903,nigerian:1370,nigerian,1,microsoft/phi-4,zero,1
the email you've described,406,5,2.912e-05,0.581,nigerian:1651,nigerian,1,microsoft/phi-4,zero,-1
the email you've described,405,5,2.905e-05,1.205,nigerian:679,nigerian,1,microsoft/phi-4,zero,-1
the email you've described,414,5,2.968e-05,0.647,nigerian:2376,nigerian,1,microsoft/phi-4,zero,-1
the email you've described,361,5,2.597e-05,0.929,nigerian:2390,nigerian,1,microsoft/phi-4,zero,-1
the email you've described,421,5,3.017e-05,0.639,nigerian:1124,nigerian,1,microsoft/phi-4,zero,-1
phishing,338,3,2.408e-05,1.589,nigerian:1159,nigerian,1,microsoft/phi-4,zero,1
the email you've received,397,5,2.849e-05,0.662,nigerian:3151,nigerian,1,microsoft/phi-4,zero,-1
the email you've described,357,5,2.569e-05,0.681,nigerian:864,nigerian,1,microsoft/phi-4,zero,-1
"i'm sorry, but",391,5,2.807e-05,0.924,nigerian:2308,nigerian,1,microsoft/phi-4,zero,-1
phishing,305,3,2.177e-05,0.587,nigerian:2304,nigerian,1,microsoft/phi-4,zero,1
"phishing

this email",415,5,2.975e-05,0.985,nigerian:295,nigerian,1,microsoft/phi-4,zero,1
"phishing

this email",429,5,3.073e-05,0.859,nigerian:2641,nigerian,1,microsoft/phi-4,zero,1
phishing,377,3,2.681e-05,0.583,nigerian:1003,nigerian,1,microsoft/phi-4,zero,1
"i'm sorry, but",394,5,2.828e-05,0.627,nigerian:789,nigerian,1,microsoft/phi-4,zero,-1
phishing,407,3,2.891e-05,0.875,nigerian:2223,nigerian,1,microsoft/phi-4,zero,1
the email you've received,415,5,2.975e-05,0.581,nigerian:1226,nigerian,1,microsoft/phi-4,zero,-1
phishing,531,3,3.759e-05,0.548,nigerian:2971,nigerian,1,microsoft/phi-4,zero,1
"phishing

this email",520,5,3.71e-05,0.84,nigerian:2628,nigerian,1,microsoft/phi-4,zero,1
phishing,387,3,2.751e-05,1.073,nigerian:183,nigerian,1,microsoft/phi-4,zero,1
"phishing

this email",350,5,2.52e-05,0.797,nigerian:423,nigerian,1,microsoft/phi-4,zero,1
the email you've described,400,5,2.87e-05,0.614,nigerian:2743,nigerian,1,microsoft/phi-4,zero,-1
the email you've described,442,5,3.164e-05,0.461,nigerian:1105,nigerian,1,microsoft/phi-4,zero,-1
the email you've described,417,5,2.989e-05,0.699,nigerian:1566,nigerian,1,microsoft/phi-4,zero,-1
phishing,326,3,2.324e-05,0.79,nigerian:3160,nigerian,1,microsoft/phi-4,zero,1
as a large language model,392,5,2.814e-05,1.299,nigerian:874,nigerian,1,microsoft/phi-4,zero,-1
as a large language model,350,5,2.52e-05,1.436,nigerian:1916,nigerian,1,microsoft/phi-4,zero,-1
phishing,383,3,2.723e-05,0.458,nigerian:414,nigerian,1,microsoft/phi-4,zero,1
"phishing

this email",310,5,2.24e-05,0.714,nigerian:486,nigerian,1,microsoft/phi-4,zero,1
"phishing

this email",510,5,3.64e-05,0.509,nigerian:102,nigerian,1,microsoft/phi-4,zero,1
phishing,414,3,2.94e-05,0.579,nigerian:1689,nigerian,1,microsoft/phi-4,zero,1
as a large language model,247,5,1.799e-05,0.517,nigerian:1330,nigerian,1,microsoft/phi-4,zero,-1
phishing,398,3,2.828e-05,0.656,nigerian:1769,nigerian,1,microsoft/phi-4,zero,1
the email you've described,396,5,2.842e-05,0.544,nigerian:544,nigerian,1,microsoft/phi-4,zero,-1
the email you've described,406,5,2.912e-05,0.667,nigerian:2913,nigerian,1,microsoft/phi-4,zero,-1
phishing,401,3,2.849e-05,1.938,nigerian:921,nigerian,1,microsoft/phi-4,zero,1
the email you've described,532,5,3.794e-05,0.443,nigerian:764,nigerian,1,microsoft/phi-4,zero,-1
"phishing

this email",263,5,1.911e-05,1.014,nigerian:3035,nigerian,1,microsoft/phi-4,zero,1
phishing,260,3,1.862e-05,0.495,nigerian:1204,nigerian,1,microsoft/phi-4,zero,1
phishing,129,3,9.45e-06,0.593,ephishllm:6684,ephishllm,1,microsoft/phi-4,zero,1
phishing,110,3,8.12e-06,0.529,ephishllm:5664,ephishllm,1,microsoft/phi-4,zero,1
"phishing

this email",130,5,9.8e-06,0.569,ephishllm:9218,ephishllm,1,microsoft/phi-4,zero,1
phishing,125,3,9.17e-06,0.567,ephishllm:9766,ephishllm,1,microsoft/phi-4,zero,1
"phishing

the email",101,5,7.77e-06,0.718,ephishllm:6382,ephishllm,1,microsoft/phi-4,zero,1
"phishing

this email",187,5,1.379e-05,0.476,ephishllm:8505,ephishllm,1,microsoft/phi-4,zero,1
"phishing

the email",150,5,1.12e-05,0.741,ephishllm:5680,ephishllm,1,microsoft/phi-4,zero,1
"phishing

this email",126,5,9.52e-06,1.242,ephishllm:6079,ephishllm,1,microsoft/phi-4,zero,1
"phishing

this email",131,5,9.87e-06,1.46,ephishllm:5955,ephishllm,1,microsoft/phi-4,zero,1
as a large language model,147,5,1.099e-05,0.768,ephishllm:5931,ephishllm,1,microsoft/phi-4,zero,-1
phishing,122,3,8.96e-06,0.712,ephishllm:9645,ephishllm,1,microsoft/phi-4,zero,1
to determine if the email,165,5,1.225e-05,0.475,ephishllm:5340,ephishllm,1,microsoft/phi-4,zero,-1
phishing,120,3,8.82e-06,0.551,ephishllm:9153,ephishllm,1,microsoft/phi-4,zero,1
to determine if the email,135,5,1.015e-05,1.47,ephishllm:8344,ephishllm,1,microsoft/phi-4,zero,-1
"phishing

the email",209,5,1.533e-05,0.553,ephishllm:6523,ephishllm,1,microsoft/phi-4,zero,1
"phishing

this email",141,5,1.057e-05,0.545,ephishllm:8949,ephishllm,1,microsoft/phi-4,zero,1
"as an ai, i",118,5,8.96e-06,0.655,ephishllm:6108,ephishllm,1,microsoft/phi-4,zero,-1
phishing,145,3,1.057e-05,0.837,ephishllm:7519,ephishllm,1,microsoft/phi-4,zero,1
as a large language model,149,5,1.113e-05,0.859,ephishllm:4810,ephishllm,1,microsoft/phi-4,zero,-1
as a large language model,160,5,1.19e-05,0.563,ephishllm:8748,ephishllm,1,microsoft/phi-4,zero,-1
"phishing

this email",145,5,1.085e-05,0.583,ephishllm:8977,ephishllm,1,microsoft/phi-4,zero,1
phishing,152,3,1.106e-05,0.463,ephishllm:7016,ephishllm,1,microsoft/phi-4,zero,1
as a large language model,123,5,9.31e-06,0.834,ephishllm:5317,ephishllm,1,microsoft/phi-4,zero,-1
as a large language model,210,5,1.54e-05,0.849,ephishllm:7243,ephishllm,1,microsoft/phi-4,zero,-1
"phishing

this email",176,5,1.302e-05,0.507,ephishllm:9135,ephishllm,1,microsoft/phi-4,zero,1
"phishing

the email",128,5,9.66e-06,0.472,ephishllm:6656,ephishllm,1,microsoft/phi-4,zero,1
when evaluating whether an email,121,5,9.17e-06,1.093,ephishllm:8379,ephishllm,1,microsoft/phi-4,zero,-1
as a large language model,162,5,1.204e-05,0.699,ephishllm:5468,ephishllm,1,microsoft/phi-4,zero,-1
phishing,121,3,8.89e-06,0.474,ephishllm:4955,ephishllm,1,microsoft/phi-4,zero,1
"phishing

the email",149,5,1.113e-05,1.051,ephishllm:5120,ephishllm,1,microsoft/phi-4,zero,1
"phishing

the email",136,5,1.022e-05,0.466,ephishllm:8330,ephishllm,1,microsoft/phi-4,zero,1
phishing,133,3,9.73e-06,0.757,ephishllm:8220,ephishllm,1,microsoft/phi-4,zero,1
"phishing

this email",133,5,1.001e-05,0.765,ephishllm:8769,ephishllm,1,microsoft/phi-4,zero,1
based on the content of,138,5,1.036e-05,0.72,ephishllm:8792,ephishllm,1,microsoft/phi-4,zero,-1
"phishing

the email",144,5,1.078e-05,0.547,ephishllm:8258,ephishllm,1,microsoft/phi-4,zero,1
"phishing

this email",140,5,1.05e-05,0.74,ephishllm:8568,ephishllm,1,microsoft/phi-4,zero,1
based on the content of,121,5,9.17e-06,0.476,ephishllm:7742,ephishllm,1,microsoft/phi-4,zero,-1
to determine if the email,161,5,1.197e-05,1.004,ephishllm:5160,ephishllm,1,microsoft/phi-4,zero,-1
phishing,124,3,9.1e-06,0.789,ephishllm:5683,ephishllm,1,microsoft/phi-4,zero,1
"phishing

this email",144,5,1.078e-05,0.772,ephishllm:7012,ephishllm,1,microsoft/phi-4,zero,1
"phishing

this email",160,5,1.19e-05,0.581,ephishllm:8357,ephishllm,1,microsoft/phi-4,zero,1
as a large language model,148,5,1.106e-05,1.334,ephishllm:9538,ephishllm,1,microsoft/phi-4,zero,-1
"phishing

this email",168,5,1.246e-05,0.485,ephishllm:9230,ephishllm,1,microsoft/phi-4,zero,1
"phishing

the email",183,5,1.351e-05,0.565,ephishllm:5873,ephishllm,1,microsoft/phi-4,zero,1
phishing,143,3,1.043e-05,0.532,ephishllm:5587,ephishllm,1,microsoft/phi-4,zero,1
based on the content of,134,5,1.008e-05,0.667,ephishllm:5292,ephishllm,1,microsoft/phi-4,zero,-1
"phishing

the email",141,5,1.057e-05,0.529,ephishllm:6278,ephishllm,1,microsoft/phi-4,zero,1
"phishing

this email",153,5,1.141e-05,0.487,ephishllm:6007,ephishllm,1,microsoft/phi-4,zero,1
to determine if the email,113,5,8.61e-06,0.628,ephishllm:5278,ephishllm,1,microsoft/phi-4,zero,-1
as a large language model,190,5,1.4e-05,1.02,ephishllm:8831,ephishllm,1,microsoft/phi-4,zero,-1
as a large language model,168,5,1.246e-05,0.622,ephishllm:7772,ephishllm,1,microsoft/phi-4,zero,-1
"phishing

the email",150,5,1.12e-05,0.736,ephishllm:9809,ephishllm,1,microsoft/phi-4,zero,1
as a large language model,136,5,1.022e-05,0.514,ephishllm:4866,ephishllm,1,microsoft/phi-4,zero,-1
as a large language model,207,5,1.519e-05,0.667,ephishllm:5498,ephishllm,1,microsoft/phi-4,zero,-1
as a large language model,191,5,1.407e-05,0.522,ephishllm:6219,ephishllm,1,microsoft/phi-4,zero,-1
the email you received exhibits,121,5,9.17e-06,1.077,ephishllm:5413,ephishllm,1,microsoft/phi-4,zero,-1
"phishing

this email",126,5,9.52e-06,0.629,ephishllm:6647,ephishllm,1,microsoft/phi-4,zero,1
"phishing

this email",159,5,1.183e-05,0.466,ephishllm:8120,ephishllm,1,microsoft/phi-4,zero,1
as a large language model,130,5,9.8e-06,0.729,ephishllm:7020,ephishllm,1,microsoft/phi-4,zero,-1
phishing,160,3,1.162e-05,0.5,ephishllm:9305,ephishllm,1,microsoft/phi-4,zero,1
as a large language model,159,5,1.183e-05,0.456,ephishllm:6351,ephishllm,1,microsoft/phi-4,zero,-1
when evaluating whether an email,128,5,9.66e-06,0.509,ephishllm:5203,ephishllm,1,microsoft/phi-4,zero,-1
to determine if the email,115,5,8.75e-06,0.616,ephishllm:9859,ephishllm,1,microsoft/phi-4,zero,-1
"phishing

the email",159,5,1.183e-05,0.655,ephishllm:7768,ephishllm,1,microsoft/phi-4,zero,1
as a large language model,161,5,1.197e-05,1.395,ephishllm:5821,ephishllm,1,microsoft/phi-4,zero,-1
as a large language model,189,5,1.393e-05,0.474,ephishllm:8892,ephishllm,1,microsoft/phi-4,zero,-1
"phishing

this email",131,5,9.87e-06,0.456,ephishllm:8032,ephishllm,1,microsoft/phi-4,zero,1
phishing,131,3,9.59e-06,0.438,ephishllm:8824,ephishllm,1,microsoft/phi-4,zero,1
phishing,114,3,8.4e-06,0.774,ephishllm:9912,ephishllm,1,microsoft/phi-4,zero,1
"phishing

the email",131,5,9.87e-06,1.279,ephishllm:5698,ephishllm,1,microsoft/phi-4,zero,1
as a large language model,111,5,8.47e-06,0.572,ephishllm:5574,ephishllm,1,microsoft/phi-4,zero,-1
phishing,130,3,9.52e-06,0.648,ephishllm:6620,ephishllm,1,microsoft/phi-4,zero,1
"phishing

this email",132,5,9.94e-06,0.467,ephishllm:9360,ephishllm,1,microsoft/phi-4,zero,1
phishing,113,3,8.33e-06,0.589,ephishllm:7029,ephishllm,1,microsoft/phi-4,zero,1
"phishing

the email",110,5,8.4e-06,0.694,ephishllm:8170,ephishllm,1,microsoft/phi-4,zero,1
as a large language model,150,5,1.12e-05,0.827,ephishllm:8094,ephishllm,1,microsoft/phi-4,zero,-1
phishing,132,3,9.66e-06,0.524,ephishllm:5027,ephishllm,1,microsoft/phi-4,zero,1
"phishing

this email",122,5,9.24e-06,1.233,ephishllm:8992,ephishllm,1,microsoft/phi-4,zero,1
phishing,116,3,8.54e-06,0.552,ephishllm:6959,ephishllm,1,microsoft/phi-4,zero,1
"phishing

this email",193,5,1.421e-05,0.975,ephishllm:5411,ephishllm,1,microsoft/phi-4,zero,1
as a large language model,139,5,1.043e-05,0.483,ephishllm:5014,ephishllm,1,microsoft/phi-4,zero,-1
"phishing

the email",166,5,1.232e-05,0.463,ephishllm:7101,ephishllm,1,microsoft/phi-4,zero,1
as a large language model,108,5,8.26e-06,0.471,ephishllm:6997,ephishllm,1,microsoft/phi-4,zero,-1
"phishing

this email",160,5,1.19e-05,1.967,ephishllm:7015,ephishllm,1,microsoft/phi-4,zero,1
to determine if the email,146,5,1.092e-05,0.648,ephishllm:7156,ephishllm,1,microsoft/phi-4,zero,-1
to determine if the email,156,5,1.162e-05,1.465,ephishllm:4938,ephishllm,1,microsoft/phi-4,zero,-1
"phishing

the email",155,5,1.155e-05,0.74,ephishllm:9921,ephishllm,1,microsoft/phi-4,zero,1
phishing,131,3,9.59e-06,0.516,ephishllm:6403,ephishllm,1,microsoft/phi-4,zero,1
phishing,162,3,1.176e-05,0.691,ephishllm:8221,ephishllm,1,microsoft/phi-4,zero,1
the email you've described,132,5,9.94e-06,0.566,ephishllm:6456,ephishllm,1,microsoft/phi-4,zero,-1
"phishing

this email",144,5,1.078e-05,0.475,ephishllm:9658,ephishllm,1,microsoft/phi-4,zero,1
"phishing

the email",231,5,1.687e-05,0.43,ephishllm:5373,ephishllm,1,microsoft/phi-4,zero,1
"phishing

the email",165,5,1.225e-05,0.508,ephishllm:8703,ephishllm,1,microsoft/phi-4,zero,1
"phishing

the email",156,5,1.162e-05,0.533,ephishllm:5739,ephishllm,1,microsoft/phi-4,zero,1
as a large language model,129,5,9.73e-06,0.592,ephishllm:7599,ephishllm,1,microsoft/phi-4,zero,-1
to determine if the email,162,5,1.204e-05,0.709,ephishllm:6258,ephishllm,1,microsoft/phi-4,zero,-1
to determine if the email,130,5,9.8e-06,0.705,ephishllm:8747,ephishllm,1,microsoft/phi-4,zero,-1
as a large language model,119,5,9.03e-06,0.481,ephishllm:7832,ephishllm,1,microsoft/phi-4,zero,-1
phishing,130,3,9.52e-06,0.432,ephishllm:6416,ephishllm,1,microsoft/phi-4,zero,1
"phishing

this email",111,5,8.47e-06,0.477,ephishllm:6721,ephishllm,1,microsoft/phi-4,zero,1
phishing,95,3,7.07e-06,0.428,ephishllm:6492,ephishllm,1,microsoft/phi-4,zero,1
to determine if the email,150,5,1.12e-05,1.24,ephishllm:7567,ephishllm,1,microsoft/phi-4,zero,-1
based on the information provided,200,5,1.47e-05,0.82,ephishllm:6214,ephishllm,1,microsoft/phi-4,zero,-1
"phishing

this email",116,5,8.82e-06,1.125,ephishllm:4919,ephishllm,1,microsoft/phi-4,zero,1
"phishing

this email",138,5,1.036e-05,1.873,ephishllm:8438,ephishllm,1,microsoft/phi-4,zero,1
to determine whether the email,237,5,1.729e-05,0.722,ephishllm:9232,ephishllm,1,microsoft/phi-4,zero,-1
"phishing

this email",146,5,1.092e-05,1.184,ephishllm:7292,ephishllm,1,microsoft/phi-4,zero,1
"phishing

the email",190,5,1.4e-05,0.485,ephishllm:7741,ephishllm,1,microsoft/phi-4,zero,1
as a large language model,168,5,1.246e-05,0.486,ephishllm:5904,ephishllm,1,microsoft/phi-4,zero,-1
"phishing

the email",145,5,1.085e-05,0.735,ephishllm:7702,ephishllm,1,microsoft/phi-4,zero,1
"phishing

this email",194,5,1.428e-05,0.499,ephishllm:5066,ephishllm,1,microsoft/phi-4,zero,1
as a large language model,216,5,1.582e-05,0.788,ephishllm:8393,ephishllm,1,microsoft/phi-4,zero,-1
"phishing

the email",126,5,9.52e-06,0.471,ephishllm:6421,ephishllm,1,microsoft/phi-4,zero,1
phishing,136,3,9.94e-06,0.641,ephishllm:6059,ephishllm,1,microsoft/phi-4,zero,1
phishing,132,3,9.66e-06,0.477,ephishllm:4816,ephishllm,1,microsoft/phi-4,zero,1
as a large language model,130,5,9.8e-06,0.624,ephishllm:4852,ephishllm,1,microsoft/phi-4,zero,-1
based on the content of,131,5,9.87e-06,0.526,ephishllm:7201,ephishllm,1,microsoft/phi-4,zero,-1
"phishing

the email",96,5,7.42e-06,0.464,ephishllm:7887,ephishllm,1,microsoft/phi-4,zero,1
"phishing

this email",142,5,1.064e-05,1.044,ephishllm:5288,ephishllm,1,microsoft/phi-4,zero,1
as a large language model,175,5,1.295e-05,0.59,ephishllm:6566,ephishllm,1,microsoft/phi-4,zero,-1
the email you received exhibits,149,5,1.113e-05,0.531,ephishllm:9710,ephishllm,1,microsoft/phi-4,zero,-1
phishing,129,3,9.45e-06,1.02,ephishllm:9884,ephishllm,1,microsoft/phi-4,zero,1
"phishing

this email",137,5,1.029e-05,0.63,ephishllm:6370,ephishllm,1,microsoft/phi-4,zero,1
to determine if the email,140,5,1.05e-05,0.525,ephishllm:5936,ephishllm,1,microsoft/phi-4,zero,-1
phishing,115,3,8.47e-06,0.701,ephishllm:6898,ephishllm,1,microsoft/phi-4,zero,1
phishing,104,3,7.7e-06,0.602,ephishllm:5718,ephishllm,1,microsoft/phi-4,zero,1
as a large language model,125,5,9.45e-06,0.753,ephishllm:6367,ephishllm,1,microsoft/phi-4,zero,-1
as a large language model,213,5,1.561e-05,0.752,ephishllm:5213,ephishllm,1,microsoft/phi-4,zero,-1
phishing,119,3,8.75e-06,0.532,ephishllm:9966,ephishllm,1,microsoft/phi-4,zero,1
as a large language model,206,5,1.512e-05,1.218,ephishllm:5550,ephishllm,1,microsoft/phi-4,zero,-1
"phishing

the email",137,5,1.029e-05,0.724,ephishllm:5259,ephishllm,1,microsoft/phi-4,zero,1
phishing,145,3,1.057e-05,0.688,ephishllm:6618,ephishllm,1,microsoft/phi-4,zero,1
as a large language model,155,5,1.155e-05,0.547,ephishllm:5440,ephishllm,1,microsoft/phi-4,zero,-1
based on the information provided,118,5,8.96e-06,0.439,ephishllm:5331,ephishllm,1,microsoft/phi-4,zero,-1
to determine if the email,126,5,9.52e-06,0.535,ephishllm:5376,ephishllm,1,microsoft/phi-4,zero,-1
"phishing

the email",149,5,1.113e-05,1.032,ephishllm:9257,ephishllm,1,microsoft/phi-4,zero,1
"phishing

this email",128,5,9.66e-06,1.969,ephishllm:8451,ephishllm,1,microsoft/phi-4,zero,1
"phishing

this email",145,5,1.085e-05,0.946,ephishllm:6002,ephishllm,1,microsoft/phi-4,zero,1
"phishing

the email",171,5,1.267e-05,0.711,ephishllm:7299,ephishllm,1,microsoft/phi-4,zero,1
"phishing

this email",160,5,1.19e-05,0.608,ephishllm:5284,ephishllm,1,microsoft/phi-4,zero,1
"phishing

the email",214,5,1.568e-05,0.963,ephishllm:7673,ephishllm,1,microsoft/phi-4,zero,1
"phishing

this email",95,5,7.35e-06,0.509,ephishllm:8759,ephishllm,1,microsoft/phi-4,zero,1
phishing,133,3,9.73e-06,0.507,ephishllm:8807,ephishllm,1,microsoft/phi-4,zero,1
as a large language model,182,5,1.344e-05,0.455,ephishllm:4820,ephishllm,1,microsoft/phi-4,zero,-1
"phishing

the email",184,5,1.358e-05,0.511,ephishllm:5552,ephishllm,1,microsoft/phi-4,zero,1
"phishing

the email",152,5,1.134e-05,0.46,ephishllm:6944,ephishllm,1,microsoft/phi-4,zero,1
the email you've described,124,5,9.38e-06,0.582,ephishllm:6011,ephishllm,1,microsoft/phi-4,zero,-1
"phishing

the email",122,5,9.24e-06,0.54,ephishllm:8193,ephishllm,1,microsoft/phi-4,zero,1
"phishing

the email",158,5,1.176e-05,0.483,ephishllm:7877,ephishllm,1,microsoft/phi-4,zero,1
"phishing

this email",183,5,1.351e-05,0.516,ephishllm:5694,ephishllm,1,microsoft/phi-4,zero,1
based on the information provided,185,5,1.365e-05,0.966,ephishllm:561,ephishllm,0,microsoft/phi-4,zero,-1
based on the content provided,136,5,1.022e-05,0.664,ephishllm:893,ephishllm,0,microsoft/phi-4,zero,-1
as a large language model,121,5,9.17e-06,1.983,ephishllm:1684,ephishllm,0,microsoft/phi-4,zero,-1
as a large language model,141,5,1.057e-05,0.605,ephishllm:705,ephishllm,0,microsoft/phi-4,zero,-1
"legitimate

the email",145,5,1.085e-05,0.734,ephishllm:1873,ephishllm,0,microsoft/phi-4,zero,0
based on the content provided,227,5,1.659e-05,0.709,ephishllm:4705,ephishllm,0,microsoft/phi-4,zero,-1
"legitimate

the email",141,5,1.057e-05,1.029,ephishllm:3015,ephishllm,0,microsoft/phi-4,zero,0
as a large language model,235,5,1.715e-05,0.541,ephishllm:3734,ephishllm,0,microsoft/phi-4,zero,-1
to determine whether the email,163,5,1.211e-05,1.576,ephishllm:733,ephishllm,0,microsoft/phi-4,zero,-1
to determine whether the email,147,5,1.099e-05,0.719,ephishllm:33,ephishllm,0,microsoft/phi-4,zero,-1
to determine whether the email,146,5,1.092e-05,0.791,ephishllm:1322,ephishllm,0,microsoft/phi-4,zero,-1
based on the content provided,141,5,1.057e-05,0.454,ephishllm:3570,ephishllm,0,microsoft/phi-4,zero,-1
as a large language model,220,5,1.61e-05,0.534,ephishllm:1756,ephishllm,0,microsoft/phi-4,zero,-1
to determine whether the email,212,5,1.554e-05,0.5,ephishllm:2922,ephishllm,0,microsoft/phi-4,zero,-1
to determine whether the email,161,5,1.197e-05,0.673,ephishllm:2540,ephishllm,0,microsoft/phi-4,zero,-1
to determine whether the email,170,5,1.26e-05,0.654,ephishllm:1374,ephishllm,0,microsoft/phi-4,zero,-1
"legitimate

the email",194,5,1.428e-05,0.771,ephishllm:2628,ephishllm,0,microsoft/phi-4,zero,0
as a large language model,209,5,1.533e-05,1.726,ephishllm:598,ephishllm,0,microsoft/phi-4,zero,-1
based on the information provided,141,5,1.057e-05,0.58,ephishllm:179,ephishllm,0,microsoft/phi-4,zero,-1
as a large language model,178,5,1.316e-05,1.474,ephishllm:1261,ephishllm,0,microsoft/phi-4,zero,-1
legitimate,136,3,9.94e-06,1.306,ephishllm:4258,ephishllm,0,microsoft/phi-4,zero,0
legitimate,164,3,1.19e-05,0.587,ephishllm:3919,ephishllm,0,microsoft/phi-4,zero,0
as a large language model,143,5,1.071e-05,1.209,ephishllm:3265,ephishllm,0,microsoft/phi-4,zero,-1
to determine whether the email,150,5,1.12e-05,0.581,ephishllm:2809,ephishllm,0,microsoft/phi-4,zero,-1
as a large language model,218,5,1.596e-05,0.561,ephishllm:3423,ephishllm,0,microsoft/phi-4,zero,-1
as a large language model,194,5,1.428e-05,1.206,ephishllm:538,ephishllm,0,microsoft/phi-4,zero,-1
legitimate,171,3,1.239e-05,1.463,ephishllm:1505,ephishllm,0,microsoft/phi-4,zero,0
"legitimate

the email",275,5,1.995e-05,0.752,ephishllm:4469,ephishllm,0,microsoft/phi-4,zero,0
based on the content provided,211,5,1.547e-05,0.57,ephishllm:3483,ephishllm,0,microsoft/phi-4,zero,-1
"legitimate

the email",225,5,1.645e-05,2.148,ephishllm:831,ephishllm,0,microsoft/phi-4,zero,0
as a large language model,155,5,1.155e-05,1.481,ephishllm:79,ephishllm,0,microsoft/phi-4,zero,-1
legitimate,249,3,1.785e-05,0.512,ephishllm:429,ephishllm,0,microsoft/phi-4,zero,0
as a large language model,246,5,1.792e-05,0.46,ephishllm:2570,ephishllm,0,microsoft/phi-4,zero,-1
legitimate,206,3,1.484e-05,0.73,ephishllm:1842,ephishllm,0,microsoft/phi-4,zero,0
as a large language model,134,5,1.008e-05,0.511,ephishllm:3764,ephishllm,0,microsoft/phi-4,zero,-1
as a large language model,194,5,1.428e-05,0.618,ephishllm:765,ephishllm,0,microsoft/phi-4,zero,-1
"legitimate

the email",194,5,1.428e-05,0.507,ephishllm:1135,ephishllm,0,microsoft/phi-4,zero,0
as a large language model,228,5,1.666e-05,0.514,ephishllm:1972,ephishllm,0,microsoft/phi-4,zero,-1
as a large language model,215,5,1.575e-05,0.475,ephishllm:1056,ephishllm,0,microsoft/phi-4,zero,-1
"legitimate

the email",130,5,9.8e-06,0.898,ephishllm:1421,ephishllm,0,microsoft/phi-4,zero,0
as a large language model,199,5,1.463e-05,1.272,ephishllm:501,ephishllm,0,microsoft/phi-4,zero,-1
to determine if the email,175,5,1.295e-05,0.53,ephishllm:227,ephishllm,0,microsoft/phi-4,zero,-1
"phishing

the email",150,5,1.12e-05,0.645,ephishllm:2596,ephishllm,0,microsoft/phi-4,zero,1
based on the content of,180,5,1.33e-05,1.488,ephishllm:4691,ephishllm,0,microsoft/phi-4,zero,-1
"legitimate

the email",186,5,1.372e-05,2.074,ephishllm:1551,ephishllm,0,microsoft/phi-4,zero,0
as a large language model,174,5,1.288e-05,0.555,ephishllm:4244,ephishllm,0,microsoft/phi-4,zero,-1
as a large language model,267,5,1.939e-05,0.592,ephishllm:1351,ephishllm,0,microsoft/phi-4,zero,-1
based on the information provided,238,5,1.736e-05,0.856,ephishllm:1144,ephishllm,0,microsoft/phi-4,zero,-1
based on the information provided,140,5,1.05e-05,0.476,ephishllm:2526,ephishllm,0,microsoft/phi-4,zero,-1
as a large language model,185,5,1.365e-05,0.608,ephishllm:4182,ephishllm,0,microsoft/phi-4,zero,-1
"legitimate

the email",134,5,1.008e-05,0.537,ephishllm:1973,ephishllm,0,microsoft/phi-4,zero,0
"legitimate

the email",154,5,1.148e-05,0.677,ephishllm:1831,ephishllm,0,microsoft/phi-4,zero,0
as a large language model,165,5,1.225e-05,0.697,ephishllm:3631,ephishllm,0,microsoft/phi-4,zero,-1
legitimate,160,3,1.162e-05,0.762,ephishllm:8,ephishllm,0,microsoft/phi-4,zero,0
as a large language model,153,5,1.141e-05,0.444,ephishllm:23,ephishllm,0,microsoft/phi-4,zero,-1
"legitimate

the email",206,5,1.512e-05,0.488,ephishllm:764,ephishllm,0,microsoft/phi-4,zero,0
as a large language model,155,5,1.155e-05,0.553,ephishllm:3123,ephishllm,0,microsoft/phi-4,zero,-1
legitimate,155,3,1.127e-05,0.46,ephishllm:859,ephishllm,0,microsoft/phi-4,zero,0
as a large language model,174,5,1.288e-05,0.491,ephishllm:742,ephishllm,0,microsoft/phi-4,zero,-1
legitimate,118,3,8.68e-06,1.009,ephishllm:4151,ephishllm,0,microsoft/phi-4,zero,0
to determine whether the email,162,5,1.204e-05,0.477,ephishllm:1437,ephishllm,0,microsoft/phi-4,zero,-1
"legitimate

the email",174,5,1.288e-05,0.486,ephishllm:4239,ephishllm,0,microsoft/phi-4,zero,0
to determine whether the email,188,5,1.386e-05,0.86,ephishllm:322,ephishllm,0,microsoft/phi-4,zero,-1
to determine if the email,140,5,1.05e-05,0.844,ephishllm:4637,ephishllm,0,microsoft/phi-4,zero,-1
legitimate,193,3,1.393e-05,0.757,ephishllm:2899,ephishllm,0,microsoft/phi-4,zero,0
to determine whether the email,199,5,1.463e-05,0.55,ephishllm:4112,ephishllm,0,microsoft/phi-4,zero,-1
as a large language model,239,5,1.743e-05,0.48,ephishllm:577,ephishllm,0,microsoft/phi-4,zero,-1
"legitimate

the email",293,5,2.121e-05,0.882,ephishllm:3392,ephishllm,0,microsoft/phi-4,zero,0
to determine whether the email,127,5,9.59e-06,0.859,ephishllm:670,ephishllm,0,microsoft/phi-4,zero,-1
as a large language model,188,5,1.386e-05,0.672,ephishllm:1027,ephishllm,0,microsoft/phi-4,zero,-1
as a large language model,213,5,1.561e-05,0.683,ephishllm:1522,ephishllm,0,microsoft/phi-4,zero,-1
as a large language model,179,5,1.323e-05,0.53,ephishllm:2341,ephishllm,0,microsoft/phi-4,zero,-1
as a large language model,210,5,1.54e-05,0.736,ephishllm:1024,ephishllm,0,microsoft/phi-4,zero,-1
as a large language model,229,5,1.673e-05,0.649,ephishllm:4597,ephishllm,0,microsoft/phi-4,zero,-1
as a large language model,229,5,1.673e-05,1.321,ephishllm:3990,ephishllm,0,microsoft/phi-4,zero,-1
"legitimate

the email",142,5,1.064e-05,0.602,ephishllm:1812,ephishllm,0,microsoft/phi-4,zero,0
as a large language model,205,5,1.505e-05,1.025,ephishllm:964,ephishllm,0,microsoft/phi-4,zero,-1
"legitimate

the email",157,5,1.169e-05,0.547,ephishllm:1665,ephishllm,0,microsoft/phi-4,zero,0
"legitimate

the email",264,5,1.918e-05,0.489,ephishllm:3657,ephishllm,0,microsoft/phi-4,zero,0
"legitimate

the email",166,5,1.232e-05,2.417,ephishllm:3081,ephishllm,0,microsoft/phi-4,zero,0
to determine if the email,217,5,1.589e-05,1.531,ephishllm:4152,ephishllm,0,microsoft/phi-4,zero,-1
legitimate,204,3,1.47e-05,0.452,ephishllm:491,ephishllm,0,microsoft/phi-4,zero,0
as a large language model,210,5,1.54e-05,2.069,ephishllm:534,ephishllm,0,microsoft/phi-4,zero,-1
as a large language model,216,5,1.582e-05,0.614,ephishllm:2236,ephishllm,0,microsoft/phi-4,zero,-1
as a large language model,128,5,9.66e-06,0.54,ephishllm:4374,ephishllm,0,microsoft/phi-4,zero,-1
to determine whether the email,251,5,1.827e-05,1.183,ephishllm:65,ephishllm,0,microsoft/phi-4,zero,-1
based on the content of,134,5,1.008e-05,0.513,ephishllm:4372,ephishllm,0,microsoft/phi-4,zero,-1
to determine if the email,164,5,1.218e-05,1.055,ephishllm:2672,ephishllm,0,microsoft/phi-4,zero,-1
"legitimate

the email",165,5,1.225e-05,0.526,ephishllm:763,ephishllm,0,microsoft/phi-4,zero,0
as a large language model,135,5,1.015e-05,0.477,ephishllm:1694,ephishllm,0,microsoft/phi-4,zero,-1
as a large language model,234,5,1.708e-05,0.609,ephishllm:3751,ephishllm,0,microsoft/phi-4,zero,-1
based on the information provided,195,5,1.435e-05,0.501,ephishllm:4752,ephishllm,0,microsoft/phi-4,zero,-1
legitimate,175,3,1.267e-05,0.43,ephishllm:4261,ephishllm,0,microsoft/phi-4,zero,0
"legitimate

the email",157,5,1.169e-05,1.356,ephishllm:1718,ephishllm,0,microsoft/phi-4,zero,0
as a large language model,168,5,1.246e-05,0.499,ephishllm:199,ephishllm,0,microsoft/phi-4,zero,-1
as a large language model,196,5,1.442e-05,0.754,ephishllm:3539,ephishllm,0,microsoft/phi-4,zero,-1
as a large language model,171,5,1.267e-05,0.966,ephishllm:1614,ephishllm,0,microsoft/phi-4,zero,-1
as a large language model,210,5,1.54e-05,0.594,ephishllm:2267,ephishllm,0,microsoft/phi-4,zero,-1
legitimate,201,3,1.449e-05,0.633,ephishllm:1610,ephishllm,0,microsoft/phi-4,zero,0
"legitimate

the email",208,5,1.526e-05,0.589,ephishllm:3559,ephishllm,0,microsoft/phi-4,zero,0
"legitimate

the email",129,5,9.73e-06,0.554,ephishllm:1728,ephishllm,0,microsoft/phi-4,zero,0
"legitimate

the email",177,5,1.309e-05,0.558,ephishllm:1514,ephishllm,0,microsoft/phi-4,zero,0
as a large language model,245,5,1.785e-05,0.744,ephishllm:4317,ephishllm,0,microsoft/phi-4,zero,-1
as a large language model,150,5,1.12e-05,0.752,ephishllm:3633,ephishllm,0,microsoft/phi-4,zero,-1
"legitimate

the email",220,5,1.61e-05,0.593,ephishllm:3722,ephishllm,0,microsoft/phi-4,zero,0
as a large language model,205,5,1.505e-05,0.554,ephishllm:1784,ephishllm,0,microsoft/phi-4,zero,-1
based on the information provided,149,5,1.113e-05,0.569,ephishllm:3725,ephishllm,0,microsoft/phi-4,zero,-1
as a large language model,190,5,1.4e-05,0.513,ephishllm:1438,ephishllm,0,microsoft/phi-4,zero,-1
legitimate,211,3,1.519e-05,0.487,ephishllm:3741,ephishllm,0,microsoft/phi-4,zero,0
"legitimate

the email",167,5,1.239e-05,0.635,ephishllm:4750,ephishllm,0,microsoft/phi-4,zero,0
as a large language model,176,5,1.302e-05,0.49,ephishllm:3583,ephishllm,0,microsoft/phi-4,zero,-1
to determine if the email,213,5,1.561e-05,0.508,ephishllm:3066,ephishllm,0,microsoft/phi-4,zero,-1
as a large language model,183,5,1.351e-05,0.491,ephishllm:879,ephishllm,0,microsoft/phi-4,zero,-1
to determine if the email,141,5,1.057e-05,0.697,ephishllm:3352,ephishllm,0,microsoft/phi-4,zero,-1
as a large language model,188,5,1.386e-05,0.834,ephishllm:287,ephishllm,0,microsoft/phi-4,zero,-1
to determine whether the email,201,5,1.477e-05,0.474,ephishllm:1391,ephishllm,0,microsoft/phi-4,zero,-1
"legitimate

the email",174,5,1.288e-05,0.653,ephishllm:4227,ephishllm,0,microsoft/phi-4,zero,0
"legitimate

the email",284,5,2.058e-05,1.689,ephishllm:915,ephishllm,0,microsoft/phi-4,zero,0
"legitimate

the email",215,5,1.575e-05,0.467,ephishllm:2348,ephishllm,0,microsoft/phi-4,zero,0
legitimate,230,3,1.652e-05,0.605,ephishllm:3669,ephishllm,0,microsoft/phi-4,zero,0
based on the content of,206,5,1.512e-05,0.551,ephishllm:4256,ephishllm,0,microsoft/phi-4,zero,-1
based on the information provided,202,5,1.484e-05,0.946,ephishllm:969,ephishllm,0,microsoft/phi-4,zero,-1
"legitimate

the email",178,5,1.316e-05,1.377,ephishllm:2406,ephishllm,0,microsoft/phi-4,zero,0
"phishing

the email",210,5,1.54e-05,1.553,ephishllm:3688,ephishllm,0,microsoft/phi-4,zero,1
as a large language model,216,5,1.582e-05,1.093,ephishllm:584,ephishllm,0,microsoft/phi-4,zero,-1
to determine whether the email,241,5,1.757e-05,1.025,ephishllm:144,ephishllm,0,microsoft/phi-4,zero,-1
based on the information provided,149,5,1.113e-05,0.54,ephishllm:3683,ephishllm,0,microsoft/phi-4,zero,-1
"legitimate

the email",185,5,1.365e-05,0.49,ephishllm:290,ephishllm,0,microsoft/phi-4,zero,0
as a large language model,179,5,1.323e-05,0.487,ephishllm:1047,ephishllm,0,microsoft/phi-4,zero,-1
legitimate,213,3,1.533e-05,0.684,ephishllm:4694,ephishllm,0,microsoft/phi-4,zero,0
as a large language model,199,5,1.463e-05,0.492,ephishllm:841,ephishllm,0,microsoft/phi-4,zero,-1
as a large language model,208,5,1.526e-05,0.679,ephishllm:4214,ephishllm,0,microsoft/phi-4,zero,-1
legitimate,133,3,9.73e-06,0.558,ephishllm:4403,ephishllm,0,microsoft/phi-4,zero,0
as a large language model,297,5,2.149e-05,0.714,ephishllm:2897,ephishllm,0,microsoft/phi-4,zero,-1
as a large language model,160,5,1.19e-05,0.459,ephishllm:4083,ephishllm,0,microsoft/phi-4,zero,-1
as a large language model,278,5,2.016e-05,0.679,ephishllm:4753,ephishllm,0,microsoft/phi-4,zero,-1
as a large language model,198,5,1.456e-05,0.589,ephishllm:1532,ephishllm,0,microsoft/phi-4,zero,-1
legitimate,151,3,1.099e-05,0.969,ephishllm:721,ephishllm,0,microsoft/phi-4,zero,0
"legitimate

the email",205,5,1.505e-05,0.597,ephishllm:4294,ephishllm,0,microsoft/phi-4,zero,0
as a large language model,167,5,1.239e-05,1.799,ephishllm:132,ephishllm,0,microsoft/phi-4,zero,-1
based on the information provided,159,5,1.183e-05,0.493,ephishllm:2803,ephishllm,0,microsoft/phi-4,zero,-1
"legitimate

the email",185,5,1.365e-05,0.506,ephishllm:838,ephishllm,0,microsoft/phi-4,zero,0
as a large language model,194,5,1.428e-05,0.664,ephishllm:677,ephishllm,0,microsoft/phi-4,zero,-1
to determine if the email,207,5,1.519e-05,1.892,ephishllm:3852,ephishllm,0,microsoft/phi-4,zero,-1
legitimate,136,3,9.94e-06,0.561,ephishllm:3792,ephishllm,0,microsoft/phi-4,zero,0
"legitimate

the email",157,5,1.169e-05,1.021,ephishllm:2650,ephishllm,0,microsoft/phi-4,zero,0
as a large language model,157,5,1.169e-05,0.666,ephishllm:296,ephishllm,0,microsoft/phi-4,zero,-1
based on the information provided,145,5,1.085e-05,0.575,ephishllm:3441,ephishllm,0,microsoft/phi-4,zero,-1
based on the information provided,174,5,1.288e-05,1.562,ephishllm:2361,ephishllm,0,microsoft/phi-4,zero,-1
to determine whether the email,222,5,1.624e-05,1.561,ephishllm:4422,ephishllm,0,microsoft/phi-4,zero,-1
