model,setting,source,id,label,pred
distilbert,loco_clean,nigerian,nigerian:2159,1,1
distilbert,loco_clean,nigerian,nigerian:1962,1,1
distilbert,loco_clean,nigerian,nigerian:240,1,1
distilbert,loco_clean,nigerian,nigerian:2554,1,1
distilbert,loco_clean,nigerian,nigerian:1626,1,1
distilbert,loco_clean,nigerian,nigerian:3070,1,0
distilbert,loco_clean,nigerian,nigerian:527,1,1
distilbert,loco_clean,nigerian,nigerian:2354,1,1
distilbert,loco_clean,nigerian,nigerian:3305,1,1
distilbert,loco_clean,nigerian,nigerian:1929,1,1
distilbert,loco_clean,nigerian,nigerian:2252,1,1
distilbert,loco_clean,nigerian,nigerian:321,1,1
distilbert,loco_clean,nigerian,nigerian:1146,1,1
distilbert,loco_clean,nigerian,nigerian:829,1,1
distilbert,loco_clean,nigerian,nigerian:2415,1,1
distilbert,loco_clean,nigerian,nigerian:2902,1,1
distilbert,loco_clean,nigerian,nigerian:354,1,1
distilbert,loco_clean,nigerian,nigerian:809,1,1
distilbert,loco_clean,nigerian,nigerian:1242,1,1
distilbert,loco_clean,nigerian,nigerian:1614,1,1
distilbert,loco_clean,nigerian,nigerian:239,1,1
distilbert,loco_clean,nigerian,nigerian:1362,1,1
distilbert,loco_clean,nigerian,nigerian:964,1,1
distilbert,loco_clean,nigerian,nigerian:1414,1,1
distilbert,loco_clean,nigerian,nigerian:463,1,1
distilbert,loco_clean,nigerian,nigerian:1483,1,1
distilbert,loco_clean,nigerian,nigerian:203,1,1
distilbert,loco_clean,nigerian,nigerian:194,1,1
distilbert,loco_clean,nigerian,nigerian:978,1,0
distilbert,loco_clean,nigerian,nigerian:2516,1,1
distilbert,loco_clean,nigerian,nigerian:314,1,1
distilbert,loco_clean,nigerian,nigerian:790,1,1
distilbert,loco_clean,nigerian,nigerian:139,1,1
distilbert,loco_clean,nigerian,nigerian:2873,1,1
distilbert,loco_clean,nigerian,nigerian:602,1,1
distilbert,loco_clean,nigerian,nigerian:291,1,1
distilbert,loco_clean,nigerian,nigerian:30,1,1
distilbert,loco_clean,nigerian,nigerian:2314,1,1
distilbert,loco_clean,nigerian,nigerian:3136,1,1
distilbert,loco_clean,nigerian,nigerian:611,1,1
distilbert,loco_clean,nigerian,nigerian:1609,1,1
distilbert,loco_clean,nigerian,nigerian:1057,1,1
distilbert,loco_clean,nigerian,nigerian:2943,1,1
distilbert,loco_clean,nigerian,nigerian:761,1,0
distilbert,loco_clean,nigerian,nigerian:1181,1,1
distilbert,loco_clean,nigerian,nigerian:1641,1,1
distilbert,loco_clean,nigerian,nigerian:1723,1,1
distilbert,loco_clean,nigerian,nigerian:322,1,1
distilbert,loco_clean,nigerian,nigerian:1509,1,1
distilbert,loco_clean,nigerian,nigerian:2655,1,1
distilbert,loco_clean,nigerian,nigerian:134,1,1
distilbert,loco_clean,nigerian,nigerian:2634,1,1
distilbert,loco_clean,nigerian,nigerian:1576,1,1
distilbert,loco_clean,nigerian,nigerian:969,1,1
distilbert,loco_clean,nigerian,nigerian:32,1,1
distilbert,loco_clean,nigerian,nigerian:501,1,1
distilbert,loco_clean,nigerian,nigerian:2639,1,1
distilbert,loco_clean,nigerian,nigerian:2761,1,1
distilbert,loco_clean,nigerian,nigerian:2909,1,1
distilbert,loco_clean,nigerian,nigerian:70,1,1
distilbert,loco_clean,nigerian,nigerian:2474,1,1
distilbert,loco_clean,nigerian,nigerian:1094,1,1
distilbert,loco_clean,nigerian,nigerian:3081,1,1
distilbert,loco_clean,nigerian,nigerian:2176,1,1
distilbert,loco_clean,nigerian,nigerian:3075,1,1
distilbert,loco_clean,nigerian,nigerian:1041,1,1
distilbert,loco_clean,nigerian,nigerian:2183,1,1
distilbert,loco_clean,nigerian,nigerian:3244,1,1
distilbert,loco_clean,nigerian,nigerian:1927,1,1
distilbert,loco_clean,nigerian,nigerian:838,1,1
distilbert,loco_clean,nigerian,nigerian:2118,1,1
distilbert,loco_clean,nigerian,nigerian:387,1,1
distilbert,loco_clean,nigerian,nigerian:1067,1,1
distilbert,loco_clean,nigerian,nigerian:52,1,1
distilbert,loco_clean,nigerian,nigerian:1575,1,0
distilbert,loco_clean,nigerian,nigerian:2673,1,1
distilbert,loco_clean,nigerian,nigerian:2553,1,1
distilbert,loco_clean,nigerian,nigerian:17,1,1
distilbert,loco_clean,nigerian,nigerian:1501,1,1
distilbert,loco_clean,nigerian,nigerian:1703,1,1
distilbert,loco_clean,nigerian,nigerian:325,1,1
distilbert,loco_clean,nigerian,nigerian:2922,1,0
distilbert,loco_clean,nigerian,nigerian:2115,1,1
distilbert,loco_clean,nigerian,nigerian:718,1,1
distilbert,loco_clean,nigerian,nigerian:2103,1,1
distilbert,loco_clean,nigerian,nigerian:478,1,1
distilbert,loco_clean,nigerian,nigerian:817,1,1
distilbert,loco_clean,nigerian,nigerian:1441,1,1
distilbert,loco_clean,nigerian,nigerian:1632,1,1
distilbert,loco_clean,nigerian,nigerian:1783,1,1
distilbert,loco_clean,nigerian,nigerian:2819,1,0
distilbert,loco_clean,nigerian,nigerian:479,1,1
distilbert,loco_clean,nigerian,nigerian:1395,1,1
distilbert,loco_clean,nigerian,nigerian:2030,1,1
distilbert,loco_clean,nigerian,nigerian:170,1,1
distilbert,loco_clean,nigerian,nigerian:80,1,1
distilbert,loco_clean,nigerian,nigerian:1255,1,1
distilbert,loco_clean,nigerian,nigerian:439,1,1
distilbert,loco_clean,nigerian,nigerian:93,1,1
distilbert,loco_clean,nigerian,nigerian:449,1,1
distilbert,loco_clean,nigerian,nigerian:2727,1,1
distilbert,loco_clean,nigerian,nigerian:3225,1,1
distilbert,loco_clean,nigerian,nigerian:937,1,1
distilbert,loco_clean,nigerian,nigerian:1793,1,0
distilbert,loco_clean,nigerian,nigerian:1457,1,1
distilbert,loco_clean,nigerian,nigerian:599,1,1
distilbert,loco_clean,nigerian,nigerian:229,1,1
distilbert,loco_clean,nigerian,nigerian:1839,1,1
distilbert,loco_clean,nigerian,nigerian:2319,1,1
distilbert,loco_clean,nigerian,nigerian:2716,1,1
distilbert,loco_clean,nigerian,nigerian:3086,1,1
distilbert,loco_clean,nigerian,nigerian:1370,1,1
distilbert,loco_clean,nigerian,nigerian:1651,1,1
distilbert,loco_clean,nigerian,nigerian:679,1,1
distilbert,loco_clean,nigerian,nigerian:2376,1,1
distilbert,loco_clean,nigerian,nigerian:2390,1,1
distilbert,loco_clean,nigerian,nigerian:1124,1,0
distilbert,loco_clean,nigerian,nigerian:1159,1,1
distilbert,loco_clean,nigerian,nigerian:3151,1,1
distilbert,loco_clean,nigerian,nigerian:864,1,1
distilbert,loco_clean,nigerian,nigerian:2308,1,1
distilbert,loco_clean,nigerian,nigerian:2304,1,1
distilbert,loco_clean,nigerian,nigerian:295,1,1
distilbert,loco_clean,nigerian,nigerian:2641,1,1
distilbert,loco_clean,nigerian,nigerian:1003,1,1
distilbert,loco_clean,nigerian,nigerian:789,1,1
distilbert,loco_clean,nigerian,nigerian:2223,1,1
distilbert,loco_clean,nigerian,nigerian:1226,1,1
distilbert,loco_clean,nigerian,nigerian:2971,1,1
distilbert,loco_clean,nigerian,nigerian:2628,1,1
distilbert,loco_clean,nigerian,nigerian:183,1,1
distilbert,loco_clean,nigerian,nigerian:423,1,1
distilbert,loco_clean,nigerian,nigerian:2743,1,1
distilbert,loco_clean,nigerian,nigerian:1105,1,1
distilbert,loco_clean,nigerian,nigerian:1566,1,1
distilbert,loco_clean,nigerian,nigerian:3160,1,1
distilbert,loco_clean,nigerian,nigerian:874,1,1
distilbert,loco_clean,nigerian,nigerian:1916,1,1
distilbert,loco_clean,nigerian,nigerian:414,1,1
distilbert,loco_clean,nigerian,nigerian:486,1,1
distilbert,loco_clean,nigerian,nigerian:102,1,1
distilbert,loco_clean,nigerian,nigerian:1689,1,1
distilbert,loco_clean,nigerian,nigerian:1330,1,1
distilbert,loco_clean,nigerian,nigerian:1769,1,1
distilbert,loco_clean,nigerian,nigerian:544,1,1
distilbert,loco_clean,nigerian,nigerian:2913,1,1
distilbert,loco_clean,nigerian,nigerian:921,1,1
distilbert,loco_clean,nigerian,nigerian:764,1,1
distilbert,loco_clean,nigerian,nigerian:3035,1,1
distilbert,loco_clean,nigerian,nigerian:1204,1,1
distilbert,loco_clean,enron,enron:6861,1,1
distilbert,loco_clean,enron,enron:9711,1,1
distilbert,loco_clean,enron,enron:8157,1,0
distilbert,loco_clean,enron,enron:5895,1,0
distilbert,loco_clean,enron,enron:7650,1,1
distilbert,loco_clean,enron,enron:7524,1,1
distilbert,loco_clean,enron,enron:8586,1,0
distilbert,loco_clean,enron,enron:9435,1,1
distilbert,loco_clean,enron,enron:9382,1,1
distilbert,loco_clean,enron,enron:5665,1,1
distilbert,loco_clean,enron,enron:8777,1,1
distilbert,loco_clean,enron,enron:9233,1,1
distilbert,loco_clean,enron,enron:6153,1,0
distilbert,loco_clean,enron,enron:6475,1,1
distilbert,loco_clean,enron,enron:6533,1,1
distilbert,loco_clean,enron,enron:9867,1,1
distilbert,loco_clean,enron,enron:5909,1,1
distilbert,loco_clean,enron,enron:9592,1,1
distilbert,loco_clean,enron,enron:5872,1,1
distilbert,loco_clean,enron,enron:7623,1,0
distilbert,loco_clean,enron,enron:7216,1,1
distilbert,loco_clean,enron,enron:6016,1,1
distilbert,loco_clean,enron,enron:9757,1,1
distilbert,loco_clean,enron,enron:5633,1,0
distilbert,loco_clean,enron,enron:7627,1,1
distilbert,loco_clean,enron,enron:8990,1,0
distilbert,loco_clean,enron,enron:6520,1,1
distilbert,loco_clean,enron,enron:9845,1,1
distilbert,loco_clean,enron,enron:5344,1,1
distilbert,loco_clean,enron,enron:5779,1,1
distilbert,loco_clean,enron,enron:8648,1,0
distilbert,loco_clean,enron,enron:8009,1,1
distilbert,loco_clean,enron,enron:5979,1,1
distilbert,loco_clean,enron,enron:7192,1,0
distilbert,loco_clean,enron,enron:6352,1,1
distilbert,loco_clean,enron,enron:7218,1,1
distilbert,loco_clean,enron,enron:8972,1,1
distilbert,loco_clean,enron,enron:8874,1,1
distilbert,loco_clean,enron,enron:7171,1,1
distilbert,loco_clean,enron,enron:6358,1,1
distilbert,loco_clean,enron,enron:5797,1,1
distilbert,loco_clean,enron,enron:7991,1,1
distilbert,loco_clean,enron,enron:5698,1,1
distilbert,loco_clean,enron,enron:6321,1,1
distilbert,loco_clean,enron,enron:5841,1,1
distilbert,loco_clean,enron,enron:9276,1,1
distilbert,loco_clean,enron,enron:8279,1,1
distilbert,loco_clean,enron,enron:6747,1,1
distilbert,loco_clean,enron,enron:5334,1,1
distilbert,loco_clean,enron,enron:8560,1,1
distilbert,loco_clean,enron,enron:5607,1,0
distilbert,loco_clean,enron,enron:5661,1,1
distilbert,loco_clean,enron,enron:8290,1,0
distilbert,loco_clean,enron,enron:7353,1,1
distilbert,loco_clean,enron,enron:8524,1,1
distilbert,loco_clean,enron,enron:9090,1,1
distilbert,loco_clean,enron,enron:7248,1,0
distilbert,loco_clean,enron,enron:6515,1,0
distilbert,loco_clean,enron,enron:8248,1,1
distilbert,loco_clean,enron,enron:7902,1,1
distilbert,loco_clean,enron,enron:9787,1,1
distilbert,loco_clean,enron,enron:9365,1,1
distilbert,loco_clean,enron,enron:6204,1,1
distilbert,loco_clean,enron,enron:6491,1,1
distilbert,loco_clean,enron,enron:7814,1,0
distilbert,loco_clean,enron,enron:6255,1,1
distilbert,loco_clean,enron,enron:7008,1,1
distilbert,loco_clean,enron,enron:5812,1,1
distilbert,loco_clean,enron,enron:6723,1,0
distilbert,loco_clean,enron,enron:7881,1,1
distilbert,loco_clean,enron,enron:7541,1,1
distilbert,loco_clean,enron,enron:9006,1,1
distilbert,loco_clean,enron,enron:8661,1,0
distilbert,loco_clean,enron,enron:9928,1,1
distilbert,loco_clean,enron,enron:6503,1,1
distilbert,loco_clean,enron,enron:9350,1,1
distilbert,loco_clean,enron,enron:5626,1,1
distilbert,loco_clean,enron,enron:7232,1,1
distilbert,loco_clean,enron,enron:7905,1,1
distilbert,loco_clean,enron,enron:6823,1,1
distilbert,loco_clean,enron,enron:5510,1,1
distilbert,loco_clean,enron,enron:7886,1,1
distilbert,loco_clean,enron,enron:9491,1,1
distilbert,loco_clean,enron,enron:6139,1,1
distilbert,loco_clean,enron,enron:6673,1,1
distilbert,loco_clean,enron,enron:8416,1,1
distilbert,loco_clean,enron,enron:7215,1,1
distilbert,loco_clean,enron,enron:6581,1,1
distilbert,loco_clean,enron,enron:6981,1,0
distilbert,loco_clean,enron,enron:7551,1,1
distilbert,loco_clean,enron,enron:9454,1,0
distilbert,loco_clean,enron,enron:8620,1,1
distilbert,loco_clean,enron,enron:6718,1,1
distilbert,loco_clean,enron,enron:8627,1,1
distilbert,loco_clean,enron,enron:9217,1,1
distilbert,loco_clean,enron,enron:8503,1,1
distilbert,loco_clean,enron,enron:8868,1,1
distilbert,loco_clean,enron,enron:7014,1,1
distilbert,loco_clean,enron,enron:6813,1,1
distilbert,loco_clean,enron,enron:7913,1,1
distilbert,loco_clean,enron,enron:9455,1,1
distilbert,loco_clean,enron,enron:6335,1,1
distilbert,loco_clean,enron,enron:9641,1,0
distilbert,loco_clean,enron,enron:9554,1,1
distilbert,loco_clean,enron,enron:9967,1,1
distilbert,loco_clean,enron,enron:5608,1,1
distilbert,loco_clean,enron,enron:9392,1,0
distilbert,loco_clean,enron,enron:6856,1,0
distilbert,loco_clean,enron,enron:6738,1,0
distilbert,loco_clean,enron,enron:5490,1,0
distilbert,loco_clean,enron,enron:7032,1,0
distilbert,loco_clean,enron,enron:8082,1,0
distilbert,loco_clean,enron,enron:8145,1,1
distilbert,loco_clean,enron,enron:5380,1,0
distilbert,loco_clean,enron,enron:9885,1,1
distilbert,loco_clean,enron,enron:8946,1,1
distilbert,loco_clean,enron,enron:6098,1,0
distilbert,loco_clean,enron,enron:9670,1,1
distilbert,loco_clean,enron,enron:7595,1,1
distilbert,loco_clean,enron,enron:6494,1,1
distilbert,loco_clean,enron,enron:6809,1,1
distilbert,loco_clean,enron,enron:6843,1,1
distilbert,loco_clean,enron,enron:9283,1,1
distilbert,loco_clean,enron,enron:7896,1,1
distilbert,loco_clean,enron,enron:6772,1,1
distilbert,loco_clean,enron,enron:5337,1,1
distilbert,loco_clean,enron,enron:9542,1,1
distilbert,loco_clean,enron,enron:9117,1,1
distilbert,loco_clean,enron,enron:6485,1,0
distilbert,loco_clean,enron,enron:5808,1,1
distilbert,loco_clean,enron,enron:6743,1,0
distilbert,loco_clean,enron,enron:9920,1,1
distilbert,loco_clean,enron,enron:8649,1,1
distilbert,loco_clean,enron,enron:6708,1,1
distilbert,loco_clean,enron,enron:9071,1,1
distilbert,loco_clean,enron,enron:5602,1,1
distilbert,loco_clean,enron,enron:8417,1,1
distilbert,loco_clean,enron,enron:7672,1,1
distilbert,loco_clean,enron,enron:7438,1,1
distilbert,loco_clean,enron,enron:7883,1,0
distilbert,loco_clean,enron,enron:6790,1,1
distilbert,loco_clean,enron,enron:5390,1,0
distilbert,loco_clean,enron,enron:6310,1,1
distilbert,loco_clean,enron,enron:7734,1,1
distilbert,loco_clean,enron,enron:8291,1,0
distilbert,loco_clean,enron,enron:5782,1,1
distilbert,loco_clean,enron,enron:9230,1,1
distilbert,loco_clean,enron,enron:6778,1,0
distilbert,loco_clean,enron,enron:9708,1,1
distilbert,loco_clean,enron,enron:9729,1,1
distilbert,loco_clean,enron,enron:3349,0,0
distilbert,loco_clean,enron,enron:491,0,0
distilbert,loco_clean,enron,enron:4521,0,0
distilbert,loco_clean,enron,enron:969,0,0
distilbert,loco_clean,enron,enron:5305,0,0
distilbert,loco_clean,enron,enron:1200,0,0
distilbert,loco_clean,enron,enron:1752,0,0
distilbert,loco_clean,enron,enron:497,0,0
distilbert,loco_clean,enron,enron:3306,0,0
distilbert,loco_clean,enron,enron:3615,0,0
distilbert,loco_clean,enron,enron:2348,0,0
distilbert,loco_clean,enron,enron:4524,0,0
distilbert,loco_clean,enron,enron:893,0,0
distilbert,loco_clean,enron,enron:2302,0,0
distilbert,loco_clean,enron,enron:2364,0,0
distilbert,loco_clean,enron,enron:3667,0,0
distilbert,loco_clean,enron,enron:240,0,0
distilbert,loco_clean,enron,enron:2080,0,0
distilbert,loco_clean,enron,enron:1425,0,0
distilbert,loco_clean,enron,enron:5014,0,0
distilbert,loco_clean,enron,enron:1773,0,0
distilbert,loco_clean,enron,enron:3184,0,0
distilbert,loco_clean,enron,enron:4374,0,0
distilbert,loco_clean,enron,enron:1620,0,0
distilbert,loco_clean,enron,enron:5043,0,0
distilbert,loco_clean,enron,enron:1616,0,0
distilbert,loco_clean,enron,enron:168,0,1
distilbert,loco_clean,enron,enron:1034,0,0
distilbert,loco_clean,enron,enron:2226,0,0
distilbert,loco_clean,enron,enron:5267,0,0
distilbert,loco_clean,enron,enron:1379,0,1
distilbert,loco_clean,enron,enron:5040,0,0
distilbert,loco_clean,enron,enron:4331,0,0
distilbert,loco_clean,enron,enron:4725,0,0
distilbert,loco_clean,enron,enron:746,0,0
distilbert,loco_clean,enron,enron:3213,0,0
distilbert,loco_clean,enron,enron:4828,0,0
distilbert,loco_clean,enron,enron:418,0,0
distilbert,loco_clean,enron,enron:4526,0,0
distilbert,loco_clean,enron,enron:4763,0,1
distilbert,loco_clean,enron,enron:5199,0,0
distilbert,loco_clean,enron,enron:3702,0,0
distilbert,loco_clean,enron,enron:505,0,0
distilbert,loco_clean,enron,enron:79,0,0
distilbert,loco_clean,enron,enron:84,0,0
distilbert,loco_clean,enron,enron:2577,0,0
distilbert,loco_clean,enron,enron:4180,0,0
distilbert,loco_clean,enron,enron:5100,0,0
distilbert,loco_clean,enron,enron:4907,0,0
distilbert,loco_clean,enron,enron:1532,0,0
distilbert,loco_clean,enron,enron:8,0,0
distilbert,loco_clean,enron,enron:4085,0,0
distilbert,loco_clean,enron,enron:589,0,1
distilbert,loco_clean,enron,enron:426,0,1
distilbert,loco_clean,enron,enron:4230,0,0
distilbert,loco_clean,enron,enron:4080,0,0
distilbert,loco_clean,enron,enron:3044,0,0
distilbert,loco_clean,enron,enron:1041,0,0
distilbert,loco_clean,enron,enron:2072,0,0
distilbert,loco_clean,enron,enron:465,0,0
distilbert,loco_clean,enron,enron:296,0,0
distilbert,loco_clean,enron,enron:4955,0,0
distilbert,loco_clean,enron,enron:1129,0,0
distilbert,loco_clean,enron,enron:1612,0,0
distilbert,loco_clean,enron,enron:373,0,0
distilbert,loco_clean,enron,enron:4951,0,0
distilbert,loco_clean,enron,enron:1115,0,0
distilbert,loco_clean,enron,enron:15,0,0
distilbert,loco_clean,enron,enron:747,0,0
distilbert,loco_clean,enron,enron:1436,0,1
distilbert,loco_clean,enron,enron:279,0,0
distilbert,loco_clean,enron,enron:5217,0,0
distilbert,loco_clean,enron,enron:2209,0,0
distilbert,loco_clean,enron,enron:5198,0,0
distilbert,loco_clean,enron,enron:3166,0,0
distilbert,loco_clean,enron,enron:2222,0,0
distilbert,loco_clean,enron,enron:3303,0,0
distilbert,loco_clean,enron,enron:4073,0,0
distilbert,loco_clean,enron,enron:3909,0,0
distilbert,loco_clean,enron,enron:538,0,0
distilbert,loco_clean,enron,enron:833,0,0
distilbert,loco_clean,enron,enron:4448,0,0
distilbert,loco_clean,enron,enron:1420,0,0
distilbert,loco_clean,enron,enron:23,0,0
distilbert,loco_clean,enron,enron:1235,0,0
distilbert,loco_clean,enron,enron:3892,0,0
distilbert,loco_clean,enron,enron:4232,0,0
distilbert,loco_clean,enron,enron:5192,0,0
distilbert,loco_clean,enron,enron:4044,0,0
distilbert,loco_clean,enron,enron:1292,0,0
distilbert,loco_clean,enron,enron:1212,0,0
distilbert,loco_clean,enron,enron:3014,0,0
distilbert,loco_clean,enron,enron:4789,0,0
distilbert,loco_clean,enron,enron:290,0,0
distilbert,loco_clean,enron,enron:2366,0,0
distilbert,loco_clean,enron,enron:1498,0,1
distilbert,loco_clean,enron,enron:1831,0,0
distilbert,loco_clean,enron,enron:879,0,0
distilbert,loco_clean,enron,enron:653,0,0
distilbert,loco_clean,enron,enron:1047,0,0
distilbert,loco_clean,enron,enron:1437,0,0
distilbert,loco_clean,enron,enron:2153,0,0
distilbert,loco_clean,enron,enron:4517,0,0
distilbert,loco_clean,enron,enron:4531,0,0
distilbert,loco_clean,enron,enron:3867,0,0
distilbert,loco_clean,enron,enron:167,0,0
distilbert,loco_clean,enron,enron:5162,0,0
distilbert,loco_clean,enron,enron:4144,0,1
distilbert,loco_clean,enron,enron:3820,0,0
distilbert,loco_clean,enron,enron:1434,0,0
distilbert,loco_clean,enron,enron:1545,0,0
distilbert,loco_clean,enron,enron:877,0,0
distilbert,loco_clean,enron,enron:439,0,0
distilbert,loco_clean,enron,enron:5140,0,0
distilbert,loco_clean,enron,enron:239,0,0
distilbert,loco_clean,enron,enron:5101,0,0
distilbert,loco_clean,enron,enron:2688,0,0
distilbert,loco_clean,enron,enron:471,0,0
distilbert,loco_clean,enron,enron:4269,0,0
distilbert,loco_clean,enron,enron:3949,0,0
distilbert,loco_clean,enron,enron:4947,0,0
distilbert,loco_clean,enron,enron:1894,0,0
distilbert,loco_clean,enron,enron:4447,0,0
distilbert,loco_clean,enron,enron:2519,0,0
distilbert,loco_clean,enron,enron:3733,0,0
distilbert,loco_clean,enron,enron:4019,0,0
distilbert,loco_clean,enron,enron:2314,0,0
distilbert,loco_clean,enron,enron:346,0,0
distilbert,loco_clean,enron,enron:3649,0,0
distilbert,loco_clean,enron,enron:1055,0,0
distilbert,loco_clean,enron,enron:4309,0,0
distilbert,loco_clean,enron,enron:4183,0,0
distilbert,loco_clean,enron,enron:842,0,0
distilbert,loco_clean,enron,enron:5274,0,0
distilbert,loco_clean,enron,enron:4401,0,0
distilbert,loco_clean,enron,enron:80,0,0
distilbert,loco_clean,enron,enron:4635,0,0
distilbert,loco_clean,enron,enron:4881,0,0
distilbert,loco_clean,enron,enron:3670,0,0
distilbert,loco_clean,enron,enron:1090,0,0
distilbert,loco_clean,enron,enron:3464,0,0
distilbert,loco_clean,enron,enron:4049,0,0
distilbert,loco_clean,enron,enron:2882,0,0
distilbert,loco_clean,enron,enron:2952,0,0
distilbert,loco_clean,enron,enron:2594,0,0
distilbert,loco_clean,enron,enron:4546,0,0
distilbert,loco_clean,enron,enron:2813,0,0
distilbert,loco_clean,enron,enron:2801,0,0
distilbert,loco_clean,enron,enron:4803,0,0
distilbert,loco_clean,enron,enron:1580,0,0
distilbert,loco_clean,spamassassin,spamassassin:4742,1,1
distilbert,loco_clean,spamassassin,spamassassin:5215,1,0
distilbert,loco_clean,spamassassin,spamassassin:5738,1,1
distilbert,loco_clean,spamassassin,spamassassin:4496,1,1
distilbert,loco_clean,spamassassin,spamassassin:4625,1,1
distilbert,loco_clean,spamassassin,spamassassin:5468,1,1
distilbert,loco_clean,spamassassin,spamassassin:5352,1,1
distilbert,loco_clean,spamassassin,spamassassin:4114,1,1
distilbert,loco_clean,spamassassin,spamassassin:4693,1,1
distilbert,loco_clean,spamassassin,spamassassin:5201,1,0
distilbert,loco_clean,spamassassin,spamassassin:5497,1,1
distilbert,loco_clean,spamassassin,spamassassin:5378,1,1
distilbert,loco_clean,spamassassin,spamassassin:4430,1,1
distilbert,loco_clean,spamassassin,spamassassin:5746,1,1
distilbert,loco_clean,spamassassin,spamassassin:4692,1,1
distilbert,loco_clean,spamassassin,spamassassin:4394,1,1
distilbert,loco_clean,spamassassin,spamassassin:5420,1,1
distilbert,loco_clean,spamassassin,spamassassin:5471,1,1
distilbert,loco_clean,spamassassin,spamassassin:5118,1,1
distilbert,loco_clean,spamassassin,spamassassin:5301,1,1
distilbert,loco_clean,spamassassin,spamassassin:5185,1,1
distilbert,loco_clean,spamassassin,spamassassin:5721,1,1
distilbert,loco_clean,spamassassin,spamassassin:5037,1,1
distilbert,loco_clean,spamassassin,spamassassin:4473,1,1
distilbert,loco_clean,spamassassin,spamassassin:4169,1,1
distilbert,loco_clean,spamassassin,spamassassin:5027,1,1
distilbert,loco_clean,spamassassin,spamassassin:4907,1,1
distilbert,loco_clean,spamassassin,spamassassin:4553,1,1
distilbert,loco_clean,spamassassin,spamassassin:4422,1,0
distilbert,loco_clean,spamassassin,spamassassin:5012,1,1
distilbert,loco_clean,spamassassin,spamassassin:5781,1,1
distilbert,loco_clean,spamassassin,spamassassin:5503,1,1
distilbert,loco_clean,spamassassin,spamassassin:4848,1,1
distilbert,loco_clean,spamassassin,spamassassin:4520,1,1
distilbert,loco_clean,spamassassin,spamassassin:5509,1,1
distilbert,loco_clean,spamassassin,spamassassin:5628,1,1
distilbert,loco_clean,spamassassin,spamassassin:4617,1,1
distilbert,loco_clean,spamassassin,spamassassin:5362,1,1
distilbert,loco_clean,spamassassin,spamassassin:4792,1,1
distilbert,loco_clean,spamassassin,spamassassin:5791,1,1
distilbert,loco_clean,spamassassin,spamassassin:4389,1,1
distilbert,loco_clean,spamassassin,spamassassin:4276,1,1
distilbert,loco_clean,spamassassin,spamassassin:4869,1,1
distilbert,loco_clean,spamassassin,spamassassin:4433,1,1
distilbert,loco_clean,spamassassin,spamassassin:5169,1,1
distilbert,loco_clean,spamassassin,spamassassin:5410,1,1
distilbert,loco_clean,spamassassin,spamassassin:5740,1,1
distilbert,loco_clean,spamassassin,spamassassin:5677,1,1
distilbert,loco_clean,spamassassin,spamassassin:4673,1,1
distilbert,loco_clean,spamassassin,spamassassin:5597,1,1
distilbert,loco_clean,spamassassin,spamassassin:4541,1,1
distilbert,loco_clean,spamassassin,spamassassin:4505,1,1
distilbert,loco_clean,spamassassin,spamassassin:5751,1,1
distilbert,loco_clean,spamassassin,spamassassin:4279,1,1
distilbert,loco_clean,spamassassin,spamassassin:5300,1,1
distilbert,loco_clean,spamassassin,spamassassin:4140,1,1
distilbert,loco_clean,spamassassin,spamassassin:5057,1,0
distilbert,loco_clean,spamassassin,spamassassin:5667,1,1
distilbert,loco_clean,spamassassin,spamassassin:5325,1,0
distilbert,loco_clean,spamassassin,spamassassin:4964,1,1
distilbert,loco_clean,spamassassin,spamassassin:4680,1,1
distilbert,loco_clean,spamassassin,spamassassin:4950,1,0
distilbert,loco_clean,spamassassin,spamassassin:4569,1,1
distilbert,loco_clean,spamassassin,spamassassin:4226,1,1
distilbert,loco_clean,spamassassin,spamassassin:5743,1,1
distilbert,loco_clean,spamassassin,spamassassin:5144,1,0
distilbert,loco_clean,spamassassin,spamassassin:5001,1,1
distilbert,loco_clean,spamassassin,spamassassin:5326,1,1
distilbert,loco_clean,spamassassin,spamassassin:4773,1,1
distilbert,loco_clean,spamassassin,spamassassin:4827,1,1
distilbert,loco_clean,spamassassin,spamassassin:4407,1,1
distilbert,loco_clean,spamassassin,spamassassin:5769,1,1
distilbert,loco_clean,spamassassin,spamassassin:4570,1,1
distilbert,loco_clean,spamassassin,spamassassin:5350,1,1
distilbert,loco_clean,spamassassin,spamassassin:5689,1,1
distilbert,loco_clean,spamassassin,spamassassin:4768,1,1
distilbert,loco_clean,spamassassin,spamassassin:4868,1,1
distilbert,loco_clean,spamassassin,spamassassin:4161,1,0
distilbert,loco_clean,spamassassin,spamassassin:5080,1,1
distilbert,loco_clean,spamassassin,spamassassin:4160,1,1
distilbert,loco_clean,spamassassin,spamassassin:5629,1,1
distilbert,loco_clean,spamassassin,spamassassin:4555,1,1
distilbert,loco_clean,spamassassin,spamassassin:4362,1,1
distilbert,loco_clean,spamassassin,spamassassin:4415,1,1
distilbert,loco_clean,spamassassin,spamassassin:5615,1,1
distilbert,loco_clean,spamassassin,spamassassin:4784,1,1
distilbert,loco_clean,spamassassin,spamassassin:5360,1,1
distilbert,loco_clean,spamassassin,spamassassin:4156,1,0
distilbert,loco_clean,spamassassin,spamassassin:5683,1,1
distilbert,loco_clean,spamassassin,spamassassin:4803,1,1
distilbert,loco_clean,spamassassin,spamassassin:5684,1,1
distilbert,loco_clean,spamassassin,spamassassin:5427,1,1
distilbert,loco_clean,spamassassin,spamassassin:4562,1,1
distilbert,loco_clean,spamassassin,spamassassin:5386,1,1
distilbert,loco_clean,spamassassin,spamassassin:4342,1,1
distilbert,loco_clean,spamassassin,spamassassin:5059,1,1
distilbert,loco_clean,spamassassin,spamassassin:4120,1,1
distilbert,loco_clean,spamassassin,spamassassin:4485,1,1
distilbert,loco_clean,spamassassin,spamassassin:4970,1,1
distilbert,loco_clean,spamassassin,spamassassin:4345,1,1
distilbert,loco_clean,spamassassin,spamassassin:5079,1,1
distilbert,loco_clean,spamassassin,spamassassin:4705,1,1
distilbert,loco_clean,spamassassin,spamassassin:4121,1,1
distilbert,loco_clean,spamassassin,spamassassin:5180,1,1
distilbert,loco_clean,spamassassin,spamassassin:4206,1,1
distilbert,loco_clean,spamassassin,spamassassin:5708,1,1
distilbert,loco_clean,spamassassin,spamassassin:4458,1,1
distilbert,loco_clean,spamassassin,spamassassin:4711,1,0
distilbert,loco_clean,spamassassin,spamassassin:4572,1,1
distilbert,loco_clean,spamassassin,spamassassin:4586,1,1
distilbert,loco_clean,spamassassin,spamassassin:5763,1,1
distilbert,loco_clean,spamassassin,spamassassin:4190,1,1
distilbert,loco_clean,spamassassin,spamassassin:5208,1,1
distilbert,loco_clean,spamassassin,spamassassin:5323,1,1
distilbert,loco_clean,spamassassin,spamassassin:4338,1,1
distilbert,loco_clean,spamassassin,spamassassin:4544,1,1
distilbert,loco_clean,spamassassin,spamassassin:5640,1,1
distilbert,loco_clean,spamassassin,spamassassin:4264,1,1
distilbert,loco_clean,spamassassin,spamassassin:4865,1,1
distilbert,loco_clean,spamassassin,spamassassin:4955,1,1
distilbert,loco_clean,spamassassin,spamassassin:4700,1,1
distilbert,loco_clean,spamassassin,spamassassin:4897,1,1
distilbert,loco_clean,spamassassin,spamassassin:5727,1,1
distilbert,loco_clean,spamassassin,spamassassin:4923,1,0
distilbert,loco_clean,spamassassin,spamassassin:5076,1,1
distilbert,loco_clean,spamassassin,spamassassin:4802,1,1
distilbert,loco_clean,spamassassin,spamassassin:5785,1,1
distilbert,loco_clean,spamassassin,spamassassin:5425,1,1
distilbert,loco_clean,spamassassin,spamassassin:4516,1,0
distilbert,loco_clean,spamassassin,spamassassin:4123,1,0
distilbert,loco_clean,spamassassin,spamassassin:5331,1,1
distilbert,loco_clean,spamassassin,spamassassin:5250,1,1
distilbert,loco_clean,spamassassin,spamassassin:5344,1,1
distilbert,loco_clean,spamassassin,spamassassin:5064,1,1
distilbert,loco_clean,spamassassin,spamassassin:5021,1,1
distilbert,loco_clean,spamassassin,spamassassin:4577,1,1
distilbert,loco_clean,spamassassin,spamassassin:4871,1,1
distilbert,loco_clean,spamassassin,spamassassin:4294,1,1
distilbert,loco_clean,spamassassin,spamassassin:4679,1,1
distilbert,loco_clean,spamassassin,spamassassin:4135,1,1
distilbert,loco_clean,spamassassin,spamassassin:4651,1,1
distilbert,loco_clean,spamassassin,spamassassin:4621,1,1
distilbert,loco_clean,spamassassin,spamassassin:5023,1,0
distilbert,loco_clean,spamassassin,spamassassin:5474,1,1
distilbert,loco_clean,spamassassin,spamassassin:4150,1,1
distilbert,loco_clean,spamassassin,spamassassin:4530,1,1
distilbert,loco_clean,spamassassin,spamassassin:4330,1,1
distilbert,loco_clean,spamassassin,spamassassin:5098,1,1
distilbert,loco_clean,spamassassin,spamassassin:4388,1,1
distilbert,loco_clean,spamassassin,spamassassin:5724,1,1
distilbert,loco_clean,spamassassin,spamassassin:599,0,0
distilbert,loco_clean,spamassassin,spamassassin:752,0,0
distilbert,loco_clean,spamassassin,spamassassin:2019,0,1
distilbert,loco_clean,spamassassin,spamassassin:1001,0,0
distilbert,loco_clean,spamassassin,spamassassin:3567,0,0
distilbert,loco_clean,spamassassin,spamassassin:4065,0,0
distilbert,loco_clean,spamassassin,spamassassin:682,0,0
distilbert,loco_clean,spamassassin,spamassassin:325,0,0
distilbert,loco_clean,spamassassin,spamassassin:166,0,0
distilbert,loco_clean,spamassassin,spamassassin:1034,0,0
distilbert,loco_clean,spamassassin,spamassassin:3580,0,1
distilbert,loco_clean,spamassassin,spamassassin:857,0,0
distilbert,loco_clean,spamassassin,spamassassin:109,0,0
distilbert,loco_clean,spamassassin,spamassassin:2775,0,0
distilbert,loco_clean,spamassassin,spamassassin:1811,0,0
distilbert,loco_clean,spamassassin,spamassassin:149,0,0
distilbert,loco_clean,spamassassin,spamassassin:2706,0,0
distilbert,loco_clean,spamassassin,spamassassin:298,0,0
distilbert,loco_clean,spamassassin,spamassassin:1395,0,0
distilbert,loco_clean,spamassassin,spamassassin:1641,0,0
distilbert,loco_clean,spamassassin,spamassassin:1593,0,0
distilbert,loco_clean,spamassassin,spamassassin:1909,0,0
distilbert,loco_clean,spamassassin,spamassassin:179,0,0
distilbert,loco_clean,spamassassin,spamassassin:33,0,0
distilbert,loco_clean,spamassassin,spamassassin:2440,0,0
distilbert,loco_clean,spamassassin,spamassassin:2002,0,1
distilbert,loco_clean,spamassassin,spamassassin:3953,0,0
distilbert,loco_clean,spamassassin,spamassassin:1330,0,0
distilbert,loco_clean,spamassassin,spamassassin:1027,0,0
distilbert,loco_clean,spamassassin,spamassassin:2787,0,0
distilbert,loco_clean,spamassassin,spamassassin:555,0,1
distilbert,loco_clean,spamassassin,spamassassin:1740,0,0
distilbert,loco_clean,spamassassin,spamassassin:3121,0,0
distilbert,loco_clean,spamassassin,spamassassin:1018,0,0
distilbert,loco_clean,spamassassin,spamassassin:2949,0,0
distilbert,loco_clean,spamassassin,spamassassin:1258,0,0
distilbert,loco_clean,spamassassin,spamassassin:229,0,0
distilbert,loco_clean,spamassassin,spamassassin:1866,0,0
distilbert,loco_clean,spamassassin,spamassassin:1164,0,0
distilbert,loco_clean,spamassassin,spamassassin:2835,0,0
distilbert,loco_clean,spamassassin,spamassassin:3620,0,0
distilbert,loco_clean,spamassassin,spamassassin:3878,0,0
distilbert,loco_clean,spamassassin,spamassassin:1173,0,0
distilbert,loco_clean,spamassassin,spamassassin:3256,0,0
distilbert,loco_clean,spamassassin,spamassassin:3244,0,0
distilbert,loco_clean,spamassassin,spamassassin:96,0,0
distilbert,loco_clean,spamassassin,spamassassin:501,0,0
distilbert,loco_clean,spamassassin,spamassassin:1186,0,0
distilbert,loco_clean,spamassassin,spamassassin:3801,0,0
distilbert,loco_clean,spamassassin,spamassassin:2727,0,0
distilbert,loco_clean,spamassassin,spamassassin:2936,0,0
distilbert,loco_clean,spamassassin,spamassassin:2510,0,0
distilbert,loco_clean,spamassassin,spamassassin:132,0,0
distilbert,loco_clean,spamassassin,spamassassin:869,0,0
distilbert,loco_clean,spamassassin,spamassassin:527,0,0
distilbert,loco_clean,spamassassin,spamassassin:3950,0,0
distilbert,loco_clean,spamassassin,spamassassin:3443,0,0
distilbert,loco_clean,spamassassin,spamassassin:3160,0,0
distilbert,loco_clean,spamassassin,spamassassin:2484,0,0
distilbert,loco_clean,spamassassin,spamassassin:305,0,0
distilbert,loco_clean,spamassassin,spamassassin:1041,0,0
distilbert,loco_clean,spamassassin,spamassassin:2409,0,0
distilbert,loco_clean,spamassassin,spamassassin:308,0,0
distilbert,loco_clean,spamassassin,spamassassin:3598,0,0
distilbert,loco_clean,spamassassin,spamassassin:2644,0,0
distilbert,loco_clean,spamassassin,spamassassin:1846,0,0
distilbert,loco_clean,spamassassin,spamassassin:2405,0,0
distilbert,loco_clean,spamassassin,spamassassin:802,0,0
distilbert,loco_clean,spamassassin,spamassassin:2728,0,0
distilbert,loco_clean,spamassassin,spamassassin:3531,0,0
distilbert,loco_clean,spamassassin,spamassassin:1309,0,0
distilbert,loco_clean,spamassassin,spamassassin:2295,0,1
distilbert,loco_clean,spamassassin,spamassassin:196,0,0
distilbert,loco_clean,spamassassin,spamassassin:366,0,0
distilbert,loco_clean,spamassassin,spamassassin:2726,0,0
distilbert,loco_clean,spamassassin,spamassassin:976,0,0
distilbert,loco_clean,spamassassin,spamassassin:2111,0,0
distilbert,loco_clean,spamassassin,spamassassin:2720,0,0
distilbert,loco_clean,spamassassin,spamassassin:3863,0,0
distilbert,loco_clean,spamassassin,spamassassin:2632,0,0
distilbert,loco_clean,spamassassin,spamassassin:3864,0,0
distilbert,loco_clean,spamassassin,spamassassin:1221,0,0
distilbert,loco_clean,spamassassin,spamassassin:314,0,0
distilbert,loco_clean,spamassassin,spamassassin:3639,0,0
distilbert,loco_clean,spamassassin,spamassassin:184,0,0
distilbert,loco_clean,spamassassin,spamassassin:1644,0,0
distilbert,loco_clean,spamassassin,spamassassin:1621,0,0
distilbert,loco_clean,spamassassin,spamassassin:461,0,0
distilbert,loco_clean,spamassassin,spamassassin:1808,0,0
distilbert,loco_clean,spamassassin,spamassassin:3494,0,0
distilbert,loco_clean,spamassassin,spamassassin:2330,0,0
distilbert,loco_clean,spamassassin,spamassassin:315,0,1
distilbert,loco_clean,spamassassin,spamassassin:1110,0,0
distilbert,loco_clean,spamassassin,spamassassin:1552,0,0
distilbert,loco_clean,spamassassin,spamassassin:1507,0,0
distilbert,loco_clean,spamassassin,spamassassin:881,0,0
distilbert,loco_clean,spamassassin,spamassassin:1513,0,0
distilbert,loco_clean,spamassassin,spamassassin:1563,0,0
distilbert,loco_clean,spamassassin,spamassassin:2195,0,0
distilbert,loco_clean,spamassassin,spamassassin:1967,0,1
distilbert,loco_clean,spamassassin,spamassassin:4008,0,0
distilbert,loco_clean,spamassassin,spamassassin:3951,0,0
distilbert,loco_clean,spamassassin,spamassassin:1163,0,0
distilbert,loco_clean,spamassassin,spamassassin:414,0,0
distilbert,loco_clean,spamassassin,spamassassin:932,0,0
distilbert,loco_clean,spamassassin,spamassassin:3917,0,0
distilbert,loco_clean,spamassassin,spamassassin:1064,0,0
distilbert,loco_clean,spamassassin,spamassassin:1647,0,0
distilbert,loco_clean,spamassassin,spamassassin:3848,0,1
distilbert,loco_clean,spamassassin,spamassassin:1826,0,1
distilbert,loco_clean,spamassassin,spamassassin:70,0,0
distilbert,loco_clean,spamassassin,spamassassin:3032,0,0
distilbert,loco_clean,spamassassin,spamassassin:952,0,0
distilbert,loco_clean,spamassassin,spamassassin:211,0,0
distilbert,loco_clean,spamassassin,spamassassin:1260,0,0
distilbert,loco_clean,spamassassin,spamassassin:985,0,0
distilbert,loco_clean,spamassassin,spamassassin:1766,0,0
distilbert,loco_clean,spamassassin,spamassassin:3754,0,0
distilbert,loco_clean,spamassassin,spamassassin:2244,0,1
distilbert,loco_clean,spamassassin,spamassassin:14,0,0
distilbert,loco_clean,spamassassin,spamassassin:879,0,0
distilbert,loco_clean,spamassassin,spamassassin:1178,0,0
distilbert,loco_clean,spamassassin,spamassassin:1114,0,0
distilbert,loco_clean,spamassassin,spamassassin:1420,0,0
distilbert,loco_clean,spamassassin,spamassassin:270,0,0
distilbert,loco_clean,spamassassin,spamassassin:538,0,0
distilbert,loco_clean,spamassassin,spamassassin:1345,0,0
distilbert,loco_clean,spamassassin,spamassassin:8,0,0
distilbert,loco_clean,spamassassin,spamassassin:1226,0,0
distilbert,loco_clean,spamassassin,spamassassin:1818,0,0
distilbert,loco_clean,spamassassin,spamassassin:2927,0,0
distilbert,loco_clean,spamassassin,spamassassin:3679,0,0
distilbert,loco_clean,spamassassin,spamassassin:818,0,0
distilbert,loco_clean,spamassassin,spamassassin:2402,0,1
distilbert,loco_clean,spamassassin,spamassassin:2164,0,0
distilbert,loco_clean,spamassassin,spamassassin:3063,0,0
distilbert,loco_clean,spamassassin,spamassassin:3585,0,0
distilbert,loco_clean,spamassassin,spamassassin:1231,0,0
distilbert,loco_clean,spamassassin,spamassassin:251,0,0
distilbert,loco_clean,spamassassin,spamassassin:3590,0,0
distilbert,loco_clean,spamassassin,spamassassin:2973,0,0
distilbert,loco_clean,spamassassin,spamassassin:296,0,0
distilbert,loco_clean,spamassassin,spamassassin:755,0,0
distilbert,loco_clean,spamassassin,spamassassin:544,0,0
distilbert,loco_clean,spamassassin,spamassassin:3542,0,0
distilbert,loco_clean,spamassassin,spamassassin:4078,0,0
distilbert,loco_clean,spamassassin,spamassassin:2107,0,0
distilbert,loco_clean,spamassassin,spamassassin:3572,0,0
distilbert,loco_clean,spamassassin,spamassassin:4085,0,1
distilbert,loco_clean,spamassassin,spamassassin:2124,0,1
distilbert,loco_clean,ceas08,ceas08:8116,1,1
distilbert,loco_clean,ceas08,ceas08:7953,1,0
distilbert,loco_clean,ceas08,ceas08:5150,1,0
distilbert,loco_clean,ceas08,ceas08:7796,1,0
distilbert,loco_clean,ceas08,ceas08:4894,1,1
distilbert,loco_clean,ceas08,ceas08:9838,1,1
distilbert,loco_clean,ceas08,ceas08:8788,1,1
distilbert,loco_clean,ceas08,ceas08:8667,1,1
distilbert,loco_clean,ceas08,ceas08:9868,1,1
distilbert,loco_clean,ceas08,ceas08:9735,1,0
distilbert,loco_clean,ceas08,ceas08:6658,1,1
distilbert,loco_clean,ceas08,ceas08:7999,1,1
distilbert,loco_clean,ceas08,ceas08:8805,1,1
distilbert,loco_clean,ceas08,ceas08:7742,1,1
distilbert,loco_clean,ceas08,ceas08:9321,1,1
distilbert,loco_clean,ceas08,ceas08:4722,1,0
distilbert,loco_clean,ceas08,ceas08:4879,1,1
distilbert,loco_clean,ceas08,ceas08:9306,1,1
distilbert,loco_clean,ceas08,ceas08:6460,1,1
distilbert,loco_clean,ceas08,ceas08:8713,1,1
distilbert,loco_clean,ceas08,ceas08:5031,1,0
distilbert,loco_clean,ceas08,ceas08:6041,1,0
distilbert,loco_clean,ceas08,ceas08:9595,1,0
distilbert,loco_clean,ceas08,ceas08:9081,1,0
distilbert,loco_clean,ceas08,ceas08:7180,1,1
distilbert,loco_clean,ceas08,ceas08:7153,1,1
distilbert,loco_clean,ceas08,ceas08:8721,1,1
distilbert,loco_clean,ceas08,ceas08:8319,1,1
distilbert,loco_clean,ceas08,ceas08:6985,1,1
distilbert,loco_clean,ceas08,ceas08:5156,1,1
distilbert,loco_clean,ceas08,ceas08:4759,1,1
distilbert,loco_clean,ceas08,ceas08:7235,1,1
distilbert,loco_clean,ceas08,ceas08:4716,1,1
distilbert,loco_clean,ceas08,ceas08:9464,1,1
distilbert,loco_clean,ceas08,ceas08:5173,1,1
distilbert,loco_clean,ceas08,ceas08:5333,1,1
distilbert,loco_clean,ceas08,ceas08:7506,1,1
distilbert,loco_clean,ceas08,ceas08:5589,1,1
distilbert,loco_clean,ceas08,ceas08:9016,1,0
distilbert,loco_clean,ceas08,ceas08:5523,1,0
distilbert,loco_clean,ceas08,ceas08:8978,1,1
distilbert,loco_clean,ceas08,ceas08:5451,1,1
distilbert,loco_clean,ceas08,ceas08:6120,1,1
distilbert,loco_clean,ceas08,ceas08:9221,1,1
distilbert,loco_clean,ceas08,ceas08:7814,1,0
distilbert,loco_clean,ceas08,ceas08:9456,1,0
distilbert,loco_clean,ceas08,ceas08:6942,1,1
distilbert,loco_clean,ceas08,ceas08:6043,1,1
distilbert,loco_clean,ceas08,ceas08:5107,1,0
distilbert,loco_clean,ceas08,ceas08:7966,1,1
distilbert,loco_clean,ceas08,ceas08:6208,1,1
distilbert,loco_clean,ceas08,ceas08:9802,1,1
distilbert,loco_clean,ceas08,ceas08:8158,1,1
distilbert,loco_clean,ceas08,ceas08:4723,1,1
distilbert,loco_clean,ceas08,ceas08:8513,1,1
distilbert,loco_clean,ceas08,ceas08:5520,1,1
distilbert,loco_clean,ceas08,ceas08:7516,1,1
distilbert,loco_clean,ceas08,ceas08:4449,1,1
distilbert,loco_clean,ceas08,ceas08:6735,1,0
distilbert,loco_clean,ceas08,ceas08:8793,1,1
distilbert,loco_clean,ceas08,ceas08:8096,1,1
distilbert,loco_clean,ceas08,ceas08:6158,1,1
distilbert,loco_clean,ceas08,ceas08:7745,1,1
distilbert,loco_clean,ceas08,ceas08:8207,1,1
distilbert,loco_clean,ceas08,ceas08:7695,1,1
distilbert,loco_clean,ceas08,ceas08:5235,1,1
distilbert,loco_clean,ceas08,ceas08:9665,1,1
distilbert,loco_clean,ceas08,ceas08:5970,1,1
distilbert,loco_clean,ceas08,ceas08:4964,1,1
distilbert,loco_clean,ceas08,ceas08:5625,1,1
distilbert,loco_clean,ceas08,ceas08:4956,1,0
distilbert,loco_clean,ceas08,ceas08:8072,1,1
distilbert,loco_clean,ceas08,ceas08:4505,1,1
distilbert,loco_clean,ceas08,ceas08:5464,1,0
distilbert,loco_clean,ceas08,ceas08:4848,1,1
distilbert,loco_clean,ceas08,ceas08:7830,1,1
distilbert,loco_clean,ceas08,ceas08:4593,1,1
distilbert,loco_clean,ceas08,ceas08:8807,1,0
distilbert,loco_clean,ceas08,ceas08:9136,1,1
distilbert,loco_clean,ceas08,ceas08:9683,1,1
distilbert,loco_clean,ceas08,ceas08:7500,1,1
distilbert,loco_clean,ceas08,ceas08:8489,1,0
distilbert,loco_clean,ceas08,ceas08:6006,1,0
distilbert,loco_clean,ceas08,ceas08:6755,1,1
distilbert,loco_clean,ceas08,ceas08:9635,1,1
distilbert,loco_clean,ceas08,ceas08:5837,1,1
distilbert,loco_clean,ceas08,ceas08:7533,1,1
distilbert,loco_clean,ceas08,ceas08:5352,1,1
distilbert,loco_clean,ceas08,ceas08:9759,1,0
distilbert,loco_clean,ceas08,ceas08:5687,1,0
distilbert,loco_clean,ceas08,ceas08:4434,1,1
distilbert,loco_clean,ceas08,ceas08:8588,1,0
distilbert,loco_clean,ceas08,ceas08:8692,1,1
distilbert,loco_clean,ceas08,ceas08:7154,1,1
distilbert,loco_clean,ceas08,ceas08:5965,1,1
distilbert,loco_clean,ceas08,ceas08:5863,1,1
distilbert,loco_clean,ceas08,ceas08:8743,1,1
distilbert,loco_clean,ceas08,ceas08:4750,1,1
distilbert,loco_clean,ceas08,ceas08:6890,1,1
distilbert,loco_clean,ceas08,ceas08:9201,1,1
distilbert,loco_clean,ceas08,ceas08:9194,1,0
distilbert,loco_clean,ceas08,ceas08:5893,1,1
distilbert,loco_clean,ceas08,ceas08:5547,1,1
distilbert,loco_clean,ceas08,ceas08:8759,1,1
distilbert,loco_clean,ceas08,ceas08:8200,1,1
distilbert,loco_clean,ceas08,ceas08:7096,1,1
distilbert,loco_clean,ceas08,ceas08:6996,1,1
distilbert,loco_clean,ceas08,ceas08:4459,1,1
distilbert,loco_clean,ceas08,ceas08:6685,1,1
distilbert,loco_clean,ceas08,ceas08:6239,1,1
distilbert,loco_clean,ceas08,ceas08:6636,1,1
distilbert,loco_clean,ceas08,ceas08:8421,1,1
distilbert,loco_clean,ceas08,ceas08:9244,1,0
distilbert,loco_clean,ceas08,ceas08:5959,1,1
distilbert,loco_clean,ceas08,ceas08:8528,1,0
distilbert,loco_clean,ceas08,ceas08:8722,1,1
distilbert,loco_clean,ceas08,ceas08:5458,1,1
distilbert,loco_clean,ceas08,ceas08:8965,1,1
distilbert,loco_clean,ceas08,ceas08:9862,1,0
distilbert,loco_clean,ceas08,ceas08:6815,1,0
distilbert,loco_clean,ceas08,ceas08:9396,1,1
distilbert,loco_clean,ceas08,ceas08:6756,1,0
distilbert,loco_clean,ceas08,ceas08:5527,1,1
distilbert,loco_clean,ceas08,ceas08:5602,1,0
distilbert,loco_clean,ceas08,ceas08:4852,1,1
distilbert,loco_clean,ceas08,ceas08:8073,1,1
distilbert,loco_clean,ceas08,ceas08:6450,1,1
distilbert,loco_clean,ceas08,ceas08:8600,1,1
distilbert,loco_clean,ceas08,ceas08:5924,1,1
distilbert,loco_clean,ceas08,ceas08:4799,1,1
distilbert,loco_clean,ceas08,ceas08:7857,1,0
distilbert,loco_clean,ceas08,ceas08:8683,1,1
distilbert,loco_clean,ceas08,ceas08:4827,1,1
distilbert,loco_clean,ceas08,ceas08:6205,1,1
distilbert,loco_clean,ceas08,ceas08:6655,1,0
distilbert,loco_clean,ceas08,ceas08:6907,1,1
distilbert,loco_clean,ceas08,ceas08:6154,1,1
distilbert,loco_clean,ceas08,ceas08:8390,1,1
distilbert,loco_clean,ceas08,ceas08:5238,1,1
distilbert,loco_clean,ceas08,ceas08:5601,1,0
distilbert,loco_clean,ceas08,ceas08:7388,1,1
distilbert,loco_clean,ceas08,ceas08:7380,1,1
distilbert,loco_clean,ceas08,ceas08:5395,1,1
distilbert,loco_clean,ceas08,ceas08:7022,1,1
distilbert,loco_clean,ceas08,ceas08:9007,1,1
distilbert,loco_clean,ceas08,ceas08:8964,1,0
distilbert,loco_clean,ceas08,ceas08:5015,1,1
distilbert,loco_clean,ceas08,ceas08:7890,1,1
distilbert,loco_clean,ceas08,ceas08:6214,1,1
distilbert,loco_clean,ceas08,ceas08:7037,1,1
distilbert,loco_clean,ceas08,ceas08:443,0,0
distilbert,loco_clean,ceas08,ceas08:2825,0,0
distilbert,loco_clean,ceas08,ceas08:2473,0,0
distilbert,loco_clean,ceas08,ceas08:2431,0,0
distilbert,loco_clean,ceas08,ceas08:318,0,0
distilbert,loco_clean,ceas08,ceas08:2540,0,0
distilbert,loco_clean,ceas08,ceas08:3328,0,0
distilbert,loco_clean,ceas08,ceas08:4120,0,0
distilbert,loco_clean,ceas08,ceas08:151,0,1
distilbert,loco_clean,ceas08,ceas08:3451,0,0
distilbert,loco_clean,ceas08,ceas08:4149,0,0
distilbert,loco_clean,ceas08,ceas08:3346,0,0
distilbert,loco_clean,ceas08,ceas08:3959,0,0
distilbert,loco_clean,ceas08,ceas08:1392,0,1
distilbert,loco_clean,ceas08,ceas08:4105,0,0
distilbert,loco_clean,ceas08,ceas08:1161,0,0
distilbert,loco_clean,ceas08,ceas08:2552,0,0
distilbert,loco_clean,ceas08,ceas08:764,0,0
distilbert,loco_clean,ceas08,ceas08:3921,0,0
distilbert,loco_clean,ceas08,ceas08:3728,0,0
distilbert,loco_clean,ceas08,ceas08:3316,0,0
distilbert,loco_clean,ceas08,ceas08:315,0,0
distilbert,loco_clean,ceas08,ceas08:2754,0,0
distilbert,loco_clean,ceas08,ceas08:2598,0,0
distilbert,loco_clean,ceas08,ceas08:1220,0,0
distilbert,loco_clean,ceas08,ceas08:1010,0,0
distilbert,loco_clean,ceas08,ceas08:2528,0,0
distilbert,loco_clean,ceas08,ceas08:4415,0,0
distilbert,loco_clean,ceas08,ceas08:3292,0,1
distilbert,loco_clean,ceas08,ceas08:179,0,0
distilbert,loco_clean,ceas08,ceas08:3930,0,1
distilbert,loco_clean,ceas08,ceas08:2260,0,0
distilbert,loco_clean,ceas08,ceas08:731,0,0
distilbert,loco_clean,ceas08,ceas08:51,0,0
distilbert,loco_clean,ceas08,ceas08:720,0,0
distilbert,loco_clean,ceas08,ceas08:584,0,0
distilbert,loco_clean,ceas08,ceas08:1501,0,0
distilbert,loco_clean,ceas08,ceas08:4055,0,0
distilbert,loco_clean,ceas08,ceas08:3062,0,0
distilbert,loco_clean,ceas08,ceas08:1413,0,0
distilbert,loco_clean,ceas08,ceas08:798,0,0
distilbert,loco_clean,ceas08,ceas08:4083,0,0
distilbert,loco_clean,ceas08,ceas08:842,0,0
distilbert,loco_clean,ceas08,ceas08:1192,0,0
distilbert,loco_clean,ceas08,ceas08:4248,0,1
distilbert,loco_clean,ceas08,ceas08:2357,0,0
distilbert,loco_clean,ceas08,ceas08:1157,0,0
distilbert,loco_clean,ceas08,ceas08:4396,0,0
distilbert,loco_clean,ceas08,ceas08:1780,0,0
distilbert,loco_clean,ceas08,ceas08:4285,0,0
distilbert,loco_clean,ceas08,ceas08:2325,0,0
distilbert,loco_clean,ceas08,ceas08:538,0,0
distilbert,loco_clean,ceas08,ceas08:4234,0,0
distilbert,loco_clean,ceas08,ceas08:4425,0,0
distilbert,loco_clean,ceas08,ceas08:134,0,0
distilbert,loco_clean,ceas08,ceas08:3720,0,0
distilbert,loco_clean,ceas08,ceas08:1051,0,0
distilbert,loco_clean,ceas08,ceas08:3076,0,0
distilbert,loco_clean,ceas08,ceas08:4411,0,0
distilbert,loco_clean,ceas08,ceas08:721,0,0
distilbert,loco_clean,ceas08,ceas08:2554,0,0
distilbert,loco_clean,ceas08,ceas08:2389,0,0
distilbert,loco_clean,ceas08,ceas08:2672,0,0
distilbert,loco_clean,ceas08,ceas08:2647,0,0
distilbert,loco_clean,ceas08,ceas08:297,0,0
distilbert,loco_clean,ceas08,ceas08:1103,0,0
distilbert,loco_clean,ceas08,ceas08:1803,0,0
distilbert,loco_clean,ceas08,ceas08:2297,0,0
distilbert,loco_clean,ceas08,ceas08:1600,0,1
distilbert,loco_clean,ceas08,ceas08:2314,0,0
distilbert,loco_clean,ceas08,ceas08:3390,0,0
distilbert,loco_clean,ceas08,ceas08:1361,0,0
distilbert,loco_clean,ceas08,ceas08:3227,0,0
distilbert,loco_clean,ceas08,ceas08:4216,0,0
distilbert,loco_clean,ceas08,ceas08:1200,0,0
distilbert,loco_clean,ceas08,ceas08:1698,0,0
distilbert,loco_clean,ceas08,ceas08:2646,0,0
distilbert,loco_clean,ceas08,ceas08:3563,0,0
distilbert,loco_clean,ceas08,ceas08:2798,0,0
distilbert,loco_clean,ceas08,ceas08:2939,0,0
distilbert,loco_clean,ceas08,ceas08:17,0,0
distilbert,loco_clean,ceas08,ceas08:551,0,0
distilbert,loco_clean,ceas08,ceas08:410,0,0
distilbert,loco_clean,ceas08,ceas08:2741,0,0
distilbert,loco_clean,ceas08,ceas08:1476,0,0
distilbert,loco_clean,ceas08,ceas08:2801,0,0
distilbert,loco_clean,ceas08,ceas08:530,0,1
distilbert,loco_clean,ceas08,ceas08:2131,0,0
distilbert,loco_clean,ceas08,ceas08:1784,0,0
distilbert,loco_clean,ceas08,ceas08:2863,0,1
distilbert,loco_clean,ceas08,ceas08:3999,0,0
distilbert,loco_clean,ceas08,ceas08:3540,0,0
distilbert,loco_clean,ceas08,ceas08:1237,0,0
distilbert,loco_clean,ceas08,ceas08:3462,0,0
distilbert,loco_clean,ceas08,ceas08:4336,0,0
distilbert,loco_clean,ceas08,ceas08:1146,0,0
distilbert,loco_clean,ceas08,ceas08:4080,0,0
distilbert,loco_clean,ceas08,ceas08:175,0,0
distilbert,loco_clean,ceas08,ceas08:4319,0,0
distilbert,loco_clean,ceas08,ceas08:3336,0,0
distilbert,loco_clean,ceas08,ceas08:2846,0,1
distilbert,loco_clean,ceas08,ceas08:2829,0,0
distilbert,loco_clean,ceas08,ceas08:3298,0,0
distilbert,loco_clean,ceas08,ceas08:3259,0,1
distilbert,loco_clean,ceas08,ceas08:3994,0,0
distilbert,loco_clean,ceas08,ceas08:555,0,0
distilbert,loco_clean,ceas08,ceas08:3998,0,0
distilbert,loco_clean,ceas08,ceas08:2121,0,0
distilbert,loco_clean,ceas08,ceas08:2171,0,0
distilbert,loco_clean,ceas08,ceas08:3812,0,0
distilbert,loco_clean,ceas08,ceas08:877,0,0
distilbert,loco_clean,ceas08,ceas08:3321,0,0
distilbert,loco_clean,ceas08,ceas08:3258,0,0
distilbert,loco_clean,ceas08,ceas08:3148,0,0
distilbert,loco_clean,ceas08,ceas08:1323,0,0
distilbert,loco_clean,ceas08,ceas08:3857,0,0
distilbert,loco_clean,ceas08,ceas08:602,0,0
distilbert,loco_clean,ceas08,ceas08:787,0,0
distilbert,loco_clean,ceas08,ceas08:2093,0,0
distilbert,loco_clean,ceas08,ceas08:3740,0,0
distilbert,loco_clean,ceas08,ceas08:1491,0,0
distilbert,loco_clean,ceas08,ceas08:1807,0,0
distilbert,loco_clean,ceas08,ceas08:93,0,0
distilbert,loco_clean,ceas08,ceas08:416,0,0
distilbert,loco_clean,ceas08,ceas08:4382,0,0
distilbert,loco_clean,ceas08,ceas08:843,0,0
distilbert,loco_clean,ceas08,ceas08:4050,0,0
distilbert,loco_clean,ceas08,ceas08:252,0,0
distilbert,loco_clean,ceas08,ceas08:2103,0,0
distilbert,loco_clean,ceas08,ceas08:2970,0,0
distilbert,loco_clean,ceas08,ceas08:1846,0,0
distilbert,loco_clean,ceas08,ceas08:668,0,0
distilbert,loco_clean,ceas08,ceas08:3410,0,0
distilbert,loco_clean,ceas08,ceas08:3652,0,0
distilbert,loco_clean,ceas08,ceas08:109,0,0
distilbert,loco_clean,ceas08,ceas08:4251,0,1
distilbert,loco_clean,ceas08,ceas08:1896,0,0
distilbert,loco_clean,ceas08,ceas08:2130,0,0
distilbert,loco_clean,ceas08,ceas08:1739,0,0
distilbert,loco_clean,ceas08,ceas08:2653,0,0
distilbert,loco_clean,ceas08,ceas08:1507,0,0
distilbert,loco_clean,ceas08,ceas08:120,0,0
distilbert,loco_clean,ceas08,ceas08:915,0,0
distilbert,loco_clean,ceas08,ceas08:1869,0,0
distilbert,loco_clean,ceas08,ceas08:4056,0,0
distilbert,loco_clean,ceas08,ceas08:1180,0,0
distilbert,loco_clean,ceas08,ceas08:626,0,0
distilbert,loco_clean,ceas08,ceas08:1991,0,0
distilbert,loco_clean,ceas08,ceas08:1293,0,0
distilbert,loco_clean,ceas08,ceas08:3609,0,0
distilbert,loco_clean,kaggle,kaggle:9136,1,1
distilbert,loco_clean,kaggle,kaggle:9695,1,1
distilbert,loco_clean,kaggle,kaggle:9294,1,1
distilbert,loco_clean,kaggle,kaggle:9570,1,1
distilbert,loco_clean,kaggle,kaggle:6656,1,1
distilbert,loco_clean,kaggle,kaggle:6539,1,1
distilbert,loco_clean,kaggle,kaggle:6448,1,1
distilbert,loco_clean,kaggle,kaggle:8693,1,1
distilbert,loco_clean,kaggle,kaggle:7893,1,1
distilbert,loco_clean,kaggle,kaggle:6708,1,1
distilbert,loco_clean,kaggle,kaggle:8023,1,1
distilbert,loco_clean,kaggle,kaggle:8387,1,1
distilbert,loco_clean,kaggle,kaggle:6389,1,1
distilbert,loco_clean,kaggle,kaggle:7491,1,1
distilbert,loco_clean,kaggle,kaggle:7922,1,1
distilbert,loco_clean,kaggle,kaggle:8822,1,1
distilbert,loco_clean,kaggle,kaggle:8322,1,1
distilbert,loco_clean,kaggle,kaggle:9838,1,1
distilbert,loco_clean,kaggle,kaggle:8955,1,1
distilbert,loco_clean,kaggle,kaggle:9889,1,1
distilbert,loco_clean,kaggle,kaggle:7963,1,1
distilbert,loco_clean,kaggle,kaggle:9455,1,1
distilbert,loco_clean,kaggle,kaggle:7383,1,1
distilbert,loco_clean,kaggle,kaggle:7087,1,1
distilbert,loco_clean,kaggle,kaggle:7360,1,1
distilbert,loco_clean,kaggle,kaggle:9740,1,1
distilbert,loco_clean,kaggle,kaggle:9469,1,1
distilbert,loco_clean,kaggle,kaggle:6453,1,1
distilbert,loco_clean,kaggle,kaggle:6620,1,1
distilbert,loco_clean,kaggle,kaggle:8083,1,1
distilbert,loco_clean,kaggle,kaggle:6465,1,1
distilbert,loco_clean,kaggle,kaggle:8384,1,1
distilbert,loco_clean,kaggle,kaggle:9231,1,1
distilbert,loco_clean,kaggle,kaggle:8745,1,1
distilbert,loco_clean,kaggle,kaggle:8550,1,0
distilbert,loco_clean,kaggle,kaggle:7681,1,1
distilbert,loco_clean,kaggle,kaggle:7957,1,1
distilbert,loco_clean,kaggle,kaggle:9159,1,1
distilbert,loco_clean,kaggle,kaggle:6701,1,1
distilbert,loco_clean,kaggle,kaggle:8619,1,1
distilbert,loco_clean,kaggle,kaggle:6683,1,1
distilbert,loco_clean,kaggle,kaggle:9842,1,1
distilbert,loco_clean,kaggle,kaggle:8978,1,1
distilbert,loco_clean,kaggle,kaggle:9243,1,1
distilbert,loco_clean,kaggle,kaggle:7589,1,1
distilbert,loco_clean,kaggle,kaggle:9575,1,1
distilbert,loco_clean,kaggle,kaggle:7605,1,1
distilbert,loco_clean,kaggle,kaggle:9375,1,1
distilbert,loco_clean,kaggle,kaggle:7045,1,0
distilbert,loco_clean,kaggle,kaggle:9258,1,1
distilbert,loco_clean,kaggle,kaggle:7786,1,1
distilbert,loco_clean,kaggle,kaggle:8057,1,1
distilbert,loco_clean,kaggle,kaggle:6578,1,1
distilbert,loco_clean,kaggle,kaggle:6823,1,1
distilbert,loco_clean,kaggle,kaggle:9287,1,1
distilbert,loco_clean,kaggle,kaggle:6301,1,1
distilbert,loco_clean,kaggle,kaggle:7819,1,1
distilbert,loco_clean,kaggle,kaggle:8928,1,1
distilbert,loco_clean,kaggle,kaggle:6996,1,1
distilbert,loco_clean,kaggle,kaggle:7820,1,1
distilbert,loco_clean,kaggle,kaggle:8336,1,1
distilbert,loco_clean,kaggle,kaggle:8084,1,1
distilbert,loco_clean,kaggle,kaggle:8728,1,1
distilbert,loco_clean,kaggle,kaggle:8060,1,1
distilbert,loco_clean,kaggle,kaggle:7363,1,1
distilbert,loco_clean,kaggle,kaggle:6362,1,1
distilbert,loco_clean,kaggle,kaggle:8418,1,1
distilbert,loco_clean,kaggle,kaggle:9716,1,1
distilbert,loco_clean,kaggle,kaggle:6283,1,1
distilbert,loco_clean,kaggle,kaggle:6627,1,1
distilbert,loco_clean,kaggle,kaggle:9372,1,0
distilbert,loco_clean,kaggle,kaggle:8852,1,1
distilbert,loco_clean,kaggle,kaggle:8823,1,1
distilbert,loco_clean,kaggle,kaggle:8956,1,1
distilbert,loco_clean,kaggle,kaggle:7340,1,1
distilbert,loco_clean,kaggle,kaggle:7415,1,0
distilbert,loco_clean,kaggle,kaggle:9515,1,1
distilbert,loco_clean,kaggle,kaggle:6926,1,1
distilbert,loco_clean,kaggle,kaggle:7469,1,1
distilbert,loco_clean,kaggle,kaggle:9609,1,1
distilbert,loco_clean,kaggle,kaggle:8383,1,1
distilbert,loco_clean,kaggle,kaggle:8698,1,1
distilbert,loco_clean,kaggle,kaggle:8952,1,1
distilbert,loco_clean,kaggle,kaggle:6662,1,1
distilbert,loco_clean,kaggle,kaggle:7344,1,1
distilbert,loco_clean,kaggle,kaggle:8513,1,1
distilbert,loco_clean,kaggle,kaggle:8047,1,1
distilbert,loco_clean,kaggle,kaggle:7403,1,1
distilbert,loco_clean,kaggle,kaggle:9741,1,1
distilbert,loco_clean,kaggle,kaggle:6286,1,1
distilbert,loco_clean,kaggle,kaggle:7098,1,1
distilbert,loco_clean,kaggle,kaggle:8977,1,1
distilbert,loco_clean,kaggle,kaggle:7990,1,1
distilbert,loco_clean,kaggle,kaggle:8765,1,1
distilbert,loco_clean,kaggle,kaggle:7664,1,1
distilbert,loco_clean,kaggle,kaggle:7325,1,1
distilbert,loco_clean,kaggle,kaggle:6480,1,1
distilbert,loco_clean,kaggle,kaggle:8416,1,1
distilbert,loco_clean,kaggle,kaggle:7245,1,0
distilbert,loco_clean,kaggle,kaggle:8722,1,1
distilbert,loco_clean,kaggle,kaggle:8446,1,1
distilbert,loco_clean,kaggle,kaggle:7537,1,1
distilbert,loco_clean,kaggle,kaggle:7140,1,1
distilbert,loco_clean,kaggle,kaggle:9891,1,1
distilbert,loco_clean,kaggle,kaggle:9667,1,1
distilbert,loco_clean,kaggle,kaggle:6719,1,1
distilbert,loco_clean,kaggle,kaggle:8963,1,1
distilbert,loco_clean,kaggle,kaggle:7694,1,0
distilbert,loco_clean,kaggle,kaggle:9060,1,1
distilbert,loco_clean,kaggle,kaggle:6684,1,1
distilbert,loco_clean,kaggle,kaggle:8072,1,1
distilbert,loco_clean,kaggle,kaggle:8113,1,1
distilbert,loco_clean,kaggle,kaggle:8452,1,1
distilbert,loco_clean,kaggle,kaggle:6378,1,1
distilbert,loco_clean,kaggle,kaggle:8920,1,1
distilbert,loco_clean,kaggle,kaggle:7233,1,1
distilbert,loco_clean,kaggle,kaggle:8052,1,1
distilbert,loco_clean,kaggle,kaggle:8907,1,1
distilbert,loco_clean,kaggle,kaggle:6730,1,1
distilbert,loco_clean,kaggle,kaggle:6594,1,1
distilbert,loco_clean,kaggle,kaggle:6320,1,1
distilbert,loco_clean,kaggle,kaggle:8128,1,1
distilbert,loco_clean,kaggle,kaggle:8280,1,1
distilbert,loco_clean,kaggle,kaggle:9156,1,1
distilbert,loco_clean,kaggle,kaggle:7771,1,1
distilbert,loco_clean,kaggle,kaggle:9232,1,1
distilbert,loco_clean,kaggle,kaggle:9957,1,1
distilbert,loco_clean,kaggle,kaggle:7074,1,1
distilbert,loco_clean,kaggle,kaggle:8594,1,1
distilbert,loco_clean,kaggle,kaggle:6509,1,1
distilbert,loco_clean,kaggle,kaggle:7079,1,0
distilbert,loco_clean,kaggle,kaggle:8716,1,1
distilbert,loco_clean,kaggle,kaggle:9859,1,0
distilbert,loco_clean,kaggle,kaggle:6863,1,1
distilbert,loco_clean,kaggle,kaggle:8362,1,1
distilbert,loco_clean,kaggle,kaggle:9760,1,1
distilbert,loco_clean,kaggle,kaggle:6418,1,1
distilbert,loco_clean,kaggle,kaggle:9678,1,1
distilbert,loco_clean,kaggle,kaggle:6890,1,1
distilbert,loco_clean,kaggle,kaggle:6321,1,1
distilbert,loco_clean,kaggle,kaggle:9345,1,1
distilbert,loco_clean,kaggle,kaggle:6295,1,1
distilbert,loco_clean,kaggle,kaggle:9561,1,1
distilbert,loco_clean,kaggle,kaggle:6489,1,1
distilbert,loco_clean,kaggle,kaggle:8100,1,1
distilbert,loco_clean,kaggle,kaggle:8285,1,0
distilbert,loco_clean,kaggle,kaggle:9480,1,1
distilbert,loco_clean,kaggle,kaggle:7971,1,1
distilbert,loco_clean,kaggle,kaggle:8198,1,1
distilbert,loco_clean,kaggle,kaggle:6498,1,1
distilbert,loco_clean,kaggle,kaggle:3158,0,0
distilbert,loco_clean,kaggle,kaggle:1345,0,0
distilbert,loco_clean,kaggle,kaggle:5916,0,0
distilbert,loco_clean,kaggle,kaggle:5533,0,0
distilbert,loco_clean,kaggle,kaggle:2521,0,0
distilbert,loco_clean,kaggle,kaggle:6215,0,0
distilbert,loco_clean,kaggle,kaggle:1181,0,0
distilbert,loco_clean,kaggle,kaggle:5849,0,0
distilbert,loco_clean,kaggle,kaggle:4490,0,0
distilbert,loco_clean,kaggle,kaggle:3548,0,0
distilbert,loco_clean,kaggle,kaggle:2771,0,0
distilbert,loco_clean,kaggle,kaggle:4477,0,0
distilbert,loco_clean,kaggle,kaggle:3836,0,0
distilbert,loco_clean,kaggle,kaggle:2042,0,0
distilbert,loco_clean,kaggle,kaggle:611,0,0
distilbert,loco_clean,kaggle,kaggle:2543,0,0
distilbert,loco_clean,kaggle,kaggle:432,0,0
distilbert,loco_clean,kaggle,kaggle:476,0,0
distilbert,loco_clean,kaggle,kaggle:511,0,1
distilbert,loco_clean,kaggle,kaggle:3220,0,0
distilbert,loco_clean,kaggle,kaggle:2166,0,0
distilbert,loco_clean,kaggle,kaggle:535,0,0
distilbert,loco_clean,kaggle,kaggle:1620,0,1
distilbert,loco_clean,kaggle,kaggle:2154,0,1
distilbert,loco_clean,kaggle,kaggle:401,0,0
distilbert,loco_clean,kaggle,kaggle:4808,0,0
distilbert,loco_clean,kaggle,kaggle:23,0,0
distilbert,loco_clean,kaggle,kaggle:1874,0,1
distilbert,loco_clean,kaggle,kaggle:1223,0,0
distilbert,loco_clean,kaggle,kaggle:6179,0,0
distilbert,loco_clean,kaggle,kaggle:3163,0,0
distilbert,loco_clean,kaggle,kaggle:4837,0,1
distilbert,loco_clean,kaggle,kaggle:1188,0,0
distilbert,loco_clean,kaggle,kaggle:1426,0,0
distilbert,loco_clean,kaggle,kaggle:1557,0,0
distilbert,loco_clean,kaggle,kaggle:156,0,0
distilbert,loco_clean,kaggle,kaggle:2570,0,0
distilbert,loco_clean,kaggle,kaggle:622,0,0
distilbert,loco_clean,kaggle,kaggle:3708,0,0
distilbert,loco_clean,kaggle,kaggle:5804,0,0
distilbert,loco_clean,kaggle,kaggle:1740,0,0
distilbert,loco_clean,kaggle,kaggle:1805,0,0
distilbert,loco_clean,kaggle,kaggle:6035,0,1
distilbert,loco_clean,kaggle,kaggle:208,0,0
distilbert,loco_clean,kaggle,kaggle:5913,0,0
distilbert,loco_clean,kaggle,kaggle:2988,0,0
distilbert,loco_clean,kaggle,kaggle:6157,0,0
distilbert,loco_clean,kaggle,kaggle:230,0,0
distilbert,loco_clean,kaggle,kaggle:2226,0,0
distilbert,loco_clean,kaggle,kaggle:3089,0,0
distilbert,loco_clean,kaggle,kaggle:4513,0,0
distilbert,loco_clean,kaggle,kaggle:1315,0,0
distilbert,loco_clean,kaggle,kaggle:5790,0,0
distilbert,loco_clean,kaggle,kaggle:2306,0,0
distilbert,loco_clean,kaggle,kaggle:1488,0,0
distilbert,loco_clean,kaggle,kaggle:5944,0,0
distilbert,loco_clean,kaggle,kaggle:3045,0,0
distilbert,loco_clean,kaggle,kaggle:1926,0,0
distilbert,loco_clean,kaggle,kaggle:3203,0,0
distilbert,loco_clean,kaggle,kaggle:5659,0,1
distilbert,loco_clean,kaggle,kaggle:2821,0,0
distilbert,loco_clean,kaggle,kaggle:4385,0,0
distilbert,loco_clean,kaggle,kaggle:3018,0,0
distilbert,loco_clean,kaggle,kaggle:4810,0,0
distilbert,loco_clean,kaggle,kaggle:1902,0,1
distilbert,loco_clean,kaggle,kaggle:4464,0,0
distilbert,loco_clean,kaggle,kaggle:3560,0,0
distilbert,loco_clean,kaggle,kaggle:5899,0,0
distilbert,loco_clean,kaggle,kaggle:2344,0,0
distilbert,loco_clean,kaggle,kaggle:538,0,0
distilbert,loco_clean,kaggle,kaggle:3413,0,0
distilbert,loco_clean,kaggle,kaggle:2002,0,0
distilbert,loco_clean,kaggle,kaggle:4715,0,0
distilbert,loco_clean,kaggle,kaggle:6047,0,0
distilbert,loco_clean,kaggle,kaggle:2862,0,0
distilbert,loco_clean,kaggle,kaggle:1919,0,0
distilbert,loco_clean,kaggle,kaggle:5494,0,0
distilbert,loco_clean,kaggle,kaggle:1039,0,0
distilbert,loco_clean,kaggle,kaggle:2611,0,1
distilbert,loco_clean,kaggle,kaggle:6165,0,1
distilbert,loco_clean,kaggle,kaggle:1718,0,0
distilbert,loco_clean,kaggle,kaggle:3896,0,1
distilbert,loco_clean,kaggle,kaggle:3547,0,0
distilbert,loco_clean,kaggle,kaggle:1859,0,0
distilbert,loco_clean,kaggle,kaggle:324,0,0
distilbert,loco_clean,kaggle,kaggle:3841,0,0
distilbert,loco_clean,kaggle,kaggle:5856,0,0
distilbert,loco_clean,kaggle,kaggle:132,0,0
distilbert,loco_clean,kaggle,kaggle:3169,0,1
distilbert,loco_clean,kaggle,kaggle:1057,0,0
distilbert,loco_clean,kaggle,kaggle:4461,0,0
distilbert,loco_clean,kaggle,kaggle:812,0,0
distilbert,loco_clean,kaggle,kaggle:3618,0,0
distilbert,loco_clean,kaggle,kaggle:3076,0,0
distilbert,loco_clean,kaggle,kaggle:1881,0,0
distilbert,loco_clean,kaggle,kaggle:5825,0,0
distilbert,loco_clean,kaggle,kaggle:1869,0,0
distilbert,loco_clean,kaggle,kaggle:4095,0,0
distilbert,loco_clean,kaggle,kaggle:318,0,0
distilbert,loco_clean,kaggle,kaggle:80,0,0
distilbert,loco_clean,kaggle,kaggle:5943,0,0
distilbert,loco_clean,kaggle,kaggle:730,0,0
distilbert,loco_clean,kaggle,kaggle:2828,0,0
distilbert,loco_clean,kaggle,kaggle:2812,0,0
distilbert,loco_clean,kaggle,kaggle:3165,0,0
distilbert,loco_clean,kaggle,kaggle:6072,0,0
distilbert,loco_clean,kaggle,kaggle:4280,0,0
distilbert,loco_clean,kaggle,kaggle:4352,0,0
distilbert,loco_clean,kaggle,kaggle:4279,0,0
distilbert,loco_clean,kaggle,kaggle:6023,0,0
distilbert,loco_clean,kaggle,kaggle:1047,0,0
distilbert,loco_clean,kaggle,kaggle:2815,0,0
distilbert,loco_clean,kaggle,kaggle:706,0,0
distilbert,loco_clean,kaggle,kaggle:4537,0,0
distilbert,loco_clean,kaggle,kaggle:2298,0,1
distilbert,loco_clean,kaggle,kaggle:3801,0,0
distilbert,loco_clean,kaggle,kaggle:4623,0,0
distilbert,loco_clean,kaggle,kaggle:6038,0,0
distilbert,loco_clean,kaggle,kaggle:3063,0,0
distilbert,loco_clean,kaggle,kaggle:6137,0,0
distilbert,loco_clean,kaggle,kaggle:3886,0,0
distilbert,loco_clean,kaggle,kaggle:5745,0,0
distilbert,loco_clean,kaggle,kaggle:893,0,0
distilbert,loco_clean,kaggle,kaggle:534,0,0
distilbert,loco_clean,kaggle,kaggle:5869,0,0
distilbert,loco_clean,kaggle,kaggle:2412,0,0
distilbert,loco_clean,kaggle,kaggle:5472,0,0
distilbert,loco_clean,kaggle,kaggle:4410,0,0
distilbert,loco_clean,kaggle,kaggle:4770,0,0
distilbert,loco_clean,kaggle,kaggle:800,0,0
distilbert,loco_clean,kaggle,kaggle:3405,0,0
distilbert,loco_clean,kaggle,kaggle:5389,0,0
distilbert,loco_clean,kaggle,kaggle:4224,0,0
distilbert,loco_clean,kaggle,kaggle:683,0,0
distilbert,loco_clean,kaggle,kaggle:1669,0,0
distilbert,loco_clean,kaggle,kaggle:5993,0,0
distilbert,loco_clean,kaggle,kaggle:198,0,1
distilbert,loco_clean,kaggle,kaggle:88,0,0
distilbert,loco_clean,kaggle,kaggle:736,0,0
distilbert,loco_clean,kaggle,kaggle:1144,0,0
distilbert,loco_clean,kaggle,kaggle:3125,0,1
distilbert,loco_clean,kaggle,kaggle:6085,0,0
distilbert,loco_clean,kaggle,kaggle:3617,0,0
distilbert,loco_clean,kaggle,kaggle:3732,0,0
distilbert,loco_clean,kaggle,kaggle:3334,0,0
distilbert,loco_clean,kaggle,kaggle:2882,0,0
distilbert,loco_clean,kaggle,kaggle:3308,0,0
distilbert,loco_clean,kaggle,kaggle:3891,0,0
distilbert,loco_clean,kaggle,kaggle:506,0,0
distilbert,loco_clean,kaggle,kaggle:5141,0,0
distilbert,loco_clean,ephishllm,ephishllm:6684,1,1
distilbert,loco_clean,ephishllm,ephishllm:5664,1,0
distilbert,loco_clean,ephishllm,ephishllm:9218,1,0
distilbert,loco_clean,ephishllm,ephishllm:9766,1,1
distilbert,loco_clean,ephishllm,ephishllm:6382,1,0
distilbert,loco_clean,ephishllm,ephishllm:8505,1,1
distilbert,loco_clean,ephishllm,ephishllm:5680,1,0
distilbert,loco_clean,ephishllm,ephishllm:6079,1,1
distilbert,loco_clean,ephishllm,ephishllm:5955,1,0
distilbert,loco_clean,ephishllm,ephishllm:5931,1,0
distilbert,loco_clean,ephishllm,ephishllm:9645,1,0
distilbert,loco_clean,ephishllm,ephishllm:5340,1,0
distilbert,loco_clean,ephishllm,ephishllm:9153,1,0
distilbert,loco_clean,ephishllm,ephishllm:8344,1,0
distilbert,loco_clean,ephishllm,ephishllm:6523,1,0
distilbert,loco_clean,ephishllm,ephishllm:8949,1,1
distilbert,loco_clean,ephishllm,ephishllm:6108,1,0
distilbert,loco_clean,ephishllm,ephishllm:7519,1,1
distilbert,loco_clean,ephishllm,ephishllm:4810,1,0
distilbert,loco_clean,ephishllm,ephishllm:8748,1,0
distilbert,loco_clean,ephishllm,ephishllm:8977,1,1
distilbert,loco_clean,ephishllm,ephishllm:7016,1,1
distilbert,loco_clean,ephishllm,ephishllm:5317,1,0
distilbert,loco_clean,ephishllm,ephishllm:7243,1,0
distilbert,loco_clean,ephishllm,ephishllm:9135,1,0
distilbert,loco_clean,ephishllm,ephishllm:6656,1,0
distilbert,loco_clean,ephishllm,ephishllm:8379,1,0
distilbert,loco_clean,ephishllm,ephishllm:5468,1,1
distilbert,loco_clean,ephishllm,ephishllm:4955,1,1
distilbert,loco_clean,ephishllm,ephishllm:5120,1,0
distilbert,loco_clean,ephishllm,ephishllm:8330,1,1
distilbert,loco_clean,ephishllm,ephishllm:8220,1,0
distilbert,loco_clean,ephishllm,ephishllm:8769,1,0
distilbert,loco_clean,ephishllm,ephishllm:8792,1,0
distilbert,loco_clean,ephishllm,ephishllm:8258,1,0
distilbert,loco_clean,ephishllm,ephishllm:8568,1,0
distilbert,loco_clean,ephishllm,ephishllm:7742,1,0
distilbert,loco_clean,ephishllm,ephishllm:5160,1,1
distilbert,loco_clean,ephishllm,ephishllm:5683,1,0
distilbert,loco_clean,ephishllm,ephishllm:7012,1,1
distilbert,loco_clean,ephishllm,ephishllm:8357,1,0
distilbert,loco_clean,ephishllm,ephishllm:9538,1,0
distilbert,loco_clean,ephishllm,ephishllm:9230,1,0
distilbert,loco_clean,ephishllm,ephishllm:5873,1,0
distilbert,loco_clean,ephishllm,ephishllm:5587,1,0
distilbert,loco_clean,ephishllm,ephishllm:5292,1,0
distilbert,loco_clean,ephishllm,ephishllm:6278,1,0
distilbert,loco_clean,ephishllm,ephishllm:6007,1,0
distilbert,loco_clean,ephishllm,ephishllm:5278,1,0
distilbert,loco_clean,ephishllm,ephishllm:8831,1,1
distilbert,loco_clean,ephishllm,ephishllm:7772,1,1
distilbert,loco_clean,ephishllm,ephishllm:9809,1,0
distilbert,loco_clean,ephishllm,ephishllm:4866,1,0
distilbert,loco_clean,ephishllm,ephishllm:5498,1,0
distilbert,loco_clean,ephishllm,ephishllm:6219,1,1
distilbert,loco_clean,ephishllm,ephishllm:5413,1,1
distilbert,loco_clean,ephishllm,ephishllm:6647,1,0
distilbert,loco_clean,ephishllm,ephishllm:8120,1,0
distilbert,loco_clean,ephishllm,ephishllm:7020,1,0
distilbert,loco_clean,ephishllm,ephishllm:9305,1,0
distilbert,loco_clean,ephishllm,ephishllm:6351,1,1
distilbert,loco_clean,ephishllm,ephishllm:5203,1,0
distilbert,loco_clean,ephishllm,ephishllm:9859,1,0
distilbert,loco_clean,ephishllm,ephishllm:7768,1,0
distilbert,loco_clean,ephishllm,ephishllm:5821,1,1
distilbert,loco_clean,ephishllm,ephishllm:8892,1,0
distilbert,loco_clean,ephishllm,ephishllm:8032,1,1
distilbert,loco_clean,ephishllm,ephishllm:8824,1,1
distilbert,loco_clean,ephishllm,ephishllm:9912,1,0
distilbert,loco_clean,ephishllm,ephishllm:5698,1,0
distilbert,loco_clean,ephishllm,ephishllm:5574,1,0
distilbert,loco_clean,ephishllm,ephishllm:6620,1,0
distilbert,loco_clean,ephishllm,ephishllm:9360,1,1
distilbert,loco_clean,ephishllm,ephishllm:7029,1,0
distilbert,loco_clean,ephishllm,ephishllm:8170,1,0
distilbert,loco_clean,ephishllm,ephishllm:8094,1,0
distilbert,loco_clean,ephishllm,ephishllm:5027,1,0
distilbert,loco_clean,ephishllm,ephishllm:8992,1,0
distilbert,loco_clean,ephishllm,ephishllm:6959,1,0
distilbert,loco_clean,ephishllm,ephishllm:5411,1,1
distilbert,loco_clean,ephishllm,ephishllm:5014,1,0
distilbert,loco_clean,ephishllm,ephishllm:7101,1,0
distilbert,loco_clean,ephishllm,ephishllm:6997,1,0
distilbert,loco_clean,ephishllm,ephishllm:7015,1,0
distilbert,loco_clean,ephishllm,ephishllm:7156,1,0
distilbert,loco_clean,ephishllm,ephishllm:4938,1,0
distilbert,loco_clean,ephishllm,ephishllm:9921,1,0
distilbert,loco_clean,ephishllm,ephishllm:6403,1,0
distilbert,loco_clean,ephishllm,ephishllm:8221,1,1
distilbert,loco_clean,ephishllm,ephishllm:6456,1,1
distilbert,loco_clean,ephishllm,ephishllm:9658,1,1
distilbert,loco_clean,ephishllm,ephishllm:5373,1,1
distilbert,loco_clean,ephishllm,ephishllm:8703,1,0
distilbert,loco_clean,ephishllm,ephishllm:5739,1,0
distilbert,loco_clean,ephishllm,ephishllm:7599,1,0
distilbert,loco_clean,ephishllm,ephishllm:6258,1,1
distilbert,loco_clean,ephishllm,ephishllm:8747,1,0
distilbert,loco_clean,ephishllm,ephishllm:7832,1,0
distilbert,loco_clean,ephishllm,ephishllm:6416,1,1
distilbert,loco_clean,ephishllm,ephishllm:6721,1,1
distilbert,loco_clean,ephishllm,ephishllm:6492,1,1
distilbert,loco_clean,ephishllm,ephishllm:7567,1,0
distilbert,loco_clean,ephishllm,ephishllm:6214,1,1
distilbert,loco_clean,ephishllm,ephishllm:4919,1,0
distilbert,loco_clean,ephishllm,ephishllm:8438,1,0
distilbert,loco_clean,ephishllm,ephishllm:9232,1,1
distilbert,loco_clean,ephishllm,ephishllm:7292,1,0
distilbert,loco_clean,ephishllm,ephishllm:7741,1,1
distilbert,loco_clean,ephishllm,ephishllm:5904,1,1
distilbert,loco_clean,ephishllm,ephishllm:7702,1,0
distilbert,loco_clean,ephishllm,ephishllm:5066,1,1
distilbert,loco_clean,ephishllm,ephishllm:8393,1,1
distilbert,loco_clean,ephishllm,ephishllm:6421,1,1
distilbert,loco_clean,ephishllm,ephishllm:6059,1,1
distilbert,loco_clean,ephishllm,ephishllm:4816,1,0
distilbert,loco_clean,ephishllm,ephishllm:4852,1,0
distilbert,loco_clean,ephishllm,ephishllm:7201,1,1
distilbert,loco_clean,ephishllm,ephishllm:7887,1,1
distilbert,loco_clean,ephishllm,ephishllm:5288,1,0
distilbert,loco_clean,ephishllm,ephishllm:6566,1,1
distilbert,loco_clean,ephishllm,ephishllm:9710,1,1
distilbert,loco_clean,ephishllm,ephishllm:9884,1,1
distilbert,loco_clean,ephishllm,ephishllm:6370,1,0
distilbert,loco_clean,ephishllm,ephishllm:5936,1,0
distilbert,loco_clean,ephishllm,ephishllm:6898,1,1
distilbert,loco_clean,ephishllm,ephishllm:5718,1,1
distilbert,loco_clean,ephishllm,ephishllm:6367,1,0
distilbert,loco_clean,ephishllm,ephishllm:5213,1,0
distilbert,loco_clean,ephishllm,ephishllm:9966,1,1
distilbert,loco_clean,ephishllm,ephishllm:5550,1,0
distilbert,loco_clean,ephishllm,ephishllm:5259,1,0
distilbert,loco_clean,ephishllm,ephishllm:6618,1,0
distilbert,loco_clean,ephishllm,ephishllm:5440,1,0
distilbert,loco_clean,ephishllm,ephishllm:5331,1,0
distilbert,loco_clean,ephishllm,ephishllm:5376,1,1
distilbert,loco_clean,ephishllm,ephishllm:9257,1,0
distilbert,loco_clean,ephishllm,ephishllm:8451,1,1
distilbert,loco_clean,ephishllm,ephishllm:6002,1,1
distilbert,loco_clean,ephishllm,ephishllm:7299,1,0
distilbert,loco_clean,ephishllm,ephishllm:5284,1,1
distilbert,loco_clean,ephishllm,ephishllm:7673,1,1
distilbert,loco_clean,ephishllm,ephishllm:8759,1,0
distilbert,loco_clean,ephishllm,ephishllm:8807,1,0
distilbert,loco_clean,ephishllm,ephishllm:4820,1,0
distilbert,loco_clean,ephishllm,ephishllm:5552,1,1
distilbert,loco_clean,ephishllm,ephishllm:6944,1,1
distilbert,loco_clean,ephishllm,ephishllm:6011,1,1
distilbert,loco_clean,ephishllm,ephishllm:8193,1,0
distilbert,loco_clean,ephishllm,ephishllm:7877,1,0
distilbert,loco_clean,ephishllm,ephishllm:5694,1,0
distilbert,loco_clean,ephishllm,ephishllm:561,0,0
distilbert,loco_clean,ephishllm,ephishllm:893,0,0
distilbert,loco_clean,ephishllm,ephishllm:1684,0,0
distilbert,loco_clean,ephishllm,ephishllm:705,0,0
distilbert,loco_clean,ephishllm,ephishllm:1873,0,0
distilbert,loco_clean,ephishllm,ephishllm:4705,0,0
distilbert,loco_clean,ephishllm,ephishllm:3015,0,0
distilbert,loco_clean,ephishllm,ephishllm:3734,0,0
distilbert,loco_clean,ephishllm,ephishllm:733,0,0
distilbert,loco_clean,ephishllm,ephishllm:33,0,1
distilbert,loco_clean,ephishllm,ephishllm:1322,0,0
distilbert,loco_clean,ephishllm,ephishllm:3570,0,0
distilbert,loco_clean,ephishllm,ephishllm:1756,0,0
distilbert,loco_clean,ephishllm,ephishllm:2922,0,0
distilbert,loco_clean,ephishllm,ephishllm:2540,0,0
distilbert,loco_clean,ephishllm,ephishllm:1374,0,1
distilbert,loco_clean,ephishllm,ephishllm:2628,0,0
distilbert,loco_clean,ephishllm,ephishllm:598,0,0
distilbert,loco_clean,ephishllm,ephishllm:179,0,0
distilbert,loco_clean,ephishllm,ephishllm:1261,0,0
distilbert,loco_clean,ephishllm,ephishllm:4258,0,0
distilbert,loco_clean,ephishllm,ephishllm:3919,0,0
distilbert,loco_clean,ephishllm,ephishllm:3265,0,0
distilbert,loco_clean,ephishllm,ephishllm:2809,0,0
distilbert,loco_clean,ephishllm,ephishllm:3423,0,0
distilbert,loco_clean,ephishllm,ephishllm:538,0,0
distilbert,loco_clean,ephishllm,ephishllm:1505,0,0
distilbert,loco_clean,ephishllm,ephishllm:4469,0,0
distilbert,loco_clean,ephishllm,ephishllm:3483,0,0
distilbert,loco_clean,ephishllm,ephishllm:831,0,1
distilbert,loco_clean,ephishllm,ephishllm:79,0,0
distilbert,loco_clean,ephishllm,ephishllm:429,0,0
distilbert,loco_clean,ephishllm,ephishllm:2570,0,0
distilbert,loco_clean,ephishllm,ephishllm:1842,0,0
distilbert,loco_clean,ephishllm,ephishllm:3764,0,0
distilbert,loco_clean,ephishllm,ephishllm:765,0,0
distilbert,loco_clean,ephishllm,ephishllm:1135,0,0
distilbert,loco_clean,ephishllm,ephishllm:1972,0,0
distilbert,loco_clean,ephishllm,ephishllm:1056,0,0
distilbert,loco_clean,ephishllm,ephishllm:1421,0,1
distilbert,loco_clean,ephishllm,ephishllm:501,0,0
distilbert,loco_clean,ephishllm,ephishllm:227,0,0
distilbert,loco_clean,ephishllm,ephishllm:2596,0,0
distilbert,loco_clean,ephishllm,ephishllm:4691,0,0
distilbert,loco_clean,ephishllm,ephishllm:1551,0,0
distilbert,loco_clean,ephishllm,ephishllm:4244,0,1
distilbert,loco_clean,ephishllm,ephishllm:1351,0,0
distilbert,loco_clean,ephishllm,ephishllm:1144,0,0
distilbert,loco_clean,ephishllm,ephishllm:2526,0,0
distilbert,loco_clean,ephishllm,ephishllm:4182,0,0
distilbert,loco_clean,ephishllm,ephishllm:1973,0,0
distilbert,loco_clean,ephishllm,ephishllm:1831,0,1
distilbert,loco_clean,ephishllm,ephishllm:3631,0,0
distilbert,loco_clean,ephishllm,ephishllm:8,0,0
distilbert,loco_clean,ephishllm,ephishllm:23,0,0
distilbert,loco_clean,ephishllm,ephishllm:764,0,0
distilbert,loco_clean,ephishllm,ephishllm:3123,0,0
distilbert,loco_clean,ephishllm,ephishllm:859,0,0
distilbert,loco_clean,ephishllm,ephishllm:742,0,0
distilbert,loco_clean,ephishllm,ephishllm:4151,0,0
distilbert,loco_clean,ephishllm,ephishllm:1437,0,0
distilbert,loco_clean,ephishllm,ephishllm:4239,0,0
distilbert,loco_clean,ephishllm,ephishllm:322,0,0
distilbert,loco_clean,ephishllm,ephishllm:4637,0,0
distilbert,loco_clean,ephishllm,ephishllm:2899,0,0
distilbert,loco_clean,ephishllm,ephishllm:4112,0,1
distilbert,loco_clean,ephishllm,ephishllm:577,0,0
distilbert,loco_clean,ephishllm,ephishllm:3392,0,0
distilbert,loco_clean,ephishllm,ephishllm:670,0,0
distilbert,loco_clean,ephishllm,ephishllm:1027,0,0
distilbert,loco_clean,ephishllm,ephishllm:1522,0,0
distilbert,loco_clean,ephishllm,ephishllm:2341,0,0
distilbert,loco_clean,ephishllm,ephishllm:1024,0,1
distilbert,loco_clean,ephishllm,ephishllm:4597,0,0
distilbert,loco_clean,ephishllm,ephishllm:3990,0,0
distilbert,loco_clean,ephishllm,ephishllm:1812,0,0
distilbert,loco_clean,ephishllm,ephishllm:964,0,0
distilbert,loco_clean,ephishllm,ephishllm:1665,0,0
distilbert,loco_clean,ephishllm,ephishllm:3657,0,0
distilbert,loco_clean,ephishllm,ephishllm:3081,0,0
distilbert,loco_clean,ephishllm,ephishllm:4152,0,0
distilbert,loco_clean,ephishllm,ephishllm:491,0,0
distilbert,loco_clean,ephishllm,ephishllm:534,0,0
distilbert,loco_clean,ephishllm,ephishllm:2236,0,0
distilbert,loco_clean,ephishllm,ephishllm:4374,0,0
distilbert,loco_clean,ephishllm,ephishllm:65,0,0
distilbert,loco_clean,ephishllm,ephishllm:4372,0,0
distilbert,loco_clean,ephishllm,ephishllm:2672,0,0
distilbert,loco_clean,ephishllm,ephishllm:763,0,0
distilbert,loco_clean,ephishllm,ephishllm:1694,0,0
distilbert,loco_clean,ephishllm,ephishllm:3751,0,0
distilbert,loco_clean,ephishllm,ephishllm:4752,0,0
distilbert,loco_clean,ephishllm,ephishllm:4261,0,0
distilbert,loco_clean,ephishllm,ephishllm:1718,0,1
distilbert,loco_clean,ephishllm,ephishllm:199,0,0
distilbert,loco_clean,ephishllm,ephishllm:3539,0,1
distilbert,loco_clean,ephishllm,ephishllm:1614,0,0
distilbert,loco_clean,ephishllm,ephishllm:2267,0,0
distilbert,loco_clean,ephishllm,ephishllm:1610,0,0
distilbert,loco_clean,ephishllm,ephishllm:3559,0,0
distilbert,loco_clean,ephishllm,ephishllm:1728,0,0
distilbert,loco_clean,ephishllm,ephishllm:1514,0,0
distilbert,loco_clean,ephishllm,ephishllm:4317,0,0
distilbert,loco_clean,ephishllm,ephishllm:3633,0,0
distilbert,loco_clean,ephishllm,ephishllm:3722,0,0
distilbert,loco_clean,ephishllm,ephishllm:1784,0,1
distilbert,loco_clean,ephishllm,ephishllm:3725,0,0
distilbert,loco_clean,ephishllm,ephishllm:1438,0,0
distilbert,loco_clean,ephishllm,ephishllm:3741,0,0
distilbert,loco_clean,ephishllm,ephishllm:4750,0,0
distilbert,loco_clean,ephishllm,ephishllm:3583,0,0
distilbert,loco_clean,ephishllm,ephishllm:3066,0,0
distilbert,loco_clean,ephishllm,ephishllm:879,0,0
distilbert,loco_clean,ephishllm,ephishllm:3352,0,0
distilbert,loco_clean,ephishllm,ephishllm:287,0,0
distilbert,loco_clean,ephishllm,ephishllm:1391,0,1
distilbert,loco_clean,ephishllm,ephishllm:4227,0,1
distilbert,loco_clean,ephishllm,ephishllm:915,0,0
distilbert,loco_clean,ephishllm,ephishllm:2348,0,0
distilbert,loco_clean,ephishllm,ephishllm:3669,0,0
distilbert,loco_clean,ephishllm,ephishllm:4256,0,1
distilbert,loco_clean,ephishllm,ephishllm:969,0,0
distilbert,loco_clean,ephishllm,ephishllm:2406,0,1
distilbert,loco_clean,ephishllm,ephishllm:3688,0,0
distilbert,loco_clean,ephishllm,ephishllm:584,0,0
distilbert,loco_clean,ephishllm,ephishllm:144,0,0
distilbert,loco_clean,ephishllm,ephishllm:3683,0,0
distilbert,loco_clean,ephishllm,ephishllm:290,0,0
distilbert,loco_clean,ephishllm,ephishllm:1047,0,0
distilbert,loco_clean,ephishllm,ephishllm:4694,0,0
distilbert,loco_clean,ephishllm,ephishllm:841,0,0
distilbert,loco_clean,ephishllm,ephishllm:4214,0,0
distilbert,loco_clean,ephishllm,ephishllm:4403,0,0
distilbert,loco_clean,ephishllm,ephishllm:2897,0,0
distilbert,loco_clean,ephishllm,ephishllm:4083,0,0
distilbert,loco_clean,ephishllm,ephishllm:4753,0,0
distilbert,loco_clean,ephishllm,ephishllm:1532,0,1
distilbert,loco_clean,ephishllm,ephishllm:721,0,0
distilbert,loco_clean,ephishllm,ephishllm:4294,0,1
distilbert,loco_clean,ephishllm,ephishllm:132,0,0
distilbert,loco_clean,ephishllm,ephishllm:2803,0,0
distilbert,loco_clean,ephishllm,ephishllm:838,0,1
distilbert,loco_clean,ephishllm,ephishllm:677,0,0
distilbert,loco_clean,ephishllm,ephishllm:3852,0,0
distilbert,loco_clean,ephishllm,ephishllm:3792,0,0
distilbert,loco_clean,ephishllm,ephishllm:2650,0,0
distilbert,loco_clean,ephishllm,ephishllm:296,0,0
distilbert,loco_clean,ephishllm,ephishllm:3441,0,0
distilbert,loco_clean,ephishllm,ephishllm:2361,0,0
distilbert,loco_clean,ephishllm,ephishllm:4422,0,0
distilbert,in_corpus,ceas08,ceas08:8116,1,1
distilbert,in_corpus,ceas08,ceas08:7953,1,1
distilbert,in_corpus,ceas08,ceas08:5150,1,1
distilbert,in_corpus,ceas08,ceas08:7796,1,1
distilbert,in_corpus,ceas08,ceas08:4894,1,1
distilbert,in_corpus,ceas08,ceas08:9838,1,1
distilbert,in_corpus,ceas08,ceas08:8788,1,1
distilbert,in_corpus,ceas08,ceas08:8667,1,1
distilbert,in_corpus,ceas08,ceas08:9868,1,1
distilbert,in_corpus,ceas08,ceas08:9735,1,1
distilbert,in_corpus,ceas08,ceas08:6658,1,1
distilbert,in_corpus,ceas08,ceas08:7999,1,1
distilbert,in_corpus,ceas08,ceas08:8805,1,1
distilbert,in_corpus,ceas08,ceas08:7742,1,1
distilbert,in_corpus,ceas08,ceas08:9321,1,1
distilbert,in_corpus,ceas08,ceas08:4722,1,1
distilbert,in_corpus,ceas08,ceas08:4879,1,1
distilbert,in_corpus,ceas08,ceas08:9306,1,1
distilbert,in_corpus,ceas08,ceas08:6460,1,0
distilbert,in_corpus,ceas08,ceas08:8713,1,1
distilbert,in_corpus,ceas08,ceas08:5031,1,1
distilbert,in_corpus,ceas08,ceas08:6041,1,1
distilbert,in_corpus,ceas08,ceas08:9595,1,1
distilbert,in_corpus,ceas08,ceas08:9081,1,1
distilbert,in_corpus,ceas08,ceas08:7180,1,1
distilbert,in_corpus,ceas08,ceas08:7153,1,1
distilbert,in_corpus,ceas08,ceas08:8721,1,1
distilbert,in_corpus,ceas08,ceas08:8319,1,1
distilbert,in_corpus,ceas08,ceas08:6985,1,1
distilbert,in_corpus,ceas08,ceas08:5156,1,1
distilbert,in_corpus,ceas08,ceas08:4759,1,1
distilbert,in_corpus,ceas08,ceas08:7235,1,1
distilbert,in_corpus,ceas08,ceas08:4716,1,1
distilbert,in_corpus,ceas08,ceas08:9464,1,1
distilbert,in_corpus,ceas08,ceas08:5173,1,1
distilbert,in_corpus,ceas08,ceas08:5333,1,1
distilbert,in_corpus,ceas08,ceas08:7506,1,1
distilbert,in_corpus,ceas08,ceas08:5589,1,1
distilbert,in_corpus,ceas08,ceas08:9016,1,1
distilbert,in_corpus,ceas08,ceas08:5523,1,1
distilbert,in_corpus,ceas08,ceas08:8978,1,1
distilbert,in_corpus,ceas08,ceas08:5451,1,1
distilbert,in_corpus,ceas08,ceas08:6120,1,1
distilbert,in_corpus,ceas08,ceas08:9221,1,1
distilbert,in_corpus,ceas08,ceas08:7814,1,1
distilbert,in_corpus,ceas08,ceas08:9456,1,1
distilbert,in_corpus,ceas08,ceas08:6942,1,1
distilbert,in_corpus,ceas08,ceas08:6043,1,1
distilbert,in_corpus,ceas08,ceas08:5107,1,1
distilbert,in_corpus,ceas08,ceas08:7966,1,1
distilbert,in_corpus,ceas08,ceas08:6208,1,1
distilbert,in_corpus,ceas08,ceas08:9802,1,1
distilbert,in_corpus,ceas08,ceas08:8158,1,1
distilbert,in_corpus,ceas08,ceas08:4723,1,1
distilbert,in_corpus,ceas08,ceas08:8513,1,1
distilbert,in_corpus,ceas08,ceas08:5520,1,1
distilbert,in_corpus,ceas08,ceas08:7516,1,1
distilbert,in_corpus,ceas08,ceas08:4449,1,1
distilbert,in_corpus,ceas08,ceas08:6735,1,1
distilbert,in_corpus,ceas08,ceas08:8793,1,1
distilbert,in_corpus,ceas08,ceas08:8096,1,1
distilbert,in_corpus,ceas08,ceas08:6158,1,1
distilbert,in_corpus,ceas08,ceas08:7745,1,1
distilbert,in_corpus,ceas08,ceas08:8207,1,1
distilbert,in_corpus,ceas08,ceas08:7695,1,1
distilbert,in_corpus,ceas08,ceas08:5235,1,1
distilbert,in_corpus,ceas08,ceas08:9665,1,1
distilbert,in_corpus,ceas08,ceas08:5970,1,1
distilbert,in_corpus,ceas08,ceas08:4964,1,1
distilbert,in_corpus,ceas08,ceas08:5625,1,1
distilbert,in_corpus,ceas08,ceas08:4956,1,1
distilbert,in_corpus,ceas08,ceas08:8072,1,1
distilbert,in_corpus,ceas08,ceas08:4505,1,1
distilbert,in_corpus,ceas08,ceas08:5464,1,1
distilbert,in_corpus,ceas08,ceas08:4848,1,1
distilbert,in_corpus,ceas08,ceas08:7830,1,1
distilbert,in_corpus,ceas08,ceas08:4593,1,1
distilbert,in_corpus,ceas08,ceas08:8807,1,1
distilbert,in_corpus,ceas08,ceas08:9136,1,1
distilbert,in_corpus,ceas08,ceas08:9683,1,1
distilbert,in_corpus,ceas08,ceas08:7500,1,0
distilbert,in_corpus,ceas08,ceas08:8489,1,1
distilbert,in_corpus,ceas08,ceas08:6006,1,1
distilbert,in_corpus,ceas08,ceas08:6755,1,1
distilbert,in_corpus,ceas08,ceas08:9635,1,1
distilbert,in_corpus,ceas08,ceas08:5837,1,1
distilbert,in_corpus,ceas08,ceas08:7533,1,1
distilbert,in_corpus,ceas08,ceas08:5352,1,1
distilbert,in_corpus,ceas08,ceas08:9759,1,1
distilbert,in_corpus,ceas08,ceas08:5687,1,1
distilbert,in_corpus,ceas08,ceas08:4434,1,1
distilbert,in_corpus,ceas08,ceas08:8588,1,1
distilbert,in_corpus,ceas08,ceas08:8692,1,1
distilbert,in_corpus,ceas08,ceas08:7154,1,1
distilbert,in_corpus,ceas08,ceas08:5965,1,1
distilbert,in_corpus,ceas08,ceas08:5863,1,1
distilbert,in_corpus,ceas08,ceas08:8743,1,1
distilbert,in_corpus,ceas08,ceas08:4750,1,1
distilbert,in_corpus,ceas08,ceas08:6890,1,1
distilbert,in_corpus,ceas08,ceas08:9201,1,1
distilbert,in_corpus,ceas08,ceas08:9194,1,1
distilbert,in_corpus,ceas08,ceas08:5893,1,1
distilbert,in_corpus,ceas08,ceas08:5547,1,1
distilbert,in_corpus,ceas08,ceas08:8759,1,1
distilbert,in_corpus,ceas08,ceas08:8200,1,1
distilbert,in_corpus,ceas08,ceas08:7096,1,1
distilbert,in_corpus,ceas08,ceas08:6996,1,1
distilbert,in_corpus,ceas08,ceas08:4459,1,1
distilbert,in_corpus,ceas08,ceas08:6685,1,1
distilbert,in_corpus,ceas08,ceas08:6239,1,1
distilbert,in_corpus,ceas08,ceas08:6636,1,1
distilbert,in_corpus,ceas08,ceas08:8421,1,1
distilbert,in_corpus,ceas08,ceas08:9244,1,1
distilbert,in_corpus,ceas08,ceas08:5959,1,1
distilbert,in_corpus,ceas08,ceas08:8528,1,1
distilbert,in_corpus,ceas08,ceas08:8722,1,1
distilbert,in_corpus,ceas08,ceas08:5458,1,1
distilbert,in_corpus,ceas08,ceas08:8965,1,1
distilbert,in_corpus,ceas08,ceas08:9862,1,1
distilbert,in_corpus,ceas08,ceas08:6815,1,1
distilbert,in_corpus,ceas08,ceas08:9396,1,1
distilbert,in_corpus,ceas08,ceas08:6756,1,1
distilbert,in_corpus,ceas08,ceas08:5527,1,1
distilbert,in_corpus,ceas08,ceas08:5602,1,1
distilbert,in_corpus,ceas08,ceas08:4852,1,1
distilbert,in_corpus,ceas08,ceas08:8073,1,1
distilbert,in_corpus,ceas08,ceas08:6450,1,1
distilbert,in_corpus,ceas08,ceas08:8600,1,1
distilbert,in_corpus,ceas08,ceas08:5924,1,1
distilbert,in_corpus,ceas08,ceas08:4799,1,1
distilbert,in_corpus,ceas08,ceas08:7857,1,1
distilbert,in_corpus,ceas08,ceas08:8683,1,1
distilbert,in_corpus,ceas08,ceas08:4827,1,1
distilbert,in_corpus,ceas08,ceas08:6205,1,1
distilbert,in_corpus,ceas08,ceas08:6655,1,1
distilbert,in_corpus,ceas08,ceas08:6907,1,1
distilbert,in_corpus,ceas08,ceas08:6154,1,1
distilbert,in_corpus,ceas08,ceas08:8390,1,1
distilbert,in_corpus,ceas08,ceas08:5238,1,1
distilbert,in_corpus,ceas08,ceas08:5601,1,1
distilbert,in_corpus,ceas08,ceas08:7388,1,1
distilbert,in_corpus,ceas08,ceas08:7380,1,1
distilbert,in_corpus,ceas08,ceas08:5395,1,1
distilbert,in_corpus,ceas08,ceas08:7022,1,1
distilbert,in_corpus,ceas08,ceas08:9007,1,1
distilbert,in_corpus,ceas08,ceas08:8964,1,1
distilbert,in_corpus,ceas08,ceas08:5015,1,1
distilbert,in_corpus,ceas08,ceas08:7890,1,1
distilbert,in_corpus,ceas08,ceas08:6214,1,1
distilbert,in_corpus,ceas08,ceas08:7037,1,1
distilbert,in_corpus,ceas08,ceas08:443,0,0
distilbert,in_corpus,ceas08,ceas08:2825,0,1
distilbert,in_corpus,ceas08,ceas08:2473,0,0
distilbert,in_corpus,ceas08,ceas08:2431,0,0
distilbert,in_corpus,ceas08,ceas08:318,0,0
distilbert,in_corpus,ceas08,ceas08:2540,0,0
distilbert,in_corpus,ceas08,ceas08:3328,0,0
distilbert,in_corpus,ceas08,ceas08:4120,0,0
distilbert,in_corpus,ceas08,ceas08:151,0,1
distilbert,in_corpus,ceas08,ceas08:3451,0,0
distilbert,in_corpus,ceas08,ceas08:4149,0,0
distilbert,in_corpus,ceas08,ceas08:3346,0,0
distilbert,in_corpus,ceas08,ceas08:3959,0,0
distilbert,in_corpus,ceas08,ceas08:1392,0,1
distilbert,in_corpus,ceas08,ceas08:4105,0,0
distilbert,in_corpus,ceas08,ceas08:1161,0,0
distilbert,in_corpus,ceas08,ceas08:2552,0,0
distilbert,in_corpus,ceas08,ceas08:764,0,0
distilbert,in_corpus,ceas08,ceas08:3921,0,0
distilbert,in_corpus,ceas08,ceas08:3728,0,0
distilbert,in_corpus,ceas08,ceas08:3316,0,0
distilbert,in_corpus,ceas08,ceas08:315,0,0
distilbert,in_corpus,ceas08,ceas08:2754,0,0
distilbert,in_corpus,ceas08,ceas08:2598,0,0
distilbert,in_corpus,ceas08,ceas08:1220,0,0
distilbert,in_corpus,ceas08,ceas08:1010,0,0
distilbert,in_corpus,ceas08,ceas08:2528,0,0
distilbert,in_corpus,ceas08,ceas08:4415,0,0
distilbert,in_corpus,ceas08,ceas08:3292,0,1
distilbert,in_corpus,ceas08,ceas08:179,0,0
distilbert,in_corpus,ceas08,ceas08:3930,0,1
distilbert,in_corpus,ceas08,ceas08:2260,0,0
distilbert,in_corpus,ceas08,ceas08:731,0,0
distilbert,in_corpus,ceas08,ceas08:51,0,0
distilbert,in_corpus,ceas08,ceas08:720,0,0
distilbert,in_corpus,ceas08,ceas08:584,0,0
distilbert,in_corpus,ceas08,ceas08:1501,0,0
distilbert,in_corpus,ceas08,ceas08:4055,0,0
distilbert,in_corpus,ceas08,ceas08:3062,0,0
distilbert,in_corpus,ceas08,ceas08:1413,0,0
distilbert,in_corpus,ceas08,ceas08:798,0,0
distilbert,in_corpus,ceas08,ceas08:4083,0,0
distilbert,in_corpus,ceas08,ceas08:842,0,1
distilbert,in_corpus,ceas08,ceas08:1192,0,0
distilbert,in_corpus,ceas08,ceas08:4248,0,0
distilbert,in_corpus,ceas08,ceas08:2357,0,0
distilbert,in_corpus,ceas08,ceas08:1157,0,0
distilbert,in_corpus,ceas08,ceas08:4396,0,0
distilbert,in_corpus,ceas08,ceas08:1780,0,0
distilbert,in_corpus,ceas08,ceas08:4285,0,0
distilbert,in_corpus,ceas08,ceas08:2325,0,0
distilbert,in_corpus,ceas08,ceas08:538,0,0
distilbert,in_corpus,ceas08,ceas08:4234,0,0
distilbert,in_corpus,ceas08,ceas08:4425,0,0
distilbert,in_corpus,ceas08,ceas08:134,0,0
distilbert,in_corpus,ceas08,ceas08:3720,0,0
distilbert,in_corpus,ceas08,ceas08:1051,0,1
distilbert,in_corpus,ceas08,ceas08:3076,0,0
distilbert,in_corpus,ceas08,ceas08:4411,0,0
distilbert,in_corpus,ceas08,ceas08:721,0,0
distilbert,in_corpus,ceas08,ceas08:2554,0,0
distilbert,in_corpus,ceas08,ceas08:2389,0,0
distilbert,in_corpus,ceas08,ceas08:2672,0,0
distilbert,in_corpus,ceas08,ceas08:2647,0,0
distilbert,in_corpus,ceas08,ceas08:297,0,0
distilbert,in_corpus,ceas08,ceas08:1103,0,0
distilbert,in_corpus,ceas08,ceas08:1803,0,0
distilbert,in_corpus,ceas08,ceas08:2297,0,0
distilbert,in_corpus,ceas08,ceas08:1600,0,1
distilbert,in_corpus,ceas08,ceas08:2314,0,0
distilbert,in_corpus,ceas08,ceas08:3390,0,0
distilbert,in_corpus,ceas08,ceas08:1361,0,0
distilbert,in_corpus,ceas08,ceas08:3227,0,0
distilbert,in_corpus,ceas08,ceas08:4216,0,0
distilbert,in_corpus,ceas08,ceas08:1200,0,0
distilbert,in_corpus,ceas08,ceas08:1698,0,0
distilbert,in_corpus,ceas08,ceas08:2646,0,0
distilbert,in_corpus,ceas08,ceas08:3563,0,0
distilbert,in_corpus,ceas08,ceas08:2798,0,0
distilbert,in_corpus,ceas08,ceas08:2939,0,0
distilbert,in_corpus,ceas08,ceas08:17,0,0
distilbert,in_corpus,ceas08,ceas08:551,0,0
distilbert,in_corpus,ceas08,ceas08:410,0,0
distilbert,in_corpus,ceas08,ceas08:2741,0,0
distilbert,in_corpus,ceas08,ceas08:1476,0,0
distilbert,in_corpus,ceas08,ceas08:2801,0,0
distilbert,in_corpus,ceas08,ceas08:530,0,1
distilbert,in_corpus,ceas08,ceas08:2131,0,0
distilbert,in_corpus,ceas08,ceas08:1784,0,0
distilbert,in_corpus,ceas08,ceas08:2863,0,0
distilbert,in_corpus,ceas08,ceas08:3999,0,0
distilbert,in_corpus,ceas08,ceas08:3540,0,0
distilbert,in_corpus,ceas08,ceas08:1237,0,0
distilbert,in_corpus,ceas08,ceas08:3462,0,0
distilbert,in_corpus,ceas08,ceas08:4336,0,0
distilbert,in_corpus,ceas08,ceas08:1146,0,0
distilbert,in_corpus,ceas08,ceas08:4080,0,0
distilbert,in_corpus,ceas08,ceas08:175,0,0
distilbert,in_corpus,ceas08,ceas08:4319,0,0
distilbert,in_corpus,ceas08,ceas08:3336,0,0
distilbert,in_corpus,ceas08,ceas08:2846,0,0
distilbert,in_corpus,ceas08,ceas08:2829,0,0
distilbert,in_corpus,ceas08,ceas08:3298,0,0
distilbert,in_corpus,ceas08,ceas08:3259,0,0
distilbert,in_corpus,ceas08,ceas08:3994,0,0
distilbert,in_corpus,ceas08,ceas08:555,0,0
distilbert,in_corpus,ceas08,ceas08:3998,0,0
distilbert,in_corpus,ceas08,ceas08:2121,0,0
distilbert,in_corpus,ceas08,ceas08:2171,0,0
distilbert,in_corpus,ceas08,ceas08:3812,0,0
distilbert,in_corpus,ceas08,ceas08:877,0,0
distilbert,in_corpus,ceas08,ceas08:3321,0,0
distilbert,in_corpus,ceas08,ceas08:3258,0,0
distilbert,in_corpus,ceas08,ceas08:3148,0,0
distilbert,in_corpus,ceas08,ceas08:1323,0,0
distilbert,in_corpus,ceas08,ceas08:3857,0,0
distilbert,in_corpus,ceas08,ceas08:602,0,0
distilbert,in_corpus,ceas08,ceas08:787,0,0
distilbert,in_corpus,ceas08,ceas08:2093,0,0
distilbert,in_corpus,ceas08,ceas08:3740,0,0
distilbert,in_corpus,ceas08,ceas08:1491,0,0
distilbert,in_corpus,ceas08,ceas08:1807,0,0
distilbert,in_corpus,ceas08,ceas08:93,0,0
distilbert,in_corpus,ceas08,ceas08:416,0,0
distilbert,in_corpus,ceas08,ceas08:4382,0,0
distilbert,in_corpus,ceas08,ceas08:843,0,0
distilbert,in_corpus,ceas08,ceas08:4050,0,0
distilbert,in_corpus,ceas08,ceas08:252,0,0
distilbert,in_corpus,ceas08,ceas08:2103,0,0
distilbert,in_corpus,ceas08,ceas08:2970,0,0
distilbert,in_corpus,ceas08,ceas08:1846,0,0
distilbert,in_corpus,ceas08,ceas08:668,0,0
distilbert,in_corpus,ceas08,ceas08:3410,0,0
distilbert,in_corpus,ceas08,ceas08:3652,0,0
distilbert,in_corpus,ceas08,ceas08:109,0,0
distilbert,in_corpus,ceas08,ceas08:4251,0,0
distilbert,in_corpus,ceas08,ceas08:1896,0,0
distilbert,in_corpus,ceas08,ceas08:2130,0,0
distilbert,in_corpus,ceas08,ceas08:1739,0,0
distilbert,in_corpus,ceas08,ceas08:2653,0,0
distilbert,in_corpus,ceas08,ceas08:1507,0,0
distilbert,in_corpus,ceas08,ceas08:120,0,0
distilbert,in_corpus,ceas08,ceas08:915,0,0
distilbert,in_corpus,ceas08,ceas08:1869,0,0
distilbert,in_corpus,ceas08,ceas08:4056,0,0
distilbert,in_corpus,ceas08,ceas08:1180,0,0
distilbert,in_corpus,ceas08,ceas08:626,0,0
distilbert,in_corpus,ceas08,ceas08:1991,0,0
distilbert,in_corpus,ceas08,ceas08:1293,0,0
distilbert,in_corpus,ceas08,ceas08:3609,0,0
distilbert,in_corpus,enron,enron:6861,1,1
distilbert,in_corpus,enron,enron:9711,1,1
distilbert,in_corpus,enron,enron:8157,1,1
distilbert,in_corpus,enron,enron:5895,1,1
distilbert,in_corpus,enron,enron:7650,1,1
distilbert,in_corpus,enron,enron:7524,1,1
distilbert,in_corpus,enron,enron:8586,1,1
distilbert,in_corpus,enron,enron:9435,1,1
distilbert,in_corpus,enron,enron:9382,1,1
distilbert,in_corpus,enron,enron:5665,1,1
distilbert,in_corpus,enron,enron:8777,1,1
distilbert,in_corpus,enron,enron:9233,1,1
distilbert,in_corpus,enron,enron:6153,1,1
distilbert,in_corpus,enron,enron:6475,1,1
distilbert,in_corpus,enron,enron:6533,1,1
distilbert,in_corpus,enron,enron:9867,1,1
distilbert,in_corpus,enron,enron:5909,1,1
distilbert,in_corpus,enron,enron:9592,1,1
distilbert,in_corpus,enron,enron:5872,1,1
distilbert,in_corpus,enron,enron:7623,1,1
distilbert,in_corpus,enron,enron:7216,1,1
distilbert,in_corpus,enron,enron:6016,1,1
distilbert,in_corpus,enron,enron:9757,1,1
distilbert,in_corpus,enron,enron:5633,1,1
distilbert,in_corpus,enron,enron:7627,1,1
distilbert,in_corpus,enron,enron:8990,1,1
distilbert,in_corpus,enron,enron:6520,1,1
distilbert,in_corpus,enron,enron:9845,1,1
distilbert,in_corpus,enron,enron:5344,1,1
distilbert,in_corpus,enron,enron:5779,1,1
distilbert,in_corpus,enron,enron:8648,1,1
distilbert,in_corpus,enron,enron:8009,1,1
distilbert,in_corpus,enron,enron:5979,1,1
distilbert,in_corpus,enron,enron:7192,1,1
distilbert,in_corpus,enron,enron:6352,1,1
distilbert,in_corpus,enron,enron:7218,1,1
distilbert,in_corpus,enron,enron:8972,1,1
distilbert,in_corpus,enron,enron:8874,1,1
distilbert,in_corpus,enron,enron:7171,1,1
distilbert,in_corpus,enron,enron:6358,1,1
distilbert,in_corpus,enron,enron:5797,1,1
distilbert,in_corpus,enron,enron:7991,1,1
distilbert,in_corpus,enron,enron:5698,1,1
distilbert,in_corpus,enron,enron:6321,1,1
distilbert,in_corpus,enron,enron:5841,1,1
distilbert,in_corpus,enron,enron:9276,1,1
distilbert,in_corpus,enron,enron:8279,1,1
distilbert,in_corpus,enron,enron:6747,1,1
distilbert,in_corpus,enron,enron:5334,1,1
distilbert,in_corpus,enron,enron:8560,1,1
distilbert,in_corpus,enron,enron:5607,1,1
distilbert,in_corpus,enron,enron:5661,1,1
distilbert,in_corpus,enron,enron:8290,1,1
distilbert,in_corpus,enron,enron:7353,1,1
distilbert,in_corpus,enron,enron:8524,1,1
distilbert,in_corpus,enron,enron:9090,1,1
distilbert,in_corpus,enron,enron:7248,1,1
distilbert,in_corpus,enron,enron:6515,1,1
distilbert,in_corpus,enron,enron:8248,1,1
distilbert,in_corpus,enron,enron:7902,1,1
distilbert,in_corpus,enron,enron:9787,1,1
distilbert,in_corpus,enron,enron:9365,1,1
distilbert,in_corpus,enron,enron:6204,1,1
distilbert,in_corpus,enron,enron:6491,1,1
distilbert,in_corpus,enron,enron:7814,1,1
distilbert,in_corpus,enron,enron:6255,1,1
distilbert,in_corpus,enron,enron:7008,1,1
distilbert,in_corpus,enron,enron:5812,1,1
distilbert,in_corpus,enron,enron:6723,1,1
distilbert,in_corpus,enron,enron:7881,1,1
distilbert,in_corpus,enron,enron:7541,1,1
distilbert,in_corpus,enron,enron:9006,1,1
distilbert,in_corpus,enron,enron:8661,1,1
distilbert,in_corpus,enron,enron:9928,1,1
distilbert,in_corpus,enron,enron:6503,1,1
distilbert,in_corpus,enron,enron:9350,1,1
distilbert,in_corpus,enron,enron:5626,1,1
distilbert,in_corpus,enron,enron:7232,1,1
distilbert,in_corpus,enron,enron:7905,1,1
distilbert,in_corpus,enron,enron:6823,1,1
distilbert,in_corpus,enron,enron:5510,1,1
distilbert,in_corpus,enron,enron:7886,1,0
distilbert,in_corpus,enron,enron:9491,1,1
distilbert,in_corpus,enron,enron:6139,1,1
distilbert,in_corpus,enron,enron:6673,1,1
distilbert,in_corpus,enron,enron:8416,1,1
distilbert,in_corpus,enron,enron:7215,1,1
distilbert,in_corpus,enron,enron:6581,1,1
distilbert,in_corpus,enron,enron:6981,1,1
distilbert,in_corpus,enron,enron:7551,1,1
distilbert,in_corpus,enron,enron:9454,1,1
distilbert,in_corpus,enron,enron:8620,1,1
distilbert,in_corpus,enron,enron:6718,1,1
distilbert,in_corpus,enron,enron:8627,1,1
distilbert,in_corpus,enron,enron:9217,1,1
distilbert,in_corpus,enron,enron:8503,1,1
distilbert,in_corpus,enron,enron:8868,1,1
distilbert,in_corpus,enron,enron:7014,1,1
distilbert,in_corpus,enron,enron:6813,1,1
distilbert,in_corpus,enron,enron:7913,1,1
distilbert,in_corpus,enron,enron:9455,1,1
distilbert,in_corpus,enron,enron:6335,1,1
distilbert,in_corpus,enron,enron:9641,1,1
distilbert,in_corpus,enron,enron:9554,1,1
distilbert,in_corpus,enron,enron:9967,1,1
distilbert,in_corpus,enron,enron:5608,1,1
distilbert,in_corpus,enron,enron:9392,1,1
distilbert,in_corpus,enron,enron:6856,1,1
distilbert,in_corpus,enron,enron:6738,1,1
distilbert,in_corpus,enron,enron:5490,1,1
distilbert,in_corpus,enron,enron:7032,1,1
distilbert,in_corpus,enron,enron:8082,1,1
distilbert,in_corpus,enron,enron:8145,1,1
distilbert,in_corpus,enron,enron:5380,1,1
distilbert,in_corpus,enron,enron:9885,1,1
distilbert,in_corpus,enron,enron:8946,1,1
distilbert,in_corpus,enron,enron:6098,1,1
distilbert,in_corpus,enron,enron:9670,1,1
distilbert,in_corpus,enron,enron:7595,1,1
distilbert,in_corpus,enron,enron:6494,1,1
distilbert,in_corpus,enron,enron:6809,1,1
distilbert,in_corpus,enron,enron:6843,1,1
distilbert,in_corpus,enron,enron:9283,1,1
distilbert,in_corpus,enron,enron:7896,1,1
distilbert,in_corpus,enron,enron:6772,1,1
distilbert,in_corpus,enron,enron:5337,1,1
distilbert,in_corpus,enron,enron:9542,1,1
distilbert,in_corpus,enron,enron:9117,1,1
distilbert,in_corpus,enron,enron:6485,1,1
distilbert,in_corpus,enron,enron:5808,1,1
distilbert,in_corpus,enron,enron:6743,1,1
distilbert,in_corpus,enron,enron:9920,1,1
distilbert,in_corpus,enron,enron:8649,1,1
distilbert,in_corpus,enron,enron:6708,1,1
distilbert,in_corpus,enron,enron:9071,1,1
distilbert,in_corpus,enron,enron:5602,1,1
distilbert,in_corpus,enron,enron:8417,1,1
distilbert,in_corpus,enron,enron:7672,1,1
distilbert,in_corpus,enron,enron:7438,1,1
distilbert,in_corpus,enron,enron:7883,1,1
distilbert,in_corpus,enron,enron:6790,1,1
distilbert,in_corpus,enron,enron:5390,1,1
distilbert,in_corpus,enron,enron:6310,1,1
distilbert,in_corpus,enron,enron:7734,1,1
distilbert,in_corpus,enron,enron:8291,1,1
distilbert,in_corpus,enron,enron:5782,1,1
distilbert,in_corpus,enron,enron:9230,1,1
distilbert,in_corpus,enron,enron:6778,1,1
distilbert,in_corpus,enron,enron:9708,1,1
distilbert,in_corpus,enron,enron:9729,1,1
distilbert,in_corpus,enron,enron:3349,0,0
distilbert,in_corpus,enron,enron:491,0,0
distilbert,in_corpus,enron,enron:4521,0,0
distilbert,in_corpus,enron,enron:969,0,0
distilbert,in_corpus,enron,enron:5305,0,0
distilbert,in_corpus,enron,enron:1200,0,0
distilbert,in_corpus,enron,enron:1752,0,0
distilbert,in_corpus,enron,enron:497,0,0
distilbert,in_corpus,enron,enron:3306,0,0
distilbert,in_corpus,enron,enron:3615,0,0
distilbert,in_corpus,enron,enron:2348,0,0
distilbert,in_corpus,enron,enron:4524,0,0
distilbert,in_corpus,enron,enron:893,0,0
distilbert,in_corpus,enron,enron:2302,0,0
distilbert,in_corpus,enron,enron:2364,0,0
distilbert,in_corpus,enron,enron:3667,0,0
distilbert,in_corpus,enron,enron:240,0,0
distilbert,in_corpus,enron,enron:2080,0,0
distilbert,in_corpus,enron,enron:1425,0,0
distilbert,in_corpus,enron,enron:5014,0,0
distilbert,in_corpus,enron,enron:1773,0,0
distilbert,in_corpus,enron,enron:3184,0,0
distilbert,in_corpus,enron,enron:4374,0,0
distilbert,in_corpus,enron,enron:1620,0,0
distilbert,in_corpus,enron,enron:5043,0,0
distilbert,in_corpus,enron,enron:1616,0,0
distilbert,in_corpus,enron,enron:168,0,0
distilbert,in_corpus,enron,enron:1034,0,0
distilbert,in_corpus,enron,enron:2226,0,0
distilbert,in_corpus,enron,enron:5267,0,0
distilbert,in_corpus,enron,enron:1379,0,1
distilbert,in_corpus,enron,enron:5040,0,0
distilbert,in_corpus,enron,enron:4331,0,0
distilbert,in_corpus,enron,enron:4725,0,0
distilbert,in_corpus,enron,enron:746,0,0
distilbert,in_corpus,enron,enron:3213,0,1
distilbert,in_corpus,enron,enron:4828,0,0
distilbert,in_corpus,enron,enron:418,0,0
distilbert,in_corpus,enron,enron:4526,0,0
distilbert,in_corpus,enron,enron:4763,0,0
distilbert,in_corpus,enron,enron:5199,0,0
distilbert,in_corpus,enron,enron:3702,0,0
distilbert,in_corpus,enron,enron:505,0,0
distilbert,in_corpus,enron,enron:79,0,1
distilbert,in_corpus,enron,enron:84,0,0
distilbert,in_corpus,enron,enron:2577,0,0
distilbert,in_corpus,enron,enron:4180,0,0
distilbert,in_corpus,enron,enron:5100,0,0
distilbert,in_corpus,enron,enron:4907,0,0
distilbert,in_corpus,enron,enron:1532,0,0
distilbert,in_corpus,enron,enron:8,0,0
distilbert,in_corpus,enron,enron:4085,0,0
distilbert,in_corpus,enron,enron:589,0,0
distilbert,in_corpus,enron,enron:426,0,0
distilbert,in_corpus,enron,enron:4230,0,0
distilbert,in_corpus,enron,enron:4080,0,0
distilbert,in_corpus,enron,enron:3044,0,0
distilbert,in_corpus,enron,enron:1041,0,0
distilbert,in_corpus,enron,enron:2072,0,0
distilbert,in_corpus,enron,enron:465,0,0
distilbert,in_corpus,enron,enron:296,0,0
distilbert,in_corpus,enron,enron:4955,0,0
distilbert,in_corpus,enron,enron:1129,0,0
distilbert,in_corpus,enron,enron:1612,0,0
distilbert,in_corpus,enron,enron:373,0,0
distilbert,in_corpus,enron,enron:4951,0,0
distilbert,in_corpus,enron,enron:1115,0,0
distilbert,in_corpus,enron,enron:15,0,0
distilbert,in_corpus,enron,enron:747,0,0
distilbert,in_corpus,enron,enron:1436,0,1
distilbert,in_corpus,enron,enron:279,0,0
distilbert,in_corpus,enron,enron:5217,0,0
distilbert,in_corpus,enron,enron:2209,0,0
distilbert,in_corpus,enron,enron:5198,0,0
distilbert,in_corpus,enron,enron:3166,0,0
distilbert,in_corpus,enron,enron:2222,0,0
distilbert,in_corpus,enron,enron:3303,0,0
distilbert,in_corpus,enron,enron:4073,0,0
distilbert,in_corpus,enron,enron:3909,0,0
distilbert,in_corpus,enron,enron:538,0,0
distilbert,in_corpus,enron,enron:833,0,0
distilbert,in_corpus,enron,enron:4448,0,0
distilbert,in_corpus,enron,enron:1420,0,0
distilbert,in_corpus,enron,enron:23,0,0
distilbert,in_corpus,enron,enron:1235,0,0
distilbert,in_corpus,enron,enron:3892,0,0
distilbert,in_corpus,enron,enron:4232,0,0
distilbert,in_corpus,enron,enron:5192,0,0
distilbert,in_corpus,enron,enron:4044,0,0
distilbert,in_corpus,enron,enron:1292,0,0
distilbert,in_corpus,enron,enron:1212,0,0
distilbert,in_corpus,enron,enron:3014,0,0
distilbert,in_corpus,enron,enron:4789,0,0
distilbert,in_corpus,enron,enron:290,0,0
distilbert,in_corpus,enron,enron:2366,0,0
distilbert,in_corpus,enron,enron:1498,0,0
distilbert,in_corpus,enron,enron:1831,0,0
distilbert,in_corpus,enron,enron:879,0,0
distilbert,in_corpus,enron,enron:653,0,0
distilbert,in_corpus,enron,enron:1047,0,0
distilbert,in_corpus,enron,enron:1437,0,0
distilbert,in_corpus,enron,enron:2153,0,0
distilbert,in_corpus,enron,enron:4517,0,0
distilbert,in_corpus,enron,enron:4531,0,0
distilbert,in_corpus,enron,enron:3867,0,0
distilbert,in_corpus,enron,enron:167,0,0
distilbert,in_corpus,enron,enron:5162,0,0
distilbert,in_corpus,enron,enron:4144,0,0
distilbert,in_corpus,enron,enron:3820,0,0
distilbert,in_corpus,enron,enron:1434,0,0
distilbert,in_corpus,enron,enron:1545,0,0
distilbert,in_corpus,enron,enron:877,0,0
distilbert,in_corpus,enron,enron:439,0,0
distilbert,in_corpus,enron,enron:5140,0,0
distilbert,in_corpus,enron,enron:239,0,0
distilbert,in_corpus,enron,enron:5101,0,1
distilbert,in_corpus,enron,enron:2688,0,0
distilbert,in_corpus,enron,enron:471,0,0
distilbert,in_corpus,enron,enron:4269,0,0
distilbert,in_corpus,enron,enron:3949,0,0
distilbert,in_corpus,enron,enron:4947,0,0
distilbert,in_corpus,enron,enron:1894,0,0
distilbert,in_corpus,enron,enron:4447,0,0
distilbert,in_corpus,enron,enron:2519,0,0
distilbert,in_corpus,enron,enron:3733,0,0
distilbert,in_corpus,enron,enron:4019,0,0
distilbert,in_corpus,enron,enron:2314,0,0
distilbert,in_corpus,enron,enron:346,0,0
distilbert,in_corpus,enron,enron:3649,0,0
distilbert,in_corpus,enron,enron:1055,0,0
distilbert,in_corpus,enron,enron:4309,0,0
distilbert,in_corpus,enron,enron:4183,0,0
distilbert,in_corpus,enron,enron:842,0,0
distilbert,in_corpus,enron,enron:5274,0,0
distilbert,in_corpus,enron,enron:4401,0,0
distilbert,in_corpus,enron,enron:80,0,0
distilbert,in_corpus,enron,enron:4635,0,0
distilbert,in_corpus,enron,enron:4881,0,0
distilbert,in_corpus,enron,enron:3670,0,0
distilbert,in_corpus,enron,enron:1090,0,0
distilbert,in_corpus,enron,enron:3464,0,0
distilbert,in_corpus,enron,enron:4049,0,0
distilbert,in_corpus,enron,enron:2882,0,0
distilbert,in_corpus,enron,enron:2952,0,0
distilbert,in_corpus,enron,enron:2594,0,0
distilbert,in_corpus,enron,enron:4546,0,0
distilbert,in_corpus,enron,enron:2813,0,0
distilbert,in_corpus,enron,enron:2801,0,0
distilbert,in_corpus,enron,enron:4803,0,0
distilbert,in_corpus,enron,enron:1580,0,0
distilbert,in_corpus,kaggle,kaggle:9136,1,1
distilbert,in_corpus,kaggle,kaggle:9695,1,1
distilbert,in_corpus,kaggle,kaggle:9294,1,1
distilbert,in_corpus,kaggle,kaggle:9570,1,1
distilbert,in_corpus,kaggle,kaggle:6656,1,1
distilbert,in_corpus,kaggle,kaggle:6539,1,1
distilbert,in_corpus,kaggle,kaggle:6448,1,1
distilbert,in_corpus,kaggle,kaggle:8693,1,1
distilbert,in_corpus,kaggle,kaggle:7893,1,1
distilbert,in_corpus,kaggle,kaggle:6708,1,1
distilbert,in_corpus,kaggle,kaggle:8023,1,1
distilbert,in_corpus,kaggle,kaggle:8387,1,1
distilbert,in_corpus,kaggle,kaggle:6389,1,1
distilbert,in_corpus,kaggle,kaggle:7491,1,1
distilbert,in_corpus,kaggle,kaggle:7922,1,1
distilbert,in_corpus,kaggle,kaggle:8822,1,1
distilbert,in_corpus,kaggle,kaggle:8322,1,1
distilbert,in_corpus,kaggle,kaggle:9838,1,1
distilbert,in_corpus,kaggle,kaggle:8955,1,1
distilbert,in_corpus,kaggle,kaggle:9889,1,1
distilbert,in_corpus,kaggle,kaggle:7963,1,1
distilbert,in_corpus,kaggle,kaggle:9455,1,1
distilbert,in_corpus,kaggle,kaggle:7383,1,1
distilbert,in_corpus,kaggle,kaggle:7087,1,1
distilbert,in_corpus,kaggle,kaggle:7360,1,1
distilbert,in_corpus,kaggle,kaggle:9740,1,1
distilbert,in_corpus,kaggle,kaggle:9469,1,1
distilbert,in_corpus,kaggle,kaggle:6453,1,1
distilbert,in_corpus,kaggle,kaggle:6620,1,1
distilbert,in_corpus,kaggle,kaggle:8083,1,1
distilbert,in_corpus,kaggle,kaggle:6465,1,1
distilbert,in_corpus,kaggle,kaggle:8384,1,1
distilbert,in_corpus,kaggle,kaggle:9231,1,1
distilbert,in_corpus,kaggle,kaggle:8745,1,1
distilbert,in_corpus,kaggle,kaggle:8550,1,1
distilbert,in_corpus,kaggle,kaggle:7681,1,1
distilbert,in_corpus,kaggle,kaggle:7957,1,1
distilbert,in_corpus,kaggle,kaggle:9159,1,1
distilbert,in_corpus,kaggle,kaggle:6701,1,1
distilbert,in_corpus,kaggle,kaggle:8619,1,1
distilbert,in_corpus,kaggle,kaggle:6683,1,1
distilbert,in_corpus,kaggle,kaggle:9842,1,1
distilbert,in_corpus,kaggle,kaggle:8978,1,1
distilbert,in_corpus,kaggle,kaggle:9243,1,1
distilbert,in_corpus,kaggle,kaggle:7589,1,1
distilbert,in_corpus,kaggle,kaggle:9575,1,1
distilbert,in_corpus,kaggle,kaggle:7605,1,1
distilbert,in_corpus,kaggle,kaggle:9375,1,1
distilbert,in_corpus,kaggle,kaggle:7045,1,0
distilbert,in_corpus,kaggle,kaggle:9258,1,1
distilbert,in_corpus,kaggle,kaggle:7786,1,1
distilbert,in_corpus,kaggle,kaggle:8057,1,1
distilbert,in_corpus,kaggle,kaggle:6578,1,1
distilbert,in_corpus,kaggle,kaggle:6823,1,1
distilbert,in_corpus,kaggle,kaggle:9287,1,1
distilbert,in_corpus,kaggle,kaggle:6301,1,1
distilbert,in_corpus,kaggle,kaggle:7819,1,1
distilbert,in_corpus,kaggle,kaggle:8928,1,1
distilbert,in_corpus,kaggle,kaggle:6996,1,1
distilbert,in_corpus,kaggle,kaggle:7820,1,1
distilbert,in_corpus,kaggle,kaggle:8336,1,1
distilbert,in_corpus,kaggle,kaggle:8084,1,1
distilbert,in_corpus,kaggle,kaggle:8728,1,1
distilbert,in_corpus,kaggle,kaggle:8060,1,1
distilbert,in_corpus,kaggle,kaggle:7363,1,1
distilbert,in_corpus,kaggle,kaggle:6362,1,1
distilbert,in_corpus,kaggle,kaggle:8418,1,1
distilbert,in_corpus,kaggle,kaggle:9716,1,1
distilbert,in_corpus,kaggle,kaggle:6283,1,1
distilbert,in_corpus,kaggle,kaggle:6627,1,1
distilbert,in_corpus,kaggle,kaggle:9372,1,1
distilbert,in_corpus,kaggle,kaggle:8852,1,1
distilbert,in_corpus,kaggle,kaggle:8823,1,1
distilbert,in_corpus,kaggle,kaggle:8956,1,1
distilbert,in_corpus,kaggle,kaggle:7340,1,1
distilbert,in_corpus,kaggle,kaggle:7415,1,1
distilbert,in_corpus,kaggle,kaggle:9515,1,1
distilbert,in_corpus,kaggle,kaggle:6926,1,1
distilbert,in_corpus,kaggle,kaggle:7469,1,1
distilbert,in_corpus,kaggle,kaggle:9609,1,1
distilbert,in_corpus,kaggle,kaggle:8383,1,1
distilbert,in_corpus,kaggle,kaggle:8698,1,1
distilbert,in_corpus,kaggle,kaggle:8952,1,1
distilbert,in_corpus,kaggle,kaggle:6662,1,1
distilbert,in_corpus,kaggle,kaggle:7344,1,1
distilbert,in_corpus,kaggle,kaggle:8513,1,1
distilbert,in_corpus,kaggle,kaggle:8047,1,1
distilbert,in_corpus,kaggle,kaggle:7403,1,1
distilbert,in_corpus,kaggle,kaggle:9741,1,1
distilbert,in_corpus,kaggle,kaggle:6286,1,1
distilbert,in_corpus,kaggle,kaggle:7098,1,1
distilbert,in_corpus,kaggle,kaggle:8977,1,1
distilbert,in_corpus,kaggle,kaggle:7990,1,1
distilbert,in_corpus,kaggle,kaggle:8765,1,1
distilbert,in_corpus,kaggle,kaggle:7664,1,1
distilbert,in_corpus,kaggle,kaggle:7325,1,1
distilbert,in_corpus,kaggle,kaggle:6480,1,1
distilbert,in_corpus,kaggle,kaggle:8416,1,1
distilbert,in_corpus,kaggle,kaggle:7245,1,1
distilbert,in_corpus,kaggle,kaggle:8722,1,1
distilbert,in_corpus,kaggle,kaggle:8446,1,1
distilbert,in_corpus,kaggle,kaggle:7537,1,1
distilbert,in_corpus,kaggle,kaggle:7140,1,1
distilbert,in_corpus,kaggle,kaggle:9891,1,1
distilbert,in_corpus,kaggle,kaggle:9667,1,1
distilbert,in_corpus,kaggle,kaggle:6719,1,1
distilbert,in_corpus,kaggle,kaggle:8963,1,1
distilbert,in_corpus,kaggle,kaggle:7694,1,1
distilbert,in_corpus,kaggle,kaggle:9060,1,1
distilbert,in_corpus,kaggle,kaggle:6684,1,1
distilbert,in_corpus,kaggle,kaggle:8072,1,1
distilbert,in_corpus,kaggle,kaggle:8113,1,1
distilbert,in_corpus,kaggle,kaggle:8452,1,1
distilbert,in_corpus,kaggle,kaggle:6378,1,1
distilbert,in_corpus,kaggle,kaggle:8920,1,1
distilbert,in_corpus,kaggle,kaggle:7233,1,1
distilbert,in_corpus,kaggle,kaggle:8052,1,1
distilbert,in_corpus,kaggle,kaggle:8907,1,1
distilbert,in_corpus,kaggle,kaggle:6730,1,1
distilbert,in_corpus,kaggle,kaggle:6594,1,1
distilbert,in_corpus,kaggle,kaggle:6320,1,1
distilbert,in_corpus,kaggle,kaggle:8128,1,1
distilbert,in_corpus,kaggle,kaggle:8280,1,1
distilbert,in_corpus,kaggle,kaggle:9156,1,1
distilbert,in_corpus,kaggle,kaggle:7771,1,1
distilbert,in_corpus,kaggle,kaggle:9232,1,1
distilbert,in_corpus,kaggle,kaggle:9957,1,1
distilbert,in_corpus,kaggle,kaggle:7074,1,1
distilbert,in_corpus,kaggle,kaggle:8594,1,1
distilbert,in_corpus,kaggle,kaggle:6509,1,1
distilbert,in_corpus,kaggle,kaggle:7079,1,0
distilbert,in_corpus,kaggle,kaggle:8716,1,1
distilbert,in_corpus,kaggle,kaggle:9859,1,1
distilbert,in_corpus,kaggle,kaggle:6863,1,1
distilbert,in_corpus,kaggle,kaggle:8362,1,1
distilbert,in_corpus,kaggle,kaggle:9760,1,1
distilbert,in_corpus,kaggle,kaggle:6418,1,1
distilbert,in_corpus,kaggle,kaggle:9678,1,1
distilbert,in_corpus,kaggle,kaggle:6890,1,1
distilbert,in_corpus,kaggle,kaggle:6321,1,1
distilbert,in_corpus,kaggle,kaggle:9345,1,1
distilbert,in_corpus,kaggle,kaggle:6295,1,1
distilbert,in_corpus,kaggle,kaggle:9561,1,1
distilbert,in_corpus,kaggle,kaggle:6489,1,1
distilbert,in_corpus,kaggle,kaggle:8100,1,1
distilbert,in_corpus,kaggle,kaggle:8285,1,1
distilbert,in_corpus,kaggle,kaggle:9480,1,1
distilbert,in_corpus,kaggle,kaggle:7971,1,0
distilbert,in_corpus,kaggle,kaggle:8198,1,1
distilbert,in_corpus,kaggle,kaggle:6498,1,1
distilbert,in_corpus,kaggle,kaggle:3158,0,0
distilbert,in_corpus,kaggle,kaggle:1345,0,0
distilbert,in_corpus,kaggle,kaggle:5916,0,0
distilbert,in_corpus,kaggle,kaggle:5533,0,0
distilbert,in_corpus,kaggle,kaggle:2521,0,0
distilbert,in_corpus,kaggle,kaggle:6215,0,0
distilbert,in_corpus,kaggle,kaggle:1181,0,0
distilbert,in_corpus,kaggle,kaggle:5849,0,0
distilbert,in_corpus,kaggle,kaggle:4490,0,0
distilbert,in_corpus,kaggle,kaggle:3548,0,0
distilbert,in_corpus,kaggle,kaggle:2771,0,0
distilbert,in_corpus,kaggle,kaggle:4477,0,0
distilbert,in_corpus,kaggle,kaggle:3836,0,0
distilbert,in_corpus,kaggle,kaggle:2042,0,0
distilbert,in_corpus,kaggle,kaggle:611,0,0
distilbert,in_corpus,kaggle,kaggle:2543,0,0
distilbert,in_corpus,kaggle,kaggle:432,0,0
distilbert,in_corpus,kaggle,kaggle:476,0,0
distilbert,in_corpus,kaggle,kaggle:511,0,1
distilbert,in_corpus,kaggle,kaggle:3220,0,0
distilbert,in_corpus,kaggle,kaggle:2166,0,0
distilbert,in_corpus,kaggle,kaggle:535,0,0
distilbert,in_corpus,kaggle,kaggle:1620,0,0
distilbert,in_corpus,kaggle,kaggle:2154,0,1
distilbert,in_corpus,kaggle,kaggle:401,0,0
distilbert,in_corpus,kaggle,kaggle:4808,0,0
distilbert,in_corpus,kaggle,kaggle:23,0,0
distilbert,in_corpus,kaggle,kaggle:1874,0,1
distilbert,in_corpus,kaggle,kaggle:1223,0,0
distilbert,in_corpus,kaggle,kaggle:6179,0,0
distilbert,in_corpus,kaggle,kaggle:3163,0,0
distilbert,in_corpus,kaggle,kaggle:4837,0,0
distilbert,in_corpus,kaggle,kaggle:1188,0,0
distilbert,in_corpus,kaggle,kaggle:1426,0,0
distilbert,in_corpus,kaggle,kaggle:1557,0,0
distilbert,in_corpus,kaggle,kaggle:156,0,0
distilbert,in_corpus,kaggle,kaggle:2570,0,0
distilbert,in_corpus,kaggle,kaggle:622,0,0
distilbert,in_corpus,kaggle,kaggle:3708,0,0
distilbert,in_corpus,kaggle,kaggle:5804,0,0
distilbert,in_corpus,kaggle,kaggle:1740,0,0
distilbert,in_corpus,kaggle,kaggle:1805,0,0
distilbert,in_corpus,kaggle,kaggle:6035,0,1
distilbert,in_corpus,kaggle,kaggle:208,0,0
distilbert,in_corpus,kaggle,kaggle:5913,0,0
distilbert,in_corpus,kaggle,kaggle:2988,0,0
distilbert,in_corpus,kaggle,kaggle:6157,0,0
distilbert,in_corpus,kaggle,kaggle:230,0,0
distilbert,in_corpus,kaggle,kaggle:2226,0,0
distilbert,in_corpus,kaggle,kaggle:3089,0,0
distilbert,in_corpus,kaggle,kaggle:4513,0,0
distilbert,in_corpus,kaggle,kaggle:1315,0,0
distilbert,in_corpus,kaggle,kaggle:5790,0,0
distilbert,in_corpus,kaggle,kaggle:2306,0,0
distilbert,in_corpus,kaggle,kaggle:1488,0,0
distilbert,in_corpus,kaggle,kaggle:5944,0,0
distilbert,in_corpus,kaggle,kaggle:3045,0,0
distilbert,in_corpus,kaggle,kaggle:1926,0,0
distilbert,in_corpus,kaggle,kaggle:3203,0,0
distilbert,in_corpus,kaggle,kaggle:5659,0,0
distilbert,in_corpus,kaggle,kaggle:2821,0,0
distilbert,in_corpus,kaggle,kaggle:4385,0,0
distilbert,in_corpus,kaggle,kaggle:3018,0,0
distilbert,in_corpus,kaggle,kaggle:4810,0,0
distilbert,in_corpus,kaggle,kaggle:1902,0,1
distilbert,in_corpus,kaggle,kaggle:4464,0,0
distilbert,in_corpus,kaggle,kaggle:3560,0,0
distilbert,in_corpus,kaggle,kaggle:5899,0,0
distilbert,in_corpus,kaggle,kaggle:2344,0,0
distilbert,in_corpus,kaggle,kaggle:538,0,0
distilbert,in_corpus,kaggle,kaggle:3413,0,0
distilbert,in_corpus,kaggle,kaggle:2002,0,0
distilbert,in_corpus,kaggle,kaggle:4715,0,0
distilbert,in_corpus,kaggle,kaggle:6047,0,0
distilbert,in_corpus,kaggle,kaggle:2862,0,0
distilbert,in_corpus,kaggle,kaggle:1919,0,0
distilbert,in_corpus,kaggle,kaggle:5494,0,0
distilbert,in_corpus,kaggle,kaggle:1039,0,0
distilbert,in_corpus,kaggle,kaggle:2611,0,0
distilbert,in_corpus,kaggle,kaggle:6165,0,1
distilbert,in_corpus,kaggle,kaggle:1718,0,0
distilbert,in_corpus,kaggle,kaggle:3896,0,0
distilbert,in_corpus,kaggle,kaggle:3547,0,0
distilbert,in_corpus,kaggle,kaggle:1859,0,0
distilbert,in_corpus,kaggle,kaggle:324,0,0
distilbert,in_corpus,kaggle,kaggle:3841,0,0
distilbert,in_corpus,kaggle,kaggle:5856,0,0
distilbert,in_corpus,kaggle,kaggle:132,0,0
distilbert,in_corpus,kaggle,kaggle:3169,0,1
distilbert,in_corpus,kaggle,kaggle:1057,0,0
distilbert,in_corpus,kaggle,kaggle:4461,0,0
distilbert,in_corpus,kaggle,kaggle:812,0,0
distilbert,in_corpus,kaggle,kaggle:3618,0,0
distilbert,in_corpus,kaggle,kaggle:3076,0,0
distilbert,in_corpus,kaggle,kaggle:1881,0,0
distilbert,in_corpus,kaggle,kaggle:5825,0,0
distilbert,in_corpus,kaggle,kaggle:1869,0,0
distilbert,in_corpus,kaggle,kaggle:4095,0,1
distilbert,in_corpus,kaggle,kaggle:318,0,0
distilbert,in_corpus,kaggle,kaggle:80,0,0
distilbert,in_corpus,kaggle,kaggle:5943,0,0
distilbert,in_corpus,kaggle,kaggle:730,0,0
distilbert,in_corpus,kaggle,kaggle:2828,0,0
distilbert,in_corpus,kaggle,kaggle:2812,0,0
distilbert,in_corpus,kaggle,kaggle:3165,0,0
distilbert,in_corpus,kaggle,kaggle:6072,0,0
distilbert,in_corpus,kaggle,kaggle:4280,0,0
distilbert,in_corpus,kaggle,kaggle:4352,0,0
distilbert,in_corpus,kaggle,kaggle:4279,0,0
distilbert,in_corpus,kaggle,kaggle:6023,0,0
distilbert,in_corpus,kaggle,kaggle:1047,0,0
distilbert,in_corpus,kaggle,kaggle:2815,0,0
distilbert,in_corpus,kaggle,kaggle:706,0,0
distilbert,in_corpus,kaggle,kaggle:4537,0,0
distilbert,in_corpus,kaggle,kaggle:2298,0,0
distilbert,in_corpus,kaggle,kaggle:3801,0,0
distilbert,in_corpus,kaggle,kaggle:4623,0,0
distilbert,in_corpus,kaggle,kaggle:6038,0,0
distilbert,in_corpus,kaggle,kaggle:3063,0,0
distilbert,in_corpus,kaggle,kaggle:6137,0,0
distilbert,in_corpus,kaggle,kaggle:3886,0,0
distilbert,in_corpus,kaggle,kaggle:5745,0,0
distilbert,in_corpus,kaggle,kaggle:893,0,0
distilbert,in_corpus,kaggle,kaggle:534,0,0
distilbert,in_corpus,kaggle,kaggle:5869,0,0
distilbert,in_corpus,kaggle,kaggle:2412,0,0
distilbert,in_corpus,kaggle,kaggle:5472,0,0
distilbert,in_corpus,kaggle,kaggle:4410,0,0
distilbert,in_corpus,kaggle,kaggle:4770,0,0
distilbert,in_corpus,kaggle,kaggle:800,0,0
distilbert,in_corpus,kaggle,kaggle:3405,0,0
distilbert,in_corpus,kaggle,kaggle:5389,0,0
distilbert,in_corpus,kaggle,kaggle:4224,0,0
distilbert,in_corpus,kaggle,kaggle:683,0,0
distilbert,in_corpus,kaggle,kaggle:1669,0,0
distilbert,in_corpus,kaggle,kaggle:5993,0,0
distilbert,in_corpus,kaggle,kaggle:198,0,0
distilbert,in_corpus,kaggle,kaggle:88,0,0
distilbert,in_corpus,kaggle,kaggle:736,0,0
distilbert,in_corpus,kaggle,kaggle:1144,0,0
distilbert,in_corpus,kaggle,kaggle:3125,0,0
distilbert,in_corpus,kaggle,kaggle:6085,0,0
distilbert,in_corpus,kaggle,kaggle:3617,0,0
distilbert,in_corpus,kaggle,kaggle:3732,0,0
distilbert,in_corpus,kaggle,kaggle:3334,0,0
distilbert,in_corpus,kaggle,kaggle:2882,0,0
distilbert,in_corpus,kaggle,kaggle:3308,0,0
distilbert,in_corpus,kaggle,kaggle:3891,0,0
distilbert,in_corpus,kaggle,kaggle:506,0,0
distilbert,in_corpus,kaggle,kaggle:5141,0,0
distilbert,in_corpus,ling,ling:1902,1,1
distilbert,in_corpus,ling,ling:209,1,1
distilbert,in_corpus,ling,ling:2076,1,1
distilbert,in_corpus,ling,ling:1327,1,1
distilbert,in_corpus,ling,ling:985,1,1
distilbert,in_corpus,ling,ling:1259,1,1
distilbert,in_corpus,ling,ling:1075,1,1
distilbert,in_corpus,ling,ling:622,1,1
distilbert,in_corpus,ling,ling:2510,1,1
distilbert,in_corpus,ling,ling:178,1,1
distilbert,in_corpus,ling,ling:457,1,1
distilbert,in_corpus,ling,ling:1059,1,1
distilbert,in_corpus,ling,ling:899,1,1
distilbert,in_corpus,ling,ling:2224,1,1
distilbert,in_corpus,ling,ling:2399,1,1
distilbert,in_corpus,ling,ling:383,1,1
distilbert,in_corpus,ling,ling:2289,1,1
distilbert,in_corpus,ling,ling:1751,1,1
distilbert,in_corpus,ling,ling:2659,1,1
distilbert,in_corpus,ling,ling:492,1,1
distilbert,in_corpus,ling,ling:472,1,1
distilbert,in_corpus,ling,ling:810,1,1
distilbert,in_corpus,ling,ling:1363,1,1
distilbert,in_corpus,ling,ling:696,1,1
distilbert,in_corpus,ling,ling:1341,1,1
distilbert,in_corpus,ling,ling:2410,1,1
distilbert,in_corpus,ling,ling:481,1,1
distilbert,in_corpus,ling,ling:2820,1,1
distilbert,in_corpus,ling,ling:104,1,1
distilbert,in_corpus,ling,ling:1703,1,1
distilbert,in_corpus,ling,ling:2423,1,1
distilbert,in_corpus,ling,ling:1564,1,1
distilbert,in_corpus,ling,ling:2607,1,1
distilbert,in_corpus,ling,ling:680,1,1
distilbert,in_corpus,ling,ling:2836,1,1
distilbert,in_corpus,ling,ling:471,1,1
distilbert,in_corpus,ling,ling:1730,1,1
distilbert,in_corpus,ling,ling:2001,1,1
distilbert,in_corpus,ling,ling:729,1,1
distilbert,in_corpus,ling,ling:480,1,1
distilbert,in_corpus,ling,ling:1755,1,1
distilbert,in_corpus,ling,ling:511,1,1
distilbert,in_corpus,ling,ling:1131,1,1
distilbert,in_corpus,ling,ling:458,1,1
distilbert,in_corpus,ling,ling:981,1,1
distilbert,in_corpus,ling,ling:470,1,1
distilbert,in_corpus,ling,ling:446,1,1
distilbert,in_corpus,ling,ling:1455,1,1
distilbert,in_corpus,ling,ling:2579,1,1
distilbert,in_corpus,ling,ling:1796,1,1
distilbert,in_corpus,ling,ling:1622,1,1
distilbert,in_corpus,ling,ling:187,1,1
distilbert,in_corpus,ling,ling:1560,1,1
distilbert,in_corpus,ling,ling:1986,1,1
distilbert,in_corpus,ling,ling:2530,1,1
distilbert,in_corpus,ling,ling:2655,1,1
distilbert,in_corpus,ling,ling:112,1,1
distilbert,in_corpus,ling,ling:2504,1,1
distilbert,in_corpus,ling,ling:133,1,0
distilbert,in_corpus,ling,ling:2809,1,1
distilbert,in_corpus,ling,ling:2508,1,1
distilbert,in_corpus,ling,ling:21,1,1
distilbert,in_corpus,ling,ling:153,1,1
distilbert,in_corpus,ling,ling:1779,1,1
distilbert,in_corpus,ling,ling:2348,1,1
distilbert,in_corpus,ling,ling:384,1,1
distilbert,in_corpus,ling,ling:1233,1,1
distilbert,in_corpus,ling,ling:2461,1,1
distilbert,in_corpus,ling,ling:1878,1,1
distilbert,in_corpus,ling,ling:1296,1,1
distilbert,in_corpus,ling,ling:1939,1,1
distilbert,in_corpus,ling,ling:2447,1,1
distilbert,in_corpus,ling,ling:160,1,1
distilbert,in_corpus,ling,ling:2288,1,1
distilbert,in_corpus,ling,ling:1264,1,1
distilbert,in_corpus,ling,ling:1943,1,1
distilbert,in_corpus,ling,ling:227,1,1
distilbert,in_corpus,ling,ling:1113,1,1
distilbert,in_corpus,ling,ling:2821,1,1
distilbert,in_corpus,ling,ling:690,1,1
distilbert,in_corpus,ling,ling:2256,1,1
distilbert,in_corpus,ling,ling:2036,1,1
distilbert,in_corpus,ling,ling:1782,1,1
distilbert,in_corpus,ling,ling:157,1,1
distilbert,in_corpus,ling,ling:280,1,1
distilbert,in_corpus,ling,ling:2807,1,1
distilbert,in_corpus,ling,ling:2838,1,1
distilbert,in_corpus,ling,ling:851,1,1
distilbert,in_corpus,ling,ling:579,1,1
distilbert,in_corpus,ling,ling:385,1,1
distilbert,in_corpus,ling,ling:983,1,1
distilbert,in_corpus,ling,ling:159,1,1
distilbert,in_corpus,ling,ling:138,1,1
distilbert,in_corpus,ling,ling:435,1,1
distilbert,in_corpus,ling,ling:2555,1,1
distilbert,in_corpus,ling,ling:1999,1,1
distilbert,in_corpus,ling,ling:179,1,1
distilbert,in_corpus,ling,ling:494,1,1
distilbert,in_corpus,ling,ling:1969,1,0
distilbert,in_corpus,ling,ling:751,1,1
distilbert,in_corpus,ling,ling:2835,1,1
distilbert,in_corpus,ling,ling:2231,1,1
distilbert,in_corpus,ling,ling:580,1,1
distilbert,in_corpus,ling,ling:1551,1,1
distilbert,in_corpus,ling,ling:2487,1,1
distilbert,in_corpus,ling,ling:2451,1,1
distilbert,in_corpus,ling,ling:2527,1,1
distilbert,in_corpus,ling,ling:1479,1,1
distilbert,in_corpus,ling,ling:634,1,1
distilbert,in_corpus,ling,ling:2389,1,1
distilbert,in_corpus,ling,ling:92,1,1
distilbert,in_corpus,ling,ling:277,1,1
distilbert,in_corpus,ling,ling:1114,1,1
distilbert,in_corpus,ling,ling:801,1,1
distilbert,in_corpus,ling,ling:2466,1,1
distilbert,in_corpus,ling,ling:2223,1,1
distilbert,in_corpus,ling,ling:137,1,1
distilbert,in_corpus,ling,ling:2608,1,1
distilbert,in_corpus,ling,ling:2656,1,1
distilbert,in_corpus,ling,ling:2271,1,1
distilbert,in_corpus,ling,ling:85,1,1
distilbert,in_corpus,ling,ling:139,1,1
distilbert,in_corpus,ling,ling:2788,1,1
distilbert,in_corpus,ling,ling:401,1,1
distilbert,in_corpus,ling,ling:2627,1,1
distilbert,in_corpus,ling,ling:1666,1,1
distilbert,in_corpus,ling,ling:1093,1,1
distilbert,in_corpus,ling,ling:430,1,1
distilbert,in_corpus,ling,ling:665,1,1
distilbert,in_corpus,ling,ling:1756,1,1
distilbert,in_corpus,ling,ling:1355,1,1
distilbert,in_corpus,ling,ling:171,1,1
distilbert,in_corpus,ling,ling:1241,1,1
distilbert,in_corpus,ling,ling:1237,1,1
distilbert,in_corpus,ling,ling:168,1,1
distilbert,in_corpus,ling,ling:94,1,1
distilbert,in_corpus,ling,ling:2581,1,1
distilbert,in_corpus,ling,ling:653,1,1
distilbert,in_corpus,ling,ling:1386,1,1
distilbert,in_corpus,ling,ling:2635,1,1
distilbert,in_corpus,ling,ling:701,1,1
distilbert,in_corpus,ling,ling:685,1,1
distilbert,in_corpus,ling,ling:1547,1,1
distilbert,in_corpus,ling,ling:953,1,1
distilbert,in_corpus,ling,ling:2610,1,1
distilbert,in_corpus,ling,ling:2467,1,1
distilbert,in_corpus,ling,ling:2190,1,1
distilbert,in_corpus,ling,ling:998,1,1
distilbert,in_corpus,ling,ling:1089,1,1
distilbert,in_corpus,ling,ling:1365,1,1
distilbert,in_corpus,ling,ling:2420,0,0
distilbert,in_corpus,ling,ling:2353,0,0
distilbert,in_corpus,ling,ling:1016,0,0
distilbert,in_corpus,ling,ling:2053,0,0
distilbert,in_corpus,ling,ling:2401,0,0
distilbert,in_corpus,ling,ling:156,0,0
distilbert,in_corpus,ling,ling:1637,0,0
distilbert,in_corpus,ling,ling:2045,0,0
distilbert,in_corpus,ling,ling:1534,0,0
distilbert,in_corpus,ling,ling:1272,0,0
distilbert,in_corpus,ling,ling:2043,0,0
distilbert,in_corpus,ling,ling:125,0,0
distilbert,in_corpus,ling,ling:1434,0,0
distilbert,in_corpus,ling,ling:1810,0,0
distilbert,in_corpus,ling,ling:2275,0,0
distilbert,in_corpus,ling,ling:2137,0,0
distilbert,in_corpus,ling,ling:221,0,0
distilbert,in_corpus,ling,ling:2173,0,0
distilbert,in_corpus,ling,ling:1821,0,0
distilbert,in_corpus,ling,ling:1867,0,0
distilbert,in_corpus,ling,ling:1198,0,0
distilbert,in_corpus,ling,ling:2573,0,0
distilbert,in_corpus,ling,ling:1216,0,0
distilbert,in_corpus,ling,ling:2566,0,0
distilbert,in_corpus,ling,ling:1612,0,0
distilbert,in_corpus,ling,ling:630,0,0
distilbert,in_corpus,ling,ling:1566,0,0
distilbert,in_corpus,ling,ling:2084,0,0
distilbert,in_corpus,ling,ling:1546,0,0
distilbert,in_corpus,ling,ling:2441,0,0
distilbert,in_corpus,ling,ling:2138,0,0
distilbert,in_corpus,ling,ling:1335,0,0
distilbert,in_corpus,ling,ling:2406,0,0
distilbert,in_corpus,ling,ling:1432,0,0
distilbert,in_corpus,ling,ling:1426,0,0
distilbert,in_corpus,ling,ling:2496,0,0
distilbert,in_corpus,ling,ling:263,0,0
distilbert,in_corpus,ling,ling:556,0,0
distilbert,in_corpus,ling,ling:619,0,0
distilbert,in_corpus,ling,ling:1162,0,0
distilbert,in_corpus,ling,ling:538,0,0
distilbert,in_corpus,ling,ling:1548,0,0
distilbert,in_corpus,ling,ling:905,0,0
distilbert,in_corpus,ling,ling:692,0,0
distilbert,in_corpus,ling,ling:58,0,0
distilbert,in_corpus,ling,ling:1336,0,0
distilbert,in_corpus,ling,ling:2394,0,0
distilbert,in_corpus,ling,ling:2542,0,0
distilbert,in_corpus,ling,ling:2688,0,0
distilbert,in_corpus,ling,ling:1321,0,0
distilbert,in_corpus,ling,ling:1305,0,0
distilbert,in_corpus,ling,ling:1992,0,0
distilbert,in_corpus,ling,ling:515,0,0
distilbert,in_corpus,ling,ling:2170,0,0
distilbert,in_corpus,ling,ling:2313,0,0
distilbert,in_corpus,ling,ling:2712,0,0
distilbert,in_corpus,ling,ling:2790,0,0
distilbert,in_corpus,ling,ling:1712,0,0
distilbert,in_corpus,ling,ling:1615,0,0
distilbert,in_corpus,ling,ling:1904,0,0
distilbert,in_corpus,ling,ling:2101,0,0
distilbert,in_corpus,ling,ling:1125,0,0
distilbert,in_corpus,ling,ling:1961,0,0
distilbert,in_corpus,ling,ling:1150,0,0
distilbert,in_corpus,ling,ling:2125,0,0
distilbert,in_corpus,ling,ling:857,0,0
distilbert,in_corpus,ling,ling:1502,0,0
distilbert,in_corpus,ling,ling:499,0,0
distilbert,in_corpus,ling,ling:2252,0,0
distilbert,in_corpus,ling,ling:1254,0,0
distilbert,in_corpus,ling,ling:1673,0,0
distilbert,in_corpus,ling,ling:2319,0,0
distilbert,in_corpus,ling,ling:2757,0,0
distilbert,in_corpus,ling,ling:1980,0,0
distilbert,in_corpus,ling,ling:286,0,0
distilbert,in_corpus,ling,ling:299,0,0
distilbert,in_corpus,ling,ling:2647,0,0
distilbert,in_corpus,ling,ling:215,0,0
distilbert,in_corpus,ling,ling:908,0,0
distilbert,in_corpus,ling,ling:1740,0,0
distilbert,in_corpus,ling,ling:284,0,0
distilbert,in_corpus,ling,ling:925,0,0
distilbert,in_corpus,ling,ling:2160,0,0
distilbert,in_corpus,ling,ling:929,0,0
distilbert,in_corpus,ling,ling:666,0,0
distilbert,in_corpus,ling,ling:1038,0,0
distilbert,in_corpus,ling,ling:1352,0,0
distilbert,in_corpus,ling,ling:578,0,0
distilbert,in_corpus,ling,ling:110,0,0
distilbert,in_corpus,ling,ling:46,0,0
distilbert,in_corpus,ling,ling:1444,0,0
distilbert,in_corpus,ling,ling:778,0,0
distilbert,in_corpus,ling,ling:294,0,0
distilbert,in_corpus,ling,ling:2663,0,0
distilbert,in_corpus,ling,ling:1839,0,0
distilbert,in_corpus,ling,ling:2551,0,0
distilbert,in_corpus,ling,ling:842,0,0
distilbert,in_corpus,ling,ling:1557,0,0
distilbert,in_corpus,ling,ling:1656,0,0
distilbert,in_corpus,ling,ling:2603,0,0
distilbert,in_corpus,ling,ling:1513,0,0
distilbert,in_corpus,ling,ling:1710,0,0
distilbert,in_corpus,ling,ling:1052,0,0
distilbert,in_corpus,ling,ling:1592,0,0
distilbert,in_corpus,ling,ling:2298,0,0
distilbert,in_corpus,ling,ling:2342,0,0
distilbert,in_corpus,ling,ling:1447,0,0
distilbert,in_corpus,ling,ling:1030,0,0
distilbert,in_corpus,ling,ling:2005,0,0
distilbert,in_corpus,ling,ling:1726,0,0
distilbert,in_corpus,ling,ling:869,0,0
distilbert,in_corpus,ling,ling:2115,0,0
distilbert,in_corpus,ling,ling:2632,0,0
distilbert,in_corpus,ling,ling:2146,0,0
distilbert,in_corpus,ling,ling:958,0,0
distilbert,in_corpus,ling,ling:533,0,0
distilbert,in_corpus,ling,ling:1983,0,0
distilbert,in_corpus,ling,ling:2136,0,0
distilbert,in_corpus,ling,ling:1397,0,0
distilbert,in_corpus,ling,ling:756,0,0
distilbert,in_corpus,ling,ling:780,0,0
distilbert,in_corpus,ling,ling:1886,0,0
distilbert,in_corpus,ling,ling:1435,0,0
distilbert,in_corpus,ling,ling:1932,0,0
distilbert,in_corpus,ling,ling:2270,0,0
distilbert,in_corpus,ling,ling:625,0,0
distilbert,in_corpus,ling,ling:994,0,0
distilbert,in_corpus,ling,ling:2674,0,0
distilbert,in_corpus,ling,ling:1167,0,0
distilbert,in_corpus,ling,ling:244,0,0
distilbert,in_corpus,ling,ling:2549,0,0
distilbert,in_corpus,ling,ling:1370,0,0
distilbert,in_corpus,ling,ling:2721,0,0
distilbert,in_corpus,ling,ling:413,0,0
distilbert,in_corpus,ling,ling:1353,0,0
distilbert,in_corpus,ling,ling:1671,0,0
distilbert,in_corpus,ling,ling:2417,0,0
distilbert,in_corpus,ling,ling:256,0,0
distilbert,in_corpus,ling,ling:2227,0,0
distilbert,in_corpus,ling,ling:974,0,0
distilbert,in_corpus,ling,ling:1282,0,0
distilbert,in_corpus,ling,ling:2336,0,0
distilbert,in_corpus,ling,ling:1602,0,0
distilbert,in_corpus,ling,ling:1784,0,0
distilbert,in_corpus,ling,ling:1395,0,0
distilbert,in_corpus,ling,ling:2750,0,0
distilbert,in_corpus,ling,ling:1900,0,0
distilbert,in_corpus,ling,ling:2855,0,0
distilbert,in_corpus,ling,ling:2498,0,0
distilbert,in_corpus,ling,ling:554,0,0
distilbert,loco_clean,ling,ling:1902,1,1
distilbert,loco_clean,ling,ling:209,1,1
distilbert,loco_clean,ling,ling:2076,1,1
distilbert,loco_clean,ling,ling:1327,1,1
distilbert,loco_clean,ling,ling:985,1,1
distilbert,loco_clean,ling,ling:1259,1,1
distilbert,loco_clean,ling,ling:1075,1,1
distilbert,loco_clean,ling,ling:622,1,1
distilbert,loco_clean,ling,ling:2510,1,1
distilbert,loco_clean,ling,ling:178,1,1
distilbert,loco_clean,ling,ling:457,1,1
distilbert,loco_clean,ling,ling:1059,1,1
distilbert,loco_clean,ling,ling:899,1,1
distilbert,loco_clean,ling,ling:2224,1,1
distilbert,loco_clean,ling,ling:2399,1,1
distilbert,loco_clean,ling,ling:383,1,1
distilbert,loco_clean,ling,ling:2289,1,0
distilbert,loco_clean,ling,ling:1751,1,1
distilbert,loco_clean,ling,ling:2659,1,1
distilbert,loco_clean,ling,ling:492,1,1
distilbert,loco_clean,ling,ling:472,1,1
distilbert,loco_clean,ling,ling:810,1,0
distilbert,loco_clean,ling,ling:1363,1,0
distilbert,loco_clean,ling,ling:696,1,1
distilbert,loco_clean,ling,ling:1341,1,0
distilbert,loco_clean,ling,ling:2410,1,1
distilbert,loco_clean,ling,ling:481,1,1
distilbert,loco_clean,ling,ling:2820,1,1
distilbert,loco_clean,ling,ling:104,1,1
distilbert,loco_clean,ling,ling:1703,1,0
distilbert,loco_clean,ling,ling:2423,1,1
distilbert,loco_clean,ling,ling:1564,1,1
distilbert,loco_clean,ling,ling:2607,1,1
distilbert,loco_clean,ling,ling:680,1,0
distilbert,loco_clean,ling,ling:2836,1,1
distilbert,loco_clean,ling,ling:471,1,1
distilbert,loco_clean,ling,ling:1730,1,1
distilbert,loco_clean,ling,ling:2001,1,1
distilbert,loco_clean,ling,ling:729,1,1
distilbert,loco_clean,ling,ling:480,1,1
distilbert,loco_clean,ling,ling:1755,1,1
distilbert,loco_clean,ling,ling:511,1,1
distilbert,loco_clean,ling,ling:1131,1,1
distilbert,loco_clean,ling,ling:458,1,1
distilbert,loco_clean,ling,ling:981,1,1
distilbert,loco_clean,ling,ling:470,1,1
distilbert,loco_clean,ling,ling:446,1,1
distilbert,loco_clean,ling,ling:1455,1,0
distilbert,loco_clean,ling,ling:2579,1,1
distilbert,loco_clean,ling,ling:1796,1,0
distilbert,loco_clean,ling,ling:1622,1,1
distilbert,loco_clean,ling,ling:187,1,1
distilbert,loco_clean,ling,ling:1560,1,1
distilbert,loco_clean,ling,ling:1986,1,1
distilbert,loco_clean,ling,ling:2530,1,0
distilbert,loco_clean,ling,ling:2655,1,1
distilbert,loco_clean,ling,ling:112,1,1
distilbert,loco_clean,ling,ling:2504,1,1
distilbert,loco_clean,ling,ling:133,1,1
distilbert,loco_clean,ling,ling:2809,1,1
distilbert,loco_clean,ling,ling:2508,1,1
distilbert,loco_clean,ling,ling:21,1,1
distilbert,loco_clean,ling,ling:153,1,1
distilbert,loco_clean,ling,ling:1779,1,1
distilbert,loco_clean,ling,ling:2348,1,1
distilbert,loco_clean,ling,ling:384,1,1
distilbert,loco_clean,ling,ling:1233,1,1
distilbert,loco_clean,ling,ling:2461,1,1
distilbert,loco_clean,ling,ling:1878,1,1
distilbert,loco_clean,ling,ling:1296,1,1
distilbert,loco_clean,ling,ling:1939,1,1
distilbert,loco_clean,ling,ling:2447,1,1
distilbert,loco_clean,ling,ling:160,1,1
distilbert,loco_clean,ling,ling:2288,1,1
distilbert,loco_clean,ling,ling:1264,1,1
distilbert,loco_clean,ling,ling:1943,1,1
distilbert,loco_clean,ling,ling:227,1,0
distilbert,loco_clean,ling,ling:1113,1,1
distilbert,loco_clean,ling,ling:2821,1,1
distilbert,loco_clean,ling,ling:690,1,1
distilbert,loco_clean,ling,ling:2256,1,1
distilbert,loco_clean,ling,ling:2036,1,1
distilbert,loco_clean,ling,ling:1782,1,1
distilbert,loco_clean,ling,ling:157,1,1
distilbert,loco_clean,ling,ling:280,1,1
distilbert,loco_clean,ling,ling:2807,1,1
distilbert,loco_clean,ling,ling:2838,1,0
distilbert,loco_clean,ling,ling:851,1,0
distilbert,loco_clean,ling,ling:579,1,0
distilbert,loco_clean,ling,ling:385,1,1
distilbert,loco_clean,ling,ling:983,1,0
distilbert,loco_clean,ling,ling:159,1,1
distilbert,loco_clean,ling,ling:138,1,0
distilbert,loco_clean,ling,ling:435,1,0
distilbert,loco_clean,ling,ling:2555,1,1
distilbert,loco_clean,ling,ling:1999,1,1
distilbert,loco_clean,ling,ling:179,1,1
distilbert,loco_clean,ling,ling:494,1,0
distilbert,loco_clean,ling,ling:1969,1,0
distilbert,loco_clean,ling,ling:751,1,1
distilbert,loco_clean,ling,ling:2835,1,1
distilbert,loco_clean,ling,ling:2231,1,1
distilbert,loco_clean,ling,ling:580,1,1
distilbert,loco_clean,ling,ling:1551,1,1
distilbert,loco_clean,ling,ling:2487,1,1
distilbert,loco_clean,ling,ling:2451,1,1
distilbert,loco_clean,ling,ling:2527,1,1
distilbert,loco_clean,ling,ling:1479,1,1
distilbert,loco_clean,ling,ling:634,1,1
distilbert,loco_clean,ling,ling:2389,1,1
distilbert,loco_clean,ling,ling:92,1,1
distilbert,loco_clean,ling,ling:277,1,0
distilbert,loco_clean,ling,ling:1114,1,1
distilbert,loco_clean,ling,ling:801,1,1
distilbert,loco_clean,ling,ling:2466,1,1
distilbert,loco_clean,ling,ling:2223,1,1
distilbert,loco_clean,ling,ling:137,1,1
distilbert,loco_clean,ling,ling:2608,1,1
distilbert,loco_clean,ling,ling:2656,1,0
distilbert,loco_clean,ling,ling:2271,1,1
distilbert,loco_clean,ling,ling:85,1,1
distilbert,loco_clean,ling,ling:139,1,1
distilbert,loco_clean,ling,ling:2788,1,1
distilbert,loco_clean,ling,ling:401,1,1
distilbert,loco_clean,ling,ling:2627,1,1
distilbert,loco_clean,ling,ling:1666,1,1
distilbert,loco_clean,ling,ling:1093,1,1
distilbert,loco_clean,ling,ling:430,1,1
distilbert,loco_clean,ling,ling:665,1,1
distilbert,loco_clean,ling,ling:1756,1,1
distilbert,loco_clean,ling,ling:1355,1,1
distilbert,loco_clean,ling,ling:171,1,1
distilbert,loco_clean,ling,ling:1241,1,0
distilbert,loco_clean,ling,ling:1237,1,1
distilbert,loco_clean,ling,ling:168,1,1
distilbert,loco_clean,ling,ling:94,1,1
distilbert,loco_clean,ling,ling:2581,1,1
distilbert,loco_clean,ling,ling:653,1,1
distilbert,loco_clean,ling,ling:1386,1,1
distilbert,loco_clean,ling,ling:2635,1,0
distilbert,loco_clean,ling,ling:701,1,1
distilbert,loco_clean,ling,ling:685,1,1
distilbert,loco_clean,ling,ling:1547,1,1
distilbert,loco_clean,ling,ling:953,1,0
distilbert,loco_clean,ling,ling:2610,1,1
distilbert,loco_clean,ling,ling:2467,1,1
distilbert,loco_clean,ling,ling:2190,1,1
distilbert,loco_clean,ling,ling:998,1,1
distilbert,loco_clean,ling,ling:1089,1,0
distilbert,loco_clean,ling,ling:1365,1,1
distilbert,loco_clean,ling,ling:2420,0,0
distilbert,loco_clean,ling,ling:2353,0,0
distilbert,loco_clean,ling,ling:1016,0,0
distilbert,loco_clean,ling,ling:2053,0,0
distilbert,loco_clean,ling,ling:2401,0,0
distilbert,loco_clean,ling,ling:156,0,0
distilbert,loco_clean,ling,ling:1637,0,0
distilbert,loco_clean,ling,ling:2045,0,0
distilbert,loco_clean,ling,ling:1534,0,0
distilbert,loco_clean,ling,ling:1272,0,0
distilbert,loco_clean,ling,ling:2043,0,0
distilbert,loco_clean,ling,ling:125,0,0
distilbert,loco_clean,ling,ling:1434,0,0
distilbert,loco_clean,ling,ling:1810,0,0
distilbert,loco_clean,ling,ling:2275,0,0
distilbert,loco_clean,ling,ling:2137,0,0
distilbert,loco_clean,ling,ling:221,0,0
distilbert,loco_clean,ling,ling:2173,0,0
distilbert,loco_clean,ling,ling:1821,0,0
distilbert,loco_clean,ling,ling:1867,0,0
distilbert,loco_clean,ling,ling:1198,0,0
distilbert,loco_clean,ling,ling:2573,0,0
distilbert,loco_clean,ling,ling:1216,0,0
distilbert,loco_clean,ling,ling:2566,0,0
distilbert,loco_clean,ling,ling:1612,0,0
distilbert,loco_clean,ling,ling:630,0,0
distilbert,loco_clean,ling,ling:1566,0,0
distilbert,loco_clean,ling,ling:2084,0,0
distilbert,loco_clean,ling,ling:1546,0,0
distilbert,loco_clean,ling,ling:2441,0,0
distilbert,loco_clean,ling,ling:2138,0,0
distilbert,loco_clean,ling,ling:1335,0,0
distilbert,loco_clean,ling,ling:2406,0,0
distilbert,loco_clean,ling,ling:1432,0,0
distilbert,loco_clean,ling,ling:1426,0,0
distilbert,loco_clean,ling,ling:2496,0,0
distilbert,loco_clean,ling,ling:263,0,0
distilbert,loco_clean,ling,ling:556,0,0
distilbert,loco_clean,ling,ling:619,0,0
distilbert,loco_clean,ling,ling:1162,0,0
distilbert,loco_clean,ling,ling:538,0,0
distilbert,loco_clean,ling,ling:1548,0,0
distilbert,loco_clean,ling,ling:905,0,0
distilbert,loco_clean,ling,ling:692,0,0
distilbert,loco_clean,ling,ling:58,0,0
distilbert,loco_clean,ling,ling:1336,0,0
distilbert,loco_clean,ling,ling:2394,0,0
distilbert,loco_clean,ling,ling:2542,0,0
distilbert,loco_clean,ling,ling:2688,0,0
distilbert,loco_clean,ling,ling:1321,0,0
distilbert,loco_clean,ling,ling:1305,0,0
distilbert,loco_clean,ling,ling:1992,0,0
distilbert,loco_clean,ling,ling:515,0,0
distilbert,loco_clean,ling,ling:2170,0,0
distilbert,loco_clean,ling,ling:2313,0,0
distilbert,loco_clean,ling,ling:2712,0,0
distilbert,loco_clean,ling,ling:2790,0,0
distilbert,loco_clean,ling,ling:1712,0,0
distilbert,loco_clean,ling,ling:1615,0,0
distilbert,loco_clean,ling,ling:1904,0,0
distilbert,loco_clean,ling,ling:2101,0,0
distilbert,loco_clean,ling,ling:1125,0,0
distilbert,loco_clean,ling,ling:1961,0,0
distilbert,loco_clean,ling,ling:1150,0,0
distilbert,loco_clean,ling,ling:2125,0,0
distilbert,loco_clean,ling,ling:857,0,0
distilbert,loco_clean,ling,ling:1502,0,0
distilbert,loco_clean,ling,ling:499,0,0
distilbert,loco_clean,ling,ling:2252,0,0
distilbert,loco_clean,ling,ling:1254,0,0
distilbert,loco_clean,ling,ling:1673,0,0
distilbert,loco_clean,ling,ling:2319,0,0
distilbert,loco_clean,ling,ling:2757,0,0
distilbert,loco_clean,ling,ling:1980,0,0
distilbert,loco_clean,ling,ling:286,0,0
distilbert,loco_clean,ling,ling:299,0,0
distilbert,loco_clean,ling,ling:2647,0,0
distilbert,loco_clean,ling,ling:215,0,0
distilbert,loco_clean,ling,ling:908,0,0
distilbert,loco_clean,ling,ling:1740,0,0
distilbert,loco_clean,ling,ling:284,0,0
distilbert,loco_clean,ling,ling:925,0,0
distilbert,loco_clean,ling,ling:2160,0,0
distilbert,loco_clean,ling,ling:929,0,0
distilbert,loco_clean,ling,ling:666,0,0
distilbert,loco_clean,ling,ling:1038,0,0
distilbert,loco_clean,ling,ling:1352,0,0
distilbert,loco_clean,ling,ling:578,0,0
distilbert,loco_clean,ling,ling:110,0,0
distilbert,loco_clean,ling,ling:46,0,0
distilbert,loco_clean,ling,ling:1444,0,0
distilbert,loco_clean,ling,ling:778,0,0
distilbert,loco_clean,ling,ling:294,0,0
distilbert,loco_clean,ling,ling:2663,0,0
distilbert,loco_clean,ling,ling:1839,0,0
distilbert,loco_clean,ling,ling:2551,0,0
distilbert,loco_clean,ling,ling:842,0,0
distilbert,loco_clean,ling,ling:1557,0,0
distilbert,loco_clean,ling,ling:1656,0,0
distilbert,loco_clean,ling,ling:2603,0,0
distilbert,loco_clean,ling,ling:1513,0,0
distilbert,loco_clean,ling,ling:1710,0,0
distilbert,loco_clean,ling,ling:1052,0,0
distilbert,loco_clean,ling,ling:1592,0,0
distilbert,loco_clean,ling,ling:2298,0,0
distilbert,loco_clean,ling,ling:2342,0,0
distilbert,loco_clean,ling,ling:1447,0,0
distilbert,loco_clean,ling,ling:1030,0,0
distilbert,loco_clean,ling,ling:2005,0,0
distilbert,loco_clean,ling,ling:1726,0,0
distilbert,loco_clean,ling,ling:869,0,0
distilbert,loco_clean,ling,ling:2115,0,0
distilbert,loco_clean,ling,ling:2632,0,0
distilbert,loco_clean,ling,ling:2146,0,0
distilbert,loco_clean,ling,ling:958,0,0
distilbert,loco_clean,ling,ling:533,0,0
distilbert,loco_clean,ling,ling:1983,0,0
distilbert,loco_clean,ling,ling:2136,0,0
distilbert,loco_clean,ling,ling:1397,0,0
distilbert,loco_clean,ling,ling:756,0,0
distilbert,loco_clean,ling,ling:780,0,0
distilbert,loco_clean,ling,ling:1886,0,0
distilbert,loco_clean,ling,ling:1435,0,0
distilbert,loco_clean,ling,ling:1932,0,0
distilbert,loco_clean,ling,ling:2270,0,1
distilbert,loco_clean,ling,ling:625,0,0
distilbert,loco_clean,ling,ling:994,0,0
distilbert,loco_clean,ling,ling:2674,0,0
distilbert,loco_clean,ling,ling:1167,0,0
distilbert,loco_clean,ling,ling:244,0,0
distilbert,loco_clean,ling,ling:2549,0,0
distilbert,loco_clean,ling,ling:1370,0,0
distilbert,loco_clean,ling,ling:2721,0,0
distilbert,loco_clean,ling,ling:413,0,0
distilbert,loco_clean,ling,ling:1353,0,0
distilbert,loco_clean,ling,ling:1671,0,0
distilbert,loco_clean,ling,ling:2417,0,1
distilbert,loco_clean,ling,ling:256,0,0
distilbert,loco_clean,ling,ling:2227,0,0
distilbert,loco_clean,ling,ling:974,0,0
distilbert,loco_clean,ling,ling:1282,0,0
distilbert,loco_clean,ling,ling:2336,0,0
distilbert,loco_clean,ling,ling:1602,0,0
distilbert,loco_clean,ling,ling:1784,0,0
distilbert,loco_clean,ling,ling:1395,0,0
distilbert,loco_clean,ling,ling:2750,0,0
distilbert,loco_clean,ling,ling:1900,0,0
distilbert,loco_clean,ling,ling:2855,0,0
distilbert,loco_clean,ling,ling:2498,0,0
distilbert,loco_clean,ling,ling:554,0,0
distilbert,in_corpus,trec07,trec07:5165,1,1
distilbert,in_corpus,trec07,trec07:8154,1,1
distilbert,in_corpus,trec07,trec07:4573,1,1
distilbert,in_corpus,trec07,trec07:7747,1,1
distilbert,in_corpus,trec07,trec07:4979,1,1
distilbert,in_corpus,trec07,trec07:7946,1,1
distilbert,in_corpus,trec07,trec07:6775,1,1
distilbert,in_corpus,trec07,trec07:5421,1,1
distilbert,in_corpus,trec07,trec07:7579,1,1
distilbert,in_corpus,trec07,trec07:5973,1,1
distilbert,in_corpus,trec07,trec07:8126,1,1
distilbert,in_corpus,trec07,trec07:6157,1,1
distilbert,in_corpus,trec07,trec07:5509,1,1
distilbert,in_corpus,trec07,trec07:8833,1,1
distilbert,in_corpus,trec07,trec07:9537,1,1
distilbert,in_corpus,trec07,trec07:9021,1,1
distilbert,in_corpus,trec07,trec07:7926,1,1
distilbert,in_corpus,trec07,trec07:7901,1,1
distilbert,in_corpus,trec07,trec07:8495,1,1
distilbert,in_corpus,trec07,trec07:7819,1,1
distilbert,in_corpus,trec07,trec07:8373,1,1
distilbert,in_corpus,trec07,trec07:9673,1,1
distilbert,in_corpus,trec07,trec07:7109,1,1
distilbert,in_corpus,trec07,trec07:6083,1,1
distilbert,in_corpus,trec07,trec07:6123,1,1
distilbert,in_corpus,trec07,trec07:8730,1,1
distilbert,in_corpus,trec07,trec07:5443,1,1
distilbert,in_corpus,trec07,trec07:5340,1,1
distilbert,in_corpus,trec07,trec07:7071,1,1
distilbert,in_corpus,trec07,trec07:9935,1,1
distilbert,in_corpus,trec07,trec07:5031,1,1
distilbert,in_corpus,trec07,trec07:6458,1,1
distilbert,in_corpus,trec07,trec07:9208,1,1
distilbert,in_corpus,trec07,trec07:7735,1,1
distilbert,in_corpus,trec07,trec07:5455,1,1
distilbert,in_corpus,trec07,trec07:8579,1,1
distilbert,in_corpus,trec07,trec07:8007,1,1
distilbert,in_corpus,trec07,trec07:7181,1,1
distilbert,in_corpus,trec07,trec07:7234,1,1
distilbert,in_corpus,trec07,trec07:7575,1,1
distilbert,in_corpus,trec07,trec07:5615,1,1
distilbert,in_corpus,trec07,trec07:8919,1,1
distilbert,in_corpus,trec07,trec07:8041,1,1
distilbert,in_corpus,trec07,trec07:8645,1,1
distilbert,in_corpus,trec07,trec07:6310,1,1
distilbert,in_corpus,trec07,trec07:6041,1,1
distilbert,in_corpus,trec07,trec07:5940,1,1
distilbert,in_corpus,trec07,trec07:8598,1,1
distilbert,in_corpus,trec07,trec07:8381,1,1
distilbert,in_corpus,trec07,trec07:7734,1,1
distilbert,in_corpus,trec07,trec07:6929,1,1
distilbert,in_corpus,trec07,trec07:9598,1,1
distilbert,in_corpus,trec07,trec07:7480,1,1
distilbert,in_corpus,trec07,trec07:8749,1,1
distilbert,in_corpus,trec07,trec07:5316,1,1
distilbert,in_corpus,trec07,trec07:4707,1,1
distilbert,in_corpus,trec07,trec07:5795,1,1
distilbert,in_corpus,trec07,trec07:7061,1,1
distilbert,in_corpus,trec07,trec07:6158,1,1
distilbert,in_corpus,trec07,trec07:5752,1,1
distilbert,in_corpus,trec07,trec07:9551,1,1
distilbert,in_corpus,trec07,trec07:4619,1,1
distilbert,in_corpus,trec07,trec07:5223,1,1
distilbert,in_corpus,trec07,trec07:6888,1,1
distilbert,in_corpus,trec07,trec07:6205,1,1
distilbert,in_corpus,trec07,trec07:6816,1,1
distilbert,in_corpus,trec07,trec07:8724,1,1
distilbert,in_corpus,trec07,trec07:4859,1,1
distilbert,in_corpus,trec07,trec07:8376,1,1
distilbert,in_corpus,trec07,trec07:6741,1,1
distilbert,in_corpus,trec07,trec07:8067,1,1
distilbert,in_corpus,trec07,trec07:7707,1,1
distilbert,in_corpus,trec07,trec07:8921,1,1
distilbert,in_corpus,trec07,trec07:6707,1,1
distilbert,in_corpus,trec07,trec07:4555,1,1
distilbert,in_corpus,trec07,trec07:9303,1,1
distilbert,in_corpus,trec07,trec07:9991,1,1
distilbert,in_corpus,trec07,trec07:5728,1,1
distilbert,in_corpus,trec07,trec07:5613,1,1
distilbert,in_corpus,trec07,trec07:9692,1,1
distilbert,in_corpus,trec07,trec07:5405,1,1
distilbert,in_corpus,trec07,trec07:7360,1,1
distilbert,in_corpus,trec07,trec07:4672,1,1
distilbert,in_corpus,trec07,trec07:8417,1,1
distilbert,in_corpus,trec07,trec07:4708,1,1
distilbert,in_corpus,trec07,trec07:5698,1,1
distilbert,in_corpus,trec07,trec07:4624,1,1
distilbert,in_corpus,trec07,trec07:8084,1,1
distilbert,in_corpus,trec07,trec07:8518,1,1
distilbert,in_corpus,trec07,trec07:9719,1,1
distilbert,in_corpus,trec07,trec07:8341,1,1
distilbert,in_corpus,trec07,trec07:5291,1,1
distilbert,in_corpus,trec07,trec07:5138,1,1
distilbert,in_corpus,trec07,trec07:8989,1,1
distilbert,in_corpus,trec07,trec07:7242,1,1
distilbert,in_corpus,trec07,trec07:6362,1,1
distilbert,in_corpus,trec07,trec07:8795,1,1
distilbert,in_corpus,trec07,trec07:8289,1,1
distilbert,in_corpus,trec07,trec07:9763,1,1
distilbert,in_corpus,trec07,trec07:6897,1,1
distilbert,in_corpus,trec07,trec07:4941,1,1
distilbert,in_corpus,trec07,trec07:6734,1,1
distilbert,in_corpus,trec07,trec07:6946,1,1
distilbert,in_corpus,trec07,trec07:8220,1,1
distilbert,in_corpus,trec07,trec07:7871,1,1
distilbert,in_corpus,trec07,trec07:7484,1,1
distilbert,in_corpus,trec07,trec07:5635,1,1
distilbert,in_corpus,trec07,trec07:5977,1,1
distilbert,in_corpus,trec07,trec07:9192,1,1
distilbert,in_corpus,trec07,trec07:6497,1,1
distilbert,in_corpus,trec07,trec07:4837,1,1
distilbert,in_corpus,trec07,trec07:9379,1,1
distilbert,in_corpus,trec07,trec07:5750,1,1
distilbert,in_corpus,trec07,trec07:5782,1,1
distilbert,in_corpus,trec07,trec07:8811,1,1
distilbert,in_corpus,trec07,trec07:5572,1,1
distilbert,in_corpus,trec07,trec07:9140,1,1
distilbert,in_corpus,trec07,trec07:9327,1,1
distilbert,in_corpus,trec07,trec07:4548,1,1
distilbert,in_corpus,trec07,trec07:6849,1,1
distilbert,in_corpus,trec07,trec07:6792,1,1
distilbert,in_corpus,trec07,trec07:6258,1,1
distilbert,in_corpus,trec07,trec07:7435,1,1
distilbert,in_corpus,trec07,trec07:9779,1,1
distilbert,in_corpus,trec07,trec07:6025,1,1
distilbert,in_corpus,trec07,trec07:9004,1,1
distilbert,in_corpus,trec07,trec07:7455,1,1
distilbert,in_corpus,trec07,trec07:8555,1,1
distilbert,in_corpus,trec07,trec07:7142,1,1
distilbert,in_corpus,trec07,trec07:8670,1,1
distilbert,in_corpus,trec07,trec07:6972,1,1
distilbert,in_corpus,trec07,trec07:8256,1,1
distilbert,in_corpus,trec07,trec07:8977,1,1
distilbert,in_corpus,trec07,trec07:7387,1,1
distilbert,in_corpus,trec07,trec07:5287,1,1
distilbert,in_corpus,trec07,trec07:7005,1,1
distilbert,in_corpus,trec07,trec07:9373,1,1
distilbert,in_corpus,trec07,trec07:9835,1,1
distilbert,in_corpus,trec07,trec07:9076,1,1
distilbert,in_corpus,trec07,trec07:5084,1,1
distilbert,in_corpus,trec07,trec07:7874,1,1
distilbert,in_corpus,trec07,trec07:9410,1,1
distilbert,in_corpus,trec07,trec07:5845,1,1
distilbert,in_corpus,trec07,trec07:8842,1,1
distilbert,in_corpus,trec07,trec07:7739,1,1
distilbert,in_corpus,trec07,trec07:6183,1,1
distilbert,in_corpus,trec07,trec07:9725,1,1
distilbert,in_corpus,trec07,trec07:7716,1,0
distilbert,in_corpus,trec07,trec07:9178,1,1
distilbert,in_corpus,trec07,trec07:9571,1,1
distilbert,in_corpus,trec07,trec07:1647,0,0
distilbert,in_corpus,trec07,trec07:1476,0,0
distilbert,in_corpus,trec07,trec07:2111,0,0
distilbert,in_corpus,trec07,trec07:3610,0,0
distilbert,in_corpus,trec07,trec07:691,0,0
distilbert,in_corpus,trec07,trec07:2655,0,0
distilbert,in_corpus,trec07,trec07:1662,0,0
distilbert,in_corpus,trec07,trec07:3248,0,0
distilbert,in_corpus,trec07,trec07:415,0,0
distilbert,in_corpus,trec07,trec07:3121,0,0
distilbert,in_corpus,trec07,trec07:683,0,0
distilbert,in_corpus,trec07,trec07:1580,0,0
distilbert,in_corpus,trec07,trec07:2328,0,1
distilbert,in_corpus,trec07,trec07:1164,0,0
distilbert,in_corpus,trec07,trec07:1344,0,0
distilbert,in_corpus,trec07,trec07:3838,0,0
distilbert,in_corpus,trec07,trec07:3417,0,0
distilbert,in_corpus,trec07,trec07:2700,0,0
distilbert,in_corpus,trec07,trec07:3935,0,0
distilbert,in_corpus,trec07,trec07:1106,0,0
distilbert,in_corpus,trec07,trec07:1937,0,0
distilbert,in_corpus,trec07,trec07:2276,0,0
distilbert,in_corpus,trec07,trec07:800,0,0
distilbert,in_corpus,trec07,trec07:2018,0,0
distilbert,in_corpus,trec07,trec07:23,0,0
distilbert,in_corpus,trec07,trec07:2252,0,0
distilbert,in_corpus,trec07,trec07:8,0,0
distilbert,in_corpus,trec07,trec07:3985,0,0
distilbert,in_corpus,trec07,trec07:1745,0,0
distilbert,in_corpus,trec07,trec07:3595,0,0
distilbert,in_corpus,trec07,trec07:2023,0,0
distilbert,in_corpus,trec07,trec07:199,0,0
distilbert,in_corpus,trec07,trec07:3628,0,0
distilbert,in_corpus,trec07,trec07:4363,0,0
distilbert,in_corpus,trec07,trec07:69,0,0
distilbert,in_corpus,trec07,trec07:3671,0,0
distilbert,in_corpus,trec07,trec07:1880,0,0
distilbert,in_corpus,trec07,trec07:240,0,0
distilbert,in_corpus,trec07,trec07:3543,0,0
distilbert,in_corpus,trec07,trec07:1103,0,0
distilbert,in_corpus,trec07,trec07:4135,0,0
distilbert,in_corpus,trec07,trec07:3338,0,0
distilbert,in_corpus,trec07,trec07:4226,0,0
distilbert,in_corpus,trec07,trec07:4093,0,0
distilbert,in_corpus,trec07,trec07:1084,0,0
distilbert,in_corpus,trec07,trec07:416,0,0
distilbert,in_corpus,trec07,trec07:2014,0,0
distilbert,in_corpus,trec07,trec07:3259,0,0
distilbert,in_corpus,trec07,trec07:3814,0,0
distilbert,in_corpus,trec07,trec07:252,0,1
distilbert,in_corpus,trec07,trec07:3333,0,0
distilbert,in_corpus,trec07,trec07:1432,0,0
distilbert,in_corpus,trec07,trec07:3043,0,0
distilbert,in_corpus,trec07,trec07:2088,0,0
distilbert,in_corpus,trec07,trec07:1020,0,0
distilbert,in_corpus,trec07,trec07:3733,0,0
distilbert,in_corpus,trec07,trec07:1073,0,0
distilbert,in_corpus,trec07,trec07:3286,0,0
distilbert,in_corpus,trec07,trec07:4206,0,0
distilbert,in_corpus,trec07,trec07:3003,0,0
distilbert,in_corpus,trec07,trec07:4413,0,0
distilbert,in_corpus,trec07,trec07:869,0,0
distilbert,in_corpus,trec07,trec07:2927,0,0
distilbert,in_corpus,trec07,trec07:1767,0,0
distilbert,in_corpus,trec07,trec07:4536,0,0
distilbert,in_corpus,trec07,trec07:4260,0,0
distilbert,in_corpus,trec07,trec07:29,0,0
distilbert,in_corpus,trec07,trec07:3331,0,0
distilbert,in_corpus,trec07,trec07:2962,0,0
distilbert,in_corpus,trec07,trec07:4339,0,0
distilbert,in_corpus,trec07,trec07:4253,0,0
distilbert,in_corpus,trec07,trec07:2092,0,0
distilbert,in_corpus,trec07,trec07:2877,0,0
distilbert,in_corpus,trec07,trec07:538,0,0
distilbert,in_corpus,trec07,trec07:2086,0,0
distilbert,in_corpus,trec07,trec07:1606,0,0
distilbert,in_corpus,trec07,trec07:429,0,0
distilbert,in_corpus,trec07,trec07:3024,0,0
distilbert,in_corpus,trec07,trec07:1126,0,0
distilbert,in_corpus,trec07,trec07:2422,0,0
distilbert,in_corpus,trec07,trec07:705,0,0
distilbert,in_corpus,trec07,trec07:3459,0,0
distilbert,in_corpus,trec07,trec07:2283,0,0
distilbert,in_corpus,trec07,trec07:555,0,0
distilbert,in_corpus,trec07,trec07:3083,0,0
distilbert,in_corpus,trec07,trec07:3684,0,0
distilbert,in_corpus,trec07,trec07:2260,0,0
distilbert,in_corpus,trec07,trec07:776,0,0
distilbert,in_corpus,trec07,trec07:1498,0,0
distilbert,in_corpus,trec07,trec07:179,0,0
distilbert,in_corpus,trec07,trec07:4118,0,0
distilbert,in_corpus,trec07,trec07:2676,0,0
distilbert,in_corpus,trec07,trec07:297,0,0
distilbert,in_corpus,trec07,trec07:3093,0,0
distilbert,in_corpus,trec07,trec07:3846,0,0
distilbert,in_corpus,trec07,trec07:3673,0,0
distilbert,in_corpus,trec07,trec07:1615,0,0
distilbert,in_corpus,trec07,trec07:478,0,0
distilbert,in_corpus,trec07,trec07:4024,0,0
distilbert,in_corpus,trec07,trec07:1192,0,0
distilbert,in_corpus,trec07,trec07:3638,0,0
distilbert,in_corpus,trec07,trec07:1302,0,0
distilbert,in_corpus,trec07,trec07:3400,0,0
distilbert,in_corpus,trec07,trec07:2321,0,0
distilbert,in_corpus,trec07,trec07:1170,0,1
distilbert,in_corpus,trec07,trec07:2614,0,0
distilbert,in_corpus,trec07,trec07:238,0,0
distilbert,in_corpus,trec07,trec07:2755,0,0
distilbert,in_corpus,trec07,trec07:1652,0,0
distilbert,in_corpus,trec07,trec07:1649,0,0
distilbert,in_corpus,trec07,trec07:807,0,0
distilbert,in_corpus,trec07,trec07:3972,0,0
distilbert,in_corpus,trec07,trec07:4468,0,0
distilbert,in_corpus,trec07,trec07:1552,0,0
distilbert,in_corpus,trec07,trec07:443,0,1
distilbert,in_corpus,trec07,trec07:4520,0,0
distilbert,in_corpus,trec07,trec07:3728,0,0
distilbert,in_corpus,trec07,trec07:1116,0,0
distilbert,in_corpus,trec07,trec07:1162,0,0
distilbert,in_corpus,trec07,trec07:296,0,0
distilbert,in_corpus,trec07,trec07:2646,0,1
distilbert,in_corpus,trec07,trec07:3111,0,0
distilbert,in_corpus,trec07,trec07:3372,0,0
distilbert,in_corpus,trec07,trec07:33,0,0
distilbert,in_corpus,trec07,trec07:530,0,0
distilbert,in_corpus,trec07,trec07:3469,0,0
distilbert,in_corpus,trec07,trec07:1330,0,0
distilbert,in_corpus,trec07,trec07:3760,0,0
distilbert,in_corpus,trec07,trec07:350,0,0
distilbert,in_corpus,trec07,trec07:1627,0,0
distilbert,in_corpus,trec07,trec07:414,0,0
distilbert,in_corpus,trec07,trec07:151,0,0
distilbert,in_corpus,trec07,trec07:4105,0,0
distilbert,in_corpus,trec07,trec07:2740,0,0
distilbert,in_corpus,trec07,trec07:4254,0,0
distilbert,in_corpus,trec07,trec07:2668,0,0
distilbert,in_corpus,trec07,trec07:1504,0,0
distilbert,in_corpus,trec07,trec07:1842,0,0
distilbert,in_corpus,trec07,trec07:3235,0,0
distilbert,in_corpus,trec07,trec07:945,0,0
distilbert,in_corpus,trec07,trec07:4152,0,0
distilbert,in_corpus,trec07,trec07:1786,0,0
distilbert,in_corpus,trec07,trec07:2135,0,0
distilbert,in_corpus,trec07,trec07:4166,0,0
distilbert,in_corpus,trec07,trec07:2029,0,0
distilbert,in_corpus,trec07,trec07:3047,0,0
distilbert,in_corpus,trec07,trec07:1173,0,0
distilbert,in_corpus,trec07,trec07:1773,0,0
distilbert,in_corpus,trec07,trec07:1032,0,0
distilbert,in_corpus,trec07,trec07:4459,0,0
distilbert,loco_clean,nazario,nazario:1523,1,1
distilbert,loco_clean,nazario,nazario:270,1,1
distilbert,loco_clean,nazario,nazario:353,1,1
distilbert,loco_clean,nazario,nazario:354,1,0
distilbert,loco_clean,nazario,nazario:916,1,0
distilbert,loco_clean,nazario,nazario:240,1,1
distilbert,loco_clean,nazario,nazario:352,1,1
distilbert,loco_clean,nazario,nazario:1372,1,0
distilbert,loco_clean,nazario,nazario:416,1,1
distilbert,loco_clean,nazario,nazario:1046,1,1
distilbert,loco_clean,nazario,nazario:1188,1,0
distilbert,loco_clean,nazario,nazario:351,1,1
distilbert,loco_clean,nazario,nazario:65,1,0
distilbert,loco_clean,nazario,nazario:1243,1,1
distilbert,loco_clean,nazario,nazario:30,1,1
distilbert,loco_clean,nazario,nazario:1265,1,1
distilbert,loco_clean,nazario,nazario:1316,1,1
distilbert,loco_clean,nazario,nazario:1504,1,1
distilbert,loco_clean,nazario,nazario:175,1,1
distilbert,loco_clean,nazario,nazario:168,1,1
distilbert,loco_clean,nazario,nazario:985,1,0
distilbert,loco_clean,nazario,nazario:1359,1,1
distilbert,loco_clean,nazario,nazario:532,1,1
distilbert,loco_clean,nazario,nazario:1173,1,1
distilbert,loco_clean,nazario,nazario:522,1,0
distilbert,loco_clean,nazario,nazario:1520,1,1
distilbert,loco_clean,nazario,nazario:438,1,1
distilbert,loco_clean,nazario,nazario:239,1,1
distilbert,loco_clean,nazario,nazario:765,1,1
distilbert,loco_clean,nazario,nazario:59,1,1
distilbert,loco_clean,nazario,nazario:405,1,1
distilbert,loco_clean,nazario,nazario:711,1,1
distilbert,loco_clean,nazario,nazario:478,1,1
distilbert,loco_clean,nazario,nazario:162,1,1
distilbert,loco_clean,nazario,nazario:888,1,1
distilbert,loco_clean,nazario,nazario:859,1,1
distilbert,loco_clean,nazario,nazario:1182,1,0
distilbert,loco_clean,nazario,nazario:1542,1,1
distilbert,loco_clean,nazario,nazario:471,1,1
distilbert,loco_clean,nazario,nazario:184,1,0
distilbert,loco_clean,nazario,nazario:701,1,1
distilbert,loco_clean,nazario,nazario:1288,1,0
distilbert,loco_clean,nazario,nazario:494,1,1
distilbert,loco_clean,nazario,nazario:1216,1,1
distilbert,loco_clean,nazario,nazario:380,1,0
distilbert,loco_clean,nazario,nazario:1381,1,1
distilbert,loco_clean,nazario,nazario:692,1,1
distilbert,loco_clean,nazario,nazario:610,1,1
distilbert,loco_clean,nazario,nazario:1321,1,1
distilbert,loco_clean,nazario,nazario:339,1,1
distilbert,loco_clean,nazario,nazario:124,1,1
distilbert,loco_clean,nazario,nazario:974,1,0
distilbert,loco_clean,nazario,nazario:275,1,1
distilbert,loco_clean,nazario,nazario:986,1,0
distilbert,loco_clean,nazario,nazario:1144,1,1
distilbert,loco_clean,nazario,nazario:1259,1,1
distilbert,loco_clean,nazario,nazario:806,1,1
distilbert,loco_clean,nazario,nazario:1156,1,1
distilbert,loco_clean,nazario,nazario:672,1,1
distilbert,loco_clean,nazario,nazario:23,1,1
distilbert,loco_clean,nazario,nazario:1189,1,1
distilbert,loco_clean,nazario,nazario:203,1,1
distilbert,loco_clean,nazario,nazario:371,1,1
distilbert,loco_clean,nazario,nazario:49,1,1
distilbert,loco_clean,nazario,nazario:824,1,1
distilbert,loco_clean,nazario,nazario:1430,1,1
distilbert,loco_clean,nazario,nazario:670,1,1
distilbert,loco_clean,nazario,nazario:617,1,1
distilbert,loco_clean,nazario,nazario:271,1,1
distilbert,loco_clean,nazario,nazario:428,1,1
distilbert,loco_clean,nazario,nazario:720,1,0
distilbert,loco_clean,nazario,nazario:1211,1,0
distilbert,loco_clean,nazario,nazario:123,1,1
distilbert,loco_clean,nazario,nazario:1376,1,0
distilbert,loco_clean,nazario,nazario:237,1,1
distilbert,loco_clean,nazario,nazario:1203,1,0
distilbert,loco_clean,nazario,nazario:198,1,1
distilbert,loco_clean,nazario,nazario:199,1,1
distilbert,loco_clean,nazario,nazario:914,1,1
distilbert,loco_clean,nazario,nazario:1102,1,1
distilbert,loco_clean,nazario,nazario:1247,1,1
distilbert,loco_clean,nazario,nazario:1235,1,0
distilbert,loco_clean,nazario,nazario:99,1,1
distilbert,loco_clean,nazario,nazario:332,1,1
distilbert,loco_clean,nazario,nazario:51,1,1
distilbert,loco_clean,nazario,nazario:70,1,1
distilbert,loco_clean,nazario,nazario:1362,1,1
distilbert,loco_clean,nazario,nazario:76,1,0
distilbert,loco_clean,nazario,nazario:1000,1,1
distilbert,loco_clean,nazario,nazario:922,1,1
distilbert,loco_clean,nazario,nazario:141,1,1
distilbert,loco_clean,nazario,nazario:1446,1,1
distilbert,loco_clean,nazario,nazario:1179,1,1
distilbert,loco_clean,nazario,nazario:988,1,0
distilbert,loco_clean,nazario,nazario:907,1,1
distilbert,loco_clean,nazario,nazario:993,1,1
distilbert,loco_clean,nazario,nazario:1531,1,0
distilbert,loco_clean,nazario,nazario:220,1,1
distilbert,loco_clean,nazario,nazario:331,1,1
distilbert,loco_clean,nazario,nazario:926,1,1
distilbert,loco_clean,nazario,nazario:185,1,1
distilbert,loco_clean,nazario,nazario:381,1,1
distilbert,loco_clean,nazario,nazario:1277,1,1
distilbert,loco_clean,nazario,nazario:261,1,1
distilbert,loco_clean,nazario,nazario:1420,1,1
distilbert,loco_clean,nazario,nazario:1027,1,1
distilbert,loco_clean,nazario,nazario:1435,1,1
distilbert,loco_clean,nazario,nazario:1450,1,0
distilbert,loco_clean,nazario,nazario:135,1,1
distilbert,loco_clean,nazario,nazario:1461,1,0
distilbert,loco_clean,nazario,nazario:490,1,0
distilbert,loco_clean,nazario,nazario:527,1,1
distilbert,loco_clean,nazario,nazario:1548,1,0
distilbert,loco_clean,nazario,nazario:774,1,1
distilbert,loco_clean,nazario,nazario:67,1,1
distilbert,loco_clean,nazario,nazario:383,1,1
distilbert,loco_clean,nazario,nazario:1252,1,1
distilbert,loco_clean,nazario,nazario:309,1,1
distilbert,loco_clean,nazario,nazario:1212,1,0
distilbert,loco_clean,nazario,nazario:976,1,0
distilbert,loco_clean,nazario,nazario:940,1,1
distilbert,loco_clean,nazario,nazario:1539,1,0
distilbert,loco_clean,nazario,nazario:869,1,1
distilbert,loco_clean,nazario,nazario:718,1,1
distilbert,loco_clean,nazario,nazario:415,1,1
distilbert,loco_clean,nazario,nazario:1098,1,0
distilbert,loco_clean,nazario,nazario:1040,1,1
distilbert,loco_clean,nazario,nazario:29,1,1
distilbert,loco_clean,nazario,nazario:367,1,1
distilbert,loco_clean,nazario,nazario:1421,1,1
distilbert,loco_clean,nazario,nazario:485,1,1
distilbert,loco_clean,nazario,nazario:631,1,1
distilbert,loco_clean,nazario,nazario:602,1,1
distilbert,loco_clean,nazario,nazario:350,1,1
distilbert,loco_clean,nazario,nazario:818,1,0
distilbert,loco_clean,nazario,nazario:1342,1,0
distilbert,loco_clean,nazario,nazario:366,1,0
distilbert,loco_clean,nazario,nazario:1108,1,1
distilbert,loco_clean,nazario,nazario:598,1,1
distilbert,loco_clean,nazario,nazario:1213,1,0
distilbert,loco_clean,nazario,nazario:427,1,1
distilbert,loco_clean,nazario,nazario:679,1,1
distilbert,loco_clean,nazario,nazario:964,1,1
distilbert,loco_clean,nazario,nazario:413,1,1
distilbert,loco_clean,nazario,nazario:743,1,1
distilbert,loco_clean,nazario,nazario:1398,1,0
distilbert,loco_clean,nazario,nazario:678,1,1
distilbert,loco_clean,nazario,nazario:1176,1,0
distilbert,loco_clean,nazario,nazario:982,1,1
distilbert,loco_clean,nazario,nazario:1029,1,0
distilbert,in_corpus,spamassassin,spamassassin:4742,1,1
distilbert,in_corpus,spamassassin,spamassassin:5215,1,1
distilbert,in_corpus,spamassassin,spamassassin:5738,1,1
distilbert,in_corpus,spamassassin,spamassassin:4496,1,1
distilbert,in_corpus,spamassassin,spamassassin:4625,1,1
distilbert,in_corpus,spamassassin,spamassassin:5468,1,1
distilbert,in_corpus,spamassassin,spamassassin:5352,1,1
distilbert,in_corpus,spamassassin,spamassassin:4114,1,1
distilbert,in_corpus,spamassassin,spamassassin:4693,1,1
distilbert,in_corpus,spamassassin,spamassassin:5201,1,1
distilbert,in_corpus,spamassassin,spamassassin:5497,1,1
distilbert,in_corpus,spamassassin,spamassassin:5378,1,1
distilbert,in_corpus,spamassassin,spamassassin:4430,1,1
distilbert,in_corpus,spamassassin,spamassassin:5746,1,1
distilbert,in_corpus,spamassassin,spamassassin:4692,1,1
distilbert,in_corpus,spamassassin,spamassassin:4394,1,1
distilbert,in_corpus,spamassassin,spamassassin:5420,1,1
distilbert,in_corpus,spamassassin,spamassassin:5471,1,1
distilbert,in_corpus,spamassassin,spamassassin:5118,1,1
distilbert,in_corpus,spamassassin,spamassassin:5301,1,1
distilbert,in_corpus,spamassassin,spamassassin:5185,1,1
distilbert,in_corpus,spamassassin,spamassassin:5721,1,1
distilbert,in_corpus,spamassassin,spamassassin:5037,1,1
distilbert,in_corpus,spamassassin,spamassassin:4473,1,1
distilbert,in_corpus,spamassassin,spamassassin:4169,1,1
distilbert,in_corpus,spamassassin,spamassassin:5027,1,1
distilbert,in_corpus,spamassassin,spamassassin:4907,1,1
distilbert,in_corpus,spamassassin,spamassassin:4553,1,1
distilbert,in_corpus,spamassassin,spamassassin:4422,1,1
distilbert,in_corpus,spamassassin,spamassassin:5012,1,1
distilbert,in_corpus,spamassassin,spamassassin:5781,1,1
distilbert,in_corpus,spamassassin,spamassassin:5503,1,1
distilbert,in_corpus,spamassassin,spamassassin:4848,1,1
distilbert,in_corpus,spamassassin,spamassassin:4520,1,1
distilbert,in_corpus,spamassassin,spamassassin:5509,1,1
distilbert,in_corpus,spamassassin,spamassassin:5628,1,1
distilbert,in_corpus,spamassassin,spamassassin:4617,1,1
distilbert,in_corpus,spamassassin,spamassassin:5362,1,1
distilbert,in_corpus,spamassassin,spamassassin:4792,1,1
distilbert,in_corpus,spamassassin,spamassassin:5791,1,1
distilbert,in_corpus,spamassassin,spamassassin:4389,1,1
distilbert,in_corpus,spamassassin,spamassassin:4276,1,1
distilbert,in_corpus,spamassassin,spamassassin:4869,1,1
distilbert,in_corpus,spamassassin,spamassassin:4433,1,1
distilbert,in_corpus,spamassassin,spamassassin:5169,1,1
distilbert,in_corpus,spamassassin,spamassassin:5410,1,1
distilbert,in_corpus,spamassassin,spamassassin:5740,1,1
distilbert,in_corpus,spamassassin,spamassassin:5677,1,1
distilbert,in_corpus,spamassassin,spamassassin:4673,1,1
distilbert,in_corpus,spamassassin,spamassassin:5597,1,1
distilbert,in_corpus,spamassassin,spamassassin:4541,1,1
distilbert,in_corpus,spamassassin,spamassassin:4505,1,1
distilbert,in_corpus,spamassassin,spamassassin:5751,1,1
distilbert,in_corpus,spamassassin,spamassassin:4279,1,1
distilbert,in_corpus,spamassassin,spamassassin:5300,1,1
distilbert,in_corpus,spamassassin,spamassassin:4140,1,1
distilbert,in_corpus,spamassassin,spamassassin:5057,1,0
distilbert,in_corpus,spamassassin,spamassassin:5667,1,1
distilbert,in_corpus,spamassassin,spamassassin:5325,1,0
distilbert,in_corpus,spamassassin,spamassassin:4964,1,1
distilbert,in_corpus,spamassassin,spamassassin:4680,1,1
distilbert,in_corpus,spamassassin,spamassassin:4950,1,1
distilbert,in_corpus,spamassassin,spamassassin:4569,1,1
distilbert,in_corpus,spamassassin,spamassassin:4226,1,1
distilbert,in_corpus,spamassassin,spamassassin:5743,1,1
distilbert,in_corpus,spamassassin,spamassassin:5144,1,0
distilbert,in_corpus,spamassassin,spamassassin:5001,1,1
distilbert,in_corpus,spamassassin,spamassassin:5326,1,1
distilbert,in_corpus,spamassassin,spamassassin:4773,1,1
distilbert,in_corpus,spamassassin,spamassassin:4827,1,1
distilbert,in_corpus,spamassassin,spamassassin:4407,1,1
distilbert,in_corpus,spamassassin,spamassassin:5769,1,1
distilbert,in_corpus,spamassassin,spamassassin:4570,1,1
distilbert,in_corpus,spamassassin,spamassassin:5350,1,1
distilbert,in_corpus,spamassassin,spamassassin:5689,1,1
distilbert,in_corpus,spamassassin,spamassassin:4768,1,1
distilbert,in_corpus,spamassassin,spamassassin:4868,1,1
distilbert,in_corpus,spamassassin,spamassassin:4161,1,1
distilbert,in_corpus,spamassassin,spamassassin:5080,1,1
distilbert,in_corpus,spamassassin,spamassassin:4160,1,1
distilbert,in_corpus,spamassassin,spamassassin:5629,1,1
distilbert,in_corpus,spamassassin,spamassassin:4555,1,1
distilbert,in_corpus,spamassassin,spamassassin:4362,1,1
distilbert,in_corpus,spamassassin,spamassassin:4415,1,1
distilbert,in_corpus,spamassassin,spamassassin:5615,1,1
distilbert,in_corpus,spamassassin,spamassassin:4784,1,1
distilbert,in_corpus,spamassassin,spamassassin:5360,1,1
distilbert,in_corpus,spamassassin,spamassassin:4156,1,1
distilbert,in_corpus,spamassassin,spamassassin:5683,1,1
distilbert,in_corpus,spamassassin,spamassassin:4803,1,1
distilbert,in_corpus,spamassassin,spamassassin:5684,1,1
distilbert,in_corpus,spamassassin,spamassassin:5427,1,1
distilbert,in_corpus,spamassassin,spamassassin:4562,1,1
distilbert,in_corpus,spamassassin,spamassassin:5386,1,1
distilbert,in_corpus,spamassassin,spamassassin:4342,1,1
distilbert,in_corpus,spamassassin,spamassassin:5059,1,1
distilbert,in_corpus,spamassassin,spamassassin:4120,1,1
distilbert,in_corpus,spamassassin,spamassassin:4485,1,1
distilbert,in_corpus,spamassassin,spamassassin:4970,1,1
distilbert,in_corpus,spamassassin,spamassassin:4345,1,1
distilbert,in_corpus,spamassassin,spamassassin:5079,1,1
distilbert,in_corpus,spamassassin,spamassassin:4705,1,1
distilbert,in_corpus,spamassassin,spamassassin:4121,1,1
distilbert,in_corpus,spamassassin,spamassassin:5180,1,1
distilbert,in_corpus,spamassassin,spamassassin:4206,1,1
distilbert,in_corpus,spamassassin,spamassassin:5708,1,1
distilbert,in_corpus,spamassassin,spamassassin:4458,1,1
distilbert,in_corpus,spamassassin,spamassassin:4711,1,0
distilbert,in_corpus,spamassassin,spamassassin:4572,1,1
distilbert,in_corpus,spamassassin,spamassassin:4586,1,1
distilbert,in_corpus,spamassassin,spamassassin:5763,1,1
distilbert,in_corpus,spamassassin,spamassassin:4190,1,1
distilbert,in_corpus,spamassassin,spamassassin:5208,1,1
distilbert,in_corpus,spamassassin,spamassassin:5323,1,1
distilbert,in_corpus,spamassassin,spamassassin:4338,1,1
distilbert,in_corpus,spamassassin,spamassassin:4544,1,1
distilbert,in_corpus,spamassassin,spamassassin:5640,1,0
distilbert,in_corpus,spamassassin,spamassassin:4264,1,1
distilbert,in_corpus,spamassassin,spamassassin:4865,1,1
distilbert,in_corpus,spamassassin,spamassassin:4955,1,1
distilbert,in_corpus,spamassassin,spamassassin:4700,1,1
distilbert,in_corpus,spamassassin,spamassassin:4897,1,1
distilbert,in_corpus,spamassassin,spamassassin:5727,1,1
distilbert,in_corpus,spamassassin,spamassassin:4923,1,1
distilbert,in_corpus,spamassassin,spamassassin:5076,1,1
distilbert,in_corpus,spamassassin,spamassassin:4802,1,1
distilbert,in_corpus,spamassassin,spamassassin:5785,1,1
distilbert,in_corpus,spamassassin,spamassassin:5425,1,1
distilbert,in_corpus,spamassassin,spamassassin:4516,1,1
distilbert,in_corpus,spamassassin,spamassassin:4123,1,0
distilbert,in_corpus,spamassassin,spamassassin:5331,1,1
distilbert,in_corpus,spamassassin,spamassassin:5250,1,1
distilbert,in_corpus,spamassassin,spamassassin:5344,1,1
distilbert,in_corpus,spamassassin,spamassassin:5064,1,1
distilbert,in_corpus,spamassassin,spamassassin:5021,1,1
distilbert,in_corpus,spamassassin,spamassassin:4577,1,1
distilbert,in_corpus,spamassassin,spamassassin:4871,1,1
distilbert,in_corpus,spamassassin,spamassassin:4294,1,1
distilbert,in_corpus,spamassassin,spamassassin:4679,1,1
distilbert,in_corpus,spamassassin,spamassassin:4135,1,1
distilbert,in_corpus,spamassassin,spamassassin:4651,1,1
distilbert,in_corpus,spamassassin,spamassassin:4621,1,1
distilbert,in_corpus,spamassassin,spamassassin:5023,1,1
distilbert,in_corpus,spamassassin,spamassassin:5474,1,1
distilbert,in_corpus,spamassassin,spamassassin:4150,1,1
distilbert,in_corpus,spamassassin,spamassassin:4530,1,1
distilbert,in_corpus,spamassassin,spamassassin:4330,1,1
distilbert,in_corpus,spamassassin,spamassassin:5098,1,1
distilbert,in_corpus,spamassassin,spamassassin:4388,1,1
distilbert,in_corpus,spamassassin,spamassassin:5724,1,1
distilbert,in_corpus,spamassassin,spamassassin:599,0,0
distilbert,in_corpus,spamassassin,spamassassin:752,0,0
distilbert,in_corpus,spamassassin,spamassassin:2019,0,0
distilbert,in_corpus,spamassassin,spamassassin:1001,0,0
distilbert,in_corpus,spamassassin,spamassassin:3567,0,0
distilbert,in_corpus,spamassassin,spamassassin:4065,0,0
distilbert,in_corpus,spamassassin,spamassassin:682,0,0
distilbert,in_corpus,spamassassin,spamassassin:325,0,0
distilbert,in_corpus,spamassassin,spamassassin:166,0,0
distilbert,in_corpus,spamassassin,spamassassin:1034,0,0
distilbert,in_corpus,spamassassin,spamassassin:3580,0,0
distilbert,in_corpus,spamassassin,spamassassin:857,0,0
distilbert,in_corpus,spamassassin,spamassassin:109,0,0
distilbert,in_corpus,spamassassin,spamassassin:2775,0,0
distilbert,in_corpus,spamassassin,spamassassin:1811,0,0
distilbert,in_corpus,spamassassin,spamassassin:149,0,0
distilbert,in_corpus,spamassassin,spamassassin:2706,0,0
distilbert,in_corpus,spamassassin,spamassassin:298,0,0
distilbert,in_corpus,spamassassin,spamassassin:1395,0,0
distilbert,in_corpus,spamassassin,spamassassin:1641,0,0
distilbert,in_corpus,spamassassin,spamassassin:1593,0,0
distilbert,in_corpus,spamassassin,spamassassin:1909,0,0
distilbert,in_corpus,spamassassin,spamassassin:179,0,0
distilbert,in_corpus,spamassassin,spamassassin:33,0,0
distilbert,in_corpus,spamassassin,spamassassin:2440,0,0
distilbert,in_corpus,spamassassin,spamassassin:2002,0,0
distilbert,in_corpus,spamassassin,spamassassin:3953,0,0
distilbert,in_corpus,spamassassin,spamassassin:1330,0,0
distilbert,in_corpus,spamassassin,spamassassin:1027,0,0
distilbert,in_corpus,spamassassin,spamassassin:2787,0,0
distilbert,in_corpus,spamassassin,spamassassin:555,0,0
distilbert,in_corpus,spamassassin,spamassassin:1740,0,0
distilbert,in_corpus,spamassassin,spamassassin:3121,0,0
distilbert,in_corpus,spamassassin,spamassassin:1018,0,0
distilbert,in_corpus,spamassassin,spamassassin:2949,0,0
distilbert,in_corpus,spamassassin,spamassassin:1258,0,0
distilbert,in_corpus,spamassassin,spamassassin:229,0,0
distilbert,in_corpus,spamassassin,spamassassin:1866,0,0
distilbert,in_corpus,spamassassin,spamassassin:1164,0,0
distilbert,in_corpus,spamassassin,spamassassin:2835,0,0
distilbert,in_corpus,spamassassin,spamassassin:3620,0,0
distilbert,in_corpus,spamassassin,spamassassin:3878,0,1
distilbert,in_corpus,spamassassin,spamassassin:1173,0,0
distilbert,in_corpus,spamassassin,spamassassin:3256,0,0
distilbert,in_corpus,spamassassin,spamassassin:3244,0,0
distilbert,in_corpus,spamassassin,spamassassin:96,0,0
distilbert,in_corpus,spamassassin,spamassassin:501,0,0
distilbert,in_corpus,spamassassin,spamassassin:1186,0,0
distilbert,in_corpus,spamassassin,spamassassin:3801,0,0
distilbert,in_corpus,spamassassin,spamassassin:2727,0,0
distilbert,in_corpus,spamassassin,spamassassin:2936,0,0
distilbert,in_corpus,spamassassin,spamassassin:2510,0,0
distilbert,in_corpus,spamassassin,spamassassin:132,0,0
distilbert,in_corpus,spamassassin,spamassassin:869,0,0
distilbert,in_corpus,spamassassin,spamassassin:527,0,0
distilbert,in_corpus,spamassassin,spamassassin:3950,0,0
distilbert,in_corpus,spamassassin,spamassassin:3443,0,0
distilbert,in_corpus,spamassassin,spamassassin:3160,0,0
distilbert,in_corpus,spamassassin,spamassassin:2484,0,0
distilbert,in_corpus,spamassassin,spamassassin:305,0,0
distilbert,in_corpus,spamassassin,spamassassin:1041,0,0
distilbert,in_corpus,spamassassin,spamassassin:2409,0,0
distilbert,in_corpus,spamassassin,spamassassin:308,0,0
distilbert,in_corpus,spamassassin,spamassassin:3598,0,0
distilbert,in_corpus,spamassassin,spamassassin:2644,0,0
distilbert,in_corpus,spamassassin,spamassassin:1846,0,0
distilbert,in_corpus,spamassassin,spamassassin:2405,0,0
distilbert,in_corpus,spamassassin,spamassassin:802,0,0
distilbert,in_corpus,spamassassin,spamassassin:2728,0,0
distilbert,in_corpus,spamassassin,spamassassin:3531,0,0
distilbert,in_corpus,spamassassin,spamassassin:1309,0,0
distilbert,in_corpus,spamassassin,spamassassin:2295,0,0
distilbert,in_corpus,spamassassin,spamassassin:196,0,0
distilbert,in_corpus,spamassassin,spamassassin:366,0,0
distilbert,in_corpus,spamassassin,spamassassin:2726,0,0
distilbert,in_corpus,spamassassin,spamassassin:976,0,0
distilbert,in_corpus,spamassassin,spamassassin:2111,0,0
distilbert,in_corpus,spamassassin,spamassassin:2720,0,0
distilbert,in_corpus,spamassassin,spamassassin:3863,0,0
distilbert,in_corpus,spamassassin,spamassassin:2632,0,0
distilbert,in_corpus,spamassassin,spamassassin:3864,0,0
distilbert,in_corpus,spamassassin,spamassassin:1221,0,0
distilbert,in_corpus,spamassassin,spamassassin:314,0,0
distilbert,in_corpus,spamassassin,spamassassin:3639,0,0
distilbert,in_corpus,spamassassin,spamassassin:184,0,0
distilbert,in_corpus,spamassassin,spamassassin:1644,0,0
distilbert,in_corpus,spamassassin,spamassassin:1621,0,0
distilbert,in_corpus,spamassassin,spamassassin:461,0,0
distilbert,in_corpus,spamassassin,spamassassin:1808,0,0
distilbert,in_corpus,spamassassin,spamassassin:3494,0,0
distilbert,in_corpus,spamassassin,spamassassin:2330,0,0
distilbert,in_corpus,spamassassin,spamassassin:315,0,0
distilbert,in_corpus,spamassassin,spamassassin:1110,0,0
distilbert,in_corpus,spamassassin,spamassassin:1552,0,0
distilbert,in_corpus,spamassassin,spamassassin:1507,0,0
distilbert,in_corpus,spamassassin,spamassassin:881,0,0
distilbert,in_corpus,spamassassin,spamassassin:1513,0,0
distilbert,in_corpus,spamassassin,spamassassin:1563,0,0
distilbert,in_corpus,spamassassin,spamassassin:2195,0,0
distilbert,in_corpus,spamassassin,spamassassin:1967,0,0
distilbert,in_corpus,spamassassin,spamassassin:4008,0,1
distilbert,in_corpus,spamassassin,spamassassin:3951,0,0
distilbert,in_corpus,spamassassin,spamassassin:1163,0,0
distilbert,in_corpus,spamassassin,spamassassin:414,0,0
distilbert,in_corpus,spamassassin,spamassassin:932,0,0
distilbert,in_corpus,spamassassin,spamassassin:3917,0,0
distilbert,in_corpus,spamassassin,spamassassin:1064,0,0
distilbert,in_corpus,spamassassin,spamassassin:1647,0,0
distilbert,in_corpus,spamassassin,spamassassin:3848,0,1
distilbert,in_corpus,spamassassin,spamassassin:1826,0,0
distilbert,in_corpus,spamassassin,spamassassin:70,0,0
distilbert,in_corpus,spamassassin,spamassassin:3032,0,0
distilbert,in_corpus,spamassassin,spamassassin:952,0,0
distilbert,in_corpus,spamassassin,spamassassin:211,0,0
distilbert,in_corpus,spamassassin,spamassassin:1260,0,0
distilbert,in_corpus,spamassassin,spamassassin:985,0,0
distilbert,in_corpus,spamassassin,spamassassin:1766,0,0
distilbert,in_corpus,spamassassin,spamassassin:3754,0,0
distilbert,in_corpus,spamassassin,spamassassin:2244,0,0
distilbert,in_corpus,spamassassin,spamassassin:14,0,0
distilbert,in_corpus,spamassassin,spamassassin:879,0,0
distilbert,in_corpus,spamassassin,spamassassin:1178,0,0
distilbert,in_corpus,spamassassin,spamassassin:1114,0,0
distilbert,in_corpus,spamassassin,spamassassin:1420,0,0
distilbert,in_corpus,spamassassin,spamassassin:270,0,0
distilbert,in_corpus,spamassassin,spamassassin:538,0,0
distilbert,in_corpus,spamassassin,spamassassin:1345,0,0
distilbert,in_corpus,spamassassin,spamassassin:8,0,0
distilbert,in_corpus,spamassassin,spamassassin:1226,0,0
distilbert,in_corpus,spamassassin,spamassassin:1818,0,0
distilbert,in_corpus,spamassassin,spamassassin:2927,0,0
distilbert,in_corpus,spamassassin,spamassassin:3679,0,0
distilbert,in_corpus,spamassassin,spamassassin:818,0,0
distilbert,in_corpus,spamassassin,spamassassin:2402,0,0
distilbert,in_corpus,spamassassin,spamassassin:2164,0,0
distilbert,in_corpus,spamassassin,spamassassin:3063,0,0
distilbert,in_corpus,spamassassin,spamassassin:3585,0,0
distilbert,in_corpus,spamassassin,spamassassin:1231,0,0
distilbert,in_corpus,spamassassin,spamassassin:251,0,0
distilbert,in_corpus,spamassassin,spamassassin:3590,0,0
distilbert,in_corpus,spamassassin,spamassassin:2973,0,0
distilbert,in_corpus,spamassassin,spamassassin:296,0,0
distilbert,in_corpus,spamassassin,spamassassin:755,0,0
distilbert,in_corpus,spamassassin,spamassassin:544,0,0
distilbert,in_corpus,spamassassin,spamassassin:3542,0,0
distilbert,in_corpus,spamassassin,spamassassin:4078,0,0
distilbert,in_corpus,spamassassin,spamassassin:2107,0,0
distilbert,in_corpus,spamassassin,spamassassin:3572,0,0
distilbert,in_corpus,spamassassin,spamassassin:4085,0,1
distilbert,in_corpus,spamassassin,spamassassin:2124,0,0
distilbert,loco_clean,trec07,trec07:5165,1,1
distilbert,loco_clean,trec07,trec07:8154,1,1
distilbert,loco_clean,trec07,trec07:4573,1,1
distilbert,loco_clean,trec07,trec07:7747,1,1
distilbert,loco_clean,trec07,trec07:4979,1,1
distilbert,loco_clean,trec07,trec07:7946,1,0
distilbert,loco_clean,trec07,trec07:6775,1,1
distilbert,loco_clean,trec07,trec07:5421,1,1
distilbert,loco_clean,trec07,trec07:7579,1,0
distilbert,loco_clean,trec07,trec07:5973,1,1
distilbert,loco_clean,trec07,trec07:8126,1,0
distilbert,loco_clean,trec07,trec07:6157,1,1
distilbert,loco_clean,trec07,trec07:5509,1,1
distilbert,loco_clean,trec07,trec07:8833,1,1
distilbert,loco_clean,trec07,trec07:9537,1,1
distilbert,loco_clean,trec07,trec07:9021,1,1
distilbert,loco_clean,trec07,trec07:7926,1,1
distilbert,loco_clean,trec07,trec07:7901,1,1
distilbert,loco_clean,trec07,trec07:8495,1,1
distilbert,loco_clean,trec07,trec07:7819,1,1
distilbert,loco_clean,trec07,trec07:8373,1,1
distilbert,loco_clean,trec07,trec07:9673,1,1
distilbert,loco_clean,trec07,trec07:7109,1,1
distilbert,loco_clean,trec07,trec07:6083,1,1
distilbert,loco_clean,trec07,trec07:6123,1,1
distilbert,loco_clean,trec07,trec07:8730,1,1
distilbert,loco_clean,trec07,trec07:5443,1,1
distilbert,loco_clean,trec07,trec07:5340,1,1
distilbert,loco_clean,trec07,trec07:7071,1,1
distilbert,loco_clean,trec07,trec07:9935,1,1
distilbert,loco_clean,trec07,trec07:5031,1,1
distilbert,loco_clean,trec07,trec07:6458,1,1
distilbert,loco_clean,trec07,trec07:9208,1,1
distilbert,loco_clean,trec07,trec07:7735,1,1
distilbert,loco_clean,trec07,trec07:5455,1,1
distilbert,loco_clean,trec07,trec07:8579,1,1
distilbert,loco_clean,trec07,trec07:8007,1,1
distilbert,loco_clean,trec07,trec07:7181,1,1
distilbert,loco_clean,trec07,trec07:7234,1,1
distilbert,loco_clean,trec07,trec07:7575,1,1
distilbert,loco_clean,trec07,trec07:5615,1,0
distilbert,loco_clean,trec07,trec07:8919,1,1
distilbert,loco_clean,trec07,trec07:8041,1,0
distilbert,loco_clean,trec07,trec07:8645,1,1
distilbert,loco_clean,trec07,trec07:6310,1,1
distilbert,loco_clean,trec07,trec07:6041,1,1
distilbert,loco_clean,trec07,trec07:5940,1,1
distilbert,loco_clean,trec07,trec07:8598,1,1
distilbert,loco_clean,trec07,trec07:8381,1,1
distilbert,loco_clean,trec07,trec07:7734,1,1
distilbert,loco_clean,trec07,trec07:6929,1,1
distilbert,loco_clean,trec07,trec07:9598,1,1
distilbert,loco_clean,trec07,trec07:7480,1,1
distilbert,loco_clean,trec07,trec07:8749,1,1
distilbert,loco_clean,trec07,trec07:5316,1,1
distilbert,loco_clean,trec07,trec07:4707,1,1
distilbert,loco_clean,trec07,trec07:5795,1,1
distilbert,loco_clean,trec07,trec07:7061,1,1
distilbert,loco_clean,trec07,trec07:6158,1,1
distilbert,loco_clean,trec07,trec07:5752,1,1
distilbert,loco_clean,trec07,trec07:9551,1,1
distilbert,loco_clean,trec07,trec07:4619,1,1
distilbert,loco_clean,trec07,trec07:5223,1,1
distilbert,loco_clean,trec07,trec07:6888,1,0
distilbert,loco_clean,trec07,trec07:6205,1,1
distilbert,loco_clean,trec07,trec07:6816,1,1
distilbert,loco_clean,trec07,trec07:8724,1,1
distilbert,loco_clean,trec07,trec07:4859,1,1
distilbert,loco_clean,trec07,trec07:8376,1,1
distilbert,loco_clean,trec07,trec07:6741,1,1
distilbert,loco_clean,trec07,trec07:8067,1,1
distilbert,loco_clean,trec07,trec07:7707,1,1
distilbert,loco_clean,trec07,trec07:8921,1,1
distilbert,loco_clean,trec07,trec07:6707,1,1
distilbert,loco_clean,trec07,trec07:4555,1,1
distilbert,loco_clean,trec07,trec07:9303,1,1
distilbert,loco_clean,trec07,trec07:9991,1,1
distilbert,loco_clean,trec07,trec07:5728,1,1
distilbert,loco_clean,trec07,trec07:5613,1,1
distilbert,loco_clean,trec07,trec07:9692,1,1
distilbert,loco_clean,trec07,trec07:5405,1,1
distilbert,loco_clean,trec07,trec07:7360,1,1
distilbert,loco_clean,trec07,trec07:4672,1,1
distilbert,loco_clean,trec07,trec07:8417,1,1
distilbert,loco_clean,trec07,trec07:4708,1,1
distilbert,loco_clean,trec07,trec07:5698,1,1
distilbert,loco_clean,trec07,trec07:4624,1,1
distilbert,loco_clean,trec07,trec07:8084,1,1
distilbert,loco_clean,trec07,trec07:8518,1,1
distilbert,loco_clean,trec07,trec07:9719,1,1
distilbert,loco_clean,trec07,trec07:8341,1,1
distilbert,loco_clean,trec07,trec07:5291,1,1
distilbert,loco_clean,trec07,trec07:5138,1,1
distilbert,loco_clean,trec07,trec07:8989,1,1
distilbert,loco_clean,trec07,trec07:7242,1,1
distilbert,loco_clean,trec07,trec07:6362,1,1
distilbert,loco_clean,trec07,trec07:8795,1,0
distilbert,loco_clean,trec07,trec07:8289,1,1
distilbert,loco_clean,trec07,trec07:9763,1,1
distilbert,loco_clean,trec07,trec07:6897,1,1
distilbert,loco_clean,trec07,trec07:4941,1,1
distilbert,loco_clean,trec07,trec07:6734,1,1
distilbert,loco_clean,trec07,trec07:6946,1,1
distilbert,loco_clean,trec07,trec07:8220,1,1
distilbert,loco_clean,trec07,trec07:7871,1,1
distilbert,loco_clean,trec07,trec07:7484,1,0
distilbert,loco_clean,trec07,trec07:5635,1,0
distilbert,loco_clean,trec07,trec07:5977,1,1
distilbert,loco_clean,trec07,trec07:9192,1,1
distilbert,loco_clean,trec07,trec07:6497,1,1
distilbert,loco_clean,trec07,trec07:4837,1,1
distilbert,loco_clean,trec07,trec07:9379,1,1
distilbert,loco_clean,trec07,trec07:5750,1,0
distilbert,loco_clean,trec07,trec07:5782,1,1
distilbert,loco_clean,trec07,trec07:8811,1,0
distilbert,loco_clean,trec07,trec07:5572,1,1
distilbert,loco_clean,trec07,trec07:9140,1,0
distilbert,loco_clean,trec07,trec07:9327,1,1
distilbert,loco_clean,trec07,trec07:4548,1,1
distilbert,loco_clean,trec07,trec07:6849,1,1
distilbert,loco_clean,trec07,trec07:6792,1,1
distilbert,loco_clean,trec07,trec07:6258,1,1
distilbert,loco_clean,trec07,trec07:7435,1,1
distilbert,loco_clean,trec07,trec07:9779,1,1
distilbert,loco_clean,trec07,trec07:6025,1,0
distilbert,loco_clean,trec07,trec07:9004,1,1
distilbert,loco_clean,trec07,trec07:7455,1,1
distilbert,loco_clean,trec07,trec07:8555,1,1
distilbert,loco_clean,trec07,trec07:7142,1,1
distilbert,loco_clean,trec07,trec07:8670,1,1
distilbert,loco_clean,trec07,trec07:6972,1,1
distilbert,loco_clean,trec07,trec07:8256,1,1
distilbert,loco_clean,trec07,trec07:8977,1,1
distilbert,loco_clean,trec07,trec07:7387,1,1
distilbert,loco_clean,trec07,trec07:5287,1,1
distilbert,loco_clean,trec07,trec07:7005,1,1
distilbert,loco_clean,trec07,trec07:9373,1,0
distilbert,loco_clean,trec07,trec07:9835,1,1
distilbert,loco_clean,trec07,trec07:9076,1,1
distilbert,loco_clean,trec07,trec07:5084,1,1
distilbert,loco_clean,trec07,trec07:7874,1,1
distilbert,loco_clean,trec07,trec07:9410,1,1
distilbert,loco_clean,trec07,trec07:5845,1,1
distilbert,loco_clean,trec07,trec07:8842,1,1
distilbert,loco_clean,trec07,trec07:7739,1,1
distilbert,loco_clean,trec07,trec07:6183,1,1
distilbert,loco_clean,trec07,trec07:9725,1,1
distilbert,loco_clean,trec07,trec07:7716,1,0
distilbert,loco_clean,trec07,trec07:9178,1,1
distilbert,loco_clean,trec07,trec07:9571,1,1
distilbert,loco_clean,trec07,trec07:1647,0,0
distilbert,loco_clean,trec07,trec07:1476,0,0
distilbert,loco_clean,trec07,trec07:2111,0,0
distilbert,loco_clean,trec07,trec07:3610,0,0
distilbert,loco_clean,trec07,trec07:691,0,0
distilbert,loco_clean,trec07,trec07:2655,0,0
distilbert,loco_clean,trec07,trec07:1662,0,0
distilbert,loco_clean,trec07,trec07:3248,0,0
distilbert,loco_clean,trec07,trec07:415,0,0
distilbert,loco_clean,trec07,trec07:3121,0,0
distilbert,loco_clean,trec07,trec07:683,0,0
distilbert,loco_clean,trec07,trec07:1580,0,0
distilbert,loco_clean,trec07,trec07:2328,0,0
distilbert,loco_clean,trec07,trec07:1164,0,0
distilbert,loco_clean,trec07,trec07:1344,0,0
distilbert,loco_clean,trec07,trec07:3838,0,0
distilbert,loco_clean,trec07,trec07:3417,0,0
distilbert,loco_clean,trec07,trec07:2700,0,0
distilbert,loco_clean,trec07,trec07:3935,0,1
distilbert,loco_clean,trec07,trec07:1106,0,0
distilbert,loco_clean,trec07,trec07:1937,0,0
distilbert,loco_clean,trec07,trec07:2276,0,0
distilbert,loco_clean,trec07,trec07:800,0,0
distilbert,loco_clean,trec07,trec07:2018,0,0
distilbert,loco_clean,trec07,trec07:23,0,1
distilbert,loco_clean,trec07,trec07:2252,0,0
distilbert,loco_clean,trec07,trec07:8,0,0
distilbert,loco_clean,trec07,trec07:3985,0,0
distilbert,loco_clean,trec07,trec07:1745,0,0
distilbert,loco_clean,trec07,trec07:3595,0,0
distilbert,loco_clean,trec07,trec07:2023,0,0
distilbert,loco_clean,trec07,trec07:199,0,0
distilbert,loco_clean,trec07,trec07:3628,0,0
distilbert,loco_clean,trec07,trec07:4363,0,0
distilbert,loco_clean,trec07,trec07:69,0,0
distilbert,loco_clean,trec07,trec07:3671,0,0
distilbert,loco_clean,trec07,trec07:1880,0,0
distilbert,loco_clean,trec07,trec07:240,0,0
distilbert,loco_clean,trec07,trec07:3543,0,0
distilbert,loco_clean,trec07,trec07:1103,0,0
distilbert,loco_clean,trec07,trec07:4135,0,0
distilbert,loco_clean,trec07,trec07:3338,0,0
distilbert,loco_clean,trec07,trec07:4226,0,1
distilbert,loco_clean,trec07,trec07:4093,0,0
distilbert,loco_clean,trec07,trec07:1084,0,0
distilbert,loco_clean,trec07,trec07:416,0,0
distilbert,loco_clean,trec07,trec07:2014,0,0
distilbert,loco_clean,trec07,trec07:3259,0,0
distilbert,loco_clean,trec07,trec07:3814,0,0
distilbert,loco_clean,trec07,trec07:252,0,0
distilbert,loco_clean,trec07,trec07:3333,0,0
distilbert,loco_clean,trec07,trec07:1432,0,0
distilbert,loco_clean,trec07,trec07:3043,0,0
distilbert,loco_clean,trec07,trec07:2088,0,0
distilbert,loco_clean,trec07,trec07:1020,0,0
distilbert,loco_clean,trec07,trec07:3733,0,0
distilbert,loco_clean,trec07,trec07:1073,0,0
distilbert,loco_clean,trec07,trec07:3286,0,0
distilbert,loco_clean,trec07,trec07:4206,0,0
distilbert,loco_clean,trec07,trec07:3003,0,0
distilbert,loco_clean,trec07,trec07:4413,0,0
distilbert,loco_clean,trec07,trec07:869,0,0
distilbert,loco_clean,trec07,trec07:2927,0,0
distilbert,loco_clean,trec07,trec07:1767,0,0
distilbert,loco_clean,trec07,trec07:4536,0,0
distilbert,loco_clean,trec07,trec07:4260,0,0
distilbert,loco_clean,trec07,trec07:29,0,0
distilbert,loco_clean,trec07,trec07:3331,0,0
distilbert,loco_clean,trec07,trec07:2962,0,0
distilbert,loco_clean,trec07,trec07:4339,0,0
distilbert,loco_clean,trec07,trec07:4253,0,1
distilbert,loco_clean,trec07,trec07:2092,0,0
distilbert,loco_clean,trec07,trec07:2877,0,0
distilbert,loco_clean,trec07,trec07:538,0,0
distilbert,loco_clean,trec07,trec07:2086,0,0
distilbert,loco_clean,trec07,trec07:1606,0,0
distilbert,loco_clean,trec07,trec07:429,0,0
distilbert,loco_clean,trec07,trec07:3024,0,0
distilbert,loco_clean,trec07,trec07:1126,0,0
distilbert,loco_clean,trec07,trec07:2422,0,0
distilbert,loco_clean,trec07,trec07:705,0,0
distilbert,loco_clean,trec07,trec07:3459,0,0
distilbert,loco_clean,trec07,trec07:2283,0,0
distilbert,loco_clean,trec07,trec07:555,0,0
distilbert,loco_clean,trec07,trec07:3083,0,0
distilbert,loco_clean,trec07,trec07:3684,0,0
distilbert,loco_clean,trec07,trec07:2260,0,0
distilbert,loco_clean,trec07,trec07:776,0,0
distilbert,loco_clean,trec07,trec07:1498,0,0
distilbert,loco_clean,trec07,trec07:179,0,0
distilbert,loco_clean,trec07,trec07:4118,0,0
distilbert,loco_clean,trec07,trec07:2676,0,0
distilbert,loco_clean,trec07,trec07:297,0,0
distilbert,loco_clean,trec07,trec07:3093,0,0
distilbert,loco_clean,trec07,trec07:3846,0,0
distilbert,loco_clean,trec07,trec07:3673,0,0
distilbert,loco_clean,trec07,trec07:1615,0,0
distilbert,loco_clean,trec07,trec07:478,0,0
distilbert,loco_clean,trec07,trec07:4024,0,0
distilbert,loco_clean,trec07,trec07:1192,0,0
distilbert,loco_clean,trec07,trec07:3638,0,0
distilbert,loco_clean,trec07,trec07:1302,0,0
distilbert,loco_clean,trec07,trec07:3400,0,0
distilbert,loco_clean,trec07,trec07:2321,0,0
distilbert,loco_clean,trec07,trec07:1170,0,1
distilbert,loco_clean,trec07,trec07:2614,0,0
distilbert,loco_clean,trec07,trec07:238,0,0
distilbert,loco_clean,trec07,trec07:2755,0,0
distilbert,loco_clean,trec07,trec07:1652,0,0
distilbert,loco_clean,trec07,trec07:1649,0,0
distilbert,loco_clean,trec07,trec07:807,0,0
distilbert,loco_clean,trec07,trec07:3972,0,0
distilbert,loco_clean,trec07,trec07:4468,0,0
distilbert,loco_clean,trec07,trec07:1552,0,0
distilbert,loco_clean,trec07,trec07:443,0,0
distilbert,loco_clean,trec07,trec07:4520,0,0
distilbert,loco_clean,trec07,trec07:3728,0,0
distilbert,loco_clean,trec07,trec07:1116,0,0
distilbert,loco_clean,trec07,trec07:1162,0,1
distilbert,loco_clean,trec07,trec07:296,0,0
distilbert,loco_clean,trec07,trec07:2646,0,0
distilbert,loco_clean,trec07,trec07:3111,0,1
distilbert,loco_clean,trec07,trec07:3372,0,0
distilbert,loco_clean,trec07,trec07:33,0,0
distilbert,loco_clean,trec07,trec07:530,0,0
distilbert,loco_clean,trec07,trec07:3469,0,0
distilbert,loco_clean,trec07,trec07:1330,0,0
distilbert,loco_clean,trec07,trec07:3760,0,0
distilbert,loco_clean,trec07,trec07:350,0,0
distilbert,loco_clean,trec07,trec07:1627,0,0
distilbert,loco_clean,trec07,trec07:414,0,0
distilbert,loco_clean,trec07,trec07:151,0,0
distilbert,loco_clean,trec07,trec07:4105,0,0
distilbert,loco_clean,trec07,trec07:2740,0,1
distilbert,loco_clean,trec07,trec07:4254,0,0
distilbert,loco_clean,trec07,trec07:2668,0,0
distilbert,loco_clean,trec07,trec07:1504,0,0
distilbert,loco_clean,trec07,trec07:1842,0,0
distilbert,loco_clean,trec07,trec07:3235,0,0
distilbert,loco_clean,trec07,trec07:945,0,0
distilbert,loco_clean,trec07,trec07:4152,0,0
distilbert,loco_clean,trec07,trec07:1786,0,0
distilbert,loco_clean,trec07,trec07:2135,0,0
distilbert,loco_clean,trec07,trec07:4166,0,0
distilbert,loco_clean,trec07,trec07:2029,0,0
distilbert,loco_clean,trec07,trec07:3047,0,0
distilbert,loco_clean,trec07,trec07:1173,0,0
distilbert,loco_clean,trec07,trec07:1773,0,0
distilbert,loco_clean,trec07,trec07:1032,0,0
distilbert,loco_clean,trec07,trec07:4459,0,0
