model,setting,source,id,label,pred,cpu_sec_per_1000,answer
modernbert,pretrained,ephishllm_de,ephishllm_de:1695,1,1,624.2,
modernbert,pretrained,ephishllm_de,ephishllm_de:1820,1,1,624.2,
modernbert,pretrained,ephishllm_de,ephishllm_de:2231,1,0,624.2,
modernbert,pretrained,ephishllm_de,ephishllm_de:1859,1,1,624.2,
modernbert,pretrained,ephishllm_de,ephishllm_de:2099,1,1,624.2,
modernbert,pretrained,ephishllm_de,ephishllm_de:1887,1,1,624.2,
modernbert,pretrained,ephishllm_de,ephishllm_de:2258,1,1,624.2,
modernbert,pretrained,ephishllm_de,ephishllm_de:2260,1,1,624.2,
modernbert,pretrained,ephishllm_de,ephishllm_de:1857,1,1,624.2,
modernbert,pretrained,ephishllm_de,ephishllm_de:2190,1,1,624.2,
modernbert,pretrained,ephishllm_de,ephishllm_de:2226,1,1,624.2,
modernbert,pretrained,ephishllm_de,ephishllm_de:1886,1,1,624.2,
modernbert,pretrained,ephishllm_de,ephishllm_de:1905,1,1,624.2,
modernbert,pretrained,ephishllm_de,ephishllm_de:1430,1,1,624.2,
modernbert,pretrained,ephishllm_de,ephishllm_de:1637,1,1,624.2,
modernbert,pretrained,ephishllm_de,ephishllm_de:1720,1,1,624.2,
modernbert,pretrained,ephishllm_de,ephishllm_de:1605,1,1,624.2,
modernbert,pretrained,ephishllm_de,ephishllm_de:1767,1,1,624.2,
modernbert,pretrained,ephishllm_de,ephishllm_de:1951,1,1,624.2,
modernbert,pretrained,ephishllm_de,ephishllm_de:2160,1,1,624.2,
modernbert,pretrained,ephishllm_de,ephishllm_de:1328,1,1,624.2,
modernbert,pretrained,ephishllm_de,ephishllm_de:1342,1,1,624.2,
modernbert,pretrained,ephishllm_de,ephishllm_de:1757,1,1,624.2,
modernbert,pretrained,ephishllm_de,ephishllm_de:1660,1,1,624.2,
modernbert,pretrained,ephishllm_de,ephishllm_de:1800,1,1,624.2,
modernbert,pretrained,ephishllm_de,ephishllm_de:2254,1,1,624.2,
modernbert,pretrained,ephishllm_de,ephishllm_de:2104,1,1,624.2,
modernbert,pretrained,ephishllm_de,ephishllm_de:1643,1,1,624.2,
modernbert,pretrained,ephishllm_de,ephishllm_de:2121,1,1,624.2,
modernbert,pretrained,ephishllm_de,ephishllm_de:2028,1,1,624.2,
modernbert,pretrained,ephishllm_de,ephishllm_de:2191,1,1,624.2,
modernbert,pretrained,ephishllm_de,ephishllm_de:1949,1,1,624.2,
modernbert,pretrained,ephishllm_de,ephishllm_de:1323,1,1,624.2,
modernbert,pretrained,ephishllm_de,ephishllm_de:1549,1,1,624.2,
modernbert,pretrained,ephishllm_de,ephishllm_de:1446,1,1,624.2,
modernbert,pretrained,ephishllm_de,ephishllm_de:1888,1,1,624.2,
modernbert,pretrained,ephishllm_de,ephishllm_de:2029,1,1,624.2,
modernbert,pretrained,ephishllm_de,ephishllm_de:1358,1,1,624.2,
modernbert,pretrained,ephishllm_de,ephishllm_de:1581,1,1,624.2,
modernbert,pretrained,ephishllm_de,ephishllm_de:2345,1,1,624.2,
modernbert,pretrained,ephishllm_de,ephishllm_de:1661,1,1,624.2,
modernbert,pretrained,ephishllm_de,ephishllm_de:2298,1,1,624.2,
modernbert,pretrained,ephishllm_de,ephishllm_de:1947,1,1,624.2,
modernbert,pretrained,ephishllm_de,ephishllm_de:2221,1,1,624.2,
modernbert,pretrained,ephishllm_de,ephishllm_de:2259,1,1,624.2,
modernbert,pretrained,ephishllm_de,ephishllm_de:1381,1,1,624.2,
modernbert,pretrained,ephishllm_de,ephishllm_de:1360,1,1,624.2,
modernbert,pretrained,ephishllm_de,ephishllm_de:1303,1,1,624.2,
modernbert,pretrained,ephishllm_de,ephishllm_de:2055,1,1,624.2,
modernbert,pretrained,ephishllm_de,ephishllm_de:1815,1,1,624.2,
modernbert,pretrained,ephishllm_de,ephishllm_de:1464,1,1,624.2,
modernbert,pretrained,ephishllm_de,ephishllm_de:1765,1,1,624.2,
modernbert,pretrained,ephishllm_de,ephishllm_de:1653,1,1,624.2,
modernbert,pretrained,ephishllm_de,ephishllm_de:1471,1,1,624.2,
modernbert,pretrained,ephishllm_de,ephishllm_de:1871,1,1,624.2,
modernbert,pretrained,ephishllm_de,ephishllm_de:1907,1,1,624.2,
modernbert,pretrained,ephishllm_de,ephishllm_de:2200,1,1,624.2,
modernbert,pretrained,ephishllm_de,ephishllm_de:1990,1,1,624.2,
modernbert,pretrained,ephishllm_de,ephishllm_de:1725,1,1,624.2,
modernbert,pretrained,ephishllm_de,ephishllm_de:2149,1,1,624.2,
modernbert,pretrained,ephishllm_de,ephishllm_de:1712,1,1,624.2,
modernbert,pretrained,ephishllm_de,ephishllm_de:2015,1,1,624.2,
modernbert,pretrained,ephishllm_de,ephishllm_de:1961,1,1,624.2,
modernbert,pretrained,ephishllm_de,ephishllm_de:1561,1,1,624.2,
modernbert,pretrained,ephishllm_de,ephishllm_de:1967,1,1,624.2,
modernbert,pretrained,ephishllm_de,ephishllm_de:2288,1,1,624.2,
modernbert,pretrained,ephishllm_de,ephishllm_de:1933,1,1,624.2,
modernbert,pretrained,ephishllm_de,ephishllm_de:1749,1,1,624.2,
modernbert,pretrained,ephishllm_de,ephishllm_de:1803,1,1,624.2,
modernbert,pretrained,ephishllm_de,ephishllm_de:2093,1,1,624.2,
modernbert,pretrained,ephishllm_de,ephishllm_de:1832,1,1,624.2,
modernbert,pretrained,ephishllm_de,ephishllm_de:2281,1,1,624.2,
modernbert,pretrained,ephishllm_de,ephishllm_de:1867,1,1,624.2,
modernbert,pretrained,ephishllm_de,ephishllm_de:1649,1,1,624.2,
modernbert,pretrained,ephishllm_de,ephishllm_de:1385,1,1,624.2,
modernbert,pretrained,ephishllm_de,ephishllm_de:2180,1,1,624.2,
modernbert,pretrained,ephishllm_de,ephishllm_de:2343,1,1,624.2,
modernbert,pretrained,ephishllm_de,ephishllm_de:2216,1,1,624.2,
modernbert,pretrained,ephishllm_de,ephishllm_de:2250,1,1,624.2,
modernbert,pretrained,ephishllm_de,ephishllm_de:2062,1,1,624.2,
modernbert,pretrained,ephishllm_de,ephishllm_de:1528,1,1,624.2,
modernbert,pretrained,ephishllm_de,ephishllm_de:2274,1,1,624.2,
modernbert,pretrained,ephishllm_de,ephishllm_de:1379,1,1,624.2,
modernbert,pretrained,ephishllm_de,ephishllm_de:1331,1,1,624.2,
modernbert,pretrained,ephishllm_de,ephishllm_de:2237,1,1,624.2,
modernbert,pretrained,ephishllm_de,ephishllm_de:1623,1,1,624.2,
modernbert,pretrained,ephishllm_de,ephishllm_de:1986,1,1,624.2,
modernbert,pretrained,ephishllm_de,ephishllm_de:1676,1,1,624.2,
modernbert,pretrained,ephishllm_de,ephishllm_de:2073,1,1,624.2,
modernbert,pretrained,ephishllm_de,ephishllm_de:1295,1,1,624.2,
modernbert,pretrained,ephishllm_de,ephishllm_de:2197,1,1,624.2,
modernbert,pretrained,ephishllm_de,ephishllm_de:1413,1,1,624.2,
modernbert,pretrained,ephishllm_de,ephishllm_de:1773,1,1,624.2,
modernbert,pretrained,ephishllm_de,ephishllm_de:1711,1,1,624.2,
modernbert,pretrained,ephishllm_de,ephishllm_de:1627,1,1,624.2,
modernbert,pretrained,ephishllm_de,ephishllm_de:2164,1,1,624.2,
modernbert,pretrained,ephishllm_de,ephishllm_de:2154,1,1,624.2,
modernbert,pretrained,ephishllm_de,ephishllm_de:1736,1,1,624.2,
modernbert,pretrained,ephishllm_de,ephishllm_de:1373,1,1,624.2,
modernbert,pretrained,ephishllm_de,ephishllm_de:1450,1,1,624.2,
modernbert,pretrained,ephishllm_de,ephishllm_de:1833,1,1,624.2,
modernbert,pretrained,ephishllm_de,ephishllm_de:2056,1,1,624.2,
modernbert,pretrained,ephishllm_de,ephishllm_de:2138,1,1,624.2,
modernbert,pretrained,ephishllm_de,ephishllm_de:2266,1,1,624.2,
modernbert,pretrained,ephishllm_de,ephishllm_de:1608,1,1,624.2,
modernbert,pretrained,ephishllm_de,ephishllm_de:1855,1,1,624.2,
modernbert,pretrained,ephishllm_de,ephishllm_de:1799,1,1,624.2,
modernbert,pretrained,ephishllm_de,ephishllm_de:1321,1,1,624.2,
modernbert,pretrained,ephishllm_de,ephishllm_de:2079,1,1,624.2,
modernbert,pretrained,ephishllm_de,ephishllm_de:1964,1,1,624.2,
modernbert,pretrained,ephishllm_de,ephishllm_de:1874,1,1,624.2,
modernbert,pretrained,ephishllm_de,ephishllm_de:2326,1,1,624.2,
modernbert,pretrained,ephishllm_de,ephishllm_de:1348,1,1,624.2,
modernbert,pretrained,ephishllm_de,ephishllm_de:1863,1,1,624.2,
modernbert,pretrained,ephishllm_de,ephishllm_de:1282,1,1,624.2,
modernbert,pretrained,ephishllm_de,ephishllm_de:1988,1,1,624.2,
modernbert,pretrained,ephishllm_de,ephishllm_de:1470,1,1,624.2,
modernbert,pretrained,ephishllm_de,ephishllm_de:1606,1,1,624.2,
modernbert,pretrained,ephishllm_de,ephishllm_de:1480,1,1,624.2,
modernbert,pretrained,ephishllm_de,ephishllm_de:1562,1,1,624.2,
modernbert,pretrained,ephishllm_de,ephishllm_de:2114,1,1,624.2,
modernbert,pretrained,ephishllm_de,ephishllm_de:1490,1,1,624.2,
modernbert,pretrained,ephishllm_de,ephishllm_de:1519,1,1,624.2,
modernbert,pretrained,ephishllm_de,ephishllm_de:1795,1,1,624.2,
modernbert,pretrained,ephishllm_de,ephishllm_de:1739,1,1,624.2,
modernbert,pretrained,ephishllm_de,ephishllm_de:1368,1,1,624.2,
modernbert,pretrained,ephishllm_de,ephishllm_de:1355,1,1,624.2,
modernbert,pretrained,ephishllm_de,ephishllm_de:1730,1,1,624.2,
modernbert,pretrained,ephishllm_de,ephishllm_de:2290,1,1,624.2,
modernbert,pretrained,ephishllm_de,ephishllm_de:2264,1,1,624.2,
modernbert,pretrained,ephishllm_de,ephishllm_de:2105,1,1,624.2,
modernbert,pretrained,ephishllm_de,ephishllm_de:2270,1,1,624.2,
modernbert,pretrained,ephishllm_de,ephishllm_de:1564,1,1,624.2,
modernbert,pretrained,ephishllm_de,ephishllm_de:1411,1,1,624.2,
modernbert,pretrained,ephishllm_de,ephishllm_de:2026,1,1,624.2,
modernbert,pretrained,ephishllm_de,ephishllm_de:2082,1,1,624.2,
modernbert,pretrained,ephishllm_de,ephishllm_de:1983,1,1,624.2,
modernbert,pretrained,ephishllm_de,ephishllm_de:2315,1,1,624.2,
modernbert,pretrained,ephishllm_de,ephishllm_de:1704,1,1,624.2,
modernbert,pretrained,ephishllm_de,ephishllm_de:1350,1,1,624.2,
modernbert,pretrained,ephishllm_de,ephishllm_de:1810,1,1,624.2,
modernbert,pretrained,ephishllm_de,ephishllm_de:1481,1,0,624.2,
modernbert,pretrained,ephishllm_de,ephishllm_de:1924,1,1,624.2,
modernbert,pretrained,ephishllm_de,ephishllm_de:1734,1,1,624.2,
modernbert,pretrained,ephishllm_de,ephishllm_de:2064,1,1,624.2,
modernbert,pretrained,ephishllm_de,ephishllm_de:1311,1,1,624.2,
modernbert,pretrained,ephishllm_de,ephishllm_de:1302,1,1,624.2,
modernbert,pretrained,ephishllm_de,ephishllm_de:2246,1,1,624.2,
modernbert,pretrained,ephishllm_de,ephishllm_de:1408,1,1,624.2,
modernbert,pretrained,ephishllm_de,ephishllm_de:1326,1,1,624.2,
modernbert,pretrained,ephishllm_de,ephishllm_de:208,0,1,624.2,
modernbert,pretrained,ephishllm_de,ephishllm_de:966,0,1,624.2,
modernbert,pretrained,ephishllm_de,ephishllm_de:714,0,1,624.2,
modernbert,pretrained,ephishllm_de,ephishllm_de:1192,0,1,624.2,
modernbert,pretrained,ephishllm_de,ephishllm_de:584,0,1,624.2,
modernbert,pretrained,ephishllm_de,ephishllm_de:1214,0,1,624.2,
modernbert,pretrained,ephishllm_de,ephishllm_de:63,0,1,624.2,
modernbert,pretrained,ephishllm_de,ephishllm_de:259,0,1,624.2,
modernbert,pretrained,ephishllm_de,ephishllm_de:890,0,1,624.2,
modernbert,pretrained,ephishllm_de,ephishllm_de:254,0,1,624.2,
modernbert,pretrained,ephishllm_de,ephishllm_de:938,0,1,624.2,
modernbert,pretrained,ephishllm_de,ephishllm_de:1216,0,1,624.2,
modernbert,pretrained,ephishllm_de,ephishllm_de:613,0,1,624.2,
modernbert,pretrained,ephishllm_de,ephishllm_de:1259,0,1,624.2,
modernbert,pretrained,ephishllm_de,ephishllm_de:23,0,1,624.2,
modernbert,pretrained,ephishllm_de,ephishllm_de:549,0,1,624.2,
modernbert,pretrained,ephishllm_de,ephishllm_de:247,0,1,624.2,
modernbert,pretrained,ephishllm_de,ephishllm_de:579,0,1,624.2,
modernbert,pretrained,ephishllm_de,ephishllm_de:365,0,1,624.2,
modernbert,pretrained,ephishllm_de,ephishllm_de:514,0,1,624.2,
modernbert,pretrained,ephishllm_de,ephishllm_de:1116,0,1,624.2,
modernbert,pretrained,ephishllm_de,ephishllm_de:806,0,1,624.2,
modernbert,pretrained,ephishllm_de,ephishllm_de:796,0,1,624.2,
modernbert,pretrained,ephishllm_de,ephishllm_de:1002,0,1,624.2,
modernbert,pretrained,ephishllm_de,ephishllm_de:857,0,1,624.2,
modernbert,pretrained,ephishllm_de,ephishllm_de:708,0,1,624.2,
modernbert,pretrained,ephishllm_de,ephishllm_de:43,0,1,624.2,
modernbert,pretrained,ephishllm_de,ephishllm_de:759,0,1,624.2,
modernbert,pretrained,ephishllm_de,ephishllm_de:968,0,1,624.2,
modernbert,pretrained,ephishllm_de,ephishllm_de:993,0,1,624.2,
modernbert,pretrained,ephishllm_de,ephishllm_de:787,0,1,624.2,
modernbert,pretrained,ephishllm_de,ephishllm_de:700,0,1,624.2,
modernbert,pretrained,ephishllm_de,ephishllm_de:718,0,1,624.2,
modernbert,pretrained,ephishllm_de,ephishllm_de:713,0,1,624.2,
modernbert,pretrained,ephishllm_de,ephishllm_de:309,0,1,624.2,
modernbert,pretrained,ephishllm_de,ephishllm_de:424,0,1,624.2,
modernbert,pretrained,ephishllm_de,ephishllm_de:1046,0,1,624.2,
modernbert,pretrained,ephishllm_de,ephishllm_de:1213,0,1,624.2,
modernbert,pretrained,ephishllm_de,ephishllm_de:220,0,1,624.2,
modernbert,pretrained,ephishllm_de,ephishllm_de:533,0,1,624.2,
modernbert,pretrained,ephishllm_de,ephishllm_de:1069,0,1,624.2,
modernbert,pretrained,ephishllm_de,ephishllm_de:485,0,1,624.2,
modernbert,pretrained,ephishllm_de,ephishllm_de:513,0,1,624.2,
modernbert,pretrained,ephishllm_de,ephishllm_de:209,0,1,624.2,
modernbert,pretrained,ephishllm_de,ephishllm_de:76,0,1,624.2,
modernbert,pretrained,ephishllm_de,ephishllm_de:622,0,1,624.2,
modernbert,pretrained,ephishllm_de,ephishllm_de:1040,0,1,624.2,
modernbert,pretrained,ephishllm_de,ephishllm_de:198,0,1,624.2,
modernbert,pretrained,ephishllm_de,ephishllm_de:931,0,1,624.2,
modernbert,pretrained,ephishllm_de,ephishllm_de:628,0,1,624.2,
modernbert,pretrained,ephishllm_de,ephishllm_de:128,0,1,624.2,
modernbert,pretrained,ephishllm_de,ephishllm_de:78,0,1,624.2,
modernbert,pretrained,ephishllm_de,ephishllm_de:536,0,1,624.2,
modernbert,pretrained,ephishllm_de,ephishllm_de:558,0,1,624.2,
modernbert,pretrained,ephishllm_de,ephishllm_de:81,0,1,624.2,
modernbert,pretrained,ephishllm_de,ephishllm_de:582,0,1,624.2,
modernbert,pretrained,ephishllm_de,ephishllm_de:275,0,1,624.2,
modernbert,pretrained,ephishllm_de,ephishllm_de:1232,0,1,624.2,
modernbert,pretrained,ephishllm_de,ephishllm_de:1148,0,1,624.2,
modernbert,pretrained,ephishllm_de,ephishllm_de:665,0,1,624.2,
modernbert,pretrained,ephishllm_de,ephishllm_de:51,0,1,624.2,
modernbert,pretrained,ephishllm_de,ephishllm_de:1048,0,1,624.2,
modernbert,pretrained,ephishllm_de,ephishllm_de:900,0,1,624.2,
modernbert,pretrained,ephishllm_de,ephishllm_de:1061,0,1,624.2,
modernbert,pretrained,ephishllm_de,ephishllm_de:925,0,1,624.2,
modernbert,pretrained,ephishllm_de,ephishllm_de:598,0,1,624.2,
modernbert,pretrained,ephishllm_de,ephishllm_de:168,0,1,624.2,
modernbert,pretrained,ephishllm_de,ephishllm_de:816,0,1,624.2,
modernbert,pretrained,ephishllm_de,ephishllm_de:527,0,1,624.2,
modernbert,pretrained,ephishllm_de,ephishllm_de:286,0,1,624.2,
modernbert,pretrained,ephishllm_de,ephishllm_de:1085,0,1,624.2,
modernbert,pretrained,ephishllm_de,ephishllm_de:545,0,1,624.2,
modernbert,pretrained,ephishllm_de,ephishllm_de:998,0,1,624.2,
modernbert,pretrained,ephishllm_de,ephishllm_de:58,0,1,624.2,
modernbert,pretrained,ephishllm_de,ephishllm_de:261,0,1,624.2,
modernbert,pretrained,ephishllm_de,ephishllm_de:1005,0,1,624.2,
modernbert,pretrained,ephishllm_de,ephishllm_de:1167,0,1,624.2,
modernbert,pretrained,ephishllm_de,ephishllm_de:467,0,1,624.2,
modernbert,pretrained,ephishllm_de,ephishllm_de:535,0,1,624.2,
modernbert,pretrained,ephishllm_de,ephishllm_de:49,0,1,624.2,
modernbert,pretrained,ephishllm_de,ephishllm_de:892,0,1,624.2,
modernbert,pretrained,ephishllm_de,ephishllm_de:277,0,1,624.2,
modernbert,pretrained,ephishllm_de,ephishllm_de:428,0,1,624.2,
modernbert,pretrained,ephishllm_de,ephishllm_de:1011,0,1,624.2,
modernbert,pretrained,ephishllm_de,ephishllm_de:1155,0,1,624.2,
modernbert,pretrained,ephishllm_de,ephishllm_de:415,0,1,624.2,
modernbert,pretrained,ephishllm_de,ephishllm_de:328,0,1,624.2,
modernbert,pretrained,ephishllm_de,ephishllm_de:420,0,1,624.2,
modernbert,pretrained,ephishllm_de,ephishllm_de:439,0,1,624.2,
modernbert,pretrained,ephishllm_de,ephishllm_de:1269,0,1,624.2,
modernbert,pretrained,ephishllm_de,ephishllm_de:442,0,1,624.2,
modernbert,pretrained,ephishllm_de,ephishllm_de:101,0,1,624.2,
modernbert,pretrained,ephishllm_de,ephishllm_de:1257,0,1,624.2,
modernbert,pretrained,ephishllm_de,ephishllm_de:676,0,1,624.2,
modernbert,pretrained,ephishllm_de,ephishllm_de:614,0,1,624.2,
modernbert,pretrained,ephishllm_de,ephishllm_de:596,0,1,624.2,
modernbert,pretrained,ephishllm_de,ephishllm_de:1157,0,1,624.2,
modernbert,pretrained,ephishllm_de,ephishllm_de:192,0,1,624.2,
modernbert,pretrained,ephishllm_de,ephishllm_de:1053,0,1,624.2,
modernbert,pretrained,ephishllm_de,ephishllm_de:727,0,1,624.2,
modernbert,pretrained,ephishllm_de,ephishllm_de:1027,0,1,624.2,
modernbert,pretrained,ephishllm_de,ephishllm_de:958,0,1,624.2,
modernbert,pretrained,ephishllm_de,ephishllm_de:983,0,1,624.2,
modernbert,pretrained,ephishllm_de,ephishllm_de:737,0,1,624.2,
modernbert,pretrained,ephishllm_de,ephishllm_de:308,0,1,624.2,
modernbert,pretrained,ephishllm_de,ephishllm_de:813,0,1,624.2,
modernbert,pretrained,ephishllm_de,ephishllm_de:371,0,1,624.2,
modernbert,pretrained,ephishllm_de,ephishllm_de:599,0,1,624.2,
modernbert,pretrained,ephishllm_de,ephishllm_de:44,0,1,624.2,
modernbert,pretrained,ephishllm_de,ephishllm_de:123,0,1,624.2,
modernbert,pretrained,ephishllm_de,ephishllm_de:1168,0,1,624.2,
modernbert,pretrained,ephishllm_de,ephishllm_de:29,0,1,624.2,
modernbert,pretrained,ephishllm_de,ephishllm_de:31,0,1,624.2,
modernbert,pretrained,ephishllm_de,ephishllm_de:282,0,1,624.2,
modernbert,pretrained,ephishllm_de,ephishllm_de:380,0,1,624.2,
modernbert,pretrained,ephishllm_de,ephishllm_de:630,0,1,624.2,
modernbert,pretrained,ephishllm_de,ephishllm_de:710,0,1,624.2,
modernbert,pretrained,ephishllm_de,ephishllm_de:86,0,1,624.2,
modernbert,pretrained,ephishllm_de,ephishllm_de:332,0,1,624.2,
modernbert,pretrained,ephishllm_de,ephishllm_de:529,0,1,624.2,
modernbert,pretrained,ephishllm_de,ephishllm_de:755,0,1,624.2,
modernbert,pretrained,ephishllm_de,ephishllm_de:919,0,1,624.2,
modernbert,pretrained,ephishllm_de,ephishllm_de:70,0,1,624.2,
modernbert,pretrained,ephishllm_de,ephishllm_de:199,0,1,624.2,
modernbert,pretrained,ephishllm_de,ephishllm_de:858,0,1,624.2,
modernbert,pretrained,ephishllm_de,ephishllm_de:447,0,1,624.2,
modernbert,pretrained,ephishllm_de,ephishllm_de:1235,0,1,624.2,
modernbert,pretrained,ephishllm_de,ephishllm_de:312,0,1,624.2,
modernbert,pretrained,ephishllm_de,ephishllm_de:240,0,1,624.2,
modernbert,pretrained,ephishllm_de,ephishllm_de:233,0,1,624.2,
modernbert,pretrained,ephishllm_de,ephishllm_de:1134,0,1,624.2,
modernbert,pretrained,ephishllm_de,ephishllm_de:772,0,1,624.2,
modernbert,pretrained,ephishllm_de,ephishllm_de:523,0,1,624.2,
modernbert,pretrained,ephishllm_de,ephishllm_de:1166,0,1,624.2,
modernbert,pretrained,ephishllm_de,ephishllm_de:113,0,1,624.2,
modernbert,pretrained,ephishllm_de,ephishllm_de:382,0,1,624.2,
modernbert,pretrained,ephishllm_de,ephishllm_de:1258,0,1,624.2,
modernbert,pretrained,ephishllm_de,ephishllm_de:1262,0,1,624.2,
modernbert,pretrained,ephishllm_de,ephishllm_de:155,0,1,624.2,
modernbert,pretrained,ephishllm_de,ephishllm_de:107,0,1,624.2,
modernbert,pretrained,ephishllm_de,ephishllm_de:984,0,1,624.2,
modernbert,pretrained,ephishllm_de,ephishllm_de:1189,0,1,624.2,
modernbert,pretrained,ephishllm_de,ephishllm_de:754,0,1,624.2,
modernbert,pretrained,ephishllm_de,ephishllm_de:1171,0,1,624.2,
modernbert,pretrained,ephishllm_de,ephishllm_de:1210,0,1,624.2,
modernbert,pretrained,ephishllm_de,ephishllm_de:778,0,1,624.2,
modernbert,pretrained,ephishllm_de,ephishllm_de:344,0,1,624.2,
modernbert,pretrained,ephishllm_de,ephishllm_de:210,0,1,624.2,
modernbert,pretrained,ephishllm_de,ephishllm_de:720,0,1,624.2,
modernbert,pretrained,ephishllm_de,ephishllm_de:486,0,1,624.2,
modernbert,pretrained,ling,ling:1902,1,1,1011.7,
modernbert,pretrained,ling,ling:209,1,1,1011.7,
modernbert,pretrained,ling,ling:2076,1,1,1011.7,
modernbert,pretrained,ling,ling:1327,1,1,1011.7,
modernbert,pretrained,ling,ling:985,1,1,1011.7,
modernbert,pretrained,ling,ling:1259,1,1,1011.7,
modernbert,pretrained,ling,ling:1075,1,1,1011.7,
modernbert,pretrained,ling,ling:622,1,1,1011.7,
modernbert,pretrained,ling,ling:2510,1,1,1011.7,
modernbert,pretrained,ling,ling:178,1,0,1011.7,
modernbert,pretrained,ling,ling:457,1,1,1011.7,
modernbert,pretrained,ling,ling:1059,1,1,1011.7,
modernbert,pretrained,ling,ling:899,1,1,1011.7,
modernbert,pretrained,ling,ling:2224,1,0,1011.7,
modernbert,pretrained,ling,ling:2399,1,1,1011.7,
modernbert,pretrained,ling,ling:383,1,1,1011.7,
modernbert,pretrained,ling,ling:2289,1,1,1011.7,
modernbert,pretrained,ling,ling:1751,1,1,1011.7,
modernbert,pretrained,ling,ling:2659,1,1,1011.7,
modernbert,pretrained,ling,ling:492,1,1,1011.7,
modernbert,pretrained,ling,ling:472,1,1,1011.7,
modernbert,pretrained,ling,ling:810,1,1,1011.7,
modernbert,pretrained,ling,ling:1363,1,0,1011.7,
modernbert,pretrained,ling,ling:696,1,1,1011.7,
modernbert,pretrained,ling,ling:1341,1,1,1011.7,
modernbert,pretrained,ling,ling:2410,1,1,1011.7,
modernbert,pretrained,ling,ling:481,1,1,1011.7,
modernbert,pretrained,ling,ling:2820,1,1,1011.7,
modernbert,pretrained,ling,ling:104,1,1,1011.7,
modernbert,pretrained,ling,ling:1703,1,1,1011.7,
modernbert,pretrained,ling,ling:2423,1,1,1011.7,
modernbert,pretrained,ling,ling:1564,1,1,1011.7,
modernbert,pretrained,ling,ling:2607,1,0,1011.7,
modernbert,pretrained,ling,ling:680,1,1,1011.7,
modernbert,pretrained,ling,ling:2836,1,1,1011.7,
modernbert,pretrained,ling,ling:471,1,1,1011.7,
modernbert,pretrained,ling,ling:1730,1,0,1011.7,
modernbert,pretrained,ling,ling:2001,1,1,1011.7,
modernbert,pretrained,ling,ling:729,1,1,1011.7,
modernbert,pretrained,ling,ling:480,1,1,1011.7,
modernbert,pretrained,ling,ling:1755,1,1,1011.7,
modernbert,pretrained,ling,ling:511,1,1,1011.7,
modernbert,pretrained,ling,ling:1131,1,1,1011.7,
modernbert,pretrained,ling,ling:458,1,1,1011.7,
modernbert,pretrained,ling,ling:981,1,1,1011.7,
modernbert,pretrained,ling,ling:470,1,1,1011.7,
modernbert,pretrained,ling,ling:446,1,1,1011.7,
modernbert,pretrained,ling,ling:1455,1,0,1011.7,
modernbert,pretrained,ling,ling:2579,1,1,1011.7,
modernbert,pretrained,ling,ling:1796,1,1,1011.7,
modernbert,pretrained,ling,ling:1622,1,1,1011.7,
modernbert,pretrained,ling,ling:187,1,1,1011.7,
modernbert,pretrained,ling,ling:1560,1,1,1011.7,
modernbert,pretrained,ling,ling:1986,1,1,1011.7,
modernbert,pretrained,ling,ling:2530,1,1,1011.7,
modernbert,pretrained,ling,ling:2655,1,1,1011.7,
modernbert,pretrained,ling,ling:112,1,1,1011.7,
modernbert,pretrained,ling,ling:2504,1,1,1011.7,
modernbert,pretrained,ling,ling:133,1,1,1011.7,
modernbert,pretrained,ling,ling:2809,1,1,1011.7,
modernbert,pretrained,ling,ling:2508,1,1,1011.7,
modernbert,pretrained,ling,ling:21,1,1,1011.7,
modernbert,pretrained,ling,ling:153,1,1,1011.7,
modernbert,pretrained,ling,ling:1779,1,1,1011.7,
modernbert,pretrained,ling,ling:2348,1,1,1011.7,
modernbert,pretrained,ling,ling:384,1,0,1011.7,
modernbert,pretrained,ling,ling:1233,1,1,1011.7,
modernbert,pretrained,ling,ling:2461,1,1,1011.7,
modernbert,pretrained,ling,ling:1878,1,1,1011.7,
modernbert,pretrained,ling,ling:1296,1,1,1011.7,
modernbert,pretrained,ling,ling:1939,1,1,1011.7,
modernbert,pretrained,ling,ling:2447,1,1,1011.7,
modernbert,pretrained,ling,ling:160,1,1,1011.7,
modernbert,pretrained,ling,ling:2288,1,0,1011.7,
modernbert,pretrained,ling,ling:1264,1,1,1011.7,
modernbert,pretrained,ling,ling:1943,1,1,1011.7,
modernbert,pretrained,ling,ling:227,1,0,1011.7,
modernbert,pretrained,ling,ling:1113,1,1,1011.7,
modernbert,pretrained,ling,ling:2821,1,1,1011.7,
modernbert,pretrained,ling,ling:690,1,1,1011.7,
modernbert,pretrained,ling,ling:2256,1,1,1011.7,
modernbert,pretrained,ling,ling:2036,1,1,1011.7,
modernbert,pretrained,ling,ling:1782,1,1,1011.7,
modernbert,pretrained,ling,ling:157,1,0,1011.7,
modernbert,pretrained,ling,ling:280,1,1,1011.7,
modernbert,pretrained,ling,ling:2807,1,1,1011.7,
modernbert,pretrained,ling,ling:2838,1,1,1011.7,
modernbert,pretrained,ling,ling:851,1,1,1011.7,
modernbert,pretrained,ling,ling:579,1,1,1011.7,
modernbert,pretrained,ling,ling:385,1,1,1011.7,
modernbert,pretrained,ling,ling:983,1,1,1011.7,
modernbert,pretrained,ling,ling:159,1,1,1011.7,
modernbert,pretrained,ling,ling:138,1,1,1011.7,
modernbert,pretrained,ling,ling:435,1,1,1011.7,
modernbert,pretrained,ling,ling:2555,1,1,1011.7,
modernbert,pretrained,ling,ling:1999,1,1,1011.7,
modernbert,pretrained,ling,ling:179,1,1,1011.7,
modernbert,pretrained,ling,ling:494,1,1,1011.7,
modernbert,pretrained,ling,ling:1969,1,1,1011.7,
modernbert,pretrained,ling,ling:751,1,1,1011.7,
modernbert,pretrained,ling,ling:2835,1,1,1011.7,
modernbert,pretrained,ling,ling:2231,1,1,1011.7,
modernbert,pretrained,ling,ling:580,1,1,1011.7,
modernbert,pretrained,ling,ling:1551,1,1,1011.7,
modernbert,pretrained,ling,ling:2487,1,1,1011.7,
modernbert,pretrained,ling,ling:2451,1,1,1011.7,
modernbert,pretrained,ling,ling:2527,1,1,1011.7,
modernbert,pretrained,ling,ling:1479,1,1,1011.7,
modernbert,pretrained,ling,ling:634,1,1,1011.7,
modernbert,pretrained,ling,ling:2389,1,1,1011.7,
modernbert,pretrained,ling,ling:92,1,1,1011.7,
modernbert,pretrained,ling,ling:277,1,1,1011.7,
modernbert,pretrained,ling,ling:1114,1,1,1011.7,
modernbert,pretrained,ling,ling:801,1,1,1011.7,
modernbert,pretrained,ling,ling:2466,1,1,1011.7,
modernbert,pretrained,ling,ling:2223,1,1,1011.7,
modernbert,pretrained,ling,ling:137,1,1,1011.7,
modernbert,pretrained,ling,ling:2608,1,1,1011.7,
modernbert,pretrained,ling,ling:2656,1,0,1011.7,
modernbert,pretrained,ling,ling:2271,1,1,1011.7,
modernbert,pretrained,ling,ling:85,1,1,1011.7,
modernbert,pretrained,ling,ling:139,1,1,1011.7,
modernbert,pretrained,ling,ling:2788,1,1,1011.7,
modernbert,pretrained,ling,ling:401,1,1,1011.7,
modernbert,pretrained,ling,ling:2627,1,1,1011.7,
modernbert,pretrained,ling,ling:1666,1,1,1011.7,
modernbert,pretrained,ling,ling:1093,1,1,1011.7,
modernbert,pretrained,ling,ling:430,1,1,1011.7,
modernbert,pretrained,ling,ling:665,1,1,1011.7,
modernbert,pretrained,ling,ling:1756,1,1,1011.7,
modernbert,pretrained,ling,ling:1355,1,1,1011.7,
modernbert,pretrained,ling,ling:171,1,1,1011.7,
modernbert,pretrained,ling,ling:1241,1,0,1011.7,
modernbert,pretrained,ling,ling:1237,1,1,1011.7,
modernbert,pretrained,ling,ling:168,1,1,1011.7,
modernbert,pretrained,ling,ling:94,1,1,1011.7,
modernbert,pretrained,ling,ling:2581,1,1,1011.7,
modernbert,pretrained,ling,ling:653,1,1,1011.7,
modernbert,pretrained,ling,ling:1386,1,1,1011.7,
modernbert,pretrained,ling,ling:2635,1,1,1011.7,
modernbert,pretrained,ling,ling:701,1,1,1011.7,
modernbert,pretrained,ling,ling:685,1,1,1011.7,
modernbert,pretrained,ling,ling:1547,1,1,1011.7,
modernbert,pretrained,ling,ling:953,1,1,1011.7,
modernbert,pretrained,ling,ling:2610,1,1,1011.7,
modernbert,pretrained,ling,ling:2467,1,1,1011.7,
modernbert,pretrained,ling,ling:2190,1,1,1011.7,
modernbert,pretrained,ling,ling:998,1,1,1011.7,
modernbert,pretrained,ling,ling:1089,1,1,1011.7,
modernbert,pretrained,ling,ling:1365,1,0,1011.7,
modernbert,pretrained,ling,ling:2420,0,0,1011.7,
modernbert,pretrained,ling,ling:2353,0,0,1011.7,
modernbert,pretrained,ling,ling:1016,0,0,1011.7,
modernbert,pretrained,ling,ling:2053,0,0,1011.7,
modernbert,pretrained,ling,ling:2401,0,0,1011.7,
modernbert,pretrained,ling,ling:156,0,0,1011.7,
modernbert,pretrained,ling,ling:1637,0,0,1011.7,
modernbert,pretrained,ling,ling:2045,0,0,1011.7,
modernbert,pretrained,ling,ling:1534,0,0,1011.7,
modernbert,pretrained,ling,ling:1272,0,0,1011.7,
modernbert,pretrained,ling,ling:2043,0,0,1011.7,
modernbert,pretrained,ling,ling:125,0,0,1011.7,
modernbert,pretrained,ling,ling:1434,0,0,1011.7,
modernbert,pretrained,ling,ling:1810,0,0,1011.7,
modernbert,pretrained,ling,ling:2275,0,1,1011.7,
modernbert,pretrained,ling,ling:2137,0,0,1011.7,
modernbert,pretrained,ling,ling:221,0,0,1011.7,
modernbert,pretrained,ling,ling:2173,0,0,1011.7,
modernbert,pretrained,ling,ling:1821,0,0,1011.7,
modernbert,pretrained,ling,ling:1867,0,0,1011.7,
modernbert,pretrained,ling,ling:1198,0,0,1011.7,
modernbert,pretrained,ling,ling:2573,0,0,1011.7,
modernbert,pretrained,ling,ling:1216,0,0,1011.7,
modernbert,pretrained,ling,ling:2566,0,0,1011.7,
modernbert,pretrained,ling,ling:1612,0,0,1011.7,
modernbert,pretrained,ling,ling:630,0,0,1011.7,
modernbert,pretrained,ling,ling:1566,0,0,1011.7,
modernbert,pretrained,ling,ling:2084,0,0,1011.7,
modernbert,pretrained,ling,ling:1546,0,0,1011.7,
modernbert,pretrained,ling,ling:2441,0,0,1011.7,
modernbert,pretrained,ling,ling:2138,0,0,1011.7,
modernbert,pretrained,ling,ling:1335,0,0,1011.7,
modernbert,pretrained,ling,ling:2406,0,0,1011.7,
modernbert,pretrained,ling,ling:1432,0,0,1011.7,
modernbert,pretrained,ling,ling:1426,0,0,1011.7,
modernbert,pretrained,ling,ling:2496,0,0,1011.7,
modernbert,pretrained,ling,ling:263,0,0,1011.7,
modernbert,pretrained,ling,ling:556,0,0,1011.7,
modernbert,pretrained,ling,ling:619,0,0,1011.7,
modernbert,pretrained,ling,ling:1162,0,0,1011.7,
modernbert,pretrained,ling,ling:538,0,0,1011.7,
modernbert,pretrained,ling,ling:1548,0,0,1011.7,
modernbert,pretrained,ling,ling:905,0,0,1011.7,
modernbert,pretrained,ling,ling:692,0,0,1011.7,
modernbert,pretrained,ling,ling:58,0,0,1011.7,
modernbert,pretrained,ling,ling:1336,0,0,1011.7,
modernbert,pretrained,ling,ling:2394,0,0,1011.7,
modernbert,pretrained,ling,ling:2542,0,0,1011.7,
modernbert,pretrained,ling,ling:2688,0,0,1011.7,
modernbert,pretrained,ling,ling:1321,0,0,1011.7,
modernbert,pretrained,ling,ling:1305,0,0,1011.7,
modernbert,pretrained,ling,ling:1992,0,0,1011.7,
modernbert,pretrained,ling,ling:515,0,0,1011.7,
modernbert,pretrained,ling,ling:2170,0,0,1011.7,
modernbert,pretrained,ling,ling:2313,0,0,1011.7,
modernbert,pretrained,ling,ling:2712,0,0,1011.7,
modernbert,pretrained,ling,ling:2790,0,0,1011.7,
modernbert,pretrained,ling,ling:1712,0,0,1011.7,
modernbert,pretrained,ling,ling:1615,0,0,1011.7,
modernbert,pretrained,ling,ling:1904,0,0,1011.7,
modernbert,pretrained,ling,ling:2101,0,0,1011.7,
modernbert,pretrained,ling,ling:1125,0,0,1011.7,
modernbert,pretrained,ling,ling:1961,0,0,1011.7,
modernbert,pretrained,ling,ling:1150,0,1,1011.7,
modernbert,pretrained,ling,ling:2125,0,0,1011.7,
modernbert,pretrained,ling,ling:857,0,0,1011.7,
modernbert,pretrained,ling,ling:1502,0,0,1011.7,
modernbert,pretrained,ling,ling:499,0,0,1011.7,
modernbert,pretrained,ling,ling:2252,0,0,1011.7,
modernbert,pretrained,ling,ling:1254,0,0,1011.7,
modernbert,pretrained,ling,ling:1673,0,0,1011.7,
modernbert,pretrained,ling,ling:2319,0,0,1011.7,
modernbert,pretrained,ling,ling:2757,0,0,1011.7,
modernbert,pretrained,ling,ling:1980,0,0,1011.7,
modernbert,pretrained,ling,ling:286,0,0,1011.7,
modernbert,pretrained,ling,ling:299,0,0,1011.7,
modernbert,pretrained,ling,ling:2647,0,0,1011.7,
modernbert,pretrained,ling,ling:215,0,0,1011.7,
modernbert,pretrained,ling,ling:908,0,0,1011.7,
modernbert,pretrained,ling,ling:1740,0,0,1011.7,
modernbert,pretrained,ling,ling:284,0,0,1011.7,
modernbert,pretrained,ling,ling:925,0,0,1011.7,
modernbert,pretrained,ling,ling:2160,0,0,1011.7,
modernbert,pretrained,ling,ling:929,0,0,1011.7,
modernbert,pretrained,ling,ling:666,0,0,1011.7,
modernbert,pretrained,ling,ling:1038,0,0,1011.7,
modernbert,pretrained,ling,ling:1352,0,0,1011.7,
modernbert,pretrained,ling,ling:578,0,0,1011.7,
modernbert,pretrained,ling,ling:110,0,0,1011.7,
modernbert,pretrained,ling,ling:46,0,0,1011.7,
modernbert,pretrained,ling,ling:1444,0,0,1011.7,
modernbert,pretrained,ling,ling:778,0,0,1011.7,
modernbert,pretrained,ling,ling:294,0,0,1011.7,
modernbert,pretrained,ling,ling:2663,0,0,1011.7,
modernbert,pretrained,ling,ling:1839,0,0,1011.7,
modernbert,pretrained,ling,ling:2551,0,0,1011.7,
modernbert,pretrained,ling,ling:842,0,0,1011.7,
modernbert,pretrained,ling,ling:1557,0,0,1011.7,
modernbert,pretrained,ling,ling:1656,0,0,1011.7,
modernbert,pretrained,ling,ling:2603,0,0,1011.7,
modernbert,pretrained,ling,ling:1513,0,0,1011.7,
modernbert,pretrained,ling,ling:1710,0,0,1011.7,
modernbert,pretrained,ling,ling:1052,0,0,1011.7,
modernbert,pretrained,ling,ling:1592,0,0,1011.7,
modernbert,pretrained,ling,ling:2298,0,0,1011.7,
modernbert,pretrained,ling,ling:2342,0,0,1011.7,
modernbert,pretrained,ling,ling:1447,0,0,1011.7,
modernbert,pretrained,ling,ling:1030,0,0,1011.7,
modernbert,pretrained,ling,ling:2005,0,0,1011.7,
modernbert,pretrained,ling,ling:1726,0,0,1011.7,
modernbert,pretrained,ling,ling:869,0,0,1011.7,
modernbert,pretrained,ling,ling:2115,0,0,1011.7,
modernbert,pretrained,ling,ling:2632,0,0,1011.7,
modernbert,pretrained,ling,ling:2146,0,0,1011.7,
modernbert,pretrained,ling,ling:958,0,0,1011.7,
modernbert,pretrained,ling,ling:533,0,0,1011.7,
modernbert,pretrained,ling,ling:1983,0,0,1011.7,
modernbert,pretrained,ling,ling:2136,0,0,1011.7,
modernbert,pretrained,ling,ling:1397,0,0,1011.7,
modernbert,pretrained,ling,ling:756,0,0,1011.7,
modernbert,pretrained,ling,ling:780,0,0,1011.7,
modernbert,pretrained,ling,ling:1886,0,0,1011.7,
modernbert,pretrained,ling,ling:1435,0,0,1011.7,
modernbert,pretrained,ling,ling:1932,0,1,1011.7,
modernbert,pretrained,ling,ling:2270,0,0,1011.7,
modernbert,pretrained,ling,ling:625,0,0,1011.7,
modernbert,pretrained,ling,ling:994,0,0,1011.7,
modernbert,pretrained,ling,ling:2674,0,0,1011.7,
modernbert,pretrained,ling,ling:1167,0,0,1011.7,
modernbert,pretrained,ling,ling:244,0,0,1011.7,
modernbert,pretrained,ling,ling:2549,0,0,1011.7,
modernbert,pretrained,ling,ling:1370,0,0,1011.7,
modernbert,pretrained,ling,ling:2721,0,1,1011.7,
modernbert,pretrained,ling,ling:413,0,0,1011.7,
modernbert,pretrained,ling,ling:1353,0,0,1011.7,
modernbert,pretrained,ling,ling:1671,0,0,1011.7,
modernbert,pretrained,ling,ling:2417,0,1,1011.7,
modernbert,pretrained,ling,ling:256,0,0,1011.7,
modernbert,pretrained,ling,ling:2227,0,0,1011.7,
modernbert,pretrained,ling,ling:974,0,0,1011.7,
modernbert,pretrained,ling,ling:1282,0,0,1011.7,
modernbert,pretrained,ling,ling:2336,0,0,1011.7,
modernbert,pretrained,ling,ling:1602,0,0,1011.7,
modernbert,pretrained,ling,ling:1784,0,0,1011.7,
modernbert,pretrained,ling,ling:1395,0,0,1011.7,
modernbert,pretrained,ling,ling:2750,0,0,1011.7,
modernbert,pretrained,ling,ling:1900,0,0,1011.7,
modernbert,pretrained,ling,ling:2855,0,0,1011.7,
modernbert,pretrained,ling,ling:2498,0,0,1011.7,
modernbert,pretrained,ling,ling:554,0,0,1011.7,
modernbert,pretrained,ephishllm_it,ephishllm_it:2353,1,1,459.2,
modernbert,pretrained,ephishllm_it,ephishllm_it:2468,1,1,459.2,
modernbert,pretrained,ephishllm_it,ephishllm_it:1117,1,1,459.2,
modernbert,pretrained,ephishllm_it,ephishllm_it:1171,1,1,459.2,
modernbert,pretrained,ephishllm_it,ephishllm_it:2315,1,1,459.2,
modernbert,pretrained,ephishllm_it,ephishllm_it:813,1,1,459.2,
modernbert,pretrained,ephishllm_it,ephishllm_it:1226,1,1,459.2,
modernbert,pretrained,ephishllm_it,ephishllm_it:760,1,1,459.2,
modernbert,pretrained,ephishllm_it,ephishllm_it:2681,1,1,459.2,
modernbert,pretrained,ephishllm_it,ephishllm_it:2386,1,1,459.2,
modernbert,pretrained,ephishllm_it,ephishllm_it:2331,1,1,459.2,
modernbert,pretrained,ephishllm_it,ephishllm_it:790,1,1,459.2,
modernbert,pretrained,ephishllm_it,ephishllm_it:2188,1,1,459.2,
modernbert,pretrained,ephishllm_it,ephishllm_it:2337,1,1,459.2,
modernbert,pretrained,ephishllm_it,ephishllm_it:2472,1,1,459.2,
modernbert,pretrained,ephishllm_it,ephishllm_it:2482,1,1,459.2,
modernbert,pretrained,ephishllm_it,ephishllm_it:2281,1,1,459.2,
modernbert,pretrained,ephishllm_it,ephishllm_it:2531,1,1,459.2,
modernbert,pretrained,ephishllm_it,ephishllm_it:2589,1,1,459.2,
modernbert,pretrained,ephishllm_it,ephishllm_it:1131,1,1,459.2,
modernbert,pretrained,ephishllm_it,ephishllm_it:805,1,1,459.2,
modernbert,pretrained,ephishllm_it,ephishllm_it:994,1,1,459.2,
modernbert,pretrained,ephishllm_it,ephishllm_it:2605,1,1,459.2,
modernbert,pretrained,ephishllm_it,ephishllm_it:860,1,1,459.2,
modernbert,pretrained,ephishllm_it,ephishllm_it:862,1,1,459.2,
modernbert,pretrained,ephishllm_it,ephishllm_it:748,1,1,459.2,
modernbert,pretrained,ephishllm_it,ephishllm_it:969,1,1,459.2,
modernbert,pretrained,ephishllm_it,ephishllm_it:993,1,1,459.2,
modernbert,pretrained,ephishllm_it,ephishllm_it:978,1,1,459.2,
modernbert,pretrained,ephishllm_it,ephishllm_it:800,1,1,459.2,
modernbert,pretrained,ephishllm_it,ephishllm_it:817,1,1,459.2,
modernbert,pretrained,ephishllm_it,ephishllm_it:1152,1,1,459.2,
modernbert,pretrained,ephishllm_it,ephishllm_it:2436,1,1,459.2,
modernbert,pretrained,ephishllm_it,ephishllm_it:1233,1,1,459.2,
modernbert,pretrained,ephishllm_it,ephishllm_it:2403,1,1,459.2,
modernbert,pretrained,ephishllm_it,ephishllm_it:727,1,1,459.2,
modernbert,pretrained,ephishllm_it,ephishllm_it:2539,1,1,459.2,
modernbert,pretrained,ephishllm_it,ephishllm_it:2623,1,1,459.2,
modernbert,pretrained,ephishllm_it,ephishllm_it:1161,1,1,459.2,
modernbert,pretrained,ephishllm_it,ephishllm_it:2186,1,1,459.2,
modernbert,pretrained,ephishllm_it,ephishllm_it:979,1,1,459.2,
modernbert,pretrained,ephishllm_it,ephishllm_it:1098,1,1,459.2,
modernbert,pretrained,ephishllm_it,ephishllm_it:2456,1,1,459.2,
modernbert,pretrained,ephishllm_it,ephishllm_it:882,1,1,459.2,
modernbert,pretrained,ephishllm_it,ephishllm_it:2434,1,1,459.2,
modernbert,pretrained,ephishllm_it,ephishllm_it:2689,1,1,459.2,
modernbert,pretrained,ephishllm_it,ephishllm_it:792,1,1,459.2,
modernbert,pretrained,ephishllm_it,ephishllm_it:1256,1,1,459.2,
modernbert,pretrained,ephishllm_it,ephishllm_it:2372,1,1,459.2,
modernbert,pretrained,ephishllm_it,ephishllm_it:2290,1,1,459.2,
modernbert,pretrained,ephishllm_it,ephishllm_it:1059,1,1,459.2,
modernbert,pretrained,ephishllm_it,ephishllm_it:1194,1,1,459.2,
modernbert,pretrained,ephishllm_it,ephishllm_it:896,1,1,459.2,
modernbert,pretrained,ephishllm_it,ephishllm_it:1063,1,1,459.2,
modernbert,pretrained,ephishllm_it,ephishllm_it:2369,1,1,459.2,
modernbert,pretrained,ephishllm_it,ephishllm_it:774,1,1,459.2,
modernbert,pretrained,ephishllm_it,ephishllm_it:2558,1,1,459.2,
modernbert,pretrained,ephishllm_it,ephishllm_it:2637,1,1,459.2,
modernbert,pretrained,ephishllm_it,ephishllm_it:903,1,1,459.2,
modernbert,pretrained,ephishllm_it,ephishllm_it:1245,1,1,459.2,
modernbert,pretrained,ephishllm_it,ephishllm_it:2455,1,1,459.2,
modernbert,pretrained,ephishllm_it,ephishllm_it:2588,1,1,459.2,
modernbert,pretrained,ephishllm_it,ephishllm_it:755,1,1,459.2,
modernbert,pretrained,ephishllm_it,ephishllm_it:1136,1,1,459.2,
modernbert,pretrained,ephishllm_it,ephishllm_it:2693,1,1,459.2,
modernbert,pretrained,ephishllm_it,ephishllm_it:2566,1,1,459.2,
modernbert,pretrained,ephishllm_it,ephishllm_it:1027,1,1,459.2,
modernbert,pretrained,ephishllm_it,ephishllm_it:1262,1,1,459.2,
modernbert,pretrained,ephishllm_it,ephishllm_it:1151,1,1,459.2,
modernbert,pretrained,ephishllm_it,ephishllm_it:1300,1,1,459.2,
modernbert,pretrained,ephishllm_it,ephishllm_it:1227,1,1,459.2,
modernbert,pretrained,ephishllm_it,ephishllm_it:1032,1,1,459.2,
modernbert,pretrained,ephishllm_it,ephishllm_it:1023,1,1,459.2,
modernbert,pretrained,ephishllm_it,ephishllm_it:1102,1,1,459.2,
modernbert,pretrained,ephishllm_it,ephishllm_it:2199,1,1,459.2,
modernbert,pretrained,ephishllm_it,ephishllm_it:1046,1,1,459.2,
modernbert,pretrained,ephishllm_it,ephishllm_it:948,1,0,459.2,
modernbert,pretrained,ephishllm_it,ephishllm_it:2252,1,1,459.2,
modernbert,pretrained,ephishllm_it,ephishllm_it:2302,1,1,459.2,
modernbert,pretrained,ephishllm_it,ephishllm_it:832,1,1,459.2,
modernbert,pretrained,ephishllm_it,ephishllm_it:1002,1,1,459.2,
modernbert,pretrained,ephishllm_it,ephishllm_it:735,1,1,459.2,
modernbert,pretrained,ephishllm_it,ephishllm_it:924,1,1,459.2,
modernbert,pretrained,ephishllm_it,ephishllm_it:2641,1,1,459.2,
modernbert,pretrained,ephishllm_it,ephishllm_it:2259,1,1,459.2,
modernbert,pretrained,ephishllm_it,ephishllm_it:2485,1,1,459.2,
modernbert,pretrained,ephishllm_it,ephishllm_it:2301,1,1,459.2,
modernbert,pretrained,ephishllm_it,ephishllm_it:914,1,1,459.2,
modernbert,pretrained,ephishllm_it,ephishllm_it:878,1,1,459.2,
modernbert,pretrained,ephishllm_it,ephishllm_it:1003,1,1,459.2,
modernbert,pretrained,ephishllm_it,ephishllm_it:1037,1,1,459.2,
modernbert,pretrained,ephishllm_it,ephishllm_it:2334,1,1,459.2,
modernbert,pretrained,ephishllm_it,ephishllm_it:1035,1,1,459.2,
modernbert,pretrained,ephishllm_it,ephishllm_it:844,1,1,459.2,
modernbert,pretrained,ephishllm_it,ephishllm_it:1255,1,1,459.2,
modernbert,pretrained,ephishllm_it,ephishllm_it:1084,1,1,459.2,
modernbert,pretrained,ephishllm_it,ephishllm_it:964,1,1,459.2,
modernbert,pretrained,ephishllm_it,ephishllm_it:1036,1,1,459.2,
modernbert,pretrained,ephishllm_it,ephishllm_it:2555,1,1,459.2,
modernbert,pretrained,ephishllm_it,ephishllm_it:1065,1,1,459.2,
modernbert,pretrained,ephishllm_it,ephishllm_it:2264,1,1,459.2,
modernbert,pretrained,ephishllm_it,ephishllm_it:714,1,1,459.2,
modernbert,pretrained,ephishllm_it,ephishllm_it:1071,1,1,459.2,
modernbert,pretrained,ephishllm_it,ephishllm_it:1055,1,1,459.2,
modernbert,pretrained,ephishllm_it,ephishllm_it:2262,1,1,459.2,
modernbert,pretrained,ephishllm_it,ephishllm_it:902,1,1,459.2,
modernbert,pretrained,ephishllm_it,ephishllm_it:1183,1,1,459.2,
modernbert,pretrained,ephishllm_it,ephishllm_it:2219,1,1,459.2,
modernbert,pretrained,ephishllm_it,ephishllm_it:2476,1,1,459.2,
modernbert,pretrained,ephishllm_it,ephishllm_it:1067,1,1,459.2,
modernbert,pretrained,ephishllm_it,ephishllm_it:2582,1,1,459.2,
modernbert,pretrained,ephishllm_it,ephishllm_it:1274,1,1,459.2,
modernbert,pretrained,ephishllm_it,ephishllm_it:2240,1,1,459.2,
modernbert,pretrained,ephishllm_it,ephishllm_it:2571,1,1,459.2,
modernbert,pretrained,ephishllm_it,ephishllm_it:2245,1,1,459.2,
modernbert,pretrained,ephishllm_it,ephishllm_it:2347,1,1,459.2,
modernbert,pretrained,ephishllm_it,ephishllm_it:2366,1,1,459.2,
modernbert,pretrained,ephishllm_it,ephishllm_it:2584,1,1,459.2,
modernbert,pretrained,ephishllm_it,ephishllm_it:753,1,1,459.2,
modernbert,pretrained,ephishllm_it,ephishllm_it:811,1,1,459.2,
modernbert,pretrained,ephishllm_it,ephishllm_it:763,1,1,459.2,
modernbert,pretrained,ephishllm_it,ephishllm_it:913,1,1,459.2,
modernbert,pretrained,ephishllm_it,ephishllm_it:2326,1,1,459.2,
modernbert,pretrained,ephishllm_it,ephishllm_it:2358,1,1,459.2,
modernbert,pretrained,ephishllm_it,ephishllm_it:2227,1,1,459.2,
modernbert,pretrained,ephishllm_it,ephishllm_it:998,1,1,459.2,
modernbert,pretrained,ephishllm_it,ephishllm_it:1134,1,1,459.2,
modernbert,pretrained,ephishllm_it,ephishllm_it:2621,1,1,459.2,
modernbert,pretrained,ephishllm_it,ephishllm_it:2475,1,1,459.2,
modernbert,pretrained,ephishllm_it,ephishllm_it:1257,1,1,459.2,
modernbert,pretrained,ephishllm_it,ephishllm_it:1092,1,1,459.2,
modernbert,pretrained,ephishllm_it,ephishllm_it:1236,1,1,459.2,
modernbert,pretrained,ephishllm_it,ephishllm_it:912,1,1,459.2,
modernbert,pretrained,ephishllm_it,ephishllm_it:2420,1,1,459.2,
modernbert,pretrained,ephishllm_it,ephishllm_it:1115,1,1,459.2,
modernbert,pretrained,ephishllm_it,ephishllm_it:787,1,1,459.2,
modernbert,pretrained,ephishllm_it,ephishllm_it:1186,1,1,459.2,
modernbert,pretrained,ephishllm_it,ephishllm_it:1146,1,1,459.2,
modernbert,pretrained,ephishllm_it,ephishllm_it:2494,1,1,459.2,
modernbert,pretrained,ephishllm_it,ephishllm_it:1113,1,1,459.2,
modernbert,pretrained,ephishllm_it,ephishllm_it:1000,1,1,459.2,
modernbert,pretrained,ephishllm_it,ephishllm_it:1205,1,1,459.2,
modernbert,pretrained,ephishllm_it,ephishllm_it:2183,1,1,459.2,
modernbert,pretrained,ephishllm_it,ephishllm_it:1129,1,1,459.2,
modernbert,pretrained,ephishllm_it,ephishllm_it:780,1,1,459.2,
modernbert,pretrained,ephishllm_it,ephishllm_it:2563,1,1,459.2,
modernbert,pretrained,ephishllm_it,ephishllm_it:842,1,1,459.2,
modernbert,pretrained,ephishllm_it,ephishllm_it:935,1,1,459.2,
modernbert,pretrained,ephishllm_it,ephishllm_it:1298,1,1,459.2,
modernbert,pretrained,ephishllm_it,ephishllm_it:951,1,1,459.2,
modernbert,pretrained,ephishllm_it,ephishllm_it:2104,0,1,459.2,
modernbert,pretrained,ephishllm_it,ephishllm_it:1597,0,1,459.2,
modernbert,pretrained,ephishllm_it,ephishllm_it:432,0,1,459.2,
modernbert,pretrained,ephishllm_it,ephishllm_it:1576,0,1,459.2,
modernbert,pretrained,ephishllm_it,ephishllm_it:1782,0,1,459.2,
modernbert,pretrained,ephishllm_it,ephishllm_it:1638,0,1,459.2,
modernbert,pretrained,ephishllm_it,ephishllm_it:2176,0,1,459.2,
modernbert,pretrained,ephishllm_it,ephishllm_it:1550,0,1,459.2,
modernbert,pretrained,ephishllm_it,ephishllm_it:2151,0,1,459.2,
modernbert,pretrained,ephishllm_it,ephishllm_it:566,0,1,459.2,
modernbert,pretrained,ephishllm_it,ephishllm_it:65,0,1,459.2,
modernbert,pretrained,ephishllm_it,ephishllm_it:427,0,1,459.2,
modernbert,pretrained,ephishllm_it,ephishllm_it:59,0,1,459.2,
modernbert,pretrained,ephishllm_it,ephishllm_it:1761,0,1,459.2,
modernbert,pretrained,ephishllm_it,ephishllm_it:1647,0,1,459.2,
modernbert,pretrained,ephishllm_it,ephishllm_it:506,0,1,459.2,
modernbert,pretrained,ephishllm_it,ephishllm_it:1619,0,1,459.2,
modernbert,pretrained,ephishllm_it,ephishllm_it:270,0,1,459.2,
modernbert,pretrained,ephishllm_it,ephishllm_it:2131,0,1,459.2,
modernbert,pretrained,ephishllm_it,ephishllm_it:275,0,1,459.2,
modernbert,pretrained,ephishllm_it,ephishllm_it:30,0,1,459.2,
modernbert,pretrained,ephishllm_it,ephishllm_it:2142,0,1,459.2,
modernbert,pretrained,ephishllm_it,ephishllm_it:2107,0,1,459.2,
modernbert,pretrained,ephishllm_it,ephishllm_it:29,0,1,459.2,
modernbert,pretrained,ephishllm_it,ephishllm_it:123,0,1,459.2,
modernbert,pretrained,ephishllm_it,ephishllm_it:175,0,1,459.2,
modernbert,pretrained,ephishllm_it,ephishllm_it:1537,0,1,459.2,
modernbert,pretrained,ephishllm_it,ephishllm_it:1470,0,1,459.2,
modernbert,pretrained,ephishllm_it,ephishllm_it:495,0,1,459.2,
modernbert,pretrained,ephishllm_it,ephishllm_it:482,0,1,459.2,
modernbert,pretrained,ephishllm_it,ephishllm_it:1596,0,1,459.2,
modernbert,pretrained,ephishllm_it,ephishllm_it:1665,0,1,459.2,
modernbert,pretrained,ephishllm_it,ephishllm_it:1368,0,1,459.2,
modernbert,pretrained,ephishllm_it,ephishllm_it:2128,0,1,459.2,
modernbert,pretrained,ephishllm_it,ephishllm_it:1622,0,1,459.2,
modernbert,pretrained,ephishllm_it,ephishllm_it:141,0,1,459.2,
modernbert,pretrained,ephishllm_it,ephishllm_it:1325,0,1,459.2,
modernbert,pretrained,ephishllm_it,ephishllm_it:332,0,1,459.2,
modernbert,pretrained,ephishllm_it,ephishllm_it:1745,0,1,459.2,
modernbert,pretrained,ephishllm_it,ephishllm_it:198,0,1,459.2,
modernbert,pretrained,ephishllm_it,ephishllm_it:1322,0,1,459.2,
modernbert,pretrained,ephishllm_it,ephishllm_it:1334,0,1,459.2,
modernbert,pretrained,ephishllm_it,ephishllm_it:1451,0,1,459.2,
modernbert,pretrained,ephishllm_it,ephishllm_it:1946,0,1,459.2,
modernbert,pretrained,ephishllm_it,ephishllm_it:2139,0,1,459.2,
modernbert,pretrained,ephishllm_it,ephishllm_it:1400,0,1,459.2,
modernbert,pretrained,ephishllm_it,ephishllm_it:220,0,1,459.2,
modernbert,pretrained,ephishllm_it,ephishllm_it:240,0,1,459.2,
modernbert,pretrained,ephishllm_it,ephishllm_it:1884,0,1,459.2,
modernbert,pretrained,ephishllm_it,ephishllm_it:1877,0,1,459.2,
modernbert,pretrained,ephishllm_it,ephishllm_it:23,0,1,459.2,
modernbert,pretrained,ephishllm_it,ephishllm_it:99,0,1,459.2,
modernbert,pretrained,ephishllm_it,ephishllm_it:366,0,1,459.2,
modernbert,pretrained,ephishllm_it,ephishllm_it:1706,0,1,459.2,
modernbert,pretrained,ephishllm_it,ephishllm_it:1357,0,1,459.2,
modernbert,pretrained,ephishllm_it,ephishllm_it:1456,0,1,459.2,
modernbert,pretrained,ephishllm_it,ephishllm_it:1730,0,1,459.2,
modernbert,pretrained,ephishllm_it,ephishllm_it:1315,0,1,459.2,
modernbert,pretrained,ephishllm_it,ephishllm_it:374,0,1,459.2,
modernbert,pretrained,ephishllm_it,ephishllm_it:1673,0,1,459.2,
modernbert,pretrained,ephishllm_it,ephishllm_it:344,0,1,459.2,
modernbert,pretrained,ephishllm_it,ephishllm_it:1486,0,1,459.2,
modernbert,pretrained,ephishllm_it,ephishllm_it:2132,0,1,459.2,
modernbert,pretrained,ephishllm_it,ephishllm_it:1749,0,1,459.2,
modernbert,pretrained,ephishllm_it,ephishllm_it:2070,0,1,459.2,
modernbert,pretrained,ephishllm_it,ephishllm_it:1316,0,1,459.2,
modernbert,pretrained,ephishllm_it,ephishllm_it:528,0,1,459.2,
modernbert,pretrained,ephishllm_it,ephishllm_it:1831,0,1,459.2,
modernbert,pretrained,ephishllm_it,ephishllm_it:1895,0,1,459.2,
modernbert,pretrained,ephishllm_it,ephishllm_it:168,0,1,459.2,
modernbert,pretrained,ephishllm_it,ephishllm_it:1737,0,1,459.2,
modernbert,pretrained,ephishllm_it,ephishllm_it:353,0,1,459.2,
modernbert,pretrained,ephishllm_it,ephishllm_it:1643,0,1,459.2,
modernbert,pretrained,ephishllm_it,ephishllm_it:135,0,1,459.2,
modernbert,pretrained,ephishllm_it,ephishllm_it:49,0,1,459.2,
modernbert,pretrained,ephishllm_it,ephishllm_it:316,0,1,459.2,
modernbert,pretrained,ephishllm_it,ephishllm_it:614,0,1,459.2,
modernbert,pretrained,ephishllm_it,ephishllm_it:1458,0,1,459.2,
modernbert,pretrained,ephishllm_it,ephishllm_it:1321,0,1,459.2,
modernbert,pretrained,ephishllm_it,ephishllm_it:383,0,1,459.2,
modernbert,pretrained,ephishllm_it,ephishllm_it:247,0,1,459.2,
modernbert,pretrained,ephishllm_it,ephishllm_it:1904,0,1,459.2,
modernbert,pretrained,ephishllm_it,ephishllm_it:2068,0,1,459.2,
modernbert,pretrained,ephishllm_it,ephishllm_it:583,0,1,459.2,
modernbert,pretrained,ephishllm_it,ephishllm_it:1649,0,0,459.2,
modernbert,pretrained,ephishllm_it,ephishllm_it:1720,0,1,459.2,
modernbert,pretrained,ephishllm_it,ephishllm_it:297,0,1,459.2,
modernbert,pretrained,ephishllm_it,ephishllm_it:1920,0,1,459.2,
modernbert,pretrained,ephishllm_it,ephishllm_it:1804,0,1,459.2,
modernbert,pretrained,ephishllm_it,ephishllm_it:575,0,1,459.2,
modernbert,pretrained,ephishllm_it,ephishllm_it:1625,0,1,459.2,
modernbert,pretrained,ephishllm_it,ephishllm_it:331,0,1,459.2,
modernbert,pretrained,ephishllm_it,ephishllm_it:173,0,1,459.2,
modernbert,pretrained,ephishllm_it,ephishllm_it:1891,0,1,459.2,
modernbert,pretrained,ephishllm_it,ephishllm_it:701,0,1,459.2,
modernbert,pretrained,ephishllm_it,ephishllm_it:51,0,1,459.2,
modernbert,pretrained,ephishllm_it,ephishllm_it:70,0,1,459.2,
modernbert,pretrained,ephishllm_it,ephishllm_it:124,0,1,459.2,
modernbert,pretrained,ephishllm_it,ephishllm_it:1454,0,1,459.2,
modernbert,pretrained,ephishllm_it,ephishllm_it:76,0,1,459.2,
modernbert,pretrained,ephishllm_it,ephishllm_it:2112,0,1,459.2,
modernbert,pretrained,ephishllm_it,ephishllm_it:324,0,1,459.2,
modernbert,pretrained,ephishllm_it,ephishllm_it:367,0,1,459.2,
modernbert,pretrained,ephishllm_it,ephishllm_it:1543,0,1,459.2,
modernbert,pretrained,ephishllm_it,ephishllm_it:1586,0,1,459.2,
modernbert,pretrained,ephishllm_it,ephishllm_it:1652,0,1,459.2,
modernbert,pretrained,ephishllm_it,ephishllm_it:184,0,1,459.2,
modernbert,pretrained,ephishllm_it,ephishllm_it:1630,0,1,459.2,
modernbert,pretrained,ephishllm_it,ephishllm_it:1498,0,1,459.2,
modernbert,pretrained,ephishllm_it,ephishllm_it:298,0,1,459.2,
modernbert,pretrained,ephishllm_it,ephishllm_it:1883,0,1,459.2,
modernbert,pretrained,ephishllm_it,ephishllm_it:199,0,1,459.2,
modernbert,pretrained,ephishllm_it,ephishllm_it:1421,0,1,459.2,
modernbert,pretrained,ephishllm_it,ephishllm_it:598,0,1,459.2,
modernbert,pretrained,ephishllm_it,ephishllm_it:1562,0,1,459.2,
modernbert,pretrained,ephishllm_it,ephishllm_it:589,0,1,459.2,
modernbert,pretrained,ephishllm_it,ephishllm_it:2031,0,1,459.2,
modernbert,pretrained,ephishllm_it,ephishllm_it:433,0,1,459.2,
modernbert,pretrained,ephishllm_it,ephishllm_it:599,0,1,459.2,
modernbert,pretrained,ephishllm_it,ephishllm_it:1612,0,1,459.2,
modernbert,pretrained,ephishllm_it,ephishllm_it:1457,0,1,459.2,
modernbert,pretrained,ephishllm_it,ephishllm_it:628,0,1,459.2,
modernbert,pretrained,ephishllm_it,ephishllm_it:1840,0,1,459.2,
modernbert,pretrained,ephishllm_it,ephishllm_it:1824,0,1,459.2,
modernbert,pretrained,ephishllm_it,ephishllm_it:2147,0,1,459.2,
modernbert,pretrained,ephishllm_it,ephishllm_it:289,0,1,459.2,
modernbert,pretrained,ephishllm_it,ephishllm_it:1404,0,1,459.2,
modernbert,pretrained,ephishllm_it,ephishllm_it:493,0,1,459.2,
modernbert,pretrained,ephishllm_it,ephishllm_it:67,0,1,459.2,
modernbert,pretrained,ephishllm_it,ephishllm_it:1957,0,1,459.2,
modernbert,pretrained,ephishllm_it,ephishllm_it:1479,0,1,459.2,
modernbert,pretrained,ephishllm_it,ephishllm_it:2034,0,1,459.2,
modernbert,pretrained,ephishllm_it,ephishllm_it:429,0,1,459.2,
modernbert,pretrained,ephishllm_it,ephishllm_it:668,0,1,459.2,
modernbert,pretrained,ephishllm_it,ephishllm_it:1577,0,1,459.2,
modernbert,pretrained,ephishllm_it,ephishllm_it:1533,0,1,459.2,
modernbert,pretrained,ephishllm_it,ephishllm_it:1725,0,1,459.2,
modernbert,pretrained,ephishllm_it,ephishllm_it:203,0,1,459.2,
modernbert,pretrained,ephishllm_it,ephishllm_it:1913,0,1,459.2,
modernbert,pretrained,ephishllm_it,ephishllm_it:274,0,1,459.2,
modernbert,pretrained,ephishllm_it,ephishllm_it:535,0,1,459.2,
modernbert,pretrained,ephishllm_it,ephishllm_it:1968,0,1,459.2,
modernbert,pretrained,ephishllm_it,ephishllm_it:428,0,1,459.2,
modernbert,pretrained,ephishllm_it,ephishllm_it:1835,0,1,459.2,
modernbert,pretrained,ephishllm_it,ephishllm_it:1601,0,1,459.2,
modernbert,pretrained,ephishllm_it,ephishllm_it:610,0,1,459.2,
modernbert,pretrained,ephishllm_it,ephishllm_it:529,0,1,459.2,
modernbert,pretrained,ephishllm_it,ephishllm_it:1432,0,1,459.2,
modernbert,pretrained,ephishllm_it,ephishllm_it:692,0,1,459.2,
modernbert,pretrained,ephishllm_it,ephishllm_it:643,0,1,459.2,
bert,pretrained,ephishllm_nolink,ephishllm:6684,1,1,165.6,
bert,pretrained,ephishllm_nolink,ephishllm:5664,1,0,165.6,
bert,pretrained,ephishllm_nolink,ephishllm:9218,1,0,165.6,
bert,pretrained,ephishllm_nolink,ephishllm:9766,1,1,165.6,
bert,pretrained,ephishllm_nolink,ephishllm:6382,1,0,165.6,
bert,pretrained,ephishllm_nolink,ephishllm:8505,1,1,165.6,
bert,pretrained,ephishllm_nolink,ephishllm:5680,1,0,165.6,
bert,pretrained,ephishllm_nolink,ephishllm:6079,1,1,165.6,
bert,pretrained,ephishllm_nolink,ephishllm:5955,1,0,165.6,
bert,pretrained,ephishllm_nolink,ephishllm:5931,1,0,165.6,
bert,pretrained,ephishllm_nolink,ephishllm:9645,1,0,165.6,
bert,pretrained,ephishllm_nolink,ephishllm:5340,1,0,165.6,
bert,pretrained,ephishllm_nolink,ephishllm:9153,1,0,165.6,
bert,pretrained,ephishllm_nolink,ephishllm:8344,1,0,165.6,
bert,pretrained,ephishllm_nolink,ephishllm:6523,1,0,165.6,
bert,pretrained,ephishllm_nolink,ephishllm:8949,1,1,165.6,
bert,pretrained,ephishllm_nolink,ephishllm:6108,1,0,165.6,
bert,pretrained,ephishllm_nolink,ephishllm:7519,1,1,165.6,
bert,pretrained,ephishllm_nolink,ephishllm:4810,1,0,165.6,
bert,pretrained,ephishllm_nolink,ephishllm:8748,1,0,165.6,
bert,pretrained,ephishllm_nolink,ephishllm:8977,1,1,165.6,
bert,pretrained,ephishllm_nolink,ephishllm:7016,1,0,165.6,
bert,pretrained,ephishllm_nolink,ephishllm:5317,1,0,165.6,
bert,pretrained,ephishllm_nolink,ephishllm:7243,1,1,165.6,
bert,pretrained,ephishllm_nolink,ephishllm:9135,1,0,165.6,
bert,pretrained,ephishllm_nolink,ephishllm:6656,1,0,165.6,
bert,pretrained,ephishllm_nolink,ephishllm:8379,1,0,165.6,
bert,pretrained,ephishllm_nolink,ephishllm:5468,1,1,165.6,
bert,pretrained,ephishllm_nolink,ephishllm:4955,1,1,165.6,
bert,pretrained,ephishllm_nolink,ephishllm:5120,1,0,165.6,
bert,pretrained,ephishllm_nolink,ephishllm:8330,1,1,165.6,
bert,pretrained,ephishllm_nolink,ephishllm:8220,1,0,165.6,
bert,pretrained,ephishllm_nolink,ephishllm:8769,1,0,165.6,
bert,pretrained,ephishllm_nolink,ephishllm:8792,1,1,165.6,
bert,pretrained,ephishllm_nolink,ephishllm:8258,1,0,165.6,
bert,pretrained,ephishllm_nolink,ephishllm:8568,1,1,165.6,
bert,pretrained,ephishllm_nolink,ephishllm:7742,1,0,165.6,
bert,pretrained,ephishllm_nolink,ephishllm:5160,1,0,165.6,
bert,pretrained,ephishllm_nolink,ephishllm:5683,1,1,165.6,
bert,pretrained,ephishllm_nolink,ephishllm:7012,1,1,165.6,
bert,pretrained,ephishllm_nolink,ephishllm:8357,1,0,165.6,
bert,pretrained,ephishllm_nolink,ephishllm:9538,1,0,165.6,
bert,pretrained,ephishllm_nolink,ephishllm:9230,1,0,165.6,
bert,pretrained,ephishllm_nolink,ephishllm:5873,1,0,165.6,
bert,pretrained,ephishllm_nolink,ephishllm:5587,1,0,165.6,
bert,pretrained,ephishllm_nolink,ephishllm:5292,1,1,165.6,
bert,pretrained,ephishllm_nolink,ephishllm:6278,1,0,165.6,
bert,pretrained,ephishllm_nolink,ephishllm:6007,1,1,165.6,
bert,pretrained,ephishllm_nolink,ephishllm:5278,1,0,165.6,
bert,pretrained,ephishllm_nolink,ephishllm:8831,1,1,165.6,
bert,pretrained,ephishllm_nolink,ephishllm:7772,1,1,165.6,
bert,pretrained,ephishllm_nolink,ephishllm:9809,1,0,165.6,
bert,pretrained,ephishllm_nolink,ephishllm:4866,1,0,165.6,
bert,pretrained,ephishllm_nolink,ephishllm:5498,1,0,165.6,
bert,pretrained,ephishllm_nolink,ephishllm:6219,1,1,165.6,
bert,pretrained,ephishllm_nolink,ephishllm:5413,1,1,165.6,
bert,pretrained,ephishllm_nolink,ephishllm:6647,1,0,165.6,
bert,pretrained,ephishllm_nolink,ephishllm:8120,1,0,165.6,
bert,pretrained,ephishllm_nolink,ephishllm:7020,1,0,165.6,
bert,pretrained,ephishllm_nolink,ephishllm:9305,1,1,165.6,
bert,pretrained,ephishllm_nolink,ephishllm:6351,1,1,165.6,
bert,pretrained,ephishllm_nolink,ephishllm:5203,1,0,165.6,
bert,pretrained,ephishllm_nolink,ephishllm:9859,1,0,165.6,
bert,pretrained,ephishllm_nolink,ephishllm:7768,1,0,165.6,
bert,pretrained,ephishllm_nolink,ephishllm:5821,1,1,165.6,
bert,pretrained,ephishllm_nolink,ephishllm:8892,1,0,165.6,
bert,pretrained,ephishllm_nolink,ephishllm:8032,1,1,165.6,
bert,pretrained,ephishllm_nolink,ephishllm:8824,1,1,165.6,
bert,pretrained,ephishllm_nolink,ephishllm:9912,1,1,165.6,
bert,pretrained,ephishllm_nolink,ephishllm:5698,1,0,165.6,
bert,pretrained,ephishllm_nolink,ephishllm:5574,1,0,165.6,
bert,pretrained,ephishllm_nolink,ephishllm:6620,1,0,165.6,
bert,pretrained,ephishllm_nolink,ephishllm:9360,1,1,165.6,
bert,pretrained,ephishllm_nolink,ephishllm:7029,1,0,165.6,
bert,pretrained,ephishllm_nolink,ephishllm:8170,1,0,165.6,
bert,pretrained,ephishllm_nolink,ephishllm:8094,1,0,165.6,
bert,pretrained,ephishllm_nolink,ephishllm:5027,1,0,165.6,
bert,pretrained,ephishllm_nolink,ephishllm:8992,1,0,165.6,
bert,pretrained,ephishllm_nolink,ephishllm:6959,1,1,165.6,
bert,pretrained,ephishllm_nolink,ephishllm:5411,1,1,165.6,
bert,pretrained,ephishllm_nolink,ephishllm:5014,1,0,165.6,
bert,pretrained,ephishllm_nolink,ephishllm:7101,1,0,165.6,
bert,pretrained,ephishllm_nolink,ephishllm:6997,1,0,165.6,
bert,pretrained,ephishllm_nolink,ephishllm:7015,1,0,165.6,
bert,pretrained,ephishllm_nolink,ephishllm:7156,1,0,165.6,
bert,pretrained,ephishllm_nolink,ephishllm:4938,1,0,165.6,
bert,pretrained,ephishllm_nolink,ephishllm:9921,1,0,165.6,
bert,pretrained,ephishllm_nolink,ephishllm:6403,1,0,165.6,
bert,pretrained,ephishllm_nolink,ephishllm:8221,1,1,165.6,
bert,pretrained,ephishllm_nolink,ephishllm:6456,1,1,165.6,
bert,pretrained,ephishllm_nolink,ephishllm:9658,1,1,165.6,
bert,pretrained,ephishllm_nolink,ephishllm:5373,1,0,165.6,
bert,pretrained,ephishllm_nolink,ephishllm:8703,1,0,165.6,
bert,pretrained,ephishllm_nolink,ephishllm:5739,1,0,165.6,
bert,pretrained,ephishllm_nolink,ephishllm:7599,1,0,165.6,
bert,pretrained,ephishllm_nolink,ephishllm:6258,1,1,165.6,
bert,pretrained,ephishllm_nolink,ephishllm:8747,1,0,165.6,
bert,pretrained,ephishllm_nolink,ephishllm:7832,1,0,165.6,
bert,pretrained,ephishllm_nolink,ephishllm:6416,1,0,165.6,
bert,pretrained,ephishllm_nolink,ephishllm:6721,1,0,165.6,
bert,pretrained,ephishllm_nolink,ephishllm:6492,1,1,165.6,
bert,pretrained,ephishllm_nolink,ephishllm:7567,1,0,165.6,
bert,pretrained,ephishllm_nolink,ephishllm:6214,1,1,165.6,
bert,pretrained,ephishllm_nolink,ephishllm:4919,1,0,165.6,
bert,pretrained,ephishllm_nolink,ephishllm:8438,1,0,165.6,
bert,pretrained,ephishllm_nolink,ephishllm:9232,1,0,165.6,
bert,pretrained,ephishllm_nolink,ephishllm:7292,1,0,165.6,
bert,pretrained,ephishllm_nolink,ephishllm:7741,1,1,165.6,
bert,pretrained,ephishllm_nolink,ephishllm:5904,1,1,165.6,
bert,pretrained,ephishllm_nolink,ephishllm:7702,1,0,165.6,
bert,pretrained,ephishllm_nolink,ephishllm:5066,1,1,165.6,
bert,pretrained,ephishllm_nolink,ephishllm:8393,1,0,165.6,
bert,pretrained,ephishllm_nolink,ephishllm:6421,1,1,165.6,
bert,pretrained,ephishllm_nolink,ephishllm:6059,1,1,165.6,
bert,pretrained,ephishllm_nolink,ephishllm:4816,1,0,165.6,
bert,pretrained,ephishllm_nolink,ephishllm:4852,1,0,165.6,
bert,pretrained,ephishllm_nolink,ephishllm:7201,1,0,165.6,
bert,pretrained,ephishllm_nolink,ephishllm:7887,1,1,165.6,
bert,pretrained,ephishllm_nolink,ephishllm:5288,1,1,165.6,
bert,pretrained,ephishllm_nolink,ephishllm:6566,1,1,165.6,
bert,pretrained,ephishllm_nolink,ephishllm:9710,1,0,165.6,
bert,pretrained,ephishllm_nolink,ephishllm:9884,1,1,165.6,
bert,pretrained,ephishllm_nolink,ephishllm:6370,1,0,165.6,
bert,pretrained,ephishllm_nolink,ephishllm:5936,1,0,165.6,
bert,pretrained,ephishllm_nolink,ephishllm:6898,1,1,165.6,
bert,pretrained,ephishllm_nolink,ephishllm:5718,1,1,165.6,
bert,pretrained,ephishllm_nolink,ephishllm:6367,1,1,165.6,
bert,pretrained,ephishllm_nolink,ephishllm:5213,1,0,165.6,
bert,pretrained,ephishllm_nolink,ephishllm:9966,1,1,165.6,
bert,pretrained,ephishllm_nolink,ephishllm:5550,1,0,165.6,
bert,pretrained,ephishllm_nolink,ephishllm:5259,1,0,165.6,
bert,pretrained,ephishllm_nolink,ephishllm:6618,1,1,165.6,
bert,pretrained,ephishllm_nolink,ephishllm:5440,1,0,165.6,
bert,pretrained,ephishllm_nolink,ephishllm:5331,1,0,165.6,
bert,pretrained,ephishllm_nolink,ephishllm:5376,1,0,165.6,
bert,pretrained,ephishllm_nolink,ephishllm:9257,1,0,165.6,
bert,pretrained,ephishllm_nolink,ephishllm:8451,1,1,165.6,
bert,pretrained,ephishllm_nolink,ephishllm:6002,1,0,165.6,
bert,pretrained,ephishllm_nolink,ephishllm:7299,1,0,165.6,
bert,pretrained,ephishllm_nolink,ephishllm:5284,1,1,165.6,
bert,pretrained,ephishllm_nolink,ephishllm:7673,1,1,165.6,
bert,pretrained,ephishllm_nolink,ephishllm:8759,1,0,165.6,
bert,pretrained,ephishllm_nolink,ephishllm:8807,1,1,165.6,
bert,pretrained,ephishllm_nolink,ephishllm:4820,1,0,165.6,
bert,pretrained,ephishllm_nolink,ephishllm:5552,1,1,165.6,
bert,pretrained,ephishllm_nolink,ephishllm:6944,1,0,165.6,
bert,pretrained,ephishllm_nolink,ephishllm:6011,1,1,165.6,
bert,pretrained,ephishllm_nolink,ephishllm:8193,1,0,165.6,
bert,pretrained,ephishllm_nolink,ephishllm:7877,1,0,165.6,
bert,pretrained,ephishllm_nolink,ephishllm:5694,1,0,165.6,
bert,pretrained,ephishllm_nolink,ephishllm:561,0,0,165.6,
bert,pretrained,ephishllm_nolink,ephishllm:893,0,0,165.6,
bert,pretrained,ephishllm_nolink,ephishllm:1684,0,0,165.6,
bert,pretrained,ephishllm_nolink,ephishllm:705,0,0,165.6,
bert,pretrained,ephishllm_nolink,ephishllm:1873,0,0,165.6,
bert,pretrained,ephishllm_nolink,ephishllm:4705,0,0,165.6,
bert,pretrained,ephishllm_nolink,ephishllm:3015,0,0,165.6,
bert,pretrained,ephishllm_nolink,ephishllm:3734,0,0,165.6,
bert,pretrained,ephishllm_nolink,ephishllm:733,0,1,165.6,
bert,pretrained,ephishllm_nolink,ephishllm:33,0,0,165.6,
bert,pretrained,ephishllm_nolink,ephishllm:1322,0,1,165.6,
bert,pretrained,ephishllm_nolink,ephishllm:3570,0,0,165.6,
bert,pretrained,ephishllm_nolink,ephishllm:1756,0,0,165.6,
bert,pretrained,ephishllm_nolink,ephishllm:2922,0,0,165.6,
bert,pretrained,ephishllm_nolink,ephishllm:2540,0,1,165.6,
bert,pretrained,ephishllm_nolink,ephishllm:1374,0,0,165.6,
bert,pretrained,ephishllm_nolink,ephishllm:2628,0,0,165.6,
bert,pretrained,ephishllm_nolink,ephishllm:598,0,0,165.6,
bert,pretrained,ephishllm_nolink,ephishllm:179,0,0,165.6,
bert,pretrained,ephishllm_nolink,ephishllm:1261,0,0,165.6,
bert,pretrained,ephishllm_nolink,ephishllm:4258,0,0,165.6,
bert,pretrained,ephishllm_nolink,ephishllm:3919,0,0,165.6,
bert,pretrained,ephishllm_nolink,ephishllm:3265,0,0,165.6,
bert,pretrained,ephishllm_nolink,ephishllm:2809,0,1,165.6,
bert,pretrained,ephishllm_nolink,ephishllm:3423,0,0,165.6,
bert,pretrained,ephishllm_nolink,ephishllm:538,0,0,165.6,
bert,pretrained,ephishllm_nolink,ephishllm:1505,0,0,165.6,
bert,pretrained,ephishllm_nolink,ephishllm:4469,0,0,165.6,
bert,pretrained,ephishllm_nolink,ephishllm:3483,0,0,165.6,
bert,pretrained,ephishllm_nolink,ephishllm:831,0,1,165.6,
bert,pretrained,ephishllm_nolink,ephishllm:79,0,0,165.6,
bert,pretrained,ephishllm_nolink,ephishllm:429,0,0,165.6,
bert,pretrained,ephishllm_nolink,ephishllm:2570,0,0,165.6,
bert,pretrained,ephishllm_nolink,ephishllm:1842,0,0,165.6,
bert,pretrained,ephishllm_nolink,ephishllm:3764,0,1,165.6,
bert,pretrained,ephishllm_nolink,ephishllm:765,0,0,165.6,
bert,pretrained,ephishllm_nolink,ephishllm:1135,0,0,165.6,
bert,pretrained,ephishllm_nolink,ephishllm:1972,0,0,165.6,
bert,pretrained,ephishllm_nolink,ephishllm:1056,0,0,165.6,
bert,pretrained,ephishllm_nolink,ephishllm:1421,0,0,165.6,
bert,pretrained,ephishllm_nolink,ephishllm:501,0,0,165.6,
bert,pretrained,ephishllm_nolink,ephishllm:227,0,0,165.6,
bert,pretrained,ephishllm_nolink,ephishllm:2596,0,0,165.6,
bert,pretrained,ephishllm_nolink,ephishllm:4691,0,0,165.6,
bert,pretrained,ephishllm_nolink,ephishllm:1551,0,0,165.6,
bert,pretrained,ephishllm_nolink,ephishllm:4244,0,0,165.6,
bert,pretrained,ephishllm_nolink,ephishllm:1351,0,0,165.6,
bert,pretrained,ephishllm_nolink,ephishllm:1144,0,0,165.6,
bert,pretrained,ephishllm_nolink,ephishllm:2526,0,0,165.6,
bert,pretrained,ephishllm_nolink,ephishllm:4182,0,0,165.6,
bert,pretrained,ephishllm_nolink,ephishllm:1973,0,0,165.6,
bert,pretrained,ephishllm_nolink,ephishllm:1831,0,1,165.6,
bert,pretrained,ephishllm_nolink,ephishllm:3631,0,0,165.6,
bert,pretrained,ephishllm_nolink,ephishllm:8,0,0,165.6,
bert,pretrained,ephishllm_nolink,ephishllm:23,0,0,165.6,
bert,pretrained,ephishllm_nolink,ephishllm:764,0,0,165.6,
bert,pretrained,ephishllm_nolink,ephishllm:3123,0,0,165.6,
bert,pretrained,ephishllm_nolink,ephishllm:859,0,0,165.6,
bert,pretrained,ephishllm_nolink,ephishllm:742,0,0,165.6,
bert,pretrained,ephishllm_nolink,ephishllm:4151,0,0,165.6,
bert,pretrained,ephishllm_nolink,ephishllm:1437,0,0,165.6,
bert,pretrained,ephishllm_nolink,ephishllm:4239,0,0,165.6,
bert,pretrained,ephishllm_nolink,ephishllm:322,0,0,165.6,
bert,pretrained,ephishllm_nolink,ephishllm:4637,0,0,165.6,
bert,pretrained,ephishllm_nolink,ephishllm:2899,0,0,165.6,
bert,pretrained,ephishllm_nolink,ephishllm:4112,0,1,165.6,
bert,pretrained,ephishllm_nolink,ephishllm:577,0,0,165.6,
bert,pretrained,ephishllm_nolink,ephishllm:3392,0,0,165.6,
bert,pretrained,ephishllm_nolink,ephishllm:670,0,0,165.6,
bert,pretrained,ephishllm_nolink,ephishllm:1027,0,0,165.6,
bert,pretrained,ephishllm_nolink,ephishllm:1522,0,0,165.6,
bert,pretrained,ephishllm_nolink,ephishllm:2341,0,0,165.6,
bert,pretrained,ephishllm_nolink,ephishllm:1024,0,1,165.6,
bert,pretrained,ephishllm_nolink,ephishllm:4597,0,0,165.6,
bert,pretrained,ephishllm_nolink,ephishllm:3990,0,0,165.6,
bert,pretrained,ephishllm_nolink,ephishllm:1812,0,0,165.6,
bert,pretrained,ephishllm_nolink,ephishllm:964,0,0,165.6,
bert,pretrained,ephishllm_nolink,ephishllm:1665,0,0,165.6,
bert,pretrained,ephishllm_nolink,ephishllm:3657,0,0,165.6,
bert,pretrained,ephishllm_nolink,ephishllm:3081,0,0,165.6,
bert,pretrained,ephishllm_nolink,ephishllm:4152,0,0,165.6,
bert,pretrained,ephishllm_nolink,ephishllm:491,0,0,165.6,
bert,pretrained,ephishllm_nolink,ephishllm:534,0,0,165.6,
bert,pretrained,ephishllm_nolink,ephishllm:2236,0,1,165.6,
bert,pretrained,ephishllm_nolink,ephishllm:4374,0,0,165.6,
bert,pretrained,ephishllm_nolink,ephishllm:65,0,0,165.6,
bert,pretrained,ephishllm_nolink,ephishllm:4372,0,0,165.6,
bert,pretrained,ephishllm_nolink,ephishllm:2672,0,0,165.6,
bert,pretrained,ephishllm_nolink,ephishllm:763,0,0,165.6,
bert,pretrained,ephishllm_nolink,ephishllm:1694,0,0,165.6,
bert,pretrained,ephishllm_nolink,ephishllm:3751,0,0,165.6,
bert,pretrained,ephishllm_nolink,ephishllm:4752,0,0,165.6,
bert,pretrained,ephishllm_nolink,ephishllm:4261,0,0,165.6,
bert,pretrained,ephishllm_nolink,ephishllm:1718,0,0,165.6,
bert,pretrained,ephishllm_nolink,ephishllm:199,0,0,165.6,
bert,pretrained,ephishllm_nolink,ephishllm:3539,0,1,165.6,
bert,pretrained,ephishllm_nolink,ephishllm:1614,0,0,165.6,
bert,pretrained,ephishllm_nolink,ephishllm:2267,0,0,165.6,
bert,pretrained,ephishllm_nolink,ephishllm:1610,0,0,165.6,
bert,pretrained,ephishllm_nolink,ephishllm:3559,0,0,165.6,
bert,pretrained,ephishllm_nolink,ephishllm:1728,0,0,165.6,
bert,pretrained,ephishllm_nolink,ephishllm:1514,0,0,165.6,
bert,pretrained,ephishllm_nolink,ephishllm:4317,0,0,165.6,
bert,pretrained,ephishllm_nolink,ephishllm:3633,0,0,165.6,
bert,pretrained,ephishllm_nolink,ephishllm:3722,0,0,165.6,
bert,pretrained,ephishllm_nolink,ephishllm:1784,0,0,165.6,
bert,pretrained,ephishllm_nolink,ephishllm:3725,0,0,165.6,
bert,pretrained,ephishllm_nolink,ephishllm:1438,0,0,165.6,
bert,pretrained,ephishllm_nolink,ephishllm:3741,0,0,165.6,
bert,pretrained,ephishllm_nolink,ephishllm:4750,0,0,165.6,
bert,pretrained,ephishllm_nolink,ephishllm:3583,0,0,165.6,
bert,pretrained,ephishllm_nolink,ephishllm:3066,0,0,165.6,
bert,pretrained,ephishllm_nolink,ephishllm:879,0,0,165.6,
bert,pretrained,ephishllm_nolink,ephishllm:3352,0,0,165.6,
bert,pretrained,ephishllm_nolink,ephishllm:287,0,0,165.6,
bert,pretrained,ephishllm_nolink,ephishllm:1391,0,0,165.6,
bert,pretrained,ephishllm_nolink,ephishllm:4227,0,1,165.6,
bert,pretrained,ephishllm_nolink,ephishllm:915,0,0,165.6,
bert,pretrained,ephishllm_nolink,ephishllm:2348,0,0,165.6,
bert,pretrained,ephishllm_nolink,ephishllm:3669,0,0,165.6,
bert,pretrained,ephishllm_nolink,ephishllm:4256,0,0,165.6,
bert,pretrained,ephishllm_nolink,ephishllm:969,0,1,165.6,
bert,pretrained,ephishllm_nolink,ephishllm:2406,0,1,165.6,
bert,pretrained,ephishllm_nolink,ephishllm:3688,0,0,165.6,
bert,pretrained,ephishllm_nolink,ephishllm:584,0,0,165.6,
bert,pretrained,ephishllm_nolink,ephishllm:144,0,0,165.6,
bert,pretrained,ephishllm_nolink,ephishllm:3683,0,0,165.6,
bert,pretrained,ephishllm_nolink,ephishllm:290,0,0,165.6,
bert,pretrained,ephishllm_nolink,ephishllm:1047,0,0,165.6,
bert,pretrained,ephishllm_nolink,ephishllm:4694,0,0,165.6,
bert,pretrained,ephishllm_nolink,ephishllm:841,0,0,165.6,
bert,pretrained,ephishllm_nolink,ephishllm:4214,0,0,165.6,
bert,pretrained,ephishllm_nolink,ephishllm:4403,0,0,165.6,
bert,pretrained,ephishllm_nolink,ephishllm:2897,0,0,165.6,
bert,pretrained,ephishllm_nolink,ephishllm:4083,0,0,165.6,
bert,pretrained,ephishllm_nolink,ephishllm:4753,0,0,165.6,
bert,pretrained,ephishllm_nolink,ephishllm:1532,0,1,165.6,
bert,pretrained,ephishllm_nolink,ephishllm:721,0,0,165.6,
bert,pretrained,ephishllm_nolink,ephishllm:4294,0,0,165.6,
bert,pretrained,ephishllm_nolink,ephishllm:132,0,0,165.6,
bert,pretrained,ephishllm_nolink,ephishllm:2803,0,0,165.6,
bert,pretrained,ephishllm_nolink,ephishllm:838,0,1,165.6,
bert,pretrained,ephishllm_nolink,ephishllm:677,0,0,165.6,
bert,pretrained,ephishllm_nolink,ephishllm:3852,0,0,165.6,
bert,pretrained,ephishllm_nolink,ephishllm:3792,0,0,165.6,
bert,pretrained,ephishllm_nolink,ephishllm:2650,0,0,165.6,
bert,pretrained,ephishllm_nolink,ephishllm:296,0,0,165.6,
bert,pretrained,ephishllm_nolink,ephishllm:3441,0,0,165.6,
bert,pretrained,ephishllm_nolink,ephishllm:2361,0,0,165.6,
bert,pretrained,ephishllm_nolink,ephishllm:4422,0,0,165.6,
modernbert,pretrained,nazario,nazario:1523,1,1,1055.8,
modernbert,pretrained,nazario,nazario:270,1,1,1055.8,
modernbert,pretrained,nazario,nazario:353,1,1,1055.8,
modernbert,pretrained,nazario,nazario:354,1,1,1055.8,
modernbert,pretrained,nazario,nazario:916,1,0,1055.8,
modernbert,pretrained,nazario,nazario:240,1,1,1055.8,
modernbert,pretrained,nazario,nazario:352,1,1,1055.8,
modernbert,pretrained,nazario,nazario:1372,1,1,1055.8,
modernbert,pretrained,nazario,nazario:416,1,1,1055.8,
modernbert,pretrained,nazario,nazario:1046,1,0,1055.8,
modernbert,pretrained,nazario,nazario:1188,1,0,1055.8,
modernbert,pretrained,nazario,nazario:351,1,1,1055.8,
modernbert,pretrained,nazario,nazario:65,1,0,1055.8,
modernbert,pretrained,nazario,nazario:1243,1,1,1055.8,
modernbert,pretrained,nazario,nazario:30,1,0,1055.8,
modernbert,pretrained,nazario,nazario:1265,1,0,1055.8,
modernbert,pretrained,nazario,nazario:1316,1,0,1055.8,
modernbert,pretrained,nazario,nazario:1504,1,1,1055.8,
modernbert,pretrained,nazario,nazario:175,1,0,1055.8,
modernbert,pretrained,nazario,nazario:168,1,0,1055.8,
modernbert,pretrained,nazario,nazario:985,1,0,1055.8,
modernbert,pretrained,nazario,nazario:1359,1,0,1055.8,
modernbert,pretrained,nazario,nazario:532,1,1,1055.8,
modernbert,pretrained,nazario,nazario:1173,1,0,1055.8,
modernbert,pretrained,nazario,nazario:522,1,1,1055.8,
modernbert,pretrained,nazario,nazario:1520,1,1,1055.8,
modernbert,pretrained,nazario,nazario:438,1,1,1055.8,
modernbert,pretrained,nazario,nazario:239,1,1,1055.8,
modernbert,pretrained,nazario,nazario:765,1,1,1055.8,
modernbert,pretrained,nazario,nazario:59,1,0,1055.8,
modernbert,pretrained,nazario,nazario:405,1,0,1055.8,
modernbert,pretrained,nazario,nazario:711,1,0,1055.8,
modernbert,pretrained,nazario,nazario:478,1,0,1055.8,
modernbert,pretrained,nazario,nazario:162,1,1,1055.8,
modernbert,pretrained,nazario,nazario:888,1,1,1055.8,
modernbert,pretrained,nazario,nazario:859,1,1,1055.8,
modernbert,pretrained,nazario,nazario:1182,1,0,1055.8,
modernbert,pretrained,nazario,nazario:1542,1,0,1055.8,
modernbert,pretrained,nazario,nazario:471,1,0,1055.8,
modernbert,pretrained,nazario,nazario:184,1,1,1055.8,
modernbert,pretrained,nazario,nazario:701,1,1,1055.8,
modernbert,pretrained,nazario,nazario:1288,1,0,1055.8,
modernbert,pretrained,nazario,nazario:494,1,1,1055.8,
modernbert,pretrained,nazario,nazario:1216,1,1,1055.8,
modernbert,pretrained,nazario,nazario:380,1,1,1055.8,
modernbert,pretrained,nazario,nazario:1381,1,1,1055.8,
modernbert,pretrained,nazario,nazario:692,1,1,1055.8,
modernbert,pretrained,nazario,nazario:610,1,1,1055.8,
modernbert,pretrained,nazario,nazario:1321,1,0,1055.8,
modernbert,pretrained,nazario,nazario:339,1,0,1055.8,
modernbert,pretrained,nazario,nazario:124,1,0,1055.8,
modernbert,pretrained,nazario,nazario:974,1,0,1055.8,
modernbert,pretrained,nazario,nazario:275,1,1,1055.8,
modernbert,pretrained,nazario,nazario:986,1,0,1055.8,
modernbert,pretrained,nazario,nazario:1144,1,1,1055.8,
modernbert,pretrained,nazario,nazario:1259,1,1,1055.8,
modernbert,pretrained,nazario,nazario:806,1,1,1055.8,
modernbert,pretrained,nazario,nazario:1156,1,1,1055.8,
modernbert,pretrained,nazario,nazario:672,1,1,1055.8,
modernbert,pretrained,nazario,nazario:23,1,0,1055.8,
modernbert,pretrained,nazario,nazario:1189,1,0,1055.8,
modernbert,pretrained,nazario,nazario:203,1,1,1055.8,
modernbert,pretrained,nazario,nazario:371,1,0,1055.8,
modernbert,pretrained,nazario,nazario:49,1,0,1055.8,
modernbert,pretrained,nazario,nazario:824,1,0,1055.8,
modernbert,pretrained,nazario,nazario:1430,1,1,1055.8,
modernbert,pretrained,nazario,nazario:670,1,1,1055.8,
modernbert,pretrained,nazario,nazario:617,1,1,1055.8,
modernbert,pretrained,nazario,nazario:271,1,1,1055.8,
modernbert,pretrained,nazario,nazario:428,1,1,1055.8,
modernbert,pretrained,nazario,nazario:720,1,0,1055.8,
modernbert,pretrained,nazario,nazario:1211,1,0,1055.8,
modernbert,pretrained,nazario,nazario:123,1,0,1055.8,
modernbert,pretrained,nazario,nazario:1376,1,0,1055.8,
modernbert,pretrained,nazario,nazario:237,1,0,1055.8,
modernbert,pretrained,nazario,nazario:1203,1,0,1055.8,
modernbert,pretrained,nazario,nazario:198,1,1,1055.8,
modernbert,pretrained,nazario,nazario:199,1,0,1055.8,
modernbert,pretrained,nazario,nazario:914,1,0,1055.8,
modernbert,pretrained,nazario,nazario:1102,1,1,1055.8,
modernbert,pretrained,nazario,nazario:1247,1,1,1055.8,
modernbert,pretrained,nazario,nazario:1235,1,0,1055.8,
modernbert,pretrained,nazario,nazario:99,1,1,1055.8,
modernbert,pretrained,nazario,nazario:332,1,0,1055.8,
modernbert,pretrained,nazario,nazario:51,1,1,1055.8,
modernbert,pretrained,nazario,nazario:70,1,1,1055.8,
modernbert,pretrained,nazario,nazario:1362,1,1,1055.8,
modernbert,pretrained,nazario,nazario:76,1,0,1055.8,
modernbert,pretrained,nazario,nazario:1000,1,1,1055.8,
modernbert,pretrained,nazario,nazario:922,1,1,1055.8,
modernbert,pretrained,nazario,nazario:141,1,0,1055.8,
modernbert,pretrained,nazario,nazario:1446,1,1,1055.8,
modernbert,pretrained,nazario,nazario:1179,1,1,1055.8,
modernbert,pretrained,nazario,nazario:988,1,0,1055.8,
modernbert,pretrained,nazario,nazario:907,1,1,1055.8,
modernbert,pretrained,nazario,nazario:993,1,1,1055.8,
modernbert,pretrained,nazario,nazario:1531,1,0,1055.8,
modernbert,pretrained,nazario,nazario:220,1,0,1055.8,
modernbert,pretrained,nazario,nazario:331,1,1,1055.8,
modernbert,pretrained,nazario,nazario:926,1,1,1055.8,
modernbert,pretrained,nazario,nazario:185,1,1,1055.8,
modernbert,pretrained,nazario,nazario:381,1,0,1055.8,
modernbert,pretrained,nazario,nazario:1277,1,1,1055.8,
modernbert,pretrained,nazario,nazario:261,1,1,1055.8,
modernbert,pretrained,nazario,nazario:1420,1,0,1055.8,
modernbert,pretrained,nazario,nazario:1027,1,1,1055.8,
modernbert,pretrained,nazario,nazario:1435,1,1,1055.8,
modernbert,pretrained,nazario,nazario:1450,1,1,1055.8,
modernbert,pretrained,nazario,nazario:135,1,1,1055.8,
modernbert,pretrained,nazario,nazario:1461,1,0,1055.8,
modernbert,pretrained,nazario,nazario:490,1,0,1055.8,
modernbert,pretrained,nazario,nazario:527,1,0,1055.8,
modernbert,pretrained,nazario,nazario:1548,1,0,1055.8,
modernbert,pretrained,nazario,nazario:774,1,0,1055.8,
modernbert,pretrained,nazario,nazario:67,1,0,1055.8,
modernbert,pretrained,nazario,nazario:383,1,0,1055.8,
modernbert,pretrained,nazario,nazario:1252,1,0,1055.8,
modernbert,pretrained,nazario,nazario:309,1,1,1055.8,
modernbert,pretrained,nazario,nazario:1212,1,0,1055.8,
modernbert,pretrained,nazario,nazario:976,1,1,1055.8,
modernbert,pretrained,nazario,nazario:940,1,1,1055.8,
modernbert,pretrained,nazario,nazario:1539,1,0,1055.8,
modernbert,pretrained,nazario,nazario:869,1,1,1055.8,
modernbert,pretrained,nazario,nazario:718,1,0,1055.8,
modernbert,pretrained,nazario,nazario:415,1,0,1055.8,
modernbert,pretrained,nazario,nazario:1098,1,0,1055.8,
modernbert,pretrained,nazario,nazario:1040,1,0,1055.8,
modernbert,pretrained,nazario,nazario:29,1,0,1055.8,
modernbert,pretrained,nazario,nazario:367,1,1,1055.8,
modernbert,pretrained,nazario,nazario:1421,1,1,1055.8,
modernbert,pretrained,nazario,nazario:485,1,1,1055.8,
modernbert,pretrained,nazario,nazario:631,1,0,1055.8,
modernbert,pretrained,nazario,nazario:602,1,1,1055.8,
modernbert,pretrained,nazario,nazario:350,1,1,1055.8,
modernbert,pretrained,nazario,nazario:818,1,0,1055.8,
modernbert,pretrained,nazario,nazario:1342,1,0,1055.8,
modernbert,pretrained,nazario,nazario:366,1,0,1055.8,
modernbert,pretrained,nazario,nazario:1108,1,1,1055.8,
modernbert,pretrained,nazario,nazario:598,1,1,1055.8,
modernbert,pretrained,nazario,nazario:1213,1,0,1055.8,
modernbert,pretrained,nazario,nazario:427,1,1,1055.8,
modernbert,pretrained,nazario,nazario:679,1,0,1055.8,
modernbert,pretrained,nazario,nazario:964,1,1,1055.8,
modernbert,pretrained,nazario,nazario:413,1,1,1055.8,
modernbert,pretrained,nazario,nazario:743,1,0,1055.8,
modernbert,pretrained,nazario,nazario:1398,1,0,1055.8,
modernbert,pretrained,nazario,nazario:678,1,0,1055.8,
modernbert,pretrained,nazario,nazario:1176,1,0,1055.8,
modernbert,pretrained,nazario,nazario:982,1,1,1055.8,
modernbert,pretrained,nazario,nazario:1029,1,0,1055.8,
modernbert,pretrained,enron,enron:6861,1,1,959.1,
modernbert,pretrained,enron,enron:9711,1,0,959.1,
modernbert,pretrained,enron,enron:8157,1,0,959.1,
modernbert,pretrained,enron,enron:5895,1,0,959.1,
modernbert,pretrained,enron,enron:7650,1,1,959.1,
modernbert,pretrained,enron,enron:7524,1,1,959.1,
modernbert,pretrained,enron,enron:8586,1,0,959.1,
modernbert,pretrained,enron,enron:9435,1,1,959.1,
modernbert,pretrained,enron,enron:9382,1,1,959.1,
modernbert,pretrained,enron,enron:5665,1,1,959.1,
modernbert,pretrained,enron,enron:8777,1,1,959.1,
modernbert,pretrained,enron,enron:9233,1,1,959.1,
modernbert,pretrained,enron,enron:6153,1,1,959.1,
modernbert,pretrained,enron,enron:6475,1,1,959.1,
modernbert,pretrained,enron,enron:6533,1,1,959.1,
modernbert,pretrained,enron,enron:9867,1,1,959.1,
modernbert,pretrained,enron,enron:5909,1,0,959.1,
modernbert,pretrained,enron,enron:9592,1,1,959.1,
modernbert,pretrained,enron,enron:5872,1,0,959.1,
modernbert,pretrained,enron,enron:7623,1,1,959.1,
modernbert,pretrained,enron,enron:7216,1,1,959.1,
modernbert,pretrained,enron,enron:6016,1,1,959.1,
modernbert,pretrained,enron,enron:9757,1,1,959.1,
modernbert,pretrained,enron,enron:5633,1,0,959.1,
modernbert,pretrained,enron,enron:7627,1,1,959.1,
modernbert,pretrained,enron,enron:8990,1,1,959.1,
modernbert,pretrained,enron,enron:6520,1,1,959.1,
modernbert,pretrained,enron,enron:9845,1,0,959.1,
modernbert,pretrained,enron,enron:5344,1,1,959.1,
modernbert,pretrained,enron,enron:5779,1,1,959.1,
modernbert,pretrained,enron,enron:8648,1,1,959.1,
modernbert,pretrained,enron,enron:8009,1,0,959.1,
modernbert,pretrained,enron,enron:5979,1,1,959.1,
modernbert,pretrained,enron,enron:7192,1,1,959.1,
modernbert,pretrained,enron,enron:6352,1,1,959.1,
modernbert,pretrained,enron,enron:7218,1,1,959.1,
modernbert,pretrained,enron,enron:8972,1,1,959.1,
modernbert,pretrained,enron,enron:8874,1,1,959.1,
modernbert,pretrained,enron,enron:7171,1,1,959.1,
modernbert,pretrained,enron,enron:6358,1,1,959.1,
modernbert,pretrained,enron,enron:5797,1,1,959.1,
modernbert,pretrained,enron,enron:7991,1,1,959.1,
modernbert,pretrained,enron,enron:5698,1,1,959.1,
modernbert,pretrained,enron,enron:6321,1,1,959.1,
modernbert,pretrained,enron,enron:5841,1,0,959.1,
modernbert,pretrained,enron,enron:9276,1,1,959.1,
modernbert,pretrained,enron,enron:8279,1,1,959.1,
modernbert,pretrained,enron,enron:6747,1,1,959.1,
modernbert,pretrained,enron,enron:5334,1,1,959.1,
modernbert,pretrained,enron,enron:8560,1,1,959.1,
modernbert,pretrained,enron,enron:5607,1,0,959.1,
modernbert,pretrained,enron,enron:5661,1,1,959.1,
modernbert,pretrained,enron,enron:8290,1,1,959.1,
modernbert,pretrained,enron,enron:7353,1,1,959.1,
modernbert,pretrained,enron,enron:8524,1,1,959.1,
modernbert,pretrained,enron,enron:9090,1,0,959.1,
modernbert,pretrained,enron,enron:7248,1,0,959.1,
modernbert,pretrained,enron,enron:6515,1,0,959.1,
modernbert,pretrained,enron,enron:8248,1,0,959.1,
modernbert,pretrained,enron,enron:7902,1,1,959.1,
modernbert,pretrained,enron,enron:9787,1,1,959.1,
modernbert,pretrained,enron,enron:9365,1,1,959.1,
modernbert,pretrained,enron,enron:6204,1,1,959.1,
modernbert,pretrained,enron,enron:6491,1,1,959.1,
modernbert,pretrained,enron,enron:7814,1,1,959.1,
modernbert,pretrained,enron,enron:6255,1,1,959.1,
modernbert,pretrained,enron,enron:7008,1,1,959.1,
modernbert,pretrained,enron,enron:5812,1,0,959.1,
modernbert,pretrained,enron,enron:6723,1,1,959.1,
modernbert,pretrained,enron,enron:7881,1,1,959.1,
modernbert,pretrained,enron,enron:7541,1,1,959.1,
modernbert,pretrained,enron,enron:9006,1,1,959.1,
modernbert,pretrained,enron,enron:8661,1,0,959.1,
modernbert,pretrained,enron,enron:9928,1,1,959.1,
modernbert,pretrained,enron,enron:6503,1,1,959.1,
modernbert,pretrained,enron,enron:9350,1,1,959.1,
modernbert,pretrained,enron,enron:5626,1,1,959.1,
modernbert,pretrained,enron,enron:7232,1,1,959.1,
modernbert,pretrained,enron,enron:7905,1,1,959.1,
modernbert,pretrained,enron,enron:6823,1,1,959.1,
modernbert,pretrained,enron,enron:5510,1,1,959.1,
modernbert,pretrained,enron,enron:7886,1,1,959.1,
modernbert,pretrained,enron,enron:9491,1,1,959.1,
modernbert,pretrained,enron,enron:6139,1,0,959.1,
modernbert,pretrained,enron,enron:6673,1,1,959.1,
modernbert,pretrained,enron,enron:8416,1,1,959.1,
modernbert,pretrained,enron,enron:7215,1,1,959.1,
modernbert,pretrained,enron,enron:6581,1,1,959.1,
modernbert,pretrained,enron,enron:6981,1,1,959.1,
modernbert,pretrained,enron,enron:7551,1,1,959.1,
modernbert,pretrained,enron,enron:9454,1,1,959.1,
modernbert,pretrained,enron,enron:8620,1,1,959.1,
modernbert,pretrained,enron,enron:6718,1,1,959.1,
modernbert,pretrained,enron,enron:8627,1,0,959.1,
modernbert,pretrained,enron,enron:9217,1,1,959.1,
modernbert,pretrained,enron,enron:8503,1,0,959.1,
modernbert,pretrained,enron,enron:8868,1,1,959.1,
modernbert,pretrained,enron,enron:7014,1,1,959.1,
modernbert,pretrained,enron,enron:6813,1,1,959.1,
modernbert,pretrained,enron,enron:7913,1,1,959.1,
modernbert,pretrained,enron,enron:9455,1,1,959.1,
modernbert,pretrained,enron,enron:6335,1,0,959.1,
modernbert,pretrained,enron,enron:9641,1,1,959.1,
modernbert,pretrained,enron,enron:9554,1,1,959.1,
modernbert,pretrained,enron,enron:9967,1,1,959.1,
modernbert,pretrained,enron,enron:5608,1,1,959.1,
modernbert,pretrained,enron,enron:9392,1,1,959.1,
modernbert,pretrained,enron,enron:6856,1,0,959.1,
modernbert,pretrained,enron,enron:6738,1,1,959.1,
modernbert,pretrained,enron,enron:5490,1,0,959.1,
modernbert,pretrained,enron,enron:7032,1,0,959.1,
modernbert,pretrained,enron,enron:8082,1,1,959.1,
modernbert,pretrained,enron,enron:8145,1,1,959.1,
modernbert,pretrained,enron,enron:5380,1,0,959.1,
modernbert,pretrained,enron,enron:9885,1,1,959.1,
modernbert,pretrained,enron,enron:8946,1,1,959.1,
modernbert,pretrained,enron,enron:6098,1,0,959.1,
modernbert,pretrained,enron,enron:9670,1,1,959.1,
modernbert,pretrained,enron,enron:7595,1,1,959.1,
modernbert,pretrained,enron,enron:6494,1,1,959.1,
modernbert,pretrained,enron,enron:6809,1,1,959.1,
modernbert,pretrained,enron,enron:6843,1,1,959.1,
modernbert,pretrained,enron,enron:9283,1,1,959.1,
modernbert,pretrained,enron,enron:7896,1,1,959.1,
modernbert,pretrained,enron,enron:6772,1,0,959.1,
modernbert,pretrained,enron,enron:5337,1,1,959.1,
modernbert,pretrained,enron,enron:9542,1,1,959.1,
modernbert,pretrained,enron,enron:9117,1,1,959.1,
modernbert,pretrained,enron,enron:6485,1,1,959.1,
modernbert,pretrained,enron,enron:5808,1,1,959.1,
modernbert,pretrained,enron,enron:6743,1,1,959.1,
modernbert,pretrained,enron,enron:9920,1,1,959.1,
modernbert,pretrained,enron,enron:8649,1,1,959.1,
modernbert,pretrained,enron,enron:6708,1,1,959.1,
modernbert,pretrained,enron,enron:9071,1,1,959.1,
modernbert,pretrained,enron,enron:5602,1,1,959.1,
modernbert,pretrained,enron,enron:8417,1,1,959.1,
modernbert,pretrained,enron,enron:7672,1,1,959.1,
modernbert,pretrained,enron,enron:7438,1,0,959.1,
modernbert,pretrained,enron,enron:7883,1,1,959.1,
modernbert,pretrained,enron,enron:6790,1,1,959.1,
modernbert,pretrained,enron,enron:5390,1,1,959.1,
modernbert,pretrained,enron,enron:6310,1,1,959.1,
modernbert,pretrained,enron,enron:7734,1,1,959.1,
modernbert,pretrained,enron,enron:8291,1,1,959.1,
modernbert,pretrained,enron,enron:5782,1,0,959.1,
modernbert,pretrained,enron,enron:9230,1,1,959.1,
modernbert,pretrained,enron,enron:6778,1,1,959.1,
modernbert,pretrained,enron,enron:9708,1,1,959.1,
modernbert,pretrained,enron,enron:9729,1,1,959.1,
modernbert,pretrained,enron,enron:3349,0,0,959.1,
modernbert,pretrained,enron,enron:491,0,0,959.1,
modernbert,pretrained,enron,enron:4521,0,0,959.1,
modernbert,pretrained,enron,enron:969,0,0,959.1,
modernbert,pretrained,enron,enron:5305,0,0,959.1,
modernbert,pretrained,enron,enron:1200,0,0,959.1,
modernbert,pretrained,enron,enron:1752,0,0,959.1,
modernbert,pretrained,enron,enron:497,0,0,959.1,
modernbert,pretrained,enron,enron:3306,0,0,959.1,
modernbert,pretrained,enron,enron:3615,0,0,959.1,
modernbert,pretrained,enron,enron:2348,0,0,959.1,
modernbert,pretrained,enron,enron:4524,0,0,959.1,
modernbert,pretrained,enron,enron:893,0,0,959.1,
modernbert,pretrained,enron,enron:2302,0,0,959.1,
modernbert,pretrained,enron,enron:2364,0,0,959.1,
modernbert,pretrained,enron,enron:3667,0,0,959.1,
modernbert,pretrained,enron,enron:240,0,0,959.1,
modernbert,pretrained,enron,enron:2080,0,1,959.1,
modernbert,pretrained,enron,enron:1425,0,0,959.1,
modernbert,pretrained,enron,enron:5014,0,0,959.1,
modernbert,pretrained,enron,enron:1773,0,0,959.1,
modernbert,pretrained,enron,enron:3184,0,0,959.1,
modernbert,pretrained,enron,enron:4374,0,1,959.1,
modernbert,pretrained,enron,enron:1620,0,0,959.1,
modernbert,pretrained,enron,enron:5043,0,0,959.1,
modernbert,pretrained,enron,enron:1616,0,0,959.1,
modernbert,pretrained,enron,enron:168,0,0,959.1,
modernbert,pretrained,enron,enron:1034,0,0,959.1,
modernbert,pretrained,enron,enron:2226,0,0,959.1,
modernbert,pretrained,enron,enron:5267,0,0,959.1,
modernbert,pretrained,enron,enron:1379,0,1,959.1,
modernbert,pretrained,enron,enron:5040,0,0,959.1,
modernbert,pretrained,enron,enron:4331,0,0,959.1,
modernbert,pretrained,enron,enron:4725,0,0,959.1,
modernbert,pretrained,enron,enron:746,0,0,959.1,
modernbert,pretrained,enron,enron:3213,0,1,959.1,
modernbert,pretrained,enron,enron:4828,0,0,959.1,
modernbert,pretrained,enron,enron:418,0,0,959.1,
modernbert,pretrained,enron,enron:4526,0,0,959.1,
modernbert,pretrained,enron,enron:4763,0,0,959.1,
modernbert,pretrained,enron,enron:5199,0,0,959.1,
modernbert,pretrained,enron,enron:3702,0,0,959.1,
modernbert,pretrained,enron,enron:505,0,0,959.1,
modernbert,pretrained,enron,enron:79,0,1,959.1,
modernbert,pretrained,enron,enron:84,0,0,959.1,
modernbert,pretrained,enron,enron:2577,0,0,959.1,
modernbert,pretrained,enron,enron:4180,0,0,959.1,
modernbert,pretrained,enron,enron:5100,0,0,959.1,
modernbert,pretrained,enron,enron:4907,0,0,959.1,
modernbert,pretrained,enron,enron:1532,0,0,959.1,
modernbert,pretrained,enron,enron:8,0,0,959.1,
modernbert,pretrained,enron,enron:4085,0,0,959.1,
modernbert,pretrained,enron,enron:589,0,1,959.1,
modernbert,pretrained,enron,enron:426,0,0,959.1,
modernbert,pretrained,enron,enron:4230,0,0,959.1,
modernbert,pretrained,enron,enron:4080,0,0,959.1,
modernbert,pretrained,enron,enron:3044,0,0,959.1,
modernbert,pretrained,enron,enron:1041,0,0,959.1,
modernbert,pretrained,enron,enron:2072,0,0,959.1,
modernbert,pretrained,enron,enron:465,0,0,959.1,
modernbert,pretrained,enron,enron:296,0,0,959.1,
modernbert,pretrained,enron,enron:4955,0,0,959.1,
modernbert,pretrained,enron,enron:1129,0,0,959.1,
modernbert,pretrained,enron,enron:1612,0,0,959.1,
modernbert,pretrained,enron,enron:373,0,0,959.1,
modernbert,pretrained,enron,enron:4951,0,0,959.1,
modernbert,pretrained,enron,enron:1115,0,0,959.1,
modernbert,pretrained,enron,enron:15,0,0,959.1,
modernbert,pretrained,enron,enron:747,0,0,959.1,
modernbert,pretrained,enron,enron:1436,0,1,959.1,
modernbert,pretrained,enron,enron:279,0,0,959.1,
modernbert,pretrained,enron,enron:5217,0,0,959.1,
modernbert,pretrained,enron,enron:2209,0,0,959.1,
modernbert,pretrained,enron,enron:5198,0,0,959.1,
modernbert,pretrained,enron,enron:3166,0,0,959.1,
modernbert,pretrained,enron,enron:2222,0,0,959.1,
modernbert,pretrained,enron,enron:3303,0,0,959.1,
modernbert,pretrained,enron,enron:4073,0,0,959.1,
modernbert,pretrained,enron,enron:3909,0,0,959.1,
modernbert,pretrained,enron,enron:538,0,0,959.1,
modernbert,pretrained,enron,enron:833,0,0,959.1,
modernbert,pretrained,enron,enron:4448,0,0,959.1,
modernbert,pretrained,enron,enron:1420,0,0,959.1,
modernbert,pretrained,enron,enron:23,0,0,959.1,
modernbert,pretrained,enron,enron:1235,0,0,959.1,
modernbert,pretrained,enron,enron:3892,0,0,959.1,
modernbert,pretrained,enron,enron:4232,0,0,959.1,
modernbert,pretrained,enron,enron:5192,0,1,959.1,
modernbert,pretrained,enron,enron:4044,0,0,959.1,
modernbert,pretrained,enron,enron:1292,0,0,959.1,
modernbert,pretrained,enron,enron:1212,0,0,959.1,
modernbert,pretrained,enron,enron:3014,0,0,959.1,
modernbert,pretrained,enron,enron:4789,0,0,959.1,
modernbert,pretrained,enron,enron:290,0,0,959.1,
modernbert,pretrained,enron,enron:2366,0,0,959.1,
modernbert,pretrained,enron,enron:1498,0,0,959.1,
modernbert,pretrained,enron,enron:1831,0,0,959.1,
modernbert,pretrained,enron,enron:879,0,0,959.1,
modernbert,pretrained,enron,enron:653,0,0,959.1,
modernbert,pretrained,enron,enron:1047,0,0,959.1,
modernbert,pretrained,enron,enron:1437,0,0,959.1,
modernbert,pretrained,enron,enron:2153,0,0,959.1,
modernbert,pretrained,enron,enron:4517,0,0,959.1,
modernbert,pretrained,enron,enron:4531,0,0,959.1,
modernbert,pretrained,enron,enron:3867,0,0,959.1,
modernbert,pretrained,enron,enron:167,0,0,959.1,
modernbert,pretrained,enron,enron:5162,0,0,959.1,
modernbert,pretrained,enron,enron:4144,0,0,959.1,
modernbert,pretrained,enron,enron:3820,0,0,959.1,
modernbert,pretrained,enron,enron:1434,0,0,959.1,
modernbert,pretrained,enron,enron:1545,0,0,959.1,
modernbert,pretrained,enron,enron:877,0,0,959.1,
modernbert,pretrained,enron,enron:439,0,0,959.1,
modernbert,pretrained,enron,enron:5140,0,0,959.1,
modernbert,pretrained,enron,enron:239,0,0,959.1,
modernbert,pretrained,enron,enron:5101,0,0,959.1,
modernbert,pretrained,enron,enron:2688,0,0,959.1,
modernbert,pretrained,enron,enron:471,0,0,959.1,
modernbert,pretrained,enron,enron:4269,0,1,959.1,
modernbert,pretrained,enron,enron:3949,0,0,959.1,
modernbert,pretrained,enron,enron:4947,0,0,959.1,
modernbert,pretrained,enron,enron:1894,0,0,959.1,
modernbert,pretrained,enron,enron:4447,0,0,959.1,
modernbert,pretrained,enron,enron:2519,0,0,959.1,
modernbert,pretrained,enron,enron:3733,0,0,959.1,
modernbert,pretrained,enron,enron:4019,0,0,959.1,
modernbert,pretrained,enron,enron:2314,0,0,959.1,
modernbert,pretrained,enron,enron:346,0,0,959.1,
modernbert,pretrained,enron,enron:3649,0,0,959.1,
modernbert,pretrained,enron,enron:1055,0,0,959.1,
modernbert,pretrained,enron,enron:4309,0,0,959.1,
modernbert,pretrained,enron,enron:4183,0,0,959.1,
modernbert,pretrained,enron,enron:842,0,0,959.1,
modernbert,pretrained,enron,enron:5274,0,0,959.1,
modernbert,pretrained,enron,enron:4401,0,0,959.1,
modernbert,pretrained,enron,enron:80,0,0,959.1,
modernbert,pretrained,enron,enron:4635,0,0,959.1,
modernbert,pretrained,enron,enron:4881,0,0,959.1,
modernbert,pretrained,enron,enron:3670,0,0,959.1,
modernbert,pretrained,enron,enron:1090,0,0,959.1,
modernbert,pretrained,enron,enron:3464,0,0,959.1,
modernbert,pretrained,enron,enron:4049,0,0,959.1,
modernbert,pretrained,enron,enron:2882,0,0,959.1,
modernbert,pretrained,enron,enron:2952,0,0,959.1,
modernbert,pretrained,enron,enron:2594,0,0,959.1,
modernbert,pretrained,enron,enron:4546,0,0,959.1,
modernbert,pretrained,enron,enron:2813,0,0,959.1,
modernbert,pretrained,enron,enron:2801,0,0,959.1,
modernbert,pretrained,enron,enron:4803,0,0,959.1,
modernbert,pretrained,enron,enron:1580,0,0,959.1,
modernbert,pretrained,trec07,trec07:5165,1,1,1004.9,
modernbert,pretrained,trec07,trec07:8154,1,1,1004.9,
modernbert,pretrained,trec07,trec07:4573,1,1,1004.9,
modernbert,pretrained,trec07,trec07:7747,1,1,1004.9,
modernbert,pretrained,trec07,trec07:4979,1,0,1004.9,
modernbert,pretrained,trec07,trec07:7946,1,1,1004.9,
modernbert,pretrained,trec07,trec07:6775,1,1,1004.9,
modernbert,pretrained,trec07,trec07:5421,1,1,1004.9,
modernbert,pretrained,trec07,trec07:7579,1,0,1004.9,
modernbert,pretrained,trec07,trec07:5973,1,1,1004.9,
modernbert,pretrained,trec07,trec07:8126,1,1,1004.9,
modernbert,pretrained,trec07,trec07:6157,1,0,1004.9,
modernbert,pretrained,trec07,trec07:5509,1,1,1004.9,
modernbert,pretrained,trec07,trec07:8833,1,1,1004.9,
modernbert,pretrained,trec07,trec07:9537,1,0,1004.9,
modernbert,pretrained,trec07,trec07:9021,1,1,1004.9,
modernbert,pretrained,trec07,trec07:7926,1,1,1004.9,
modernbert,pretrained,trec07,trec07:7901,1,1,1004.9,
modernbert,pretrained,trec07,trec07:8495,1,1,1004.9,
modernbert,pretrained,trec07,trec07:7819,1,1,1004.9,
modernbert,pretrained,trec07,trec07:8373,1,1,1004.9,
modernbert,pretrained,trec07,trec07:9673,1,1,1004.9,
modernbert,pretrained,trec07,trec07:7109,1,1,1004.9,
modernbert,pretrained,trec07,trec07:6083,1,1,1004.9,
modernbert,pretrained,trec07,trec07:6123,1,1,1004.9,
modernbert,pretrained,trec07,trec07:8730,1,1,1004.9,
modernbert,pretrained,trec07,trec07:5443,1,1,1004.9,
modernbert,pretrained,trec07,trec07:5340,1,1,1004.9,
modernbert,pretrained,trec07,trec07:7071,1,1,1004.9,
modernbert,pretrained,trec07,trec07:9935,1,1,1004.9,
modernbert,pretrained,trec07,trec07:5031,1,1,1004.9,
modernbert,pretrained,trec07,trec07:6458,1,1,1004.9,
modernbert,pretrained,trec07,trec07:9208,1,1,1004.9,
modernbert,pretrained,trec07,trec07:7735,1,1,1004.9,
modernbert,pretrained,trec07,trec07:5455,1,1,1004.9,
modernbert,pretrained,trec07,trec07:8579,1,1,1004.9,
modernbert,pretrained,trec07,trec07:8007,1,0,1004.9,
modernbert,pretrained,trec07,trec07:7181,1,1,1004.9,
modernbert,pretrained,trec07,trec07:7234,1,1,1004.9,
modernbert,pretrained,trec07,trec07:7575,1,1,1004.9,
modernbert,pretrained,trec07,trec07:5615,1,0,1004.9,
modernbert,pretrained,trec07,trec07:8919,1,1,1004.9,
modernbert,pretrained,trec07,trec07:8041,1,1,1004.9,
modernbert,pretrained,trec07,trec07:8645,1,1,1004.9,
modernbert,pretrained,trec07,trec07:6310,1,1,1004.9,
modernbert,pretrained,trec07,trec07:6041,1,1,1004.9,
modernbert,pretrained,trec07,trec07:5940,1,1,1004.9,
modernbert,pretrained,trec07,trec07:8598,1,1,1004.9,
modernbert,pretrained,trec07,trec07:8381,1,1,1004.9,
modernbert,pretrained,trec07,trec07:7734,1,0,1004.9,
modernbert,pretrained,trec07,trec07:6929,1,1,1004.9,
modernbert,pretrained,trec07,trec07:9598,1,0,1004.9,
modernbert,pretrained,trec07,trec07:7480,1,1,1004.9,
modernbert,pretrained,trec07,trec07:8749,1,1,1004.9,
modernbert,pretrained,trec07,trec07:5316,1,1,1004.9,
modernbert,pretrained,trec07,trec07:4707,1,1,1004.9,
modernbert,pretrained,trec07,trec07:5795,1,1,1004.9,
modernbert,pretrained,trec07,trec07:7061,1,1,1004.9,
modernbert,pretrained,trec07,trec07:6158,1,1,1004.9,
modernbert,pretrained,trec07,trec07:5752,1,1,1004.9,
modernbert,pretrained,trec07,trec07:9551,1,0,1004.9,
modernbert,pretrained,trec07,trec07:4619,1,1,1004.9,
modernbert,pretrained,trec07,trec07:5223,1,1,1004.9,
modernbert,pretrained,trec07,trec07:6888,1,0,1004.9,
modernbert,pretrained,trec07,trec07:6205,1,0,1004.9,
modernbert,pretrained,trec07,trec07:6816,1,1,1004.9,
modernbert,pretrained,trec07,trec07:8724,1,1,1004.9,
modernbert,pretrained,trec07,trec07:4859,1,0,1004.9,
modernbert,pretrained,trec07,trec07:8376,1,1,1004.9,
modernbert,pretrained,trec07,trec07:6741,1,1,1004.9,
modernbert,pretrained,trec07,trec07:8067,1,1,1004.9,
modernbert,pretrained,trec07,trec07:7707,1,1,1004.9,
modernbert,pretrained,trec07,trec07:8921,1,1,1004.9,
modernbert,pretrained,trec07,trec07:6707,1,1,1004.9,
modernbert,pretrained,trec07,trec07:4555,1,1,1004.9,
modernbert,pretrained,trec07,trec07:9303,1,1,1004.9,
modernbert,pretrained,trec07,trec07:9991,1,1,1004.9,
modernbert,pretrained,trec07,trec07:5728,1,1,1004.9,
modernbert,pretrained,trec07,trec07:5613,1,1,1004.9,
modernbert,pretrained,trec07,trec07:9692,1,1,1004.9,
modernbert,pretrained,trec07,trec07:5405,1,1,1004.9,
modernbert,pretrained,trec07,trec07:7360,1,1,1004.9,
modernbert,pretrained,trec07,trec07:4672,1,1,1004.9,
modernbert,pretrained,trec07,trec07:8417,1,1,1004.9,
modernbert,pretrained,trec07,trec07:4708,1,1,1004.9,
modernbert,pretrained,trec07,trec07:5698,1,1,1004.9,
modernbert,pretrained,trec07,trec07:4624,1,1,1004.9,
modernbert,pretrained,trec07,trec07:8084,1,1,1004.9,
modernbert,pretrained,trec07,trec07:8518,1,1,1004.9,
modernbert,pretrained,trec07,trec07:9719,1,1,1004.9,
modernbert,pretrained,trec07,trec07:8341,1,0,1004.9,
modernbert,pretrained,trec07,trec07:5291,1,1,1004.9,
modernbert,pretrained,trec07,trec07:5138,1,1,1004.9,
modernbert,pretrained,trec07,trec07:8989,1,0,1004.9,
modernbert,pretrained,trec07,trec07:7242,1,1,1004.9,
modernbert,pretrained,trec07,trec07:6362,1,0,1004.9,
modernbert,pretrained,trec07,trec07:8795,1,0,1004.9,
modernbert,pretrained,trec07,trec07:8289,1,1,1004.9,
modernbert,pretrained,trec07,trec07:9763,1,1,1004.9,
modernbert,pretrained,trec07,trec07:6897,1,1,1004.9,
modernbert,pretrained,trec07,trec07:4941,1,1,1004.9,
modernbert,pretrained,trec07,trec07:6734,1,0,1004.9,
modernbert,pretrained,trec07,trec07:6946,1,1,1004.9,
modernbert,pretrained,trec07,trec07:8220,1,1,1004.9,
modernbert,pretrained,trec07,trec07:7871,1,1,1004.9,
modernbert,pretrained,trec07,trec07:7484,1,1,1004.9,
modernbert,pretrained,trec07,trec07:5635,1,0,1004.9,
modernbert,pretrained,trec07,trec07:5977,1,0,1004.9,
modernbert,pretrained,trec07,trec07:9192,1,1,1004.9,
modernbert,pretrained,trec07,trec07:6497,1,1,1004.9,
modernbert,pretrained,trec07,trec07:4837,1,1,1004.9,
modernbert,pretrained,trec07,trec07:9379,1,1,1004.9,
modernbert,pretrained,trec07,trec07:5750,1,0,1004.9,
modernbert,pretrained,trec07,trec07:5782,1,1,1004.9,
modernbert,pretrained,trec07,trec07:8811,1,0,1004.9,
modernbert,pretrained,trec07,trec07:5572,1,1,1004.9,
modernbert,pretrained,trec07,trec07:9140,1,1,1004.9,
modernbert,pretrained,trec07,trec07:9327,1,1,1004.9,
modernbert,pretrained,trec07,trec07:4548,1,0,1004.9,
modernbert,pretrained,trec07,trec07:6849,1,1,1004.9,
modernbert,pretrained,trec07,trec07:6792,1,1,1004.9,
modernbert,pretrained,trec07,trec07:6258,1,1,1004.9,
modernbert,pretrained,trec07,trec07:7435,1,1,1004.9,
modernbert,pretrained,trec07,trec07:9779,1,1,1004.9,
modernbert,pretrained,trec07,trec07:6025,1,1,1004.9,
modernbert,pretrained,trec07,trec07:9004,1,1,1004.9,
modernbert,pretrained,trec07,trec07:7455,1,1,1004.9,
modernbert,pretrained,trec07,trec07:8555,1,1,1004.9,
modernbert,pretrained,trec07,trec07:7142,1,1,1004.9,
modernbert,pretrained,trec07,trec07:8670,1,1,1004.9,
modernbert,pretrained,trec07,trec07:6972,1,1,1004.9,
modernbert,pretrained,trec07,trec07:8256,1,1,1004.9,
modernbert,pretrained,trec07,trec07:8977,1,0,1004.9,
modernbert,pretrained,trec07,trec07:7387,1,1,1004.9,
modernbert,pretrained,trec07,trec07:5287,1,1,1004.9,
modernbert,pretrained,trec07,trec07:7005,1,1,1004.9,
modernbert,pretrained,trec07,trec07:9373,1,1,1004.9,
modernbert,pretrained,trec07,trec07:9835,1,1,1004.9,
modernbert,pretrained,trec07,trec07:9076,1,1,1004.9,
modernbert,pretrained,trec07,trec07:5084,1,1,1004.9,
modernbert,pretrained,trec07,trec07:7874,1,1,1004.9,
modernbert,pretrained,trec07,trec07:9410,1,0,1004.9,
modernbert,pretrained,trec07,trec07:5845,1,1,1004.9,
modernbert,pretrained,trec07,trec07:8842,1,0,1004.9,
modernbert,pretrained,trec07,trec07:7739,1,0,1004.9,
modernbert,pretrained,trec07,trec07:6183,1,1,1004.9,
modernbert,pretrained,trec07,trec07:9725,1,0,1004.9,
modernbert,pretrained,trec07,trec07:7716,1,0,1004.9,
modernbert,pretrained,trec07,trec07:9178,1,0,1004.9,
modernbert,pretrained,trec07,trec07:9571,1,1,1004.9,
modernbert,pretrained,trec07,trec07:1647,0,0,1004.9,
modernbert,pretrained,trec07,trec07:1476,0,0,1004.9,
modernbert,pretrained,trec07,trec07:2111,0,0,1004.9,
modernbert,pretrained,trec07,trec07:3610,0,0,1004.9,
modernbert,pretrained,trec07,trec07:691,0,0,1004.9,
modernbert,pretrained,trec07,trec07:2655,0,0,1004.9,
modernbert,pretrained,trec07,trec07:1662,0,0,1004.9,
modernbert,pretrained,trec07,trec07:3248,0,0,1004.9,
modernbert,pretrained,trec07,trec07:415,0,0,1004.9,
modernbert,pretrained,trec07,trec07:3121,0,0,1004.9,
modernbert,pretrained,trec07,trec07:683,0,1,1004.9,
modernbert,pretrained,trec07,trec07:1580,0,0,1004.9,
modernbert,pretrained,trec07,trec07:2328,0,0,1004.9,
modernbert,pretrained,trec07,trec07:1164,0,0,1004.9,
modernbert,pretrained,trec07,trec07:1344,0,0,1004.9,
modernbert,pretrained,trec07,trec07:3838,0,0,1004.9,
modernbert,pretrained,trec07,trec07:3417,0,0,1004.9,
modernbert,pretrained,trec07,trec07:2700,0,0,1004.9,
modernbert,pretrained,trec07,trec07:3935,0,0,1004.9,
modernbert,pretrained,trec07,trec07:1106,0,0,1004.9,
modernbert,pretrained,trec07,trec07:1937,0,0,1004.9,
modernbert,pretrained,trec07,trec07:2276,0,0,1004.9,
modernbert,pretrained,trec07,trec07:800,0,0,1004.9,
modernbert,pretrained,trec07,trec07:2018,0,0,1004.9,
modernbert,pretrained,trec07,trec07:23,0,0,1004.9,
modernbert,pretrained,trec07,trec07:2252,0,0,1004.9,
modernbert,pretrained,trec07,trec07:8,0,0,1004.9,
modernbert,pretrained,trec07,trec07:3985,0,0,1004.9,
modernbert,pretrained,trec07,trec07:1745,0,0,1004.9,
modernbert,pretrained,trec07,trec07:3595,0,0,1004.9,
modernbert,pretrained,trec07,trec07:2023,0,0,1004.9,
modernbert,pretrained,trec07,trec07:199,0,0,1004.9,
modernbert,pretrained,trec07,trec07:3628,0,0,1004.9,
modernbert,pretrained,trec07,trec07:4363,0,0,1004.9,
modernbert,pretrained,trec07,trec07:69,0,0,1004.9,
modernbert,pretrained,trec07,trec07:3671,0,0,1004.9,
modernbert,pretrained,trec07,trec07:1880,0,0,1004.9,
modernbert,pretrained,trec07,trec07:240,0,0,1004.9,
modernbert,pretrained,trec07,trec07:3543,0,0,1004.9,
modernbert,pretrained,trec07,trec07:1103,0,0,1004.9,
modernbert,pretrained,trec07,trec07:4135,0,0,1004.9,
modernbert,pretrained,trec07,trec07:3338,0,0,1004.9,
modernbert,pretrained,trec07,trec07:4226,0,0,1004.9,
modernbert,pretrained,trec07,trec07:4093,0,0,1004.9,
modernbert,pretrained,trec07,trec07:1084,0,0,1004.9,
modernbert,pretrained,trec07,trec07:416,0,0,1004.9,
modernbert,pretrained,trec07,trec07:2014,0,0,1004.9,
modernbert,pretrained,trec07,trec07:3259,0,0,1004.9,
modernbert,pretrained,trec07,trec07:3814,0,0,1004.9,
modernbert,pretrained,trec07,trec07:252,0,0,1004.9,
modernbert,pretrained,trec07,trec07:3333,0,0,1004.9,
modernbert,pretrained,trec07,trec07:1432,0,0,1004.9,
modernbert,pretrained,trec07,trec07:3043,0,0,1004.9,
modernbert,pretrained,trec07,trec07:2088,0,0,1004.9,
modernbert,pretrained,trec07,trec07:1020,0,0,1004.9,
modernbert,pretrained,trec07,trec07:3733,0,0,1004.9,
modernbert,pretrained,trec07,trec07:1073,0,0,1004.9,
modernbert,pretrained,trec07,trec07:3286,0,0,1004.9,
modernbert,pretrained,trec07,trec07:4206,0,0,1004.9,
modernbert,pretrained,trec07,trec07:3003,0,0,1004.9,
modernbert,pretrained,trec07,trec07:4413,0,0,1004.9,
modernbert,pretrained,trec07,trec07:869,0,0,1004.9,
modernbert,pretrained,trec07,trec07:2927,0,0,1004.9,
modernbert,pretrained,trec07,trec07:1767,0,0,1004.9,
modernbert,pretrained,trec07,trec07:4536,0,0,1004.9,
modernbert,pretrained,trec07,trec07:4260,0,0,1004.9,
modernbert,pretrained,trec07,trec07:29,0,0,1004.9,
modernbert,pretrained,trec07,trec07:3331,0,0,1004.9,
modernbert,pretrained,trec07,trec07:2962,0,0,1004.9,
modernbert,pretrained,trec07,trec07:4339,0,0,1004.9,
modernbert,pretrained,trec07,trec07:4253,0,0,1004.9,
modernbert,pretrained,trec07,trec07:2092,0,0,1004.9,
modernbert,pretrained,trec07,trec07:2877,0,0,1004.9,
modernbert,pretrained,trec07,trec07:538,0,0,1004.9,
modernbert,pretrained,trec07,trec07:2086,0,0,1004.9,
modernbert,pretrained,trec07,trec07:1606,0,0,1004.9,
modernbert,pretrained,trec07,trec07:429,0,0,1004.9,
modernbert,pretrained,trec07,trec07:3024,0,0,1004.9,
modernbert,pretrained,trec07,trec07:1126,0,0,1004.9,
modernbert,pretrained,trec07,trec07:2422,0,0,1004.9,
modernbert,pretrained,trec07,trec07:705,0,0,1004.9,
modernbert,pretrained,trec07,trec07:3459,0,0,1004.9,
modernbert,pretrained,trec07,trec07:2283,0,0,1004.9,
modernbert,pretrained,trec07,trec07:555,0,0,1004.9,
modernbert,pretrained,trec07,trec07:3083,0,0,1004.9,
modernbert,pretrained,trec07,trec07:3684,0,0,1004.9,
modernbert,pretrained,trec07,trec07:2260,0,0,1004.9,
modernbert,pretrained,trec07,trec07:776,0,0,1004.9,
modernbert,pretrained,trec07,trec07:1498,0,0,1004.9,
modernbert,pretrained,trec07,trec07:179,0,0,1004.9,
modernbert,pretrained,trec07,trec07:4118,0,0,1004.9,
modernbert,pretrained,trec07,trec07:2676,0,0,1004.9,
modernbert,pretrained,trec07,trec07:297,0,0,1004.9,
modernbert,pretrained,trec07,trec07:3093,0,0,1004.9,
modernbert,pretrained,trec07,trec07:3846,0,0,1004.9,
modernbert,pretrained,trec07,trec07:3673,0,0,1004.9,
modernbert,pretrained,trec07,trec07:1615,0,0,1004.9,
modernbert,pretrained,trec07,trec07:478,0,0,1004.9,
modernbert,pretrained,trec07,trec07:4024,0,0,1004.9,
modernbert,pretrained,trec07,trec07:1192,0,0,1004.9,
modernbert,pretrained,trec07,trec07:3638,0,0,1004.9,
modernbert,pretrained,trec07,trec07:1302,0,0,1004.9,
modernbert,pretrained,trec07,trec07:3400,0,0,1004.9,
modernbert,pretrained,trec07,trec07:2321,0,0,1004.9,
modernbert,pretrained,trec07,trec07:1170,0,0,1004.9,
modernbert,pretrained,trec07,trec07:2614,0,0,1004.9,
modernbert,pretrained,trec07,trec07:238,0,0,1004.9,
modernbert,pretrained,trec07,trec07:2755,0,0,1004.9,
modernbert,pretrained,trec07,trec07:1652,0,0,1004.9,
modernbert,pretrained,trec07,trec07:1649,0,0,1004.9,
modernbert,pretrained,trec07,trec07:807,0,0,1004.9,
modernbert,pretrained,trec07,trec07:3972,0,0,1004.9,
modernbert,pretrained,trec07,trec07:4468,0,0,1004.9,
modernbert,pretrained,trec07,trec07:1552,0,0,1004.9,
modernbert,pretrained,trec07,trec07:443,0,0,1004.9,
modernbert,pretrained,trec07,trec07:4520,0,0,1004.9,
modernbert,pretrained,trec07,trec07:3728,0,0,1004.9,
modernbert,pretrained,trec07,trec07:1116,0,0,1004.9,
modernbert,pretrained,trec07,trec07:1162,0,0,1004.9,
modernbert,pretrained,trec07,trec07:296,0,0,1004.9,
modernbert,pretrained,trec07,trec07:2646,0,0,1004.9,
modernbert,pretrained,trec07,trec07:3111,0,0,1004.9,
modernbert,pretrained,trec07,trec07:3372,0,0,1004.9,
modernbert,pretrained,trec07,trec07:33,0,0,1004.9,
modernbert,pretrained,trec07,trec07:530,0,0,1004.9,
modernbert,pretrained,trec07,trec07:3469,0,0,1004.9,
modernbert,pretrained,trec07,trec07:1330,0,0,1004.9,
modernbert,pretrained,trec07,trec07:3760,0,0,1004.9,
modernbert,pretrained,trec07,trec07:350,0,0,1004.9,
modernbert,pretrained,trec07,trec07:1627,0,0,1004.9,
modernbert,pretrained,trec07,trec07:414,0,0,1004.9,
modernbert,pretrained,trec07,trec07:151,0,0,1004.9,
modernbert,pretrained,trec07,trec07:4105,0,0,1004.9,
modernbert,pretrained,trec07,trec07:2740,0,0,1004.9,
modernbert,pretrained,trec07,trec07:4254,0,0,1004.9,
modernbert,pretrained,trec07,trec07:2668,0,0,1004.9,
modernbert,pretrained,trec07,trec07:1504,0,0,1004.9,
modernbert,pretrained,trec07,trec07:1842,0,0,1004.9,
modernbert,pretrained,trec07,trec07:3235,0,0,1004.9,
modernbert,pretrained,trec07,trec07:945,0,0,1004.9,
modernbert,pretrained,trec07,trec07:4152,0,0,1004.9,
modernbert,pretrained,trec07,trec07:1786,0,0,1004.9,
modernbert,pretrained,trec07,trec07:2135,0,0,1004.9,
modernbert,pretrained,trec07,trec07:4166,0,0,1004.9,
modernbert,pretrained,trec07,trec07:2029,0,0,1004.9,
modernbert,pretrained,trec07,trec07:3047,0,0,1004.9,
modernbert,pretrained,trec07,trec07:1173,0,0,1004.9,
modernbert,pretrained,trec07,trec07:1773,0,0,1004.9,
modernbert,pretrained,trec07,trec07:1032,0,0,1004.9,
modernbert,pretrained,trec07,trec07:4459,0,0,1004.9,
bert,pretrained,ceas08,ceas08:8116,1,1,552.7,
bert,pretrained,ceas08,ceas08:7953,1,1,552.7,
bert,pretrained,ceas08,ceas08:5150,1,0,552.7,
bert,pretrained,ceas08,ceas08:7796,1,1,552.7,
bert,pretrained,ceas08,ceas08:4894,1,1,552.7,
bert,pretrained,ceas08,ceas08:9838,1,1,552.7,
bert,pretrained,ceas08,ceas08:8788,1,1,552.7,
bert,pretrained,ceas08,ceas08:8667,1,1,552.7,
bert,pretrained,ceas08,ceas08:9868,1,1,552.7,
bert,pretrained,ceas08,ceas08:9735,1,0,552.7,
bert,pretrained,ceas08,ceas08:6658,1,1,552.7,
bert,pretrained,ceas08,ceas08:7999,1,1,552.7,
bert,pretrained,ceas08,ceas08:8805,1,1,552.7,
bert,pretrained,ceas08,ceas08:7742,1,1,552.7,
bert,pretrained,ceas08,ceas08:9321,1,1,552.7,
bert,pretrained,ceas08,ceas08:4722,1,1,552.7,
bert,pretrained,ceas08,ceas08:4879,1,1,552.7,
bert,pretrained,ceas08,ceas08:9306,1,1,552.7,
bert,pretrained,ceas08,ceas08:6460,1,0,552.7,
bert,pretrained,ceas08,ceas08:8713,1,1,552.7,
bert,pretrained,ceas08,ceas08:5031,1,1,552.7,
bert,pretrained,ceas08,ceas08:6041,1,0,552.7,
bert,pretrained,ceas08,ceas08:9595,1,0,552.7,
bert,pretrained,ceas08,ceas08:9081,1,1,552.7,
bert,pretrained,ceas08,ceas08:7180,1,1,552.7,
bert,pretrained,ceas08,ceas08:7153,1,1,552.7,
bert,pretrained,ceas08,ceas08:8721,1,1,552.7,
bert,pretrained,ceas08,ceas08:8319,1,1,552.7,
bert,pretrained,ceas08,ceas08:6985,1,1,552.7,
bert,pretrained,ceas08,ceas08:5156,1,1,552.7,
bert,pretrained,ceas08,ceas08:4759,1,1,552.7,
bert,pretrained,ceas08,ceas08:7235,1,1,552.7,
bert,pretrained,ceas08,ceas08:4716,1,1,552.7,
bert,pretrained,ceas08,ceas08:9464,1,1,552.7,
bert,pretrained,ceas08,ceas08:5173,1,1,552.7,
bert,pretrained,ceas08,ceas08:5333,1,1,552.7,
bert,pretrained,ceas08,ceas08:7506,1,1,552.7,
bert,pretrained,ceas08,ceas08:5589,1,1,552.7,
bert,pretrained,ceas08,ceas08:9016,1,1,552.7,
bert,pretrained,ceas08,ceas08:5523,1,1,552.7,
bert,pretrained,ceas08,ceas08:8978,1,1,552.7,
bert,pretrained,ceas08,ceas08:5451,1,1,552.7,
bert,pretrained,ceas08,ceas08:6120,1,1,552.7,
bert,pretrained,ceas08,ceas08:9221,1,1,552.7,
bert,pretrained,ceas08,ceas08:7814,1,0,552.7,
bert,pretrained,ceas08,ceas08:9456,1,0,552.7,
bert,pretrained,ceas08,ceas08:6942,1,1,552.7,
bert,pretrained,ceas08,ceas08:6043,1,1,552.7,
bert,pretrained,ceas08,ceas08:5107,1,0,552.7,
bert,pretrained,ceas08,ceas08:7966,1,1,552.7,
bert,pretrained,ceas08,ceas08:6208,1,1,552.7,
bert,pretrained,ceas08,ceas08:9802,1,1,552.7,
bert,pretrained,ceas08,ceas08:8158,1,1,552.7,
bert,pretrained,ceas08,ceas08:4723,1,1,552.7,
bert,pretrained,ceas08,ceas08:8513,1,1,552.7,
bert,pretrained,ceas08,ceas08:5520,1,1,552.7,
bert,pretrained,ceas08,ceas08:7516,1,1,552.7,
bert,pretrained,ceas08,ceas08:4449,1,1,552.7,
bert,pretrained,ceas08,ceas08:6735,1,0,552.7,
bert,pretrained,ceas08,ceas08:8793,1,1,552.7,
bert,pretrained,ceas08,ceas08:8096,1,1,552.7,
bert,pretrained,ceas08,ceas08:6158,1,0,552.7,
bert,pretrained,ceas08,ceas08:7745,1,1,552.7,
bert,pretrained,ceas08,ceas08:8207,1,0,552.7,
bert,pretrained,ceas08,ceas08:7695,1,1,552.7,
bert,pretrained,ceas08,ceas08:5235,1,1,552.7,
bert,pretrained,ceas08,ceas08:9665,1,1,552.7,
bert,pretrained,ceas08,ceas08:5970,1,1,552.7,
bert,pretrained,ceas08,ceas08:4964,1,1,552.7,
bert,pretrained,ceas08,ceas08:5625,1,1,552.7,
bert,pretrained,ceas08,ceas08:4956,1,0,552.7,
bert,pretrained,ceas08,ceas08:8072,1,1,552.7,
bert,pretrained,ceas08,ceas08:4505,1,0,552.7,
bert,pretrained,ceas08,ceas08:5464,1,1,552.7,
bert,pretrained,ceas08,ceas08:4848,1,1,552.7,
bert,pretrained,ceas08,ceas08:7830,1,1,552.7,
bert,pretrained,ceas08,ceas08:4593,1,1,552.7,
bert,pretrained,ceas08,ceas08:8807,1,0,552.7,
bert,pretrained,ceas08,ceas08:9136,1,1,552.7,
bert,pretrained,ceas08,ceas08:9683,1,1,552.7,
bert,pretrained,ceas08,ceas08:7500,1,1,552.7,
bert,pretrained,ceas08,ceas08:8489,1,0,552.7,
bert,pretrained,ceas08,ceas08:6006,1,0,552.7,
bert,pretrained,ceas08,ceas08:6755,1,1,552.7,
bert,pretrained,ceas08,ceas08:9635,1,1,552.7,
bert,pretrained,ceas08,ceas08:5837,1,1,552.7,
bert,pretrained,ceas08,ceas08:7533,1,1,552.7,
bert,pretrained,ceas08,ceas08:5352,1,1,552.7,
bert,pretrained,ceas08,ceas08:9759,1,1,552.7,
bert,pretrained,ceas08,ceas08:5687,1,0,552.7,
bert,pretrained,ceas08,ceas08:4434,1,1,552.7,
bert,pretrained,ceas08,ceas08:8588,1,1,552.7,
bert,pretrained,ceas08,ceas08:8692,1,1,552.7,
bert,pretrained,ceas08,ceas08:7154,1,1,552.7,
bert,pretrained,ceas08,ceas08:5965,1,1,552.7,
bert,pretrained,ceas08,ceas08:5863,1,1,552.7,
bert,pretrained,ceas08,ceas08:8743,1,1,552.7,
bert,pretrained,ceas08,ceas08:4750,1,1,552.7,
bert,pretrained,ceas08,ceas08:6890,1,1,552.7,
bert,pretrained,ceas08,ceas08:9201,1,1,552.7,
bert,pretrained,ceas08,ceas08:9194,1,0,552.7,
bert,pretrained,ceas08,ceas08:5893,1,1,552.7,
bert,pretrained,ceas08,ceas08:5547,1,1,552.7,
bert,pretrained,ceas08,ceas08:8759,1,1,552.7,
bert,pretrained,ceas08,ceas08:8200,1,1,552.7,
bert,pretrained,ceas08,ceas08:7096,1,1,552.7,
bert,pretrained,ceas08,ceas08:6996,1,1,552.7,
bert,pretrained,ceas08,ceas08:4459,1,1,552.7,
bert,pretrained,ceas08,ceas08:6685,1,1,552.7,
bert,pretrained,ceas08,ceas08:6239,1,1,552.7,
bert,pretrained,ceas08,ceas08:6636,1,1,552.7,
bert,pretrained,ceas08,ceas08:8421,1,1,552.7,
bert,pretrained,ceas08,ceas08:9244,1,0,552.7,
bert,pretrained,ceas08,ceas08:5959,1,1,552.7,
bert,pretrained,ceas08,ceas08:8528,1,1,552.7,
bert,pretrained,ceas08,ceas08:8722,1,1,552.7,
bert,pretrained,ceas08,ceas08:5458,1,1,552.7,
bert,pretrained,ceas08,ceas08:8965,1,1,552.7,
bert,pretrained,ceas08,ceas08:9862,1,0,552.7,
bert,pretrained,ceas08,ceas08:6815,1,0,552.7,
bert,pretrained,ceas08,ceas08:9396,1,1,552.7,
bert,pretrained,ceas08,ceas08:6756,1,1,552.7,
bert,pretrained,ceas08,ceas08:5527,1,1,552.7,
bert,pretrained,ceas08,ceas08:5602,1,0,552.7,
bert,pretrained,ceas08,ceas08:4852,1,1,552.7,
bert,pretrained,ceas08,ceas08:8073,1,1,552.7,
bert,pretrained,ceas08,ceas08:6450,1,1,552.7,
bert,pretrained,ceas08,ceas08:8600,1,1,552.7,
bert,pretrained,ceas08,ceas08:5924,1,1,552.7,
bert,pretrained,ceas08,ceas08:4799,1,1,552.7,
bert,pretrained,ceas08,ceas08:7857,1,0,552.7,
bert,pretrained,ceas08,ceas08:8683,1,1,552.7,
bert,pretrained,ceas08,ceas08:4827,1,1,552.7,
bert,pretrained,ceas08,ceas08:6205,1,0,552.7,
bert,pretrained,ceas08,ceas08:6655,1,0,552.7,
bert,pretrained,ceas08,ceas08:6907,1,1,552.7,
bert,pretrained,ceas08,ceas08:6154,1,1,552.7,
bert,pretrained,ceas08,ceas08:8390,1,1,552.7,
bert,pretrained,ceas08,ceas08:5238,1,1,552.7,
bert,pretrained,ceas08,ceas08:5601,1,0,552.7,
bert,pretrained,ceas08,ceas08:7388,1,1,552.7,
bert,pretrained,ceas08,ceas08:7380,1,1,552.7,
bert,pretrained,ceas08,ceas08:5395,1,0,552.7,
bert,pretrained,ceas08,ceas08:7022,1,1,552.7,
bert,pretrained,ceas08,ceas08:9007,1,1,552.7,
bert,pretrained,ceas08,ceas08:8964,1,0,552.7,
bert,pretrained,ceas08,ceas08:5015,1,1,552.7,
bert,pretrained,ceas08,ceas08:7890,1,1,552.7,
bert,pretrained,ceas08,ceas08:6214,1,1,552.7,
bert,pretrained,ceas08,ceas08:7037,1,1,552.7,
bert,pretrained,ceas08,ceas08:443,0,0,552.7,
bert,pretrained,ceas08,ceas08:2825,0,0,552.7,
bert,pretrained,ceas08,ceas08:2473,0,0,552.7,
bert,pretrained,ceas08,ceas08:2431,0,0,552.7,
bert,pretrained,ceas08,ceas08:318,0,0,552.7,
bert,pretrained,ceas08,ceas08:2540,0,0,552.7,
bert,pretrained,ceas08,ceas08:3328,0,0,552.7,
bert,pretrained,ceas08,ceas08:4120,0,0,552.7,
bert,pretrained,ceas08,ceas08:151,0,0,552.7,
bert,pretrained,ceas08,ceas08:3451,0,0,552.7,
bert,pretrained,ceas08,ceas08:4149,0,0,552.7,
bert,pretrained,ceas08,ceas08:3346,0,0,552.7,
bert,pretrained,ceas08,ceas08:3959,0,0,552.7,
bert,pretrained,ceas08,ceas08:1392,0,0,552.7,
bert,pretrained,ceas08,ceas08:4105,0,0,552.7,
bert,pretrained,ceas08,ceas08:1161,0,0,552.7,
bert,pretrained,ceas08,ceas08:2552,0,0,552.7,
bert,pretrained,ceas08,ceas08:764,0,0,552.7,
bert,pretrained,ceas08,ceas08:3921,0,0,552.7,
bert,pretrained,ceas08,ceas08:3728,0,0,552.7,
bert,pretrained,ceas08,ceas08:3316,0,0,552.7,
bert,pretrained,ceas08,ceas08:315,0,0,552.7,
bert,pretrained,ceas08,ceas08:2754,0,0,552.7,
bert,pretrained,ceas08,ceas08:2598,0,0,552.7,
bert,pretrained,ceas08,ceas08:1220,0,0,552.7,
bert,pretrained,ceas08,ceas08:1010,0,0,552.7,
bert,pretrained,ceas08,ceas08:2528,0,0,552.7,
bert,pretrained,ceas08,ceas08:4415,0,0,552.7,
bert,pretrained,ceas08,ceas08:3292,0,1,552.7,
bert,pretrained,ceas08,ceas08:179,0,0,552.7,
bert,pretrained,ceas08,ceas08:3930,0,1,552.7,
bert,pretrained,ceas08,ceas08:2260,0,0,552.7,
bert,pretrained,ceas08,ceas08:731,0,0,552.7,
bert,pretrained,ceas08,ceas08:51,0,0,552.7,
bert,pretrained,ceas08,ceas08:720,0,0,552.7,
bert,pretrained,ceas08,ceas08:584,0,0,552.7,
bert,pretrained,ceas08,ceas08:1501,0,0,552.7,
bert,pretrained,ceas08,ceas08:4055,0,0,552.7,
bert,pretrained,ceas08,ceas08:3062,0,0,552.7,
bert,pretrained,ceas08,ceas08:1413,0,0,552.7,
bert,pretrained,ceas08,ceas08:798,0,0,552.7,
bert,pretrained,ceas08,ceas08:4083,0,0,552.7,
bert,pretrained,ceas08,ceas08:842,0,1,552.7,
bert,pretrained,ceas08,ceas08:1192,0,0,552.7,
bert,pretrained,ceas08,ceas08:4248,0,0,552.7,
bert,pretrained,ceas08,ceas08:2357,0,0,552.7,
bert,pretrained,ceas08,ceas08:1157,0,0,552.7,
bert,pretrained,ceas08,ceas08:4396,0,0,552.7,
bert,pretrained,ceas08,ceas08:1780,0,0,552.7,
bert,pretrained,ceas08,ceas08:4285,0,0,552.7,
bert,pretrained,ceas08,ceas08:2325,0,0,552.7,
bert,pretrained,ceas08,ceas08:538,0,0,552.7,
bert,pretrained,ceas08,ceas08:4234,0,0,552.7,
bert,pretrained,ceas08,ceas08:4425,0,0,552.7,
bert,pretrained,ceas08,ceas08:134,0,0,552.7,
bert,pretrained,ceas08,ceas08:3720,0,0,552.7,
bert,pretrained,ceas08,ceas08:1051,0,0,552.7,
bert,pretrained,ceas08,ceas08:3076,0,0,552.7,
bert,pretrained,ceas08,ceas08:4411,0,0,552.7,
bert,pretrained,ceas08,ceas08:721,0,0,552.7,
bert,pretrained,ceas08,ceas08:2554,0,0,552.7,
bert,pretrained,ceas08,ceas08:2389,0,0,552.7,
bert,pretrained,ceas08,ceas08:2672,0,0,552.7,
bert,pretrained,ceas08,ceas08:2647,0,0,552.7,
bert,pretrained,ceas08,ceas08:297,0,0,552.7,
bert,pretrained,ceas08,ceas08:1103,0,0,552.7,
bert,pretrained,ceas08,ceas08:1803,0,0,552.7,
bert,pretrained,ceas08,ceas08:2297,0,0,552.7,
bert,pretrained,ceas08,ceas08:1600,0,1,552.7,
bert,pretrained,ceas08,ceas08:2314,0,0,552.7,
bert,pretrained,ceas08,ceas08:3390,0,0,552.7,
bert,pretrained,ceas08,ceas08:1361,0,0,552.7,
bert,pretrained,ceas08,ceas08:3227,0,0,552.7,
bert,pretrained,ceas08,ceas08:4216,0,0,552.7,
bert,pretrained,ceas08,ceas08:1200,0,0,552.7,
bert,pretrained,ceas08,ceas08:1698,0,0,552.7,
bert,pretrained,ceas08,ceas08:2646,0,0,552.7,
bert,pretrained,ceas08,ceas08:3563,0,0,552.7,
bert,pretrained,ceas08,ceas08:2798,0,0,552.7,
bert,pretrained,ceas08,ceas08:2939,0,0,552.7,
bert,pretrained,ceas08,ceas08:17,0,0,552.7,
bert,pretrained,ceas08,ceas08:551,0,0,552.7,
bert,pretrained,ceas08,ceas08:410,0,0,552.7,
bert,pretrained,ceas08,ceas08:2741,0,0,552.7,
bert,pretrained,ceas08,ceas08:1476,0,0,552.7,
bert,pretrained,ceas08,ceas08:2801,0,0,552.7,
bert,pretrained,ceas08,ceas08:530,0,1,552.7,
bert,pretrained,ceas08,ceas08:2131,0,1,552.7,
bert,pretrained,ceas08,ceas08:1784,0,0,552.7,
bert,pretrained,ceas08,ceas08:2863,0,1,552.7,
bert,pretrained,ceas08,ceas08:3999,0,0,552.7,
bert,pretrained,ceas08,ceas08:3540,0,0,552.7,
bert,pretrained,ceas08,ceas08:1237,0,0,552.7,
bert,pretrained,ceas08,ceas08:3462,0,0,552.7,
bert,pretrained,ceas08,ceas08:4336,0,0,552.7,
bert,pretrained,ceas08,ceas08:1146,0,0,552.7,
bert,pretrained,ceas08,ceas08:4080,0,0,552.7,
bert,pretrained,ceas08,ceas08:175,0,0,552.7,
bert,pretrained,ceas08,ceas08:4319,0,0,552.7,
bert,pretrained,ceas08,ceas08:3336,0,0,552.7,
bert,pretrained,ceas08,ceas08:2846,0,0,552.7,
bert,pretrained,ceas08,ceas08:2829,0,0,552.7,
bert,pretrained,ceas08,ceas08:3298,0,0,552.7,
bert,pretrained,ceas08,ceas08:3259,0,1,552.7,
bert,pretrained,ceas08,ceas08:3994,0,0,552.7,
bert,pretrained,ceas08,ceas08:555,0,0,552.7,
bert,pretrained,ceas08,ceas08:3998,0,0,552.7,
bert,pretrained,ceas08,ceas08:2121,0,0,552.7,
bert,pretrained,ceas08,ceas08:2171,0,0,552.7,
bert,pretrained,ceas08,ceas08:3812,0,0,552.7,
bert,pretrained,ceas08,ceas08:877,0,0,552.7,
bert,pretrained,ceas08,ceas08:3321,0,0,552.7,
bert,pretrained,ceas08,ceas08:3258,0,0,552.7,
bert,pretrained,ceas08,ceas08:3148,0,0,552.7,
bert,pretrained,ceas08,ceas08:1323,0,0,552.7,
bert,pretrained,ceas08,ceas08:3857,0,0,552.7,
bert,pretrained,ceas08,ceas08:602,0,0,552.7,
bert,pretrained,ceas08,ceas08:787,0,0,552.7,
bert,pretrained,ceas08,ceas08:2093,0,1,552.7,
bert,pretrained,ceas08,ceas08:3740,0,0,552.7,
bert,pretrained,ceas08,ceas08:1491,0,0,552.7,
bert,pretrained,ceas08,ceas08:1807,0,0,552.7,
bert,pretrained,ceas08,ceas08:93,0,0,552.7,
bert,pretrained,ceas08,ceas08:416,0,0,552.7,
bert,pretrained,ceas08,ceas08:4382,0,0,552.7,
bert,pretrained,ceas08,ceas08:843,0,0,552.7,
bert,pretrained,ceas08,ceas08:4050,0,0,552.7,
bert,pretrained,ceas08,ceas08:252,0,0,552.7,
bert,pretrained,ceas08,ceas08:2103,0,0,552.7,
bert,pretrained,ceas08,ceas08:2970,0,0,552.7,
bert,pretrained,ceas08,ceas08:1846,0,0,552.7,
bert,pretrained,ceas08,ceas08:668,0,0,552.7,
bert,pretrained,ceas08,ceas08:3410,0,0,552.7,
bert,pretrained,ceas08,ceas08:3652,0,0,552.7,
bert,pretrained,ceas08,ceas08:109,0,0,552.7,
bert,pretrained,ceas08,ceas08:4251,0,0,552.7,
bert,pretrained,ceas08,ceas08:1896,0,0,552.7,
bert,pretrained,ceas08,ceas08:2130,0,0,552.7,
bert,pretrained,ceas08,ceas08:1739,0,0,552.7,
bert,pretrained,ceas08,ceas08:2653,0,0,552.7,
bert,pretrained,ceas08,ceas08:1507,0,0,552.7,
bert,pretrained,ceas08,ceas08:120,0,0,552.7,
bert,pretrained,ceas08,ceas08:915,0,0,552.7,
bert,pretrained,ceas08,ceas08:1869,0,0,552.7,
bert,pretrained,ceas08,ceas08:4056,0,0,552.7,
bert,pretrained,ceas08,ceas08:1180,0,1,552.7,
bert,pretrained,ceas08,ceas08:626,0,0,552.7,
bert,pretrained,ceas08,ceas08:1991,0,0,552.7,
bert,pretrained,ceas08,ceas08:1293,0,0,552.7,
bert,pretrained,ceas08,ceas08:3609,0,0,552.7,
bert,pretrained,kaggle,kaggle:9136,1,1,520.4,
bert,pretrained,kaggle,kaggle:9695,1,1,520.4,
bert,pretrained,kaggle,kaggle:9294,1,1,520.4,
bert,pretrained,kaggle,kaggle:9570,1,1,520.4,
bert,pretrained,kaggle,kaggle:6656,1,1,520.4,
bert,pretrained,kaggle,kaggle:6539,1,1,520.4,
bert,pretrained,kaggle,kaggle:6448,1,1,520.4,
bert,pretrained,kaggle,kaggle:8693,1,1,520.4,
bert,pretrained,kaggle,kaggle:7893,1,1,520.4,
bert,pretrained,kaggle,kaggle:6708,1,1,520.4,
bert,pretrained,kaggle,kaggle:8023,1,1,520.4,
bert,pretrained,kaggle,kaggle:8387,1,1,520.4,
bert,pretrained,kaggle,kaggle:6389,1,1,520.4,
bert,pretrained,kaggle,kaggle:7491,1,1,520.4,
bert,pretrained,kaggle,kaggle:7922,1,1,520.4,
bert,pretrained,kaggle,kaggle:8822,1,1,520.4,
bert,pretrained,kaggle,kaggle:8322,1,1,520.4,
bert,pretrained,kaggle,kaggle:9838,1,1,520.4,
bert,pretrained,kaggle,kaggle:8955,1,1,520.4,
bert,pretrained,kaggle,kaggle:9889,1,1,520.4,
bert,pretrained,kaggle,kaggle:7963,1,1,520.4,
bert,pretrained,kaggle,kaggle:9455,1,1,520.4,
bert,pretrained,kaggle,kaggle:7383,1,1,520.4,
bert,pretrained,kaggle,kaggle:7087,1,1,520.4,
bert,pretrained,kaggle,kaggle:7360,1,1,520.4,
bert,pretrained,kaggle,kaggle:9740,1,1,520.4,
bert,pretrained,kaggle,kaggle:9469,1,1,520.4,
bert,pretrained,kaggle,kaggle:6453,1,1,520.4,
bert,pretrained,kaggle,kaggle:6620,1,1,520.4,
bert,pretrained,kaggle,kaggle:8083,1,1,520.4,
bert,pretrained,kaggle,kaggle:6465,1,1,520.4,
bert,pretrained,kaggle,kaggle:8384,1,1,520.4,
bert,pretrained,kaggle,kaggle:9231,1,1,520.4,
bert,pretrained,kaggle,kaggle:8745,1,1,520.4,
bert,pretrained,kaggle,kaggle:8550,1,1,520.4,
bert,pretrained,kaggle,kaggle:7681,1,1,520.4,
bert,pretrained,kaggle,kaggle:7957,1,1,520.4,
bert,pretrained,kaggle,kaggle:9159,1,1,520.4,
bert,pretrained,kaggle,kaggle:6701,1,1,520.4,
bert,pretrained,kaggle,kaggle:8619,1,1,520.4,
bert,pretrained,kaggle,kaggle:6683,1,1,520.4,
bert,pretrained,kaggle,kaggle:9842,1,1,520.4,
bert,pretrained,kaggle,kaggle:8978,1,1,520.4,
bert,pretrained,kaggle,kaggle:9243,1,1,520.4,
bert,pretrained,kaggle,kaggle:7589,1,1,520.4,
bert,pretrained,kaggle,kaggle:9575,1,1,520.4,
bert,pretrained,kaggle,kaggle:7605,1,1,520.4,
bert,pretrained,kaggle,kaggle:9375,1,1,520.4,
bert,pretrained,kaggle,kaggle:7045,1,1,520.4,
bert,pretrained,kaggle,kaggle:9258,1,1,520.4,
bert,pretrained,kaggle,kaggle:7786,1,1,520.4,
bert,pretrained,kaggle,kaggle:8057,1,1,520.4,
bert,pretrained,kaggle,kaggle:6578,1,1,520.4,
bert,pretrained,kaggle,kaggle:6823,1,1,520.4,
bert,pretrained,kaggle,kaggle:9287,1,1,520.4,
bert,pretrained,kaggle,kaggle:6301,1,1,520.4,
bert,pretrained,kaggle,kaggle:7819,1,1,520.4,
bert,pretrained,kaggle,kaggle:8928,1,1,520.4,
bert,pretrained,kaggle,kaggle:6996,1,1,520.4,
bert,pretrained,kaggle,kaggle:7820,1,1,520.4,
bert,pretrained,kaggle,kaggle:8336,1,1,520.4,
bert,pretrained,kaggle,kaggle:8084,1,1,520.4,
bert,pretrained,kaggle,kaggle:8728,1,1,520.4,
bert,pretrained,kaggle,kaggle:8060,1,1,520.4,
bert,pretrained,kaggle,kaggle:7363,1,1,520.4,
bert,pretrained,kaggle,kaggle:6362,1,1,520.4,
bert,pretrained,kaggle,kaggle:8418,1,1,520.4,
bert,pretrained,kaggle,kaggle:9716,1,1,520.4,
bert,pretrained,kaggle,kaggle:6283,1,1,520.4,
bert,pretrained,kaggle,kaggle:6627,1,1,520.4,
bert,pretrained,kaggle,kaggle:9372,1,1,520.4,
bert,pretrained,kaggle,kaggle:8852,1,1,520.4,
bert,pretrained,kaggle,kaggle:8823,1,1,520.4,
bert,pretrained,kaggle,kaggle:8956,1,1,520.4,
bert,pretrained,kaggle,kaggle:7340,1,1,520.4,
bert,pretrained,kaggle,kaggle:7415,1,1,520.4,
bert,pretrained,kaggle,kaggle:9515,1,1,520.4,
bert,pretrained,kaggle,kaggle:6926,1,1,520.4,
bert,pretrained,kaggle,kaggle:7469,1,1,520.4,
bert,pretrained,kaggle,kaggle:9609,1,1,520.4,
bert,pretrained,kaggle,kaggle:8383,1,1,520.4,
bert,pretrained,kaggle,kaggle:8698,1,1,520.4,
bert,pretrained,kaggle,kaggle:8952,1,1,520.4,
bert,pretrained,kaggle,kaggle:6662,1,1,520.4,
bert,pretrained,kaggle,kaggle:7344,1,1,520.4,
bert,pretrained,kaggle,kaggle:8513,1,1,520.4,
bert,pretrained,kaggle,kaggle:8047,1,1,520.4,
bert,pretrained,kaggle,kaggle:7403,1,1,520.4,
bert,pretrained,kaggle,kaggle:9741,1,1,520.4,
bert,pretrained,kaggle,kaggle:6286,1,1,520.4,
bert,pretrained,kaggle,kaggle:7098,1,1,520.4,
bert,pretrained,kaggle,kaggle:8977,1,1,520.4,
bert,pretrained,kaggle,kaggle:7990,1,1,520.4,
bert,pretrained,kaggle,kaggle:8765,1,1,520.4,
bert,pretrained,kaggle,kaggle:7664,1,1,520.4,
bert,pretrained,kaggle,kaggle:7325,1,1,520.4,
bert,pretrained,kaggle,kaggle:6480,1,1,520.4,
bert,pretrained,kaggle,kaggle:8416,1,1,520.4,
bert,pretrained,kaggle,kaggle:7245,1,1,520.4,
bert,pretrained,kaggle,kaggle:8722,1,1,520.4,
bert,pretrained,kaggle,kaggle:8446,1,1,520.4,
bert,pretrained,kaggle,kaggle:7537,1,1,520.4,
bert,pretrained,kaggle,kaggle:7140,1,1,520.4,
bert,pretrained,kaggle,kaggle:9891,1,1,520.4,
bert,pretrained,kaggle,kaggle:9667,1,1,520.4,
bert,pretrained,kaggle,kaggle:6719,1,1,520.4,
bert,pretrained,kaggle,kaggle:8963,1,1,520.4,
bert,pretrained,kaggle,kaggle:7694,1,1,520.4,
bert,pretrained,kaggle,kaggle:9060,1,1,520.4,
bert,pretrained,kaggle,kaggle:6684,1,1,520.4,
bert,pretrained,kaggle,kaggle:8072,1,1,520.4,
bert,pretrained,kaggle,kaggle:8113,1,1,520.4,
bert,pretrained,kaggle,kaggle:8452,1,1,520.4,
bert,pretrained,kaggle,kaggle:6378,1,1,520.4,
bert,pretrained,kaggle,kaggle:8920,1,1,520.4,
bert,pretrained,kaggle,kaggle:7233,1,1,520.4,
bert,pretrained,kaggle,kaggle:8052,1,1,520.4,
bert,pretrained,kaggle,kaggle:8907,1,1,520.4,
bert,pretrained,kaggle,kaggle:6730,1,1,520.4,
bert,pretrained,kaggle,kaggle:6594,1,1,520.4,
bert,pretrained,kaggle,kaggle:6320,1,1,520.4,
bert,pretrained,kaggle,kaggle:8128,1,1,520.4,
bert,pretrained,kaggle,kaggle:8280,1,1,520.4,
bert,pretrained,kaggle,kaggle:9156,1,1,520.4,
bert,pretrained,kaggle,kaggle:7771,1,1,520.4,
bert,pretrained,kaggle,kaggle:9232,1,1,520.4,
bert,pretrained,kaggle,kaggle:9957,1,1,520.4,
bert,pretrained,kaggle,kaggle:7074,1,1,520.4,
bert,pretrained,kaggle,kaggle:8594,1,1,520.4,
bert,pretrained,kaggle,kaggle:6509,1,1,520.4,
bert,pretrained,kaggle,kaggle:7079,1,1,520.4,
bert,pretrained,kaggle,kaggle:8716,1,1,520.4,
bert,pretrained,kaggle,kaggle:9859,1,1,520.4,
bert,pretrained,kaggle,kaggle:6863,1,1,520.4,
bert,pretrained,kaggle,kaggle:8362,1,1,520.4,
bert,pretrained,kaggle,kaggle:9760,1,1,520.4,
bert,pretrained,kaggle,kaggle:6418,1,1,520.4,
bert,pretrained,kaggle,kaggle:9678,1,1,520.4,
bert,pretrained,kaggle,kaggle:6890,1,1,520.4,
bert,pretrained,kaggle,kaggle:6321,1,1,520.4,
bert,pretrained,kaggle,kaggle:9345,1,1,520.4,
bert,pretrained,kaggle,kaggle:6295,1,1,520.4,
bert,pretrained,kaggle,kaggle:9561,1,1,520.4,
bert,pretrained,kaggle,kaggle:6489,1,1,520.4,
bert,pretrained,kaggle,kaggle:8100,1,1,520.4,
bert,pretrained,kaggle,kaggle:8285,1,1,520.4,
bert,pretrained,kaggle,kaggle:9480,1,1,520.4,
bert,pretrained,kaggle,kaggle:7971,1,1,520.4,
bert,pretrained,kaggle,kaggle:8198,1,1,520.4,
bert,pretrained,kaggle,kaggle:6498,1,1,520.4,
bert,pretrained,kaggle,kaggle:3158,0,0,520.4,
bert,pretrained,kaggle,kaggle:1345,0,0,520.4,
bert,pretrained,kaggle,kaggle:5916,0,0,520.4,
bert,pretrained,kaggle,kaggle:5533,0,0,520.4,
bert,pretrained,kaggle,kaggle:2521,0,0,520.4,
bert,pretrained,kaggle,kaggle:6215,0,0,520.4,
bert,pretrained,kaggle,kaggle:1181,0,0,520.4,
bert,pretrained,kaggle,kaggle:5849,0,0,520.4,
bert,pretrained,kaggle,kaggle:4490,0,0,520.4,
bert,pretrained,kaggle,kaggle:3548,0,0,520.4,
bert,pretrained,kaggle,kaggle:2771,0,0,520.4,
bert,pretrained,kaggle,kaggle:4477,0,0,520.4,
bert,pretrained,kaggle,kaggle:3836,0,0,520.4,
bert,pretrained,kaggle,kaggle:2042,0,0,520.4,
bert,pretrained,kaggle,kaggle:611,0,0,520.4,
bert,pretrained,kaggle,kaggle:2543,0,0,520.4,
bert,pretrained,kaggle,kaggle:432,0,0,520.4,
bert,pretrained,kaggle,kaggle:476,0,0,520.4,
bert,pretrained,kaggle,kaggle:511,0,0,520.4,
bert,pretrained,kaggle,kaggle:3220,0,0,520.4,
bert,pretrained,kaggle,kaggle:2166,0,0,520.4,
bert,pretrained,kaggle,kaggle:535,0,0,520.4,
bert,pretrained,kaggle,kaggle:1620,0,0,520.4,
bert,pretrained,kaggle,kaggle:2154,0,0,520.4,
bert,pretrained,kaggle,kaggle:401,0,0,520.4,
bert,pretrained,kaggle,kaggle:4808,0,0,520.4,
bert,pretrained,kaggle,kaggle:23,0,0,520.4,
bert,pretrained,kaggle,kaggle:1874,0,0,520.4,
bert,pretrained,kaggle,kaggle:1223,0,0,520.4,
bert,pretrained,kaggle,kaggle:6179,0,0,520.4,
bert,pretrained,kaggle,kaggle:3163,0,0,520.4,
bert,pretrained,kaggle,kaggle:4837,0,0,520.4,
bert,pretrained,kaggle,kaggle:1188,0,0,520.4,
bert,pretrained,kaggle,kaggle:1426,0,0,520.4,
bert,pretrained,kaggle,kaggle:1557,0,0,520.4,
bert,pretrained,kaggle,kaggle:156,0,0,520.4,
bert,pretrained,kaggle,kaggle:2570,0,0,520.4,
bert,pretrained,kaggle,kaggle:622,0,0,520.4,
bert,pretrained,kaggle,kaggle:3708,0,0,520.4,
bert,pretrained,kaggle,kaggle:5804,0,0,520.4,
bert,pretrained,kaggle,kaggle:1740,0,0,520.4,
bert,pretrained,kaggle,kaggle:1805,0,0,520.4,
bert,pretrained,kaggle,kaggle:6035,0,0,520.4,
bert,pretrained,kaggle,kaggle:208,0,0,520.4,
bert,pretrained,kaggle,kaggle:5913,0,0,520.4,
bert,pretrained,kaggle,kaggle:2988,0,0,520.4,
bert,pretrained,kaggle,kaggle:6157,0,0,520.4,
bert,pretrained,kaggle,kaggle:230,0,0,520.4,
bert,pretrained,kaggle,kaggle:2226,0,0,520.4,
bert,pretrained,kaggle,kaggle:3089,0,0,520.4,
bert,pretrained,kaggle,kaggle:4513,0,0,520.4,
bert,pretrained,kaggle,kaggle:1315,0,0,520.4,
bert,pretrained,kaggle,kaggle:5790,0,0,520.4,
bert,pretrained,kaggle,kaggle:2306,0,0,520.4,
bert,pretrained,kaggle,kaggle:1488,0,0,520.4,
bert,pretrained,kaggle,kaggle:5944,0,0,520.4,
bert,pretrained,kaggle,kaggle:3045,0,0,520.4,
bert,pretrained,kaggle,kaggle:1926,0,0,520.4,
bert,pretrained,kaggle,kaggle:3203,0,0,520.4,
bert,pretrained,kaggle,kaggle:5659,0,0,520.4,
bert,pretrained,kaggle,kaggle:2821,0,0,520.4,
bert,pretrained,kaggle,kaggle:4385,0,0,520.4,
bert,pretrained,kaggle,kaggle:3018,0,0,520.4,
bert,pretrained,kaggle,kaggle:4810,0,0,520.4,
bert,pretrained,kaggle,kaggle:1902,0,0,520.4,
bert,pretrained,kaggle,kaggle:4464,0,0,520.4,
bert,pretrained,kaggle,kaggle:3560,0,0,520.4,
bert,pretrained,kaggle,kaggle:5899,0,0,520.4,
bert,pretrained,kaggle,kaggle:2344,0,0,520.4,
bert,pretrained,kaggle,kaggle:538,0,0,520.4,
bert,pretrained,kaggle,kaggle:3413,0,0,520.4,
bert,pretrained,kaggle,kaggle:2002,0,0,520.4,
bert,pretrained,kaggle,kaggle:4715,0,0,520.4,
bert,pretrained,kaggle,kaggle:6047,0,0,520.4,
bert,pretrained,kaggle,kaggle:2862,0,0,520.4,
bert,pretrained,kaggle,kaggle:1919,0,0,520.4,
bert,pretrained,kaggle,kaggle:5494,0,0,520.4,
bert,pretrained,kaggle,kaggle:1039,0,0,520.4,
bert,pretrained,kaggle,kaggle:2611,0,0,520.4,
bert,pretrained,kaggle,kaggle:6165,0,0,520.4,
bert,pretrained,kaggle,kaggle:1718,0,0,520.4,
bert,pretrained,kaggle,kaggle:3896,0,0,520.4,
bert,pretrained,kaggle,kaggle:3547,0,0,520.4,
bert,pretrained,kaggle,kaggle:1859,0,0,520.4,
bert,pretrained,kaggle,kaggle:324,0,0,520.4,
bert,pretrained,kaggle,kaggle:3841,0,0,520.4,
bert,pretrained,kaggle,kaggle:5856,0,0,520.4,
bert,pretrained,kaggle,kaggle:132,0,0,520.4,
bert,pretrained,kaggle,kaggle:3169,0,0,520.4,
bert,pretrained,kaggle,kaggle:1057,0,0,520.4,
bert,pretrained,kaggle,kaggle:4461,0,0,520.4,
bert,pretrained,kaggle,kaggle:812,0,0,520.4,
bert,pretrained,kaggle,kaggle:3618,0,0,520.4,
bert,pretrained,kaggle,kaggle:3076,0,0,520.4,
bert,pretrained,kaggle,kaggle:1881,0,0,520.4,
bert,pretrained,kaggle,kaggle:5825,0,0,520.4,
bert,pretrained,kaggle,kaggle:1869,0,0,520.4,
bert,pretrained,kaggle,kaggle:4095,0,0,520.4,
bert,pretrained,kaggle,kaggle:318,0,0,520.4,
bert,pretrained,kaggle,kaggle:80,0,0,520.4,
bert,pretrained,kaggle,kaggle:5943,0,0,520.4,
bert,pretrained,kaggle,kaggle:730,0,0,520.4,
bert,pretrained,kaggle,kaggle:2828,0,0,520.4,
bert,pretrained,kaggle,kaggle:2812,0,0,520.4,
bert,pretrained,kaggle,kaggle:3165,0,0,520.4,
bert,pretrained,kaggle,kaggle:6072,0,0,520.4,
bert,pretrained,kaggle,kaggle:4280,0,0,520.4,
bert,pretrained,kaggle,kaggle:4352,0,0,520.4,
bert,pretrained,kaggle,kaggle:4279,0,0,520.4,
bert,pretrained,kaggle,kaggle:6023,0,0,520.4,
bert,pretrained,kaggle,kaggle:1047,0,0,520.4,
bert,pretrained,kaggle,kaggle:2815,0,0,520.4,
bert,pretrained,kaggle,kaggle:706,0,0,520.4,
bert,pretrained,kaggle,kaggle:4537,0,0,520.4,
bert,pretrained,kaggle,kaggle:2298,0,0,520.4,
bert,pretrained,kaggle,kaggle:3801,0,0,520.4,
bert,pretrained,kaggle,kaggle:4623,0,0,520.4,
bert,pretrained,kaggle,kaggle:6038,0,0,520.4,
bert,pretrained,kaggle,kaggle:3063,0,0,520.4,
bert,pretrained,kaggle,kaggle:6137,0,0,520.4,
bert,pretrained,kaggle,kaggle:3886,0,0,520.4,
bert,pretrained,kaggle,kaggle:5745,0,0,520.4,
bert,pretrained,kaggle,kaggle:893,0,0,520.4,
bert,pretrained,kaggle,kaggle:534,0,0,520.4,
bert,pretrained,kaggle,kaggle:5869,0,0,520.4,
bert,pretrained,kaggle,kaggle:2412,0,0,520.4,
bert,pretrained,kaggle,kaggle:5472,0,0,520.4,
bert,pretrained,kaggle,kaggle:4410,0,0,520.4,
bert,pretrained,kaggle,kaggle:4770,0,0,520.4,
bert,pretrained,kaggle,kaggle:800,0,0,520.4,
bert,pretrained,kaggle,kaggle:3405,0,0,520.4,
bert,pretrained,kaggle,kaggle:5389,0,0,520.4,
bert,pretrained,kaggle,kaggle:4224,0,0,520.4,
bert,pretrained,kaggle,kaggle:683,0,0,520.4,
bert,pretrained,kaggle,kaggle:1669,0,0,520.4,
bert,pretrained,kaggle,kaggle:5993,0,0,520.4,
bert,pretrained,kaggle,kaggle:198,0,0,520.4,
bert,pretrained,kaggle,kaggle:88,0,0,520.4,
bert,pretrained,kaggle,kaggle:736,0,0,520.4,
bert,pretrained,kaggle,kaggle:1144,0,0,520.4,
bert,pretrained,kaggle,kaggle:3125,0,0,520.4,
bert,pretrained,kaggle,kaggle:6085,0,0,520.4,
bert,pretrained,kaggle,kaggle:3617,0,0,520.4,
bert,pretrained,kaggle,kaggle:3732,0,0,520.4,
bert,pretrained,kaggle,kaggle:3334,0,0,520.4,
bert,pretrained,kaggle,kaggle:2882,0,0,520.4,
bert,pretrained,kaggle,kaggle:3308,0,0,520.4,
bert,pretrained,kaggle,kaggle:3891,0,0,520.4,
bert,pretrained,kaggle,kaggle:506,0,0,520.4,
bert,pretrained,kaggle,kaggle:5141,0,0,520.4,
phishsense,pretrained,spamassassin,spamassassin:4742,1,1,869.1,true#true
phishsense,pretrained,spamassassin,spamassassin:5215,1,1,869.1,truetruetruetruetrue
phishsense,pretrained,spamassassin,spamassassin:5738,1,1,869.1,true#true
phishsense,pretrained,spamassassin,spamassassin:4496,1,1,869.1,truetruetruetrue
phishsense,pretrained,spamassassin,spamassassin:4625,1,1,869.1,truetruetruequestion
phishsense,pretrained,spamassassin,spamassassin:5468,1,1,869.1,truetruetruequestion
phishsense,pretrained,spamassassin,spamassassin:5352,1,1,869.1,truetruetruetruetrue
phishsense,pretrained,spamassassin,spamassassin:4114,1,1,869.1,true#truetrue
phishsense,pretrained,spamassassin,spamassassin:4693,1,1,869.1,truetruetruetruetrue
phishsense,pretrained,spamassassin,spamassassin:5201,1,1,869.1,true##
phishsense,pretrained,spamassassin,spamassassin:5497,1,1,869.1,truetruetruetruetrue
phishsense,pretrained,spamassassin,spamassassin:5378,1,1,869.1,truetruetruetruetrue
phishsense,pretrained,spamassassin,spamassassin:4430,1,1,869.1,truetruequestion
phishsense,pretrained,spamassassin,spamassassin:5746,1,1,869.1,truetruetruetruetrue
phishsense,pretrained,spamassassin,spamassassin:4692,1,1,869.1,truetruetruetruetrue
phishsense,pretrained,spamassassin,spamassassin:4394,1,1,869.1,truetruetruetruetrue
phishsense,pretrained,spamassassin,spamassassin:5420,1,1,869.1,truetruetruequestion
phishsense,pretrained,spamassassin,spamassassin:5471,1,1,869.1,truetruetruetruetrue
phishsense,pretrained,spamassassin,spamassassin:5118,1,1,869.1,truetruetruetruetrue
phishsense,pretrained,spamassassin,spamassassin:5301,1,1,869.1,truetruetruetrue
phishsense,pretrained,spamassassin,spamassassin:5185,1,1,869.1,truetruetrue#
phishsense,pretrained,spamassassin,spamassassin:5721,1,1,869.1,truequestionquestion
phishsense,pretrained,spamassassin,spamassassin:5037,1,1,869.1,true#truetrue
phishsense,pretrained,spamassassin,spamassassin:4473,1,1,869.1,truetruetrue#
phishsense,pretrained,spamassassin,spamassassin:4169,1,1,869.1,truetrue#
phishsense,pretrained,spamassassin,spamassassin:5027,1,1,869.1,truetruetruetruetrue
phishsense,pretrained,spamassassin,spamassassin:4907,1,1,869.1,true#truetrue
phishsense,pretrained,spamassassin,spamassassin:4553,1,1,869.1,true##
phishsense,pretrained,spamassassin,spamassassin:4422,1,1,869.1,truetruetruetruetrue
phishsense,pretrained,spamassassin,spamassassin:5012,1,1,869.1,true#truetrue
phishsense,pretrained,spamassassin,spamassassin:5781,1,1,869.1,truequestionquestion
phishsense,pretrained,spamassassin,spamassassin:5503,1,1,869.1,truetruetruetrue
phishsense,pretrained,spamassassin,spamassassin:4848,1,1,869.1,true##
phishsense,pretrained,spamassassin,spamassassin:4520,1,1,869.1,truetruequestion
phishsense,pretrained,spamassassin,spamassassin:5509,1,1,869.1,true#truetrue
phishsense,pretrained,spamassassin,spamassassin:5628,1,1,869.1,true##
phishsense,pretrained,spamassassin,spamassassin:4617,1,1,869.1,truetruetruetruetrue
phishsense,pretrained,spamassassin,spamassassin:5362,1,1,869.1,truetruetruetruetrue
phishsense,pretrained,spamassassin,spamassassin:4792,1,1,869.1,true##
phishsense,pretrained,spamassassin,spamassassin:5791,1,1,869.1,truetruetruetruetrue
phishsense,pretrained,spamassassin,spamassassin:4389,1,1,869.1,truetruetruetruetrue
phishsense,pretrained,spamassassin,spamassassin:4276,1,1,869.1,truetruetruetrue
phishsense,pretrained,spamassassin,spamassassin:4869,1,1,869.1,truequestionquestion
phishsense,pretrained,spamassassin,spamassassin:4433,1,1,869.1,truequestionquestion
phishsense,pretrained,spamassassin,spamassassin:5169,1,1,869.1,truetruetruetrue
phishsense,pretrained,spamassassin,spamassassin:5410,1,1,869.1,truetrue#
phishsense,pretrained,spamassassin,spamassassin:5740,1,1,869.1,truetruetruetruetrue
phishsense,pretrained,spamassassin,spamassassin:5677,1,1,869.1,true##
phishsense,pretrained,spamassassin,spamassassin:4673,1,1,869.1,truetruetruetruetrue
phishsense,pretrained,spamassassin,spamassassin:5597,1,1,869.1,truequestionquestion
phishsense,pretrained,spamassassin,spamassassin:4541,1,1,869.1,truequestionquestion
phishsense,pretrained,spamassassin,spamassassin:4505,1,1,869.1,truetruetruetruetrue
phishsense,pretrained,spamassassin,spamassassin:5751,1,1,869.1,truetruetruequestion
phishsense,pretrained,spamassassin,spamassassin:4279,1,1,869.1,truetruetruetruetrue
phishsense,pretrained,spamassassin,spamassassin:5300,1,1,869.1,truetruetrue#
phishsense,pretrained,spamassassin,spamassassin:4140,1,1,869.1,true##
phishsense,pretrained,spamassassin,spamassassin:5057,1,1,869.1,truetruetruetrue
phishsense,pretrained,spamassassin,spamassassin:5667,1,1,869.1,true##
phishsense,pretrained,spamassassin,spamassassin:5325,1,0,869.1,falsefalsefalsefalsefalse
phishsense,pretrained,spamassassin,spamassassin:4964,1,1,869.1,truequestionquestion
phishsense,pretrained,spamassassin,spamassassin:4680,1,1,869.1,truetruetruetruetrue
phishsense,pretrained,spamassassin,spamassassin:4950,1,1,869.1,truetruetruetruetrue
phishsense,pretrained,spamassassin,spamassassin:4569,1,1,869.1,true##
phishsense,pretrained,spamassassin,spamassassin:4226,1,1,869.1,true#truetrue
phishsense,pretrained,spamassassin,spamassassin:5743,1,1,869.1,truetruetruetrue
phishsense,pretrained,spamassassin,spamassassin:5144,1,1,869.1,truequestionquestion
phishsense,pretrained,spamassassin,spamassassin:5001,1,1,869.1,truetruetrue#
phishsense,pretrained,spamassassin,spamassassin:5326,1,1,869.1,truetruequestion
phishsense,pretrained,spamassassin,spamassassin:4773,1,1,869.1,truetruetruetruetrue
phishsense,pretrained,spamassassin,spamassassin:4827,1,1,869.1,truequestionquestion
phishsense,pretrained,spamassassin,spamassassin:4407,1,1,869.1,truetruetruetruetrue
phishsense,pretrained,spamassassin,spamassassin:5769,1,1,869.1,truetruetruetruetrue
phishsense,pretrained,spamassassin,spamassassin:4570,1,1,869.1,truetruetruequestion
phishsense,pretrained,spamassassin,spamassassin:5350,1,1,869.1,true#truetrue
phishsense,pretrained,spamassassin,spamassassin:5689,1,1,869.1,truetrue#
phishsense,pretrained,spamassassin,spamassassin:4768,1,1,869.1,true##
phishsense,pretrained,spamassassin,spamassassin:4868,1,1,869.1,truetrue#true
phishsense,pretrained,spamassassin,spamassassin:4161,1,1,869.1,true!!!!
phishsense,pretrained,spamassassin,spamassassin:5080,1,1,869.1,truetruetruequestion
phishsense,pretrained,spamassassin,spamassassin:4160,1,1,869.1,truetruetruetruetrue
phishsense,pretrained,spamassassin,spamassassin:5629,1,1,869.1,truetruetruetruetrue
phishsense,pretrained,spamassassin,spamassassin:4555,1,1,869.1,truetruetruetruetrue
phishsense,pretrained,spamassassin,spamassassin:4362,1,1,869.1,truetruetruetruetrue
phishsense,pretrained,spamassassin,spamassassin:4415,1,1,869.1,true#truetrue
phishsense,pretrained,spamassassin,spamassassin:5615,1,1,869.1,truetruetruetrue
phishsense,pretrained,spamassassin,spamassassin:4784,1,1,869.1,truetruetruetrue
phishsense,pretrained,spamassassin,spamassassin:5360,1,1,869.1,truetruequestion
phishsense,pretrained,spamassassin,spamassassin:4156,1,1,869.1,truetruetruetrue
phishsense,pretrained,spamassassin,spamassassin:5683,1,1,869.1,truetruetruetruetrue
phishsense,pretrained,spamassassin,spamassassin:4803,1,1,869.1,true--
phishsense,pretrained,spamassassin,spamassassin:5684,1,1,869.1,truetrue#
phishsense,pretrained,spamassassin,spamassassin:5427,1,1,869.1,truetruetruetrue
phishsense,pretrained,spamassassin,spamassassin:4562,1,1,869.1,truetruetruetruetrue
phishsense,pretrained,spamassassin,spamassassin:5386,1,1,869.1,true#truetrue
phishsense,pretrained,spamassassin,spamassassin:4342,1,1,869.1,truetruetruetruetrue
phishsense,pretrained,spamassassin,spamassassin:5059,1,1,869.1,truetruetruetrue
phishsense,pretrained,spamassassin,spamassassin:4120,1,1,869.1,truetruetruetrue
phishsense,pretrained,spamassassin,spamassassin:4485,1,1,869.1,truetruetrue#
phishsense,pretrained,spamassassin,spamassassin:4970,1,1,869.1,true##
phishsense,pretrained,spamassassin,spamassassin:4345,1,1,869.1,truetruetruetrue
phishsense,pretrained,spamassassin,spamassassin:5079,1,1,869.1,truetrue#
phishsense,pretrained,spamassassin,spamassassin:4705,1,1,869.1,truetruetruetruetrue
phishsense,pretrained,spamassassin,spamassassin:4121,1,1,869.1,truetruetruetruetrue
phishsense,pretrained,spamassassin,spamassassin:5180,1,1,869.1,truetruetruetruetrue
phishsense,pretrained,spamassassin,spamassassin:4206,1,1,869.1,truequestionquestion
phishsense,pretrained,spamassassin,spamassassin:5708,1,1,869.1,truetruetrue#
phishsense,pretrained,spamassassin,spamassassin:4458,1,1,869.1,true##
phishsense,pretrained,spamassassin,spamassassin:4711,1,1,869.1,truetruetruetruetrue
phishsense,pretrained,spamassassin,spamassassin:4572,1,1,869.1,truetruetruetruetrue
phishsense,pretrained,spamassassin,spamassassin:4586,1,1,869.1,truetruetruetruetrue
phishsense,pretrained,spamassassin,spamassassin:5763,1,1,869.1,truetruetruequestion
phishsense,pretrained,spamassassin,spamassassin:4190,1,1,869.1,truetruetruetruetrue
phishsense,pretrained,spamassassin,spamassassin:5208,1,1,869.1,truetruetruetruetrue
phishsense,pretrained,spamassassin,spamassassin:5323,1,1,869.1,true#truetrue
phishsense,pretrained,spamassassin,spamassassin:4338,1,1,869.1,truetruetruetruetrue
phishsense,pretrained,spamassassin,spamassassin:4544,1,1,869.1,true#truetrue
phishsense,pretrained,spamassassin,spamassassin:5640,1,1,869.1,truequestionquestion
phishsense,pretrained,spamassassin,spamassassin:4264,1,1,869.1,truetruetruetrue
phishsense,pretrained,spamassassin,spamassassin:4865,1,1,869.1,truetruetruetruetrue
phishsense,pretrained,spamassassin,spamassassin:4955,1,1,869.1,truetruetruetruetrue
phishsense,pretrained,spamassassin,spamassassin:4700,1,1,869.1,true!!!!
phishsense,pretrained,spamassassin,spamassassin:4897,1,1,869.1,truetruetrue#
phishsense,pretrained,spamassassin,spamassassin:5727,1,1,869.1,truetrue#
phishsense,pretrained,spamassassin,spamassassin:4923,1,1,869.1,true##
phishsense,pretrained,spamassassin,spamassassin:5076,1,1,869.1,truetruetruetruetrue
phishsense,pretrained,spamassassin,spamassassin:4802,1,1,869.1,truetruetruetruetrue
phishsense,pretrained,spamassassin,spamassassin:5785,1,1,869.1,true!!!!
phishsense,pretrained,spamassassin,spamassassin:5425,1,1,869.1,truetruetruetruetrue
phishsense,pretrained,spamassassin,spamassassin:4516,1,1,869.1,truetrue#true
phishsense,pretrained,spamassassin,spamassassin:4123,1,1,869.1,truetruetruequestion
phishsense,pretrained,spamassassin,spamassassin:5331,1,1,869.1,truetruetruetruetrue
phishsense,pretrained,spamassassin,spamassassin:5250,1,1,869.1,truetruetruetruetrue
phishsense,pretrained,spamassassin,spamassassin:5344,1,1,869.1,truetrue#
phishsense,pretrained,spamassassin,spamassassin:5064,1,1,869.1,true##
phishsense,pretrained,spamassassin,spamassassin:5021,1,1,869.1,truetruetruetruetrue
phishsense,pretrained,spamassassin,spamassassin:4577,1,1,869.1,truetruetruetruetrue
phishsense,pretrained,spamassassin,spamassassin:4871,1,1,869.1,true#truetrue
phishsense,pretrained,spamassassin,spamassassin:4294,1,1,869.1,truetruetruetruetrue
phishsense,pretrained,spamassassin,spamassassin:4679,1,1,869.1,true##
phishsense,pretrained,spamassassin,spamassassin:4135,1,1,869.1,truetruetruetrue
phishsense,pretrained,spamassassin,spamassassin:4651,1,1,869.1,truetruetruequestion
phishsense,pretrained,spamassassin,spamassassin:4621,1,1,869.1,truetruetruetruetrue
phishsense,pretrained,spamassassin,spamassassin:5023,1,0,869.1,falsefalsefalsefalsefalse
phishsense,pretrained,spamassassin,spamassassin:5474,1,1,869.1,truetruetruetruetrue
phishsense,pretrained,spamassassin,spamassassin:4150,1,1,869.1,truequestionquestion
phishsense,pretrained,spamassassin,spamassassin:4530,1,1,869.1,truetruetruetruetrue
phishsense,pretrained,spamassassin,spamassassin:4330,1,1,869.1,truetruetruequestion
phishsense,pretrained,spamassassin,spamassassin:5098,1,1,869.1,truetruetruetruetrue
phishsense,pretrained,spamassassin,spamassassin:4388,1,1,869.1,"true
true"
phishsense,pretrained,spamassassin,spamassassin:5724,1,1,869.1,true##
phishsense,pretrained,spamassassin,spamassassin:599,0,0,869.1,falsefalsefalsefalsefalse
phishsense,pretrained,spamassassin,spamassassin:752,0,0,869.1,falsequestionquestion
phishsense,pretrained,spamassassin,spamassassin:2019,0,0,869.1,falsetruetruetruefalse
phishsense,pretrained,spamassassin,spamassassin:1001,0,0,869.1,falsefalsefalsefalsefalse
phishsense,pretrained,spamassassin,spamassassin:3567,0,0,869.1,falsefalsefalsefalsefalse
phishsense,pretrained,spamassassin,spamassassin:4065,0,0,869.1,falsefalsefalsefalse
phishsense,pretrained,spamassassin,spamassassin:682,0,0,869.1,falsefalsefalsefalsefalse
phishsense,pretrained,spamassassin,spamassassin:325,0,0,869.1,falsequestionquestion
phishsense,pretrained,spamassassin,spamassassin:166,0,0,869.1,false##
phishsense,pretrained,spamassassin,spamassassin:1034,0,0,869.1,falsefalsefalsefalsefalse
phishsense,pretrained,spamassassin,spamassassin:3580,0,0,869.1,falsetruetruetrue
phishsense,pretrained,spamassassin,spamassassin:857,0,0,869.1,falsefalsefalsefalsefalse
phishsense,pretrained,spamassassin,spamassassin:109,0,0,869.1,falsefalsefalsefalsefalse
phishsense,pretrained,spamassassin,spamassassin:2775,0,0,869.1,falsefalsefalsefalse
phishsense,pretrained,spamassassin,spamassassin:1811,0,0,869.1,false##
phishsense,pretrained,spamassassin,spamassassin:149,0,0,869.1,falsefalsefalsefalse
phishsense,pretrained,spamassassin,spamassassin:2706,0,0,869.1,falsefalsefalsefalse
phishsense,pretrained,spamassassin,spamassassin:298,0,0,869.1,falsequestionquestion
phishsense,pretrained,spamassassin,spamassassin:1395,0,0,869.1,falsefalsefalse#
phishsense,pretrained,spamassassin,spamassassin:1641,0,0,869.1,falsefalsefalsefalsefalse
phishsense,pretrained,spamassassin,spamassassin:1593,0,0,869.1,falsefalsefalsefalsefalse
phishsense,pretrained,spamassassin,spamassassin:1909,0,0,869.1,falsefalsefalsequestion
phishsense,pretrained,spamassassin,spamassassin:179,0,0,869.1,falsefalsefalsefalsefalse
phishsense,pretrained,spamassassin,spamassassin:33,0,0,869.1,falsefalsefalsefalse
phishsense,pretrained,spamassassin,spamassassin:2440,0,0,869.1,falsefalsefalsefalse
phishsense,pretrained,spamassassin,spamassassin:2002,0,1,869.1,truetruetruetrue
phishsense,pretrained,spamassassin,spamassassin:3953,0,1,869.1,truetruetruetruetrue
phishsense,pretrained,spamassassin,spamassassin:1330,0,0,869.1,false##
phishsense,pretrained,spamassassin,spamassassin:1027,0,0,869.1,falsefalsefalsefalsefalse
phishsense,pretrained,spamassassin,spamassassin:2787,0,0,869.1,falsefalsefalsefalse
phishsense,pretrained,spamassassin,spamassassin:555,0,0,869.1,falsetruetruetruetrue
phishsense,pretrained,spamassassin,spamassassin:1740,0,0,869.1,falsefalsefalsefalsefalse
phishsense,pretrained,spamassassin,spamassassin:3121,0,0,869.1,falsefalse#
phishsense,pretrained,spamassassin,spamassassin:1018,0,0,869.1,falsefalsefalsefalsefalse
phishsense,pretrained,spamassassin,spamassassin:2949,0,0,869.1,falsefalsefalsefalsefalse
phishsense,pretrained,spamassassin,spamassassin:1258,0,0,869.1,falsefalsefalsefalsefalse
phishsense,pretrained,spamassassin,spamassassin:229,0,1,869.1,truetruequestion
phishsense,pretrained,spamassassin,spamassassin:1866,0,0,869.1,falsetruetrue#
phishsense,pretrained,spamassassin,spamassassin:1164,0,0,869.1,falsefalsequestion
phishsense,pretrained,spamassassin,spamassassin:2835,0,0,869.1,falsefalsefalsefalse
phishsense,pretrained,spamassassin,spamassassin:3620,0,0,869.1,falsefalsefalsefalsefalse
phishsense,pretrained,spamassassin,spamassassin:3878,0,1,869.1,truetruetruetruetrue
phishsense,pretrained,spamassassin,spamassassin:1173,0,0,869.1,falsefalsefalsefalsefalse
phishsense,pretrained,spamassassin,spamassassin:3256,0,0,869.1,falsefalsefalsefalsefalse
phishsense,pretrained,spamassassin,spamassassin:3244,0,0,869.1,falsefalsefalsefalsefalse
phishsense,pretrained,spamassassin,spamassassin:96,0,0,869.1,falsefalsefalsefalsefalse
phishsense,pretrained,spamassassin,spamassassin:501,0,0,869.1,falsefalsefalsefalsefalse
phishsense,pretrained,spamassassin,spamassassin:1186,0,0,869.1,falsequestionquestion
phishsense,pretrained,spamassassin,spamassassin:3801,0,0,869.1,falsefalsefalsefalsefalse
phishsense,pretrained,spamassassin,spamassassin:2727,0,0,869.1,falsefalsefalsefalsefalse
phishsense,pretrained,spamassassin,spamassassin:2936,0,0,869.1,falsefalsefalse#
phishsense,pretrained,spamassassin,spamassassin:2510,0,0,869.1,falsefalsefalsefalsefalse
phishsense,pretrained,spamassassin,spamassassin:132,0,0,869.1,false##
phishsense,pretrained,spamassassin,spamassassin:869,0,0,869.1,falsefalsefalsefalsefalse
phishsense,pretrained,spamassassin,spamassassin:527,0,0,869.1,falsefalsefalsefalsefalse
phishsense,pretrained,spamassassin,spamassassin:3950,0,1,869.1,truequestionquestion
phishsense,pretrained,spamassassin,spamassassin:3443,0,0,869.1,falsefalsefalsefalse
phishsense,pretrained,spamassassin,spamassassin:3160,0,0,869.1,falsefalsefalsefalse
phishsense,pretrained,spamassassin,spamassassin:2484,0,0,869.1,falsefalsefalsefalse
phishsense,pretrained,spamassassin,spamassassin:305,0,0,869.1,falsefalsequestion
phishsense,pretrained,spamassassin,spamassassin:1041,0,0,869.1,falsefalsefalsefalse
phishsense,pretrained,spamassassin,spamassassin:2409,0,0,869.1,falsefalsefalsefalsefalse
phishsense,pretrained,spamassassin,spamassassin:308,0,0,869.1,falsequestionquestion
phishsense,pretrained,spamassassin,spamassassin:3598,0,0,869.1,falsefalsefalsefalsefalse
phishsense,pretrained,spamassassin,spamassassin:2644,0,0,869.1,falsefalsefalsefalse
phishsense,pretrained,spamassassin,spamassassin:1846,0,0,869.1,falsefalsefalsefalsefalse
phishsense,pretrained,spamassassin,spamassassin:2405,0,0,869.1,false#falsefalse
phishsense,pretrained,spamassassin,spamassassin:802,0,0,869.1,falsefalsefalsefalsefalse
phishsense,pretrained,spamassassin,spamassassin:2728,0,0,869.1,falsefalsefalsefalse
phishsense,pretrained,spamassassin,spamassassin:3531,0,0,869.1,falsefalsefalsefalsefalse
phishsense,pretrained,spamassassin,spamassassin:1309,0,0,869.1,falsefalsequestion
phishsense,pretrained,spamassassin,spamassassin:2295,0,0,869.1,falsefalsefalsefalsefalse
phishsense,pretrained,spamassassin,spamassassin:196,0,0,869.1,false##
phishsense,pretrained,spamassassin,spamassassin:366,0,0,869.1,falsefalsefalsequestion
phishsense,pretrained,spamassassin,spamassassin:2726,0,0,869.1,falsefalsefalsefalse
phishsense,pretrained,spamassassin,spamassassin:976,0,0,869.1,falsefalsefalsefalsefalse
phishsense,pretrained,spamassassin,spamassassin:2111,0,0,869.1,falsefalsefalsefalsefalse
phishsense,pretrained,spamassassin,spamassassin:2720,0,0,869.1,falsefalsefalsefalse
phishsense,pretrained,spamassassin,spamassassin:3863,0,0,869.1,falsefalsefalsefalse
phishsense,pretrained,spamassassin,spamassassin:2632,0,0,869.1,falsefalsefalsefalse
phishsense,pretrained,spamassassin,spamassassin:3864,0,1,869.1,truequestionquestion
phishsense,pretrained,spamassassin,spamassassin:1221,0,0,869.1,false#falsefalse
phishsense,pretrained,spamassassin,spamassassin:314,0,0,869.1,falsefalsefalsefalsefalse
phishsense,pretrained,spamassassin,spamassassin:3639,0,0,869.1,falsefalsefalsefalsefalse
phishsense,pretrained,spamassassin,spamassassin:184,0,0,869.1,false##
phishsense,pretrained,spamassassin,spamassassin:1644,0,0,869.1,falsefalsefalsequestion
phishsense,pretrained,spamassassin,spamassassin:1621,0,0,869.1,falsefalsefalsefalsefalse
phishsense,pretrained,spamassassin,spamassassin:461,0,0,869.1,falsefalsefalsefalsefalse
phishsense,pretrained,spamassassin,spamassassin:1808,0,0,869.1,falsefalsefalsefalsefalse
phishsense,pretrained,spamassassin,spamassassin:3494,0,0,869.1,falsequestionquestion
phishsense,pretrained,spamassassin,spamassassin:2330,0,0,869.1,falsequestionquestion
phishsense,pretrained,spamassassin,spamassassin:315,0,0,869.1,falsetruequestion
phishsense,pretrained,spamassassin,spamassassin:1110,0,0,869.1,falsefalsefalsefalsefalse
phishsense,pretrained,spamassassin,spamassassin:1552,0,0,869.1,falsefalsethe
phishsense,pretrained,spamassassin,spamassassin:1507,0,0,869.1,falsefalsequestion
phishsense,pretrained,spamassassin,spamassassin:881,0,0,869.1,falsefalsefalsefalsefalse
phishsense,pretrained,spamassassin,spamassassin:1513,0,0,869.1,falsefalsefalsefalsefalse
phishsense,pretrained,spamassassin,spamassassin:1563,0,0,869.1,falsefalsefalsefalsefalse
phishsense,pretrained,spamassassin,spamassassin:2195,0,0,869.1,falsefalsefalsefalsefalse
phishsense,pretrained,spamassassin,spamassassin:1967,0,0,869.1,falsefalsefalsefalsefalse
phishsense,pretrained,spamassassin,spamassassin:4008,0,1,869.1,truetruetruetruetrue
phishsense,pretrained,spamassassin,spamassassin:3951,0,0,869.1,falsefalsefalsefalse
phishsense,pretrained,spamassassin,spamassassin:1163,0,0,869.1,falsefalsefalsefalsefalse
phishsense,pretrained,spamassassin,spamassassin:414,0,0,869.1,falsefalsefalsefalse
phishsense,pretrained,spamassassin,spamassassin:932,0,0,869.1,falsefalsefalsefalsefalse
phishsense,pretrained,spamassassin,spamassassin:3917,0,0,869.1,falsetruetruetruetrue
phishsense,pretrained,spamassassin,spamassassin:1064,0,0,869.1,falsefalse#
phishsense,pretrained,spamassassin,spamassassin:1647,0,0,869.1,falsefalsefalsefalsefalse
phishsense,pretrained,spamassassin,spamassassin:3848,0,1,869.1,truetruetruetruetrue
phishsense,pretrained,spamassassin,spamassassin:1826,0,0,869.1,falsefalsefalsefalsefalse
phishsense,pretrained,spamassassin,spamassassin:70,0,0,869.1,falsetruequestion
phishsense,pretrained,spamassassin,spamassassin:3032,0,0,869.1,falsefalsefalsefalse
phishsense,pretrained,spamassassin,spamassassin:952,0,0,869.1,falsefalsequestion
phishsense,pretrained,spamassassin,spamassassin:211,0,0,869.1,falsefalsefalsefalse
phishsense,pretrained,spamassassin,spamassassin:1260,0,0,869.1,falsefalsefalsefalsefalse
phishsense,pretrained,spamassassin,spamassassin:985,0,0,869.1,falsefalsefalsefalse
phishsense,pretrained,spamassassin,spamassassin:1766,0,0,869.1,false##
phishsense,pretrained,spamassassin,spamassassin:3754,0,1,869.1,truetruetruetruetrue
phishsense,pretrained,spamassassin,spamassassin:2244,0,0,869.1,falsetruetruetruetrue
phishsense,pretrained,spamassassin,spamassassin:14,0,0,869.1,falsefalsefalsefalsefalse
phishsense,pretrained,spamassassin,spamassassin:879,0,0,869.1,falsefalsefalsefalse
phishsense,pretrained,spamassassin,spamassassin:1178,0,0,869.1,falsefalsefalsefalsefalse
phishsense,pretrained,spamassassin,spamassassin:1114,0,0,869.1,falsefalsequestion
phishsense,pretrained,spamassassin,spamassassin:1420,0,0,869.1,falsefalsefalsefalsefalse
phishsense,pretrained,spamassassin,spamassassin:270,0,0,869.1,falsefalsefalse#
phishsense,pretrained,spamassassin,spamassassin:538,0,0,869.1,falsefalsefalsefalsefalse
phishsense,pretrained,spamassassin,spamassassin:1345,0,0,869.1,falsefalsefalsefalsefalse
phishsense,pretrained,spamassassin,spamassassin:8,0,0,869.1,falsefalsefalsefalsefalse
phishsense,pretrained,spamassassin,spamassassin:1226,0,0,869.1,falsequestionquestion
phishsense,pretrained,spamassassin,spamassassin:1818,0,0,869.1,false#question
phishsense,pretrained,spamassassin,spamassassin:2927,0,0,869.1,falsefalsefalsefalsefalse
phishsense,pretrained,spamassassin,spamassassin:3679,0,0,869.1,falsefalsefalsefalsefalse
phishsense,pretrained,spamassassin,spamassassin:818,0,0,869.1,falsefalsefalsefalsefalse
phishsense,pretrained,spamassassin,spamassassin:2402,0,0,869.1,falsefalsefalsefalsefalse
phishsense,pretrained,spamassassin,spamassassin:2164,0,0,869.1,falsefalsefalsefalsefalse
phishsense,pretrained,spamassassin,spamassassin:3063,0,0,869.1,falsefalsefalsefalsefalse
phishsense,pretrained,spamassassin,spamassassin:3585,0,0,869.1,falsefalsefalsefalsefalse
phishsense,pretrained,spamassassin,spamassassin:1231,0,0,869.1,falsefalsefalsefalsefalse
phishsense,pretrained,spamassassin,spamassassin:251,0,0,869.1,falsefalsefalsefalse
phishsense,pretrained,spamassassin,spamassassin:3590,0,0,869.1,falsefalsefalsefalsefalse
phishsense,pretrained,spamassassin,spamassassin:2973,0,0,869.1,falsetruetrue#
phishsense,pretrained,spamassassin,spamassassin:296,0,0,869.1,falsefalsefalsefalsefalse
phishsense,pretrained,spamassassin,spamassassin:755,0,0,869.1,falsetruetruetrue
phishsense,pretrained,spamassassin,spamassassin:544,0,0,869.1,falsefalsefalsefalse
phishsense,pretrained,spamassassin,spamassassin:3542,0,0,869.1,falsefalsefalsefalsefalse
phishsense,pretrained,spamassassin,spamassassin:4078,0,0,869.1,falsefalsefalsefalsefalse
phishsense,pretrained,spamassassin,spamassassin:2107,0,1,869.1,truetruetruetrue
phishsense,pretrained,spamassassin,spamassassin:3572,0,0,869.1,falsefalsefalsefalsefalse
phishsense,pretrained,spamassassin,spamassassin:4085,0,0,869.1,falsefalsefalsefalsefalse
phishsense,pretrained,spamassassin,spamassassin:2124,0,1,869.1,truetruetruetruetrue
phishsense,pretrained,trec07,trec07:5165,1,1,1451.9,truetruetruetruetrue
phishsense,pretrained,trec07,trec07:8154,1,1,1451.9,truetruetruetruetrue
phishsense,pretrained,trec07,trec07:4573,1,1,1451.9,true##
phishsense,pretrained,trec07,trec07:7747,1,1,1451.9,truequestionquestion
phishsense,pretrained,trec07,trec07:4979,1,1,1451.9,truetruetruetrue
phishsense,pretrained,trec07,trec07:7946,1,1,1451.9,truetruetruetrue
phishsense,pretrained,trec07,trec07:6775,1,1,1451.9,truequestionquestion
phishsense,pretrained,trec07,trec07:5421,1,1,1451.9,truequestionquestion
phishsense,pretrained,trec07,trec07:7579,1,1,1451.9,truefalsetruetruetrue
phishsense,pretrained,trec07,trec07:5973,1,1,1451.9,true##
phishsense,pretrained,trec07,trec07:8126,1,1,1451.9,truetruetruetruetrue
phishsense,pretrained,trec07,trec07:6157,1,1,1451.9,truetruetruetrue
phishsense,pretrained,trec07,trec07:5509,1,1,1451.9,true#truetrue
phishsense,pretrained,trec07,trec07:8833,1,1,1451.9,truetruetruetruetrue
phishsense,pretrained,trec07,trec07:9537,1,0,1451.9,falsetruetruefalsefalse
phishsense,pretrained,trec07,trec07:9021,1,1,1451.9,truetruetruetruetrue
phishsense,pretrained,trec07,trec07:7926,1,1,1451.9,true##
phishsense,pretrained,trec07,trec07:7901,1,1,1451.9,truetruetruetruetrue
phishsense,pretrained,trec07,trec07:8495,1,1,1451.9,truequestionquestion
phishsense,pretrained,trec07,trec07:7819,1,1,1451.9,truetruetruetruetrue
phishsense,pretrained,trec07,trec07:8373,1,1,1451.9,truequestionquestion
phishsense,pretrained,trec07,trec07:9673,1,1,1451.9,truetruetruetruetrue
phishsense,pretrained,trec07,trec07:7109,1,1,1451.9,truequestionquestion
phishsense,pretrained,trec07,trec07:6083,1,1,1451.9,truequestionquestion
phishsense,pretrained,trec07,trec07:6123,1,1,1451.9,truetruetruetruetrue
phishsense,pretrained,trec07,trec07:8730,1,1,1451.9,truetruetruetruetrue
phishsense,pretrained,trec07,trec07:5443,1,1,1451.9,truetruetruetrue
phishsense,pretrained,trec07,trec07:5340,1,1,1451.9,true##
phishsense,pretrained,trec07,trec07:7071,1,1,1451.9,truetruetruetruetrue
phishsense,pretrained,trec07,trec07:9935,1,1,1451.9,truetruetruetruetrue
phishsense,pretrained,trec07,trec07:5031,1,1,1451.9,truetruetruetruetrue
phishsense,pretrained,trec07,trec07:6458,1,1,1451.9,truetruetruetrue
phishsense,pretrained,trec07,trec07:9208,1,1,1451.9,truetruetruetruetrue
phishsense,pretrained,trec07,trec07:7735,1,1,1451.9,truetruetruetruetrue
phishsense,pretrained,trec07,trec07:5455,1,1,1451.9,truetruetruetrue
phishsense,pretrained,trec07,trec07:8579,1,1,1451.9,truequestionquestion
phishsense,pretrained,trec07,trec07:8007,1,1,1451.9,truetruefalsefalsefalse
phishsense,pretrained,trec07,trec07:7181,1,1,1451.9,true##
phishsense,pretrained,trec07,trec07:7234,1,1,1451.9,truetruetruetruetrue
phishsense,pretrained,trec07,trec07:7575,1,1,1451.9,truetruetruetrue
phishsense,pretrained,trec07,trec07:5615,1,1,1451.9,truetruetruetrue
phishsense,pretrained,trec07,trec07:8919,1,1,1451.9,truetruetruetruetrue
phishsense,pretrained,trec07,trec07:8041,1,1,1451.9,truetruetruetrue
phishsense,pretrained,trec07,trec07:8645,1,1,1451.9,truetruetruetrue
phishsense,pretrained,trec07,trec07:6310,1,1,1451.9,true#truetrue
phishsense,pretrained,trec07,trec07:6041,1,1,1451.9,truetruetruetrue
phishsense,pretrained,trec07,trec07:5940,1,1,1451.9,truequestion#
phishsense,pretrained,trec07,trec07:8598,1,1,1451.9,truetruetruetrue
phishsense,pretrained,trec07,trec07:8381,1,1,1451.9,truetruetruequestion
phishsense,pretrained,trec07,trec07:7734,1,1,1451.9,truetruetruetrue
phishsense,pretrained,trec07,trec07:6929,1,1,1451.9,truetruetruetruetrue
phishsense,pretrained,trec07,trec07:9598,1,1,1451.9,truetruetruetrue
phishsense,pretrained,trec07,trec07:7480,1,1,1451.9,truetruetruetruetrue
phishsense,pretrained,trec07,trec07:8749,1,1,1451.9,truetruetruetruetrue
phishsense,pretrained,trec07,trec07:5316,1,1,1451.9,truetruetruetruetrue
phishsense,pretrained,trec07,trec07:4707,1,1,1451.9,truetruetruetruetrue
phishsense,pretrained,trec07,trec07:5795,1,1,1451.9,truetruetruetruetrue
phishsense,pretrained,trec07,trec07:7061,1,1,1451.9,truetruetruetrue
phishsense,pretrained,trec07,trec07:6158,1,1,1451.9,truetruetruetruetrue
phishsense,pretrained,trec07,trec07:5752,1,1,1451.9,truetruetruetruetrue
phishsense,pretrained,trec07,trec07:9551,1,1,1451.9,truequestionquestion
phishsense,pretrained,trec07,trec07:4619,1,1,1451.9,truetruetruetruetrue
phishsense,pretrained,trec07,trec07:5223,1,1,1451.9,truetruetruetruetrue
phishsense,pretrained,trec07,trec07:6888,1,1,1451.9,truetruetruetrue
phishsense,pretrained,trec07,trec07:6205,1,1,1451.9,truetruequestion
phishsense,pretrained,trec07,trec07:6816,1,1,1451.9,truetruetruetruetrue
phishsense,pretrained,trec07,trec07:8724,1,1,1451.9,truetruetruetruetrue
phishsense,pretrained,trec07,trec07:4859,1,1,1451.9,truequestionquestion
phishsense,pretrained,trec07,trec07:8376,1,1,1451.9,truetruetruetruetrue
phishsense,pretrained,trec07,trec07:6741,1,1,1451.9,truetrue#
phishsense,pretrained,trec07,trec07:8067,1,1,1451.9,truetruetruetruetrue
phishsense,pretrained,trec07,trec07:7707,1,1,1451.9,true#truetrue
phishsense,pretrained,trec07,trec07:8921,1,1,1451.9,truetruetruetruetrue
phishsense,pretrained,trec07,trec07:6707,1,1,1451.9,truetruetruetruetrue
phishsense,pretrained,trec07,trec07:4555,1,1,1451.9,truetruetruetruetrue
phishsense,pretrained,trec07,trec07:9303,1,1,1451.9,truetruetruetrue
phishsense,pretrained,trec07,trec07:9991,1,1,1451.9,truetruetruetruetrue
phishsense,pretrained,trec07,trec07:5728,1,1,1451.9,truetruetruetruetrue
phishsense,pretrained,trec07,trec07:5613,1,1,1451.9,truetruetruetruetrue
phishsense,pretrained,trec07,trec07:9692,1,1,1451.9,truetruetruetruetrue
phishsense,pretrained,trec07,trec07:5405,1,1,1451.9,truetruetruetruetrue
phishsense,pretrained,trec07,trec07:7360,1,1,1451.9,truequestionquestion
phishsense,pretrained,trec07,trec07:4672,1,1,1451.9,truetruequestion
phishsense,pretrained,trec07,trec07:8417,1,1,1451.9,truetruetruetruetrue
phishsense,pretrained,trec07,trec07:4708,1,1,1451.9,true##
phishsense,pretrained,trec07,trec07:5698,1,1,1451.9,truetruetruetruetrue
phishsense,pretrained,trec07,trec07:4624,1,1,1451.9,truetruetruetruetrue
phishsense,pretrained,trec07,trec07:8084,1,1,1451.9,truetruetruetruetrue
phishsense,pretrained,trec07,trec07:8518,1,1,1451.9,truetruetruetrue
phishsense,pretrained,trec07,trec07:9719,1,1,1451.9,truetruetruetruetrue
phishsense,pretrained,trec07,trec07:8341,1,1,1451.9,truetruetruetruetrue
phishsense,pretrained,trec07,trec07:5291,1,1,1451.9,truetruetruetruetrue
phishsense,pretrained,trec07,trec07:5138,1,1,1451.9,truetruetruetruetrue
phishsense,pretrained,trec07,trec07:8989,1,1,1451.9,truetruetruetruetrue
phishsense,pretrained,trec07,trec07:7242,1,1,1451.9,truetruequestion
phishsense,pretrained,trec07,trec07:6362,1,1,1451.9,truetruetruetrue
phishsense,pretrained,trec07,trec07:8795,1,1,1451.9,truetruetruetruetrue
phishsense,pretrained,trec07,trec07:8289,1,1,1451.9,truetruequestion
phishsense,pretrained,trec07,trec07:9763,1,1,1451.9,truetruetruetruetrue
phishsense,pretrained,trec07,trec07:6897,1,1,1451.9,truetruetruequestion
phishsense,pretrained,trec07,trec07:4941,1,1,1451.9,truetruetruetruetrue
phishsense,pretrained,trec07,trec07:6734,1,0,1451.9,false#falsefalse
phishsense,pretrained,trec07,trec07:6946,1,1,1451.9,truetruetruetruetrue
phishsense,pretrained,trec07,trec07:8220,1,1,1451.9,truequestionquestion
phishsense,pretrained,trec07,trec07:7871,1,1,1451.9,truetruetruetruetrue
phishsense,pretrained,trec07,trec07:7484,1,1,1451.9,truetruetruetrue
phishsense,pretrained,trec07,trec07:5635,1,1,1451.9,truequestionquestion
phishsense,pretrained,trec07,trec07:5977,1,1,1451.9,truetruetruetruetrue
phishsense,pretrained,trec07,trec07:9192,1,1,1451.9,truetruetruetrue
phishsense,pretrained,trec07,trec07:6497,1,1,1451.9,true#truetrue
phishsense,pretrained,trec07,trec07:4837,1,1,1451.9,truetruetruetruetrue
phishsense,pretrained,trec07,trec07:9379,1,1,1451.9,truetruetruetruetrue
phishsense,pretrained,trec07,trec07:5750,1,1,1451.9,true#truetrue
phishsense,pretrained,trec07,trec07:5782,1,1,1451.9,truetruetruetrue
phishsense,pretrained,trec07,trec07:8811,1,1,1451.9,truetruetruetrue
phishsense,pretrained,trec07,trec07:5572,1,1,1451.9,truetruetruetruetrue
phishsense,pretrained,trec07,trec07:9140,1,1,1451.9,truetruetruetrue
phishsense,pretrained,trec07,trec07:9327,1,1,1451.9,truetruetruetruetrue
phishsense,pretrained,trec07,trec07:4548,1,1,1451.9,truetruetruetrue
phishsense,pretrained,trec07,trec07:6849,1,1,1451.9,truetruetruetruetrue
phishsense,pretrained,trec07,trec07:6792,1,1,1451.9,truetruetruetruetrue
phishsense,pretrained,trec07,trec07:6258,1,1,1451.9,truetruetruetruetrue
phishsense,pretrained,trec07,trec07:7435,1,1,1451.9,truetruetruetruetrue
phishsense,pretrained,trec07,trec07:9779,1,1,1451.9,truetruetruetrue
phishsense,pretrained,trec07,trec07:6025,1,1,1451.9,truetruetruetruetrue
phishsense,pretrained,trec07,trec07:9004,1,1,1451.9,true#truetrue
phishsense,pretrained,trec07,trec07:7455,1,1,1451.9,truetruequestion
phishsense,pretrained,trec07,trec07:8555,1,1,1451.9,truequestionquestion
phishsense,pretrained,trec07,trec07:7142,1,1,1451.9,truequestion#
phishsense,pretrained,trec07,trec07:8670,1,1,1451.9,truetruetruequestion
phishsense,pretrained,trec07,trec07:6972,1,1,1451.9,true##
phishsense,pretrained,trec07,trec07:8256,1,1,1451.9,truetruetruetruetrue
phishsense,pretrained,trec07,trec07:8977,1,1,1451.9,true#truetrue
phishsense,pretrained,trec07,trec07:7387,1,1,1451.9,true#truetrue
phishsense,pretrained,trec07,trec07:5287,1,1,1451.9,true##
phishsense,pretrained,trec07,trec07:7005,1,1,1451.9,truetruetruetruetrue
phishsense,pretrained,trec07,trec07:9373,1,1,1451.9,truequestion#
phishsense,pretrained,trec07,trec07:9835,1,1,1451.9,truetruetruetruetrue
phishsense,pretrained,trec07,trec07:9076,1,1,1451.9,truetruetruetruetrue
phishsense,pretrained,trec07,trec07:5084,1,1,1451.9,truetruetruetruetrue
phishsense,pretrained,trec07,trec07:7874,1,1,1451.9,truetruetruetruetrue
phishsense,pretrained,trec07,trec07:9410,1,1,1451.9,truetruetruetrue
phishsense,pretrained,trec07,trec07:5845,1,1,1451.9,truetruetruetruetrue
phishsense,pretrained,trec07,trec07:8842,1,1,1451.9,truetruetruequestion
phishsense,pretrained,trec07,trec07:7739,1,1,1451.9,truetruetruetruetrue
phishsense,pretrained,trec07,trec07:6183,1,1,1451.9,truetruetruetruetrue
phishsense,pretrained,trec07,trec07:9725,1,1,1451.9,truetruetruetruetrue
phishsense,pretrained,trec07,trec07:7716,1,0,1451.9,false##
phishsense,pretrained,trec07,trec07:9178,1,1,1451.9,truetruetruetruetrue
phishsense,pretrained,trec07,trec07:9571,1,1,1451.9,truetruetruetruetrue
phishsense,pretrained,trec07,trec07:1647,0,0,1451.9,falsefalsequestion
phishsense,pretrained,trec07,trec07:1476,0,0,1451.9,falsefalsefalsefalsefalse
phishsense,pretrained,trec07,trec07:2111,0,0,1451.9,falsequestionquestion
phishsense,pretrained,trec07,trec07:3610,0,0,1451.9,falsefalse#
phishsense,pretrained,trec07,trec07:691,0,0,1451.9,false##
phishsense,pretrained,trec07,trec07:2655,0,0,1451.9,falsequestionquestion
phishsense,pretrained,trec07,trec07:1662,0,0,1451.9,falsefalsefalsefalse
phishsense,pretrained,trec07,trec07:3248,0,0,1451.9,falsequestionquestion
phishsense,pretrained,trec07,trec07:415,0,0,1451.9,falsequestionquestion
phishsense,pretrained,trec07,trec07:3121,0,0,1451.9,falsefalsefalsefalsefalse
phishsense,pretrained,trec07,trec07:683,0,1,1451.9,true##
phishsense,pretrained,trec07,trec07:1580,0,0,1451.9,falsefalsefalsequestion
phishsense,pretrained,trec07,trec07:2328,0,0,1451.9,falsefalsefalsefalsefalse
phishsense,pretrained,trec07,trec07:1164,0,1,1451.9,truetruetruetrue
phishsense,pretrained,trec07,trec07:1344,0,0,1451.9,falsefalsefalsefalsefalse
phishsense,pretrained,trec07,trec07:3838,0,0,1451.9,falsefalsefalsefalse
phishsense,pretrained,trec07,trec07:3417,0,0,1451.9,falsefalse#
phishsense,pretrained,trec07,trec07:2700,0,0,1451.9,falsefalsefalsefalsefalse
phishsense,pretrained,trec07,trec07:3935,0,0,1451.9,falsefalsefalsefalsefalse
phishsense,pretrained,trec07,trec07:1106,0,0,1451.9,falsequestionquestion
phishsense,pretrained,trec07,trec07:1937,0,0,1451.9,false##
phishsense,pretrained,trec07,trec07:2276,0,0,1451.9,falsefalsefalsefalsefalse
phishsense,pretrained,trec07,trec07:800,0,0,1451.9,falsefalsequestion
phishsense,pretrained,trec07,trec07:2018,0,0,1451.9,false##
phishsense,pretrained,trec07,trec07:23,0,0,1451.9,falsefalsefalsefalsefalse
phishsense,pretrained,trec07,trec07:2252,0,0,1451.9,falsefalsefalsefalsefalse
phishsense,pretrained,trec07,trec07:8,0,0,1451.9,falsequestionquestion
phishsense,pretrained,trec07,trec07:3985,0,0,1451.9,falsequestionquestion
phishsense,pretrained,trec07,trec07:1745,0,0,1451.9,falsefalsefalsefalsefalse
phishsense,pretrained,trec07,trec07:3595,0,0,1451.9,falsefalsefalsefalsefalse
phishsense,pretrained,trec07,trec07:2023,0,0,1451.9,falsefalsefalsefalsefalse
phishsense,pretrained,trec07,trec07:199,0,1,1451.9,truetruetruetruetrue
phishsense,pretrained,trec07,trec07:3628,0,0,1451.9,falsefalsefalsefalse
phishsense,pretrained,trec07,trec07:4363,0,0,1451.9,falsefalsequestion
phishsense,pretrained,trec07,trec07:69,0,1,1451.9,truetruetruetruetrue
phishsense,pretrained,trec07,trec07:3671,0,0,1451.9,falsefalsefalsefalsefalse
phishsense,pretrained,trec07,trec07:1880,0,0,1451.9,falsefalsefalsefalsefalse
phishsense,pretrained,trec07,trec07:240,0,0,1451.9,falsefalsefalsefalsefalse
phishsense,pretrained,trec07,trec07:3543,0,0,1451.9,falsequestionquestion
phishsense,pretrained,trec07,trec07:1103,0,0,1451.9,falsefalsefalsefalsefalse
phishsense,pretrained,trec07,trec07:4135,0,0,1451.9,falsequestionquestion
phishsense,pretrained,trec07,trec07:3338,0,0,1451.9,falsefalsefalsefalsefalse
phishsense,pretrained,trec07,trec07:4226,0,0,1451.9,falsefalsequestion
phishsense,pretrained,trec07,trec07:4093,0,0,1451.9,falsefalsefalsefalsefalse
phishsense,pretrained,trec07,trec07:1084,0,1,1451.9,true#falsetrue
phishsense,pretrained,trec07,trec07:416,0,1,1451.9,truetruetruetrue
phishsense,pretrained,trec07,trec07:2014,0,0,1451.9,falsequestionquestion
phishsense,pretrained,trec07,trec07:3259,0,0,1451.9,falsequestionquestion
phishsense,pretrained,trec07,trec07:3814,0,0,1451.9,falsequestionquestion
phishsense,pretrained,trec07,trec07:252,0,0,1451.9,falsequestionquestion
phishsense,pretrained,trec07,trec07:3333,0,0,1451.9,falsefalsefalsefalsefalse
phishsense,pretrained,trec07,trec07:1432,0,0,1451.9,falsefalsefalsefalse
phishsense,pretrained,trec07,trec07:3043,0,0,1451.9,falsequestionquestion
phishsense,pretrained,trec07,trec07:2088,0,0,1451.9,falsefalsefalse#
phishsense,pretrained,trec07,trec07:1020,0,0,1451.9,falsequestionquestion
phishsense,pretrained,trec07,trec07:3733,0,0,1451.9,false##
phishsense,pretrained,trec07,trec07:1073,0,0,1451.9,falsefalsefalsefalsefalse
phishsense,pretrained,trec07,trec07:3286,0,0,1451.9,falsefalse#
phishsense,pretrained,trec07,trec07:4206,0,1,1451.9,truetruetrue#
phishsense,pretrained,trec07,trec07:3003,0,0,1451.9,falsequestionquestion
phishsense,pretrained,trec07,trec07:4413,0,0,1451.9,falsefalsefalsefalsefalse
phishsense,pretrained,trec07,trec07:869,0,0,1451.9,falsefalsefalsequestion
phishsense,pretrained,trec07,trec07:2927,0,0,1451.9,falsefalsefalsefalse
phishsense,pretrained,trec07,trec07:1767,0,0,1451.9,falsefalsefalsefalsefalse
phishsense,pretrained,trec07,trec07:4536,0,0,1451.9,falsefalsequestion
phishsense,pretrained,trec07,trec07:4260,0,0,1451.9,falsefalsefalsefalsefalse
phishsense,pretrained,trec07,trec07:29,0,0,1451.9,false##
phishsense,pretrained,trec07,trec07:3331,0,0,1451.9,falsefalsefalsefalsefalse
phishsense,pretrained,trec07,trec07:2962,0,0,1451.9,falsefalsefalsefalsefalse
phishsense,pretrained,trec07,trec07:4339,0,0,1451.9,falsefalsefalsefalsefalse
phishsense,pretrained,trec07,trec07:4253,0,1,1451.9,truequestionquestion
phishsense,pretrained,trec07,trec07:2092,0,0,1451.9,falsefalsequestion
phishsense,pretrained,trec07,trec07:2877,0,0,1451.9,falsequestionquestion
phishsense,pretrained,trec07,trec07:538,0,0,1451.9,falsefalse#
phishsense,pretrained,trec07,trec07:2086,0,0,1451.9,falsefalse#
phishsense,pretrained,trec07,trec07:1606,0,0,1451.9,falsefalsefalse#
phishsense,pretrained,trec07,trec07:429,0,0,1451.9,falsefalsequestion
phishsense,pretrained,trec07,trec07:3024,0,1,1451.9,true##
phishsense,pretrained,trec07,trec07:1126,0,0,1451.9,falsefalsefalsefalse
phishsense,pretrained,trec07,trec07:2422,0,0,1451.9,falsefalsefalsefalsefalse
phishsense,pretrained,trec07,trec07:705,0,0,1451.9,falsefalsefalsequestion
phishsense,pretrained,trec07,trec07:3459,0,0,1451.9,falsefalsefalsefalsefalse
phishsense,pretrained,trec07,trec07:2283,0,0,1451.9,falsefalsefalsefalsefalse
phishsense,pretrained,trec07,trec07:555,0,0,1451.9,falsefalsefalsefalse
phishsense,pretrained,trec07,trec07:3083,0,0,1451.9,falsefalsefalsefalsefalse
phishsense,pretrained,trec07,trec07:3684,0,0,1451.9,falsefalsefalsequestion
phishsense,pretrained,trec07,trec07:2260,0,0,1451.9,falsequestionquestion
phishsense,pretrained,trec07,trec07:776,0,0,1451.9,falsefalsefalsefalse
phishsense,pretrained,trec07,trec07:1498,0,0,1451.9,falsefalsefalsefalsefalse
phishsense,pretrained,trec07,trec07:179,0,0,1451.9,falsefalsefalsefalsefalse
phishsense,pretrained,trec07,trec07:4118,0,0,1451.9,falsefalsefalsefalsefalse
phishsense,pretrained,trec07,trec07:2676,0,0,1451.9,falsequestionquestion
phishsense,pretrained,trec07,trec07:297,0,1,1451.9,truetruetruetruetrue
phishsense,pretrained,trec07,trec07:3093,0,0,1451.9,falsefalsefalsefalsefalse
phishsense,pretrained,trec07,trec07:3846,0,0,1451.9,falsefalsefalse#
phishsense,pretrained,trec07,trec07:3673,0,0,1451.9,false#question
phishsense,pretrained,trec07,trec07:1615,0,0,1451.9,falsefalsefalsefalsefalse
phishsense,pretrained,trec07,trec07:478,0,0,1451.9,falsequestionquestion
phishsense,pretrained,trec07,trec07:4024,0,0,1451.9,falsefalsefalsefalsefalse
phishsense,pretrained,trec07,trec07:1192,0,0,1451.9,falsefalsefalsefalse
phishsense,pretrained,trec07,trec07:3638,0,0,1451.9,falsefalsequestion
phishsense,pretrained,trec07,trec07:1302,0,0,1451.9,falsefalsefalsefalsefalse
phishsense,pretrained,trec07,trec07:3400,0,0,1451.9,falsefalsefalsefalsefalse
phishsense,pretrained,trec07,trec07:2321,0,0,1451.9,falsefalsefalsefalsefalse
phishsense,pretrained,trec07,trec07:1170,0,1,1451.9,true#truetrue
phishsense,pretrained,trec07,trec07:2614,0,0,1451.9,falsequestionquestion
phishsense,pretrained,trec07,trec07:238,0,1,1451.9,truefalsefalsefalsefalse
phishsense,pretrained,trec07,trec07:2755,0,0,1451.9,falsefalsefalse#
phishsense,pretrained,trec07,trec07:1652,0,0,1451.9,falsefalsefalse#
phishsense,pretrained,trec07,trec07:1649,0,0,1451.9,falsequestionquestion
phishsense,pretrained,trec07,trec07:807,0,0,1451.9,falsequestionquestion
phishsense,pretrained,trec07,trec07:3972,0,0,1451.9,falsefalsefalsefalsefalse
phishsense,pretrained,trec07,trec07:4468,0,0,1451.9,falsefalsefalsefalsefalse
phishsense,pretrained,trec07,trec07:1552,0,0,1451.9,falsefalsefalsefalsefalse
phishsense,pretrained,trec07,trec07:443,0,0,1451.9,falsequestionquestion
phishsense,pretrained,trec07,trec07:4520,0,0,1451.9,falsefalsefalsequestion
phishsense,pretrained,trec07,trec07:3728,0,0,1451.9,falsefalsefalsefalsefalse
phishsense,pretrained,trec07,trec07:1116,0,0,1451.9,falsefalsefalsefalsefalse
phishsense,pretrained,trec07,trec07:1162,0,0,1451.9,falsefalsefalsefalse
phishsense,pretrained,trec07,trec07:296,0,0,1451.9,falsefalsefalsefalsefalse
phishsense,pretrained,trec07,trec07:2646,0,0,1451.9,falsefalsefalsefalse
phishsense,pretrained,trec07,trec07:3111,0,0,1451.9,falsequestionquestion
phishsense,pretrained,trec07,trec07:3372,0,0,1451.9,falsefalsefalsefalsefalse
phishsense,pretrained,trec07,trec07:33,0,0,1451.9,falsefalsefalsefalsefalse
phishsense,pretrained,trec07,trec07:530,0,0,1451.9,falsefalsefalsefalsefalse
phishsense,pretrained,trec07,trec07:3469,0,0,1451.9,falsequestionquestion
phishsense,pretrained,trec07,trec07:1330,0,0,1451.9,falsequestionquestion
phishsense,pretrained,trec07,trec07:3760,0,0,1451.9,falsefalsefalsefalsefalse
phishsense,pretrained,trec07,trec07:350,0,1,1451.9,truetruetruetruetrue
phishsense,pretrained,trec07,trec07:1627,0,0,1451.9,falsefalsefalsefalse
phishsense,pretrained,trec07,trec07:414,0,0,1451.9,falsequestionquestion
phishsense,pretrained,trec07,trec07:151,0,0,1451.9,falsequestionquestion
phishsense,pretrained,trec07,trec07:4105,0,0,1451.9,falsefalsefalsefalsefalse
phishsense,pretrained,trec07,trec07:2740,0,1,1451.9,truetruetruetrue
phishsense,pretrained,trec07,trec07:4254,0,0,1451.9,falsefalsefalsefalsefalse
phishsense,pretrained,trec07,trec07:2668,0,0,1451.9,falsefalsefalsefalsefalse
phishsense,pretrained,trec07,trec07:1504,0,0,1451.9,falsequestionquestion
phishsense,pretrained,trec07,trec07:1842,0,0,1451.9,falsequestionquestion
phishsense,pretrained,trec07,trec07:3235,0,0,1451.9,falsefalsefalsequestion
phishsense,pretrained,trec07,trec07:945,0,0,1451.9,falsefalsefalsefalsefalse
phishsense,pretrained,trec07,trec07:4152,0,0,1451.9,falsefalsefalsequestion
phishsense,pretrained,trec07,trec07:1786,0,0,1451.9,falsequestionquestion
phishsense,pretrained,trec07,trec07:2135,0,0,1451.9,falsequestionquestion
phishsense,pretrained,trec07,trec07:4166,0,0,1451.9,falsefalsequestion
phishsense,pretrained,trec07,trec07:2029,0,1,1451.9,true##
phishsense,pretrained,trec07,trec07:3047,0,0,1451.9,falsefalsefalsefalsefalse
phishsense,pretrained,trec07,trec07:1173,0,0,1451.9,falsefalsefalsefalse
phishsense,pretrained,trec07,trec07:1773,0,0,1451.9,false##
phishsense,pretrained,trec07,trec07:1032,0,0,1451.9,falsequestionquestion
phishsense,pretrained,trec07,trec07:4459,0,0,1451.9,falsequestionquestion
bert,pretrained,nazario,nazario:1523,1,1,493.1,
bert,pretrained,nazario,nazario:270,1,1,493.1,
bert,pretrained,nazario,nazario:353,1,1,493.1,
bert,pretrained,nazario,nazario:354,1,1,493.1,
bert,pretrained,nazario,nazario:916,1,1,493.1,
bert,pretrained,nazario,nazario:240,1,1,493.1,
bert,pretrained,nazario,nazario:352,1,1,493.1,
bert,pretrained,nazario,nazario:1372,1,1,493.1,
bert,pretrained,nazario,nazario:416,1,1,493.1,
bert,pretrained,nazario,nazario:1046,1,1,493.1,
bert,pretrained,nazario,nazario:1188,1,1,493.1,
bert,pretrained,nazario,nazario:351,1,1,493.1,
bert,pretrained,nazario,nazario:65,1,0,493.1,
bert,pretrained,nazario,nazario:1243,1,1,493.1,
bert,pretrained,nazario,nazario:30,1,1,493.1,
bert,pretrained,nazario,nazario:1265,1,1,493.1,
bert,pretrained,nazario,nazario:1316,1,1,493.1,
bert,pretrained,nazario,nazario:1504,1,1,493.1,
bert,pretrained,nazario,nazario:175,1,1,493.1,
bert,pretrained,nazario,nazario:168,1,1,493.1,
bert,pretrained,nazario,nazario:985,1,1,493.1,
bert,pretrained,nazario,nazario:1359,1,1,493.1,
bert,pretrained,nazario,nazario:532,1,1,493.1,
bert,pretrained,nazario,nazario:1173,1,1,493.1,
bert,pretrained,nazario,nazario:522,1,0,493.1,
bert,pretrained,nazario,nazario:1520,1,1,493.1,
bert,pretrained,nazario,nazario:438,1,1,493.1,
bert,pretrained,nazario,nazario:239,1,1,493.1,
bert,pretrained,nazario,nazario:765,1,1,493.1,
bert,pretrained,nazario,nazario:59,1,1,493.1,
bert,pretrained,nazario,nazario:405,1,1,493.1,
bert,pretrained,nazario,nazario:711,1,1,493.1,
bert,pretrained,nazario,nazario:478,1,0,493.1,
bert,pretrained,nazario,nazario:162,1,1,493.1,
bert,pretrained,nazario,nazario:888,1,1,493.1,
bert,pretrained,nazario,nazario:859,1,1,493.1,
bert,pretrained,nazario,nazario:1182,1,1,493.1,
bert,pretrained,nazario,nazario:1542,1,1,493.1,
bert,pretrained,nazario,nazario:471,1,1,493.1,
bert,pretrained,nazario,nazario:184,1,1,493.1,
bert,pretrained,nazario,nazario:701,1,1,493.1,
bert,pretrained,nazario,nazario:1288,1,1,493.1,
bert,pretrained,nazario,nazario:494,1,1,493.1,
bert,pretrained,nazario,nazario:1216,1,1,493.1,
bert,pretrained,nazario,nazario:380,1,1,493.1,
bert,pretrained,nazario,nazario:1381,1,1,493.1,
bert,pretrained,nazario,nazario:692,1,0,493.1,
bert,pretrained,nazario,nazario:610,1,1,493.1,
bert,pretrained,nazario,nazario:1321,1,1,493.1,
bert,pretrained,nazario,nazario:339,1,1,493.1,
bert,pretrained,nazario,nazario:124,1,1,493.1,
bert,pretrained,nazario,nazario:974,1,1,493.1,
bert,pretrained,nazario,nazario:275,1,1,493.1,
bert,pretrained,nazario,nazario:986,1,1,493.1,
bert,pretrained,nazario,nazario:1144,1,1,493.1,
bert,pretrained,nazario,nazario:1259,1,1,493.1,
bert,pretrained,nazario,nazario:806,1,1,493.1,
bert,pretrained,nazario,nazario:1156,1,1,493.1,
bert,pretrained,nazario,nazario:672,1,1,493.1,
bert,pretrained,nazario,nazario:23,1,1,493.1,
bert,pretrained,nazario,nazario:1189,1,1,493.1,
bert,pretrained,nazario,nazario:203,1,1,493.1,
bert,pretrained,nazario,nazario:371,1,1,493.1,
bert,pretrained,nazario,nazario:49,1,1,493.1,
bert,pretrained,nazario,nazario:824,1,1,493.1,
bert,pretrained,nazario,nazario:1430,1,1,493.1,
bert,pretrained,nazario,nazario:670,1,1,493.1,
bert,pretrained,nazario,nazario:617,1,1,493.1,
bert,pretrained,nazario,nazario:271,1,0,493.1,
bert,pretrained,nazario,nazario:428,1,1,493.1,
bert,pretrained,nazario,nazario:720,1,1,493.1,
bert,pretrained,nazario,nazario:1211,1,1,493.1,
bert,pretrained,nazario,nazario:123,1,1,493.1,
bert,pretrained,nazario,nazario:1376,1,1,493.1,
bert,pretrained,nazario,nazario:237,1,1,493.1,
bert,pretrained,nazario,nazario:1203,1,1,493.1,
bert,pretrained,nazario,nazario:198,1,1,493.1,
bert,pretrained,nazario,nazario:199,1,1,493.1,
bert,pretrained,nazario,nazario:914,1,1,493.1,
bert,pretrained,nazario,nazario:1102,1,1,493.1,
bert,pretrained,nazario,nazario:1247,1,1,493.1,
bert,pretrained,nazario,nazario:1235,1,1,493.1,
bert,pretrained,nazario,nazario:99,1,1,493.1,
bert,pretrained,nazario,nazario:332,1,1,493.1,
bert,pretrained,nazario,nazario:51,1,1,493.1,
bert,pretrained,nazario,nazario:70,1,1,493.1,
bert,pretrained,nazario,nazario:1362,1,1,493.1,
bert,pretrained,nazario,nazario:76,1,0,493.1,
bert,pretrained,nazario,nazario:1000,1,1,493.1,
bert,pretrained,nazario,nazario:922,1,1,493.1,
bert,pretrained,nazario,nazario:141,1,1,493.1,
bert,pretrained,nazario,nazario:1446,1,1,493.1,
bert,pretrained,nazario,nazario:1179,1,1,493.1,
bert,pretrained,nazario,nazario:988,1,1,493.1,
bert,pretrained,nazario,nazario:907,1,1,493.1,
bert,pretrained,nazario,nazario:993,1,1,493.1,
bert,pretrained,nazario,nazario:1531,1,1,493.1,
bert,pretrained,nazario,nazario:220,1,1,493.1,
bert,pretrained,nazario,nazario:331,1,1,493.1,
bert,pretrained,nazario,nazario:926,1,1,493.1,
bert,pretrained,nazario,nazario:185,1,1,493.1,
bert,pretrained,nazario,nazario:381,1,1,493.1,
bert,pretrained,nazario,nazario:1277,1,1,493.1,
bert,pretrained,nazario,nazario:261,1,1,493.1,
bert,pretrained,nazario,nazario:1420,1,1,493.1,
bert,pretrained,nazario,nazario:1027,1,1,493.1,
bert,pretrained,nazario,nazario:1435,1,1,493.1,
bert,pretrained,nazario,nazario:1450,1,1,493.1,
bert,pretrained,nazario,nazario:135,1,1,493.1,
bert,pretrained,nazario,nazario:1461,1,0,493.1,
bert,pretrained,nazario,nazario:490,1,0,493.1,
bert,pretrained,nazario,nazario:527,1,1,493.1,
bert,pretrained,nazario,nazario:1548,1,1,493.1,
bert,pretrained,nazario,nazario:774,1,1,493.1,
bert,pretrained,nazario,nazario:67,1,1,493.1,
bert,pretrained,nazario,nazario:383,1,1,493.1,
bert,pretrained,nazario,nazario:1252,1,1,493.1,
bert,pretrained,nazario,nazario:309,1,1,493.1,
bert,pretrained,nazario,nazario:1212,1,0,493.1,
bert,pretrained,nazario,nazario:976,1,0,493.1,
bert,pretrained,nazario,nazario:940,1,1,493.1,
bert,pretrained,nazario,nazario:1539,1,1,493.1,
bert,pretrained,nazario,nazario:869,1,1,493.1,
bert,pretrained,nazario,nazario:718,1,1,493.1,
bert,pretrained,nazario,nazario:415,1,1,493.1,
bert,pretrained,nazario,nazario:1098,1,1,493.1,
bert,pretrained,nazario,nazario:1040,1,1,493.1,
bert,pretrained,nazario,nazario:29,1,1,493.1,
bert,pretrained,nazario,nazario:367,1,1,493.1,
bert,pretrained,nazario,nazario:1421,1,1,493.1,
bert,pretrained,nazario,nazario:485,1,1,493.1,
bert,pretrained,nazario,nazario:631,1,1,493.1,
bert,pretrained,nazario,nazario:602,1,1,493.1,
bert,pretrained,nazario,nazario:350,1,1,493.1,
bert,pretrained,nazario,nazario:818,1,0,493.1,
bert,pretrained,nazario,nazario:1342,1,0,493.1,
bert,pretrained,nazario,nazario:366,1,0,493.1,
bert,pretrained,nazario,nazario:1108,1,1,493.1,
bert,pretrained,nazario,nazario:598,1,1,493.1,
bert,pretrained,nazario,nazario:1213,1,1,493.1,
bert,pretrained,nazario,nazario:427,1,1,493.1,
bert,pretrained,nazario,nazario:679,1,1,493.1,
bert,pretrained,nazario,nazario:964,1,1,493.1,
bert,pretrained,nazario,nazario:413,1,1,493.1,
bert,pretrained,nazario,nazario:743,1,1,493.1,
bert,pretrained,nazario,nazario:1398,1,0,493.1,
bert,pretrained,nazario,nazario:678,1,1,493.1,
bert,pretrained,nazario,nazario:1176,1,0,493.1,
bert,pretrained,nazario,nazario:982,1,1,493.1,
bert,pretrained,nazario,nazario:1029,1,0,493.1,
phishsense,pretrained,ling,ling:1902,1,1,1566.8,truetruetruetrue
phishsense,pretrained,ling,ling:209,1,1,1566.8,truetruetruetruetrue
phishsense,pretrained,ling,ling:2076,1,1,1566.8,truetruetruetruetrue
phishsense,pretrained,ling,ling:1327,1,1,1566.8,truetruetruetruetrue
phishsense,pretrained,ling,ling:985,1,1,1566.8,truetruetruetrue
phishsense,pretrained,ling,ling:1259,1,1,1566.8,truetruetruetruetrue
phishsense,pretrained,ling,ling:1075,1,1,1566.8,truetruetruetruetrue
phishsense,pretrained,ling,ling:622,1,1,1566.8,truetruetruetruetrue
phishsense,pretrained,ling,ling:2510,1,1,1566.8,truetruetruetruetrue
phishsense,pretrained,ling,ling:178,1,1,1566.8,truetruetruetruetrue
phishsense,pretrained,ling,ling:457,1,1,1566.8,truethethe
phishsense,pretrained,ling,ling:1059,1,1,1566.8,truetruetruetruetrue
phishsense,pretrained,ling,ling:899,1,1,1566.8,truetruetruetruetrue
phishsense,pretrained,ling,ling:2224,1,1,1566.8,truetruetruetruetrue
phishsense,pretrained,ling,ling:2399,1,1,1566.8,truetruequestion
phishsense,pretrained,ling,ling:383,1,1,1566.8,truetruetruetruetrue
phishsense,pretrained,ling,ling:2289,1,1,1566.8,truetrue#
phishsense,pretrained,ling,ling:1751,1,1,1566.8,true-true
phishsense,pretrained,ling,ling:2659,1,1,1566.8,true#truetrue
phishsense,pretrained,ling,ling:492,1,1,1566.8,truetruetruetruetrue
phishsense,pretrained,ling,ling:472,1,1,1566.8,truetruetruetruetrue
phishsense,pretrained,ling,ling:810,1,1,1566.8,truetruetruetruetrue
phishsense,pretrained,ling,ling:1363,1,1,1566.8,truetruetruetrue
phishsense,pretrained,ling,ling:696,1,1,1566.8,truetruetruetruetrue
phishsense,pretrained,ling,ling:1341,1,1,1566.8,truetruetruetruetrue
phishsense,pretrained,ling,ling:2410,1,1,1566.8,truetruetruetruetrue
phishsense,pretrained,ling,ling:481,1,1,1566.8,truetruetruetruetrue
phishsense,pretrained,ling,ling:2820,1,1,1566.8,truetrue#
phishsense,pretrained,ling,ling:104,1,1,1566.8,truetruetruetruetrue
phishsense,pretrained,ling,ling:1703,1,1,1566.8,truetruetrue-
phishsense,pretrained,ling,ling:2423,1,1,1566.8,truetruetruetruetrue
phishsense,pretrained,ling,ling:1564,1,1,1566.8,truetruetruetruetrue
phishsense,pretrained,ling,ling:2607,1,1,1566.8,truetruetruetruetrue
phishsense,pretrained,ling,ling:680,1,1,1566.8,truetruetruetruetrue
phishsense,pretrained,ling,ling:2836,1,1,1566.8,true#truetrue
phishsense,pretrained,ling,ling:471,1,1,1566.8,truetruetruetruetrue
phishsense,pretrained,ling,ling:1730,1,1,1566.8,truetruetruetruetrue
phishsense,pretrained,ling,ling:2001,1,1,1566.8,truetruetruetruetrue
phishsense,pretrained,ling,ling:729,1,1,1566.8,truetruetruetrue
phishsense,pretrained,ling,ling:480,1,1,1566.8,truetruetruetruetrue
phishsense,pretrained,ling,ling:1755,1,1,1566.8,truetruetrue#
phishsense,pretrained,ling,ling:511,1,1,1566.8,truetruethe
phishsense,pretrained,ling,ling:1131,1,1,1566.8,truetruetruetruetrue
phishsense,pretrained,ling,ling:458,1,1,1566.8,truetruethe
phishsense,pretrained,ling,ling:981,1,1,1566.8,truethethe
phishsense,pretrained,ling,ling:470,1,1,1566.8,truetrue#true
phishsense,pretrained,ling,ling:446,1,1,1566.8,truetrue#
phishsense,pretrained,ling,ling:1455,1,1,1566.8,truetruetruetrue
phishsense,pretrained,ling,ling:2579,1,1,1566.8,truetruethe
phishsense,pretrained,ling,ling:1796,1,1,1566.8,truetruetruetruetrue
phishsense,pretrained,ling,ling:1622,1,1,1566.8,truetrue#
phishsense,pretrained,ling,ling:187,1,1,1566.8,truetruetruetruetrue
phishsense,pretrained,ling,ling:1560,1,1,1566.8,truetruetruetruetrue
phishsense,pretrained,ling,ling:1986,1,1,1566.8,truetruetruetruetrue
phishsense,pretrained,ling,ling:2530,1,1,1566.8,truetruetruetrue
phishsense,pretrained,ling,ling:2655,1,1,1566.8,truetruequestion
phishsense,pretrained,ling,ling:112,1,1,1566.8,truetruetruetrue
phishsense,pretrained,ling,ling:2504,1,1,1566.8,truetruetruetruetrue
phishsense,pretrained,ling,ling:133,1,1,1566.8,truetruetruetrue
phishsense,pretrained,ling,ling:2809,1,1,1566.8,truetrue#
phishsense,pretrained,ling,ling:2508,1,1,1566.8,truetrue#true
phishsense,pretrained,ling,ling:21,1,1,1566.8,truetruetruetruetrue
phishsense,pretrained,ling,ling:153,1,1,1566.8,truetruetruetruetrue
phishsense,pretrained,ling,ling:1779,1,1,1566.8,truetruetruetruetrue
phishsense,pretrained,ling,ling:2348,1,1,1566.8,truetruetruetruetrue
phishsense,pretrained,ling,ling:384,1,1,1566.8,truetruetruetruetrue
phishsense,pretrained,ling,ling:1233,1,1,1566.8,truetruetruetrue
phishsense,pretrained,ling,ling:2461,1,1,1566.8,truetruetruetrue
phishsense,pretrained,ling,ling:1878,1,1,1566.8,true#truetrue
phishsense,pretrained,ling,ling:1296,1,1,1566.8,truetruetruetruetrue
phishsense,pretrained,ling,ling:1939,1,1,1566.8,truetruetruethe
phishsense,pretrained,ling,ling:2447,1,1,1566.8,true#truetrue
phishsense,pretrained,ling,ling:160,1,1,1566.8,truetruetruetruetrue
phishsense,pretrained,ling,ling:2288,1,1,1566.8,truetruetruetrue
phishsense,pretrained,ling,ling:1264,1,1,1566.8,truetruetruetruetrue
phishsense,pretrained,ling,ling:1943,1,1,1566.8,truetruetruetruetrue
phishsense,pretrained,ling,ling:227,1,0,1566.8,falsefalsefalsefalse
phishsense,pretrained,ling,ling:1113,1,1,1566.8,truetruetruetruetrue
phishsense,pretrained,ling,ling:2821,1,1,1566.8,truetruetruetruetrue
phishsense,pretrained,ling,ling:690,1,1,1566.8,truetruetruetruetrue
phishsense,pretrained,ling,ling:2256,1,1,1566.8,truetruetruetruetrue
phishsense,pretrained,ling,ling:2036,1,1,1566.8,truetruetruetrue
phishsense,pretrained,ling,ling:1782,1,1,1566.8,truetruetruetruetrue
phishsense,pretrained,ling,ling:157,1,1,1566.8,truetruetrue#
phishsense,pretrained,ling,ling:280,1,1,1566.8,truetruetruetruetrue
phishsense,pretrained,ling,ling:2807,1,1,1566.8,truetruetruetruetrue
phishsense,pretrained,ling,ling:2838,1,1,1566.8,truetruetruetruetrue
phishsense,pretrained,ling,ling:851,1,1,1566.8,truetruetruetruetrue
phishsense,pretrained,ling,ling:579,1,1,1566.8,truetruetruetrue
phishsense,pretrained,ling,ling:385,1,1,1566.8,truetruetruetruetrue
phishsense,pretrained,ling,ling:983,1,1,1566.8,truetruetruetruetrue
phishsense,pretrained,ling,ling:159,1,1,1566.8,truetruethe
phishsense,pretrained,ling,ling:138,1,1,1566.8,truetruetruetruetrue
phishsense,pretrained,ling,ling:435,1,1,1566.8,truetruetruetruetrue
phishsense,pretrained,ling,ling:2555,1,1,1566.8,truetruetruetruetrue
phishsense,pretrained,ling,ling:1999,1,1,1566.8,truetruetruetruetrue
phishsense,pretrained,ling,ling:179,1,1,1566.8,truetruetruetrue
phishsense,pretrained,ling,ling:494,1,1,1566.8,truetruetruetruetrue
phishsense,pretrained,ling,ling:1969,1,0,1566.8,falsefalsefalsefalsefalse
phishsense,pretrained,ling,ling:751,1,1,1566.8,truetruetruetrue
phishsense,pretrained,ling,ling:2835,1,1,1566.8,truetrue#true
phishsense,pretrained,ling,ling:2231,1,1,1566.8,truetruetruetrue
phishsense,pretrained,ling,ling:580,1,1,1566.8,truetruetruetruetrue
phishsense,pretrained,ling,ling:1551,1,1,1566.8,truetruethe
phishsense,pretrained,ling,ling:2487,1,1,1566.8,truetruetruetruetrue
phishsense,pretrained,ling,ling:2451,1,1,1566.8,truetruetruetrue
phishsense,pretrained,ling,ling:2527,1,1,1566.8,truetruetruetruetrue
phishsense,pretrained,ling,ling:1479,1,1,1566.8,truetruetruetrue
phishsense,pretrained,ling,ling:634,1,1,1566.8,truetruetruetruetrue
phishsense,pretrained,ling,ling:2389,1,1,1566.8,truetruetruetruetrue
phishsense,pretrained,ling,ling:92,1,1,1566.8,truetrue#
phishsense,pretrained,ling,ling:277,1,1,1566.8,truetruetruetrue
phishsense,pretrained,ling,ling:1114,1,1,1566.8,truethethe
phishsense,pretrained,ling,ling:801,1,1,1566.8,truetruetruetruetrue
phishsense,pretrained,ling,ling:2466,1,1,1566.8,true#truetrue
phishsense,pretrained,ling,ling:2223,1,1,1566.8,true#truetrue
phishsense,pretrained,ling,ling:137,1,1,1566.8,truetruetruetruetrue
phishsense,pretrained,ling,ling:2608,1,1,1566.8,truetruetruetruetrue
phishsense,pretrained,ling,ling:2656,1,1,1566.8,truetruetruethe
phishsense,pretrained,ling,ling:2271,1,1,1566.8,truetruetruetruetrue
phishsense,pretrained,ling,ling:85,1,1,1566.8,truetruetruetrue
phishsense,pretrained,ling,ling:139,1,1,1566.8,truetruetruetrue
phishsense,pretrained,ling,ling:2788,1,1,1566.8,truetrue#
phishsense,pretrained,ling,ling:401,1,1,1566.8,truetruetruetrue
phishsense,pretrained,ling,ling:2627,1,1,1566.8,truetruetruetruetrue
phishsense,pretrained,ling,ling:1666,1,1,1566.8,truetruetruetruetrue
phishsense,pretrained,ling,ling:1093,1,1,1566.8,truetruetruetruetrue
phishsense,pretrained,ling,ling:430,1,1,1566.8,truetruetruetruetrue
phishsense,pretrained,ling,ling:665,1,1,1566.8,truetruetruetruetrue
phishsense,pretrained,ling,ling:1756,1,1,1566.8,truetruetruetrue
phishsense,pretrained,ling,ling:1355,1,1,1566.8,truetruetruethe
phishsense,pretrained,ling,ling:171,1,1,1566.8,truetruetruetruetrue
phishsense,pretrained,ling,ling:1241,1,1,1566.8,truetruetruetrue
phishsense,pretrained,ling,ling:1237,1,1,1566.8,truetruetruetruetrue
phishsense,pretrained,ling,ling:168,1,1,1566.8,truetruetruetrue
phishsense,pretrained,ling,ling:94,1,1,1566.8,truetruetruetruetrue
phishsense,pretrained,ling,ling:2581,1,1,1566.8,truetruetruetruetrue
phishsense,pretrained,ling,ling:653,1,1,1566.8,truetrue#
phishsense,pretrained,ling,ling:1386,1,1,1566.8,truetruetruetruetrue
phishsense,pretrained,ling,ling:2635,1,1,1566.8,truetruetruetrue
phishsense,pretrained,ling,ling:701,1,1,1566.8,truetruetruetruetrue
phishsense,pretrained,ling,ling:685,1,1,1566.8,truetruetruetruetrue
phishsense,pretrained,ling,ling:1547,1,1,1566.8,truetruetruetruetrue
phishsense,pretrained,ling,ling:953,1,1,1566.8,truetruetruetruetrue
phishsense,pretrained,ling,ling:2610,1,1,1566.8,truetruetruetruetrue
phishsense,pretrained,ling,ling:2467,1,1,1566.8,truetruetruetruetrue
phishsense,pretrained,ling,ling:2190,1,1,1566.8,truetruetruetruetrue
phishsense,pretrained,ling,ling:998,1,1,1566.8,truetruetruetruetrue
phishsense,pretrained,ling,ling:1089,1,1,1566.8,truetrue#true
phishsense,pretrained,ling,ling:1365,1,1,1566.8,truetruetruetruetrue
phishsense,pretrained,ling,ling:2420,0,0,1566.8,falsefalsefalsefalse
phishsense,pretrained,ling,ling:2353,0,0,1566.8,falsefalsefalsefalsefalse
phishsense,pretrained,ling,ling:1016,0,0,1566.8,falsefalsefalsefalse
phishsense,pretrained,ling,ling:2053,0,0,1566.8,falsefalsefalsefalsefalse
phishsense,pretrained,ling,ling:2401,0,0,1566.8,falsefalsefalsefalsefalse
phishsense,pretrained,ling,ling:156,0,0,1566.8,falsefalsefalsefalse
phishsense,pretrained,ling,ling:1637,0,0,1566.8,falsefalsefalsefalsefalse
phishsense,pretrained,ling,ling:2045,0,0,1566.8,falsefalsefalsefalsefalse
phishsense,pretrained,ling,ling:1534,0,0,1566.8,falsefalsefalsefalsefalse
phishsense,pretrained,ling,ling:1272,0,0,1566.8,falsefalsefalsefalsefalse
phishsense,pretrained,ling,ling:2043,0,0,1566.8,falsefalsefalsefalsefalse
phishsense,pretrained,ling,ling:125,0,0,1566.8,falsefalsefalsefalsefalse
phishsense,pretrained,ling,ling:1434,0,0,1566.8,falsefalsefalsefalsefalse
phishsense,pretrained,ling,ling:1810,0,0,1566.8,falsefalsefalsefalsefalse
phishsense,pretrained,ling,ling:2275,0,0,1566.8,falsefalsefalsefalsefalse
phishsense,pretrained,ling,ling:2137,0,0,1566.8,falsefalsefalsefalsefalse
phishsense,pretrained,ling,ling:221,0,0,1566.8,falsefalsefalsefalsefalse
phishsense,pretrained,ling,ling:2173,0,0,1566.8,falsefalsefalsethe
phishsense,pretrained,ling,ling:1821,0,0,1566.8,falsefalsefalsefalsefalse
phishsense,pretrained,ling,ling:1867,0,0,1566.8,falsefalsefalsefalse
phishsense,pretrained,ling,ling:1198,0,0,1566.8,falsefalsefalsefalsefalse
phishsense,pretrained,ling,ling:2573,0,0,1566.8,falsefalsefalsefalsefalse
phishsense,pretrained,ling,ling:1216,0,0,1566.8,falsefalsefalsefalsefalse
phishsense,pretrained,ling,ling:2566,0,0,1566.8,falsefalsefalsefalsefalse
phishsense,pretrained,ling,ling:1612,0,0,1566.8,falsefalsefalsethe
phishsense,pretrained,ling,ling:630,0,0,1566.8,falsefalsefalsefalsefalse
phishsense,pretrained,ling,ling:1566,0,0,1566.8,falsefalsefalsefalsefalse
phishsense,pretrained,ling,ling:2084,0,0,1566.8,falsefalsefalsefalsefalse
phishsense,pretrained,ling,ling:1546,0,0,1566.8,falsefalsefalsefalsefalse
phishsense,pretrained,ling,ling:2441,0,0,1566.8,falsefalsefalsefalsefalse
phishsense,pretrained,ling,ling:2138,0,0,1566.8,falsefalsefalsefalse
phishsense,pretrained,ling,ling:1335,0,0,1566.8,falsefalsefalsefalsefalse
phishsense,pretrained,ling,ling:2406,0,0,1566.8,falsefalsefalsefalsefalse
phishsense,pretrained,ling,ling:1432,0,0,1566.8,falsefalsefalsefalsefalse
phishsense,pretrained,ling,ling:1426,0,0,1566.8,falsefalsefalsefalsefalse
phishsense,pretrained,ling,ling:2496,0,0,1566.8,falsefalsefalsefalsefalse
phishsense,pretrained,ling,ling:263,0,0,1566.8,falsefalsefalsefalsefalse
phishsense,pretrained,ling,ling:556,0,0,1566.8,falsefalsefalsefalsefalse
phishsense,pretrained,ling,ling:619,0,0,1566.8,falsefalsefalsefalsefalse
phishsense,pretrained,ling,ling:1162,0,0,1566.8,falsefalsefalsefalsefalse
phishsense,pretrained,ling,ling:538,0,0,1566.8,falsefalsefalsefalsefalse
phishsense,pretrained,ling,ling:1548,0,0,1566.8,falsethethe
phishsense,pretrained,ling,ling:905,0,0,1566.8,falsefalsefalsefalsefalse
phishsense,pretrained,ling,ling:692,0,0,1566.8,falsefalsefalsefalsefalse
phishsense,pretrained,ling,ling:58,0,0,1566.8,falsefalsefalsefalsefalse
phishsense,pretrained,ling,ling:1336,0,0,1566.8,falsefalsefalsefalsefalse
phishsense,pretrained,ling,ling:2394,0,0,1566.8,falsefalsethe
phishsense,pretrained,ling,ling:2542,0,0,1566.8,falsefalsethe
phishsense,pretrained,ling,ling:2688,0,0,1566.8,falsefalsefalsefalse
phishsense,pretrained,ling,ling:1321,0,0,1566.8,falsefalsefalsefalsefalse
phishsense,pretrained,ling,ling:1305,0,0,1566.8,falsefalsefalsefalsefalse
phishsense,pretrained,ling,ling:1992,0,0,1566.8,falsefalsefalsefalsefalse
phishsense,pretrained,ling,ling:515,0,0,1566.8,falsefalsethe
phishsense,pretrained,ling,ling:2170,0,0,1566.8,falsethethe
phishsense,pretrained,ling,ling:2313,0,0,1566.8,falsefalsefalsefalsefalse
phishsense,pretrained,ling,ling:2712,0,0,1566.8,falsefalsefalsefalsefalse
phishsense,pretrained,ling,ling:2790,0,0,1566.8,falsefalsefalsefalsefalse
phishsense,pretrained,ling,ling:1712,0,0,1566.8,falsefalsefalsefalsefalse
phishsense,pretrained,ling,ling:1615,0,0,1566.8,falsefalsefalsefalse
phishsense,pretrained,ling,ling:1904,0,0,1566.8,falsefalsefalsefalsefalse
phishsense,pretrained,ling,ling:2101,0,0,1566.8,falsefalsefalsefalsefalse
phishsense,pretrained,ling,ling:1125,0,0,1566.8,falsefalsefalsefalsefalse
phishsense,pretrained,ling,ling:1961,0,0,1566.8,falsefalsefalsefalsefalse
phishsense,pretrained,ling,ling:1150,0,0,1566.8,falsefalsefalsefalsefalse
phishsense,pretrained,ling,ling:2125,0,0,1566.8,falsefalsefalsefalsefalse
phishsense,pretrained,ling,ling:857,0,0,1566.8,falsefalsefalsefalse
phishsense,pretrained,ling,ling:1502,0,0,1566.8,falsefalsefalsefalsefalse
phishsense,pretrained,ling,ling:499,0,0,1566.8,falsefalsefalsefalsefalse
phishsense,pretrained,ling,ling:2252,0,0,1566.8,falsefalsefalsefalsefalse
phishsense,pretrained,ling,ling:1254,0,0,1566.8,falsefalsefalse#
phishsense,pretrained,ling,ling:1673,0,0,1566.8,falsefalsefalsefalsefalse
phishsense,pretrained,ling,ling:2319,0,0,1566.8,falsefalsefalsefalse
phishsense,pretrained,ling,ling:2757,0,0,1566.8,falsefalsefalsefalsefalse
phishsense,pretrained,ling,ling:1980,0,0,1566.8,falsefalsefalsefalsefalse
phishsense,pretrained,ling,ling:286,0,0,1566.8,falsefalsefalsefalsefalse
phishsense,pretrained,ling,ling:299,0,0,1566.8,falsefalsefalsefalsefalse
phishsense,pretrained,ling,ling:2647,0,0,1566.8,falsefalsethe
phishsense,pretrained,ling,ling:215,0,0,1566.8,falsefalsefalsefalsefalse
phishsense,pretrained,ling,ling:908,0,0,1566.8,falsefalsefalsefalsefalse
phishsense,pretrained,ling,ling:1740,0,0,1566.8,falsefalsefalsefalsefalse
phishsense,pretrained,ling,ling:284,0,0,1566.8,falsefalsefalsefalsefalse
phishsense,pretrained,ling,ling:925,0,0,1566.8,falsefalsefalsefalsefalse
phishsense,pretrained,ling,ling:2160,0,0,1566.8,falsefalsefalsefalsefalse
phishsense,pretrained,ling,ling:929,0,0,1566.8,falsefalsefalsefalse
phishsense,pretrained,ling,ling:666,0,0,1566.8,falsefalsefalsefalsefalse
phishsense,pretrained,ling,ling:1038,0,0,1566.8,falsefalsefalsefalsefalse
phishsense,pretrained,ling,ling:1352,0,0,1566.8,falsefalsefalsefalsefalse
phishsense,pretrained,ling,ling:578,0,0,1566.8,falsefalsefalsefalsefalse
phishsense,pretrained,ling,ling:110,0,0,1566.8,falsefalsefalsefalsefalse
phishsense,pretrained,ling,ling:46,0,0,1566.8,falsefalsefalsefalsefalse
phishsense,pretrained,ling,ling:1444,0,0,1566.8,falsefalsefalsefalsefalse
phishsense,pretrained,ling,ling:778,0,0,1566.8,falsefalsefalsefalse
phishsense,pretrained,ling,ling:294,0,0,1566.8,falsefalsefalsefalsefalse
phishsense,pretrained,ling,ling:2663,0,0,1566.8,falsefalsefalsefalsefalse
phishsense,pretrained,ling,ling:1839,0,0,1566.8,falsefalsefalsefalsefalse
phishsense,pretrained,ling,ling:2551,0,0,1566.8,falsefalsefalsefalse
phishsense,pretrained,ling,ling:842,0,0,1566.8,falsefalsefalsefalse
phishsense,pretrained,ling,ling:1557,0,0,1566.8,falsefalsefalsefalsefalse
phishsense,pretrained,ling,ling:1656,0,0,1566.8,falsefalsefalsefalsefalse
phishsense,pretrained,ling,ling:2603,0,0,1566.8,falsethe#
phishsense,pretrained,ling,ling:1513,0,0,1566.8,falsefalsefalsefalsefalse
phishsense,pretrained,ling,ling:1710,0,0,1566.8,falsefalsefalsefalsefalse
phishsense,pretrained,ling,ling:1052,0,0,1566.8,falsefalsefalsefalsefalse
phishsense,pretrained,ling,ling:1592,0,0,1566.8,falsefalsefalsefalsefalse
phishsense,pretrained,ling,ling:2298,0,0,1566.8,falsefalsefalsefalsefalse
phishsense,pretrained,ling,ling:2342,0,0,1566.8,falsefalsefalsefalsefalse
phishsense,pretrained,ling,ling:1447,0,0,1566.8,falsefalsefalsefalsefalse
phishsense,pretrained,ling,ling:1030,0,0,1566.8,falsefalsefalsefalsefalse
phishsense,pretrained,ling,ling:2005,0,0,1566.8,falsefalsefalsefalsefalse
phishsense,pretrained,ling,ling:1726,0,0,1566.8,falsetruetruetruetrue
phishsense,pretrained,ling,ling:869,0,0,1566.8,falsefalsefalsefalsefalse
phishsense,pretrained,ling,ling:2115,0,0,1566.8,falsefalsefalsefalsefalse
phishsense,pretrained,ling,ling:2632,0,0,1566.8,falsefalsefalsefalsefalse
phishsense,pretrained,ling,ling:2146,0,0,1566.8,falsefalsefalsefalsefalse
phishsense,pretrained,ling,ling:958,0,0,1566.8,falsefalsefalsefalsefalse
phishsense,pretrained,ling,ling:533,0,0,1566.8,falsefalsefalsefalsefalse
phishsense,pretrained,ling,ling:1983,0,0,1566.8,falsefalsefalsefalse
phishsense,pretrained,ling,ling:2136,0,0,1566.8,falsefalsefalsefalsefalse
phishsense,pretrained,ling,ling:1397,0,0,1566.8,falsefalsefalsefalsefalse
phishsense,pretrained,ling,ling:756,0,0,1566.8,falsethethe
phishsense,pretrained,ling,ling:780,0,0,1566.8,falsefalsefalsefalsefalse
phishsense,pretrained,ling,ling:1886,0,0,1566.8,falsefalsefalsefalsefalse
phishsense,pretrained,ling,ling:1435,0,0,1566.8,falsefalsefalsefalse
phishsense,pretrained,ling,ling:1932,0,0,1566.8,falsetruetruetruetrue
phishsense,pretrained,ling,ling:2270,0,0,1566.8,falsefalsefalsefalsefalse
phishsense,pretrained,ling,ling:625,0,0,1566.8,falsefalsefalsefalsefalse
phishsense,pretrained,ling,ling:994,0,0,1566.8,falsefalsefalsefalsefalse
phishsense,pretrained,ling,ling:2674,0,0,1566.8,falsefalsefalsefalsefalse
phishsense,pretrained,ling,ling:1167,0,0,1566.8,falsefalsethe
phishsense,pretrained,ling,ling:244,0,0,1566.8,falsefalsefalsefalse
phishsense,pretrained,ling,ling:2549,0,0,1566.8,falsefalsefalsefalsefalse
phishsense,pretrained,ling,ling:1370,0,0,1566.8,falsefalsefalsefalsefalse
phishsense,pretrained,ling,ling:2721,0,0,1566.8,falsetruetruethe
phishsense,pretrained,ling,ling:413,0,0,1566.8,falsefalsefalsefalsefalse
phishsense,pretrained,ling,ling:1353,0,0,1566.8,falsefalsefalsefalsefalse
phishsense,pretrained,ling,ling:1671,0,0,1566.8,falsefalsethe
phishsense,pretrained,ling,ling:2417,0,0,1566.8,falsefalsefalsefalsefalse
phishsense,pretrained,ling,ling:256,0,0,1566.8,falsefalsefalsefalsefalse
phishsense,pretrained,ling,ling:2227,0,0,1566.8,falsefalsefalsefalse
phishsense,pretrained,ling,ling:974,0,0,1566.8,falsefalsefalsefalsefalse
phishsense,pretrained,ling,ling:1282,0,0,1566.8,falsefalse#
phishsense,pretrained,ling,ling:2336,0,0,1566.8,falsefalsefalsefalsefalse
phishsense,pretrained,ling,ling:1602,0,0,1566.8,falsefalsefalsefalsefalse
phishsense,pretrained,ling,ling:1784,0,0,1566.8,falsefalsefalsefalsefalse
phishsense,pretrained,ling,ling:1395,0,0,1566.8,falsefalsefalsefalsefalse
phishsense,pretrained,ling,ling:2750,0,0,1566.8,falsefalsefalsefalsefalse
phishsense,pretrained,ling,ling:1900,0,0,1566.8,falsefalsefalsefalsefalse
phishsense,pretrained,ling,ling:2855,0,0,1566.8,falsefalsefalsefalsefalse
phishsense,pretrained,ling,ling:2498,0,0,1566.8,falsefalsefalsefalsefalse
phishsense,pretrained,ling,ling:554,0,0,1566.8,falsefalsefalsefalse
bert,pretrained,ephishllm,ephishllm:6684,1,1,170.5,
bert,pretrained,ephishllm,ephishllm:5664,1,0,170.5,
bert,pretrained,ephishllm,ephishllm:9218,1,0,170.5,
bert,pretrained,ephishllm,ephishllm:9766,1,1,170.5,
bert,pretrained,ephishllm,ephishllm:6382,1,0,170.5,
bert,pretrained,ephishllm,ephishllm:8505,1,1,170.5,
bert,pretrained,ephishllm,ephishllm:5680,1,0,170.5,
bert,pretrained,ephishllm,ephishllm:6079,1,1,170.5,
bert,pretrained,ephishllm,ephishllm:5955,1,0,170.5,
bert,pretrained,ephishllm,ephishllm:5931,1,0,170.5,
bert,pretrained,ephishllm,ephishllm:9645,1,0,170.5,
bert,pretrained,ephishllm,ephishllm:5340,1,0,170.5,
bert,pretrained,ephishllm,ephishllm:9153,1,0,170.5,
bert,pretrained,ephishllm,ephishllm:8344,1,0,170.5,
bert,pretrained,ephishllm,ephishllm:6523,1,0,170.5,
bert,pretrained,ephishllm,ephishllm:8949,1,1,170.5,
bert,pretrained,ephishllm,ephishllm:6108,1,0,170.5,
bert,pretrained,ephishllm,ephishllm:7519,1,1,170.5,
bert,pretrained,ephishllm,ephishllm:4810,1,0,170.5,
bert,pretrained,ephishllm,ephishllm:8748,1,0,170.5,
bert,pretrained,ephishllm,ephishllm:8977,1,1,170.5,
bert,pretrained,ephishllm,ephishllm:7016,1,0,170.5,
bert,pretrained,ephishllm,ephishllm:5317,1,0,170.5,
bert,pretrained,ephishllm,ephishllm:7243,1,1,170.5,
bert,pretrained,ephishllm,ephishllm:9135,1,0,170.5,
bert,pretrained,ephishllm,ephishllm:6656,1,0,170.5,
bert,pretrained,ephishllm,ephishllm:8379,1,0,170.5,
bert,pretrained,ephishllm,ephishllm:5468,1,0,170.5,
bert,pretrained,ephishllm,ephishllm:4955,1,1,170.5,
bert,pretrained,ephishllm,ephishllm:5120,1,0,170.5,
bert,pretrained,ephishllm,ephishllm:8330,1,1,170.5,
bert,pretrained,ephishllm,ephishllm:8220,1,0,170.5,
bert,pretrained,ephishllm,ephishllm:8769,1,0,170.5,
bert,pretrained,ephishllm,ephishllm:8792,1,1,170.5,
bert,pretrained,ephishllm,ephishllm:8258,1,0,170.5,
bert,pretrained,ephishllm,ephishllm:8568,1,1,170.5,
bert,pretrained,ephishllm,ephishllm:7742,1,0,170.5,
bert,pretrained,ephishllm,ephishllm:5160,1,0,170.5,
bert,pretrained,ephishllm,ephishllm:5683,1,1,170.5,
bert,pretrained,ephishllm,ephishllm:7012,1,1,170.5,
bert,pretrained,ephishllm,ephishllm:8357,1,0,170.5,
bert,pretrained,ephishllm,ephishllm:9538,1,0,170.5,
bert,pretrained,ephishllm,ephishllm:9230,1,0,170.5,
bert,pretrained,ephishllm,ephishllm:5873,1,0,170.5,
bert,pretrained,ephishllm,ephishllm:5587,1,0,170.5,
bert,pretrained,ephishllm,ephishllm:5292,1,1,170.5,
bert,pretrained,ephishllm,ephishllm:6278,1,0,170.5,
bert,pretrained,ephishllm,ephishllm:6007,1,0,170.5,
bert,pretrained,ephishllm,ephishllm:5278,1,0,170.5,
bert,pretrained,ephishllm,ephishllm:8831,1,1,170.5,
bert,pretrained,ephishllm,ephishllm:7772,1,1,170.5,
bert,pretrained,ephishllm,ephishllm:9809,1,0,170.5,
bert,pretrained,ephishllm,ephishllm:4866,1,0,170.5,
bert,pretrained,ephishllm,ephishllm:5498,1,0,170.5,
bert,pretrained,ephishllm,ephishllm:6219,1,1,170.5,
bert,pretrained,ephishllm,ephishllm:5413,1,1,170.5,
bert,pretrained,ephishllm,ephishllm:6647,1,0,170.5,
bert,pretrained,ephishllm,ephishllm:8120,1,0,170.5,
bert,pretrained,ephishllm,ephishllm:7020,1,0,170.5,
bert,pretrained,ephishllm,ephishllm:9305,1,0,170.5,
bert,pretrained,ephishllm,ephishllm:6351,1,1,170.5,
bert,pretrained,ephishllm,ephishllm:5203,1,0,170.5,
bert,pretrained,ephishllm,ephishllm:9859,1,0,170.5,
bert,pretrained,ephishllm,ephishllm:7768,1,0,170.5,
bert,pretrained,ephishllm,ephishllm:5821,1,0,170.5,
bert,pretrained,ephishllm,ephishllm:8892,1,0,170.5,
bert,pretrained,ephishllm,ephishllm:8032,1,1,170.5,
bert,pretrained,ephishllm,ephishllm:8824,1,1,170.5,
bert,pretrained,ephishllm,ephishllm:9912,1,0,170.5,
bert,pretrained,ephishllm,ephishllm:5698,1,0,170.5,
bert,pretrained,ephishllm,ephishllm:5574,1,0,170.5,
bert,pretrained,ephishllm,ephishllm:6620,1,0,170.5,
bert,pretrained,ephishllm,ephishllm:9360,1,1,170.5,
bert,pretrained,ephishllm,ephishllm:7029,1,0,170.5,
bert,pretrained,ephishllm,ephishllm:8170,1,0,170.5,
bert,pretrained,ephishllm,ephishllm:8094,1,0,170.5,
bert,pretrained,ephishllm,ephishllm:5027,1,0,170.5,
bert,pretrained,ephishllm,ephishllm:8992,1,0,170.5,
bert,pretrained,ephishllm,ephishllm:6959,1,1,170.5,
bert,pretrained,ephishllm,ephishllm:5411,1,1,170.5,
bert,pretrained,ephishllm,ephishllm:5014,1,0,170.5,
bert,pretrained,ephishllm,ephishllm:7101,1,0,170.5,
bert,pretrained,ephishllm,ephishllm:6997,1,0,170.5,
bert,pretrained,ephishllm,ephishllm:7015,1,0,170.5,
bert,pretrained,ephishllm,ephishllm:7156,1,0,170.5,
bert,pretrained,ephishllm,ephishllm:4938,1,0,170.5,
bert,pretrained,ephishllm,ephishllm:9921,1,0,170.5,
bert,pretrained,ephishllm,ephishllm:6403,1,0,170.5,
bert,pretrained,ephishllm,ephishllm:8221,1,1,170.5,
bert,pretrained,ephishllm,ephishllm:6456,1,1,170.5,
bert,pretrained,ephishllm,ephishllm:9658,1,1,170.5,
bert,pretrained,ephishllm,ephishllm:5373,1,0,170.5,
bert,pretrained,ephishllm,ephishllm:8703,1,0,170.5,
bert,pretrained,ephishllm,ephishllm:5739,1,0,170.5,
bert,pretrained,ephishllm,ephishllm:7599,1,0,170.5,
bert,pretrained,ephishllm,ephishllm:6258,1,1,170.5,
bert,pretrained,ephishllm,ephishllm:8747,1,0,170.5,
bert,pretrained,ephishllm,ephishllm:7832,1,0,170.5,
bert,pretrained,ephishllm,ephishllm:6416,1,0,170.5,
bert,pretrained,ephishllm,ephishllm:6721,1,0,170.5,
bert,pretrained,ephishllm,ephishllm:6492,1,1,170.5,
bert,pretrained,ephishllm,ephishllm:7567,1,0,170.5,
bert,pretrained,ephishllm,ephishllm:6214,1,1,170.5,
bert,pretrained,ephishllm,ephishllm:4919,1,0,170.5,
bert,pretrained,ephishllm,ephishllm:8438,1,0,170.5,
bert,pretrained,ephishllm,ephishllm:9232,1,0,170.5,
bert,pretrained,ephishllm,ephishllm:7292,1,0,170.5,
bert,pretrained,ephishllm,ephishllm:7741,1,1,170.5,
bert,pretrained,ephishllm,ephishllm:5904,1,1,170.5,
bert,pretrained,ephishllm,ephishllm:7702,1,0,170.5,
bert,pretrained,ephishllm,ephishllm:5066,1,1,170.5,
bert,pretrained,ephishllm,ephishllm:8393,1,0,170.5,
bert,pretrained,ephishllm,ephishllm:6421,1,1,170.5,
bert,pretrained,ephishllm,ephishllm:6059,1,1,170.5,
bert,pretrained,ephishllm,ephishllm:4816,1,0,170.5,
bert,pretrained,ephishllm,ephishllm:4852,1,0,170.5,
bert,pretrained,ephishllm,ephishllm:7201,1,0,170.5,
bert,pretrained,ephishllm,ephishllm:7887,1,1,170.5,
bert,pretrained,ephishllm,ephishllm:5288,1,1,170.5,
bert,pretrained,ephishllm,ephishllm:6566,1,1,170.5,
bert,pretrained,ephishllm,ephishllm:9710,1,0,170.5,
bert,pretrained,ephishllm,ephishllm:9884,1,1,170.5,
bert,pretrained,ephishllm,ephishllm:6370,1,0,170.5,
bert,pretrained,ephishllm,ephishllm:5936,1,0,170.5,
bert,pretrained,ephishllm,ephishllm:6898,1,1,170.5,
bert,pretrained,ephishllm,ephishllm:5718,1,1,170.5,
bert,pretrained,ephishllm,ephishllm:6367,1,1,170.5,
bert,pretrained,ephishllm,ephishllm:5213,1,0,170.5,
bert,pretrained,ephishllm,ephishllm:9966,1,1,170.5,
bert,pretrained,ephishllm,ephishllm:5550,1,0,170.5,
bert,pretrained,ephishllm,ephishllm:5259,1,0,170.5,
bert,pretrained,ephishllm,ephishllm:6618,1,1,170.5,
bert,pretrained,ephishllm,ephishllm:5440,1,0,170.5,
bert,pretrained,ephishllm,ephishllm:5331,1,0,170.5,
bert,pretrained,ephishllm,ephishllm:5376,1,0,170.5,
bert,pretrained,ephishllm,ephishllm:9257,1,0,170.5,
bert,pretrained,ephishllm,ephishllm:8451,1,1,170.5,
bert,pretrained,ephishllm,ephishllm:6002,1,0,170.5,
bert,pretrained,ephishllm,ephishllm:7299,1,0,170.5,
bert,pretrained,ephishllm,ephishllm:5284,1,1,170.5,
bert,pretrained,ephishllm,ephishllm:7673,1,1,170.5,
bert,pretrained,ephishllm,ephishllm:8759,1,0,170.5,
bert,pretrained,ephishllm,ephishllm:8807,1,1,170.5,
bert,pretrained,ephishllm,ephishllm:4820,1,0,170.5,
bert,pretrained,ephishllm,ephishllm:5552,1,1,170.5,
bert,pretrained,ephishllm,ephishllm:6944,1,0,170.5,
bert,pretrained,ephishllm,ephishllm:6011,1,1,170.5,
bert,pretrained,ephishllm,ephishllm:8193,1,0,170.5,
bert,pretrained,ephishllm,ephishllm:7877,1,0,170.5,
bert,pretrained,ephishllm,ephishllm:5694,1,0,170.5,
bert,pretrained,ephishllm,ephishllm:561,0,0,170.5,
bert,pretrained,ephishllm,ephishllm:893,0,0,170.5,
bert,pretrained,ephishllm,ephishllm:1684,0,0,170.5,
bert,pretrained,ephishllm,ephishllm:705,0,0,170.5,
bert,pretrained,ephishllm,ephishllm:1873,0,0,170.5,
bert,pretrained,ephishllm,ephishllm:4705,0,0,170.5,
bert,pretrained,ephishllm,ephishllm:3015,0,0,170.5,
bert,pretrained,ephishllm,ephishllm:3734,0,0,170.5,
bert,pretrained,ephishllm,ephishllm:733,0,1,170.5,
bert,pretrained,ephishllm,ephishllm:33,0,0,170.5,
bert,pretrained,ephishllm,ephishllm:1322,0,1,170.5,
bert,pretrained,ephishllm,ephishllm:3570,0,0,170.5,
bert,pretrained,ephishllm,ephishllm:1756,0,0,170.5,
bert,pretrained,ephishllm,ephishllm:2922,0,0,170.5,
bert,pretrained,ephishllm,ephishllm:2540,0,1,170.5,
bert,pretrained,ephishllm,ephishllm:1374,0,0,170.5,
bert,pretrained,ephishllm,ephishllm:2628,0,0,170.5,
bert,pretrained,ephishllm,ephishllm:598,0,0,170.5,
bert,pretrained,ephishllm,ephishllm:179,0,0,170.5,
bert,pretrained,ephishllm,ephishllm:1261,0,0,170.5,
bert,pretrained,ephishllm,ephishllm:4258,0,0,170.5,
bert,pretrained,ephishllm,ephishllm:3919,0,0,170.5,
bert,pretrained,ephishllm,ephishllm:3265,0,0,170.5,
bert,pretrained,ephishllm,ephishllm:2809,0,1,170.5,
bert,pretrained,ephishllm,ephishllm:3423,0,0,170.5,
bert,pretrained,ephishllm,ephishllm:538,0,0,170.5,
bert,pretrained,ephishllm,ephishllm:1505,0,0,170.5,
bert,pretrained,ephishllm,ephishllm:4469,0,0,170.5,
bert,pretrained,ephishllm,ephishllm:3483,0,0,170.5,
bert,pretrained,ephishllm,ephishllm:831,0,1,170.5,
bert,pretrained,ephishllm,ephishllm:79,0,0,170.5,
bert,pretrained,ephishllm,ephishllm:429,0,0,170.5,
bert,pretrained,ephishllm,ephishllm:2570,0,0,170.5,
bert,pretrained,ephishllm,ephishllm:1842,0,0,170.5,
bert,pretrained,ephishllm,ephishllm:3764,0,1,170.5,
bert,pretrained,ephishllm,ephishllm:765,0,0,170.5,
bert,pretrained,ephishllm,ephishllm:1135,0,0,170.5,
bert,pretrained,ephishllm,ephishllm:1972,0,0,170.5,
bert,pretrained,ephishllm,ephishllm:1056,0,0,170.5,
bert,pretrained,ephishllm,ephishllm:1421,0,0,170.5,
bert,pretrained,ephishllm,ephishllm:501,0,0,170.5,
bert,pretrained,ephishllm,ephishllm:227,0,0,170.5,
bert,pretrained,ephishllm,ephishllm:2596,0,0,170.5,
bert,pretrained,ephishllm,ephishllm:4691,0,0,170.5,
bert,pretrained,ephishllm,ephishllm:1551,0,0,170.5,
bert,pretrained,ephishllm,ephishllm:4244,0,0,170.5,
bert,pretrained,ephishllm,ephishllm:1351,0,0,170.5,
bert,pretrained,ephishllm,ephishllm:1144,0,0,170.5,
bert,pretrained,ephishllm,ephishllm:2526,0,0,170.5,
bert,pretrained,ephishllm,ephishllm:4182,0,0,170.5,
bert,pretrained,ephishllm,ephishllm:1973,0,0,170.5,
bert,pretrained,ephishllm,ephishllm:1831,0,1,170.5,
bert,pretrained,ephishllm,ephishllm:3631,0,0,170.5,
bert,pretrained,ephishllm,ephishllm:8,0,0,170.5,
bert,pretrained,ephishllm,ephishllm:23,0,0,170.5,
bert,pretrained,ephishllm,ephishllm:764,0,0,170.5,
bert,pretrained,ephishllm,ephishllm:3123,0,0,170.5,
bert,pretrained,ephishllm,ephishllm:859,0,0,170.5,
bert,pretrained,ephishllm,ephishllm:742,0,0,170.5,
bert,pretrained,ephishllm,ephishllm:4151,0,0,170.5,
bert,pretrained,ephishllm,ephishllm:1437,0,0,170.5,
bert,pretrained,ephishllm,ephishllm:4239,0,0,170.5,
bert,pretrained,ephishllm,ephishllm:322,0,0,170.5,
bert,pretrained,ephishllm,ephishllm:4637,0,0,170.5,
bert,pretrained,ephishllm,ephishllm:2899,0,0,170.5,
bert,pretrained,ephishllm,ephishllm:4112,0,1,170.5,
bert,pretrained,ephishllm,ephishllm:577,0,0,170.5,
bert,pretrained,ephishllm,ephishllm:3392,0,0,170.5,
bert,pretrained,ephishllm,ephishllm:670,0,0,170.5,
bert,pretrained,ephishllm,ephishllm:1027,0,0,170.5,
bert,pretrained,ephishllm,ephishllm:1522,0,0,170.5,
bert,pretrained,ephishllm,ephishllm:2341,0,0,170.5,
bert,pretrained,ephishllm,ephishllm:1024,0,1,170.5,
bert,pretrained,ephishllm,ephishllm:4597,0,0,170.5,
bert,pretrained,ephishllm,ephishllm:3990,0,0,170.5,
bert,pretrained,ephishllm,ephishllm:1812,0,0,170.5,
bert,pretrained,ephishllm,ephishllm:964,0,0,170.5,
bert,pretrained,ephishllm,ephishllm:1665,0,0,170.5,
bert,pretrained,ephishllm,ephishllm:3657,0,0,170.5,
bert,pretrained,ephishllm,ephishllm:3081,0,0,170.5,
bert,pretrained,ephishllm,ephishllm:4152,0,0,170.5,
bert,pretrained,ephishllm,ephishllm:491,0,0,170.5,
bert,pretrained,ephishllm,ephishllm:534,0,0,170.5,
bert,pretrained,ephishllm,ephishllm:2236,0,1,170.5,
bert,pretrained,ephishllm,ephishllm:4374,0,0,170.5,
bert,pretrained,ephishllm,ephishllm:65,0,0,170.5,
bert,pretrained,ephishllm,ephishllm:4372,0,0,170.5,
bert,pretrained,ephishllm,ephishllm:2672,0,0,170.5,
bert,pretrained,ephishllm,ephishllm:763,0,0,170.5,
bert,pretrained,ephishllm,ephishllm:1694,0,0,170.5,
bert,pretrained,ephishllm,ephishllm:3751,0,0,170.5,
bert,pretrained,ephishllm,ephishllm:4752,0,0,170.5,
bert,pretrained,ephishllm,ephishllm:4261,0,0,170.5,
bert,pretrained,ephishllm,ephishllm:1718,0,0,170.5,
bert,pretrained,ephishllm,ephishllm:199,0,0,170.5,
bert,pretrained,ephishllm,ephishllm:3539,0,1,170.5,
bert,pretrained,ephishllm,ephishllm:1614,0,0,170.5,
bert,pretrained,ephishllm,ephishllm:2267,0,0,170.5,
bert,pretrained,ephishllm,ephishllm:1610,0,0,170.5,
bert,pretrained,ephishllm,ephishllm:3559,0,0,170.5,
bert,pretrained,ephishllm,ephishllm:1728,0,0,170.5,
bert,pretrained,ephishllm,ephishllm:1514,0,0,170.5,
bert,pretrained,ephishllm,ephishllm:4317,0,0,170.5,
bert,pretrained,ephishllm,ephishllm:3633,0,0,170.5,
bert,pretrained,ephishllm,ephishllm:3722,0,0,170.5,
bert,pretrained,ephishllm,ephishllm:1784,0,0,170.5,
bert,pretrained,ephishllm,ephishllm:3725,0,0,170.5,
bert,pretrained,ephishllm,ephishllm:1438,0,0,170.5,
bert,pretrained,ephishllm,ephishllm:3741,0,0,170.5,
bert,pretrained,ephishllm,ephishllm:4750,0,0,170.5,
bert,pretrained,ephishllm,ephishllm:3583,0,0,170.5,
bert,pretrained,ephishllm,ephishllm:3066,0,0,170.5,
bert,pretrained,ephishllm,ephishllm:879,0,0,170.5,
bert,pretrained,ephishllm,ephishllm:3352,0,0,170.5,
bert,pretrained,ephishllm,ephishllm:287,0,0,170.5,
bert,pretrained,ephishllm,ephishllm:1391,0,0,170.5,
bert,pretrained,ephishllm,ephishllm:4227,0,1,170.5,
bert,pretrained,ephishllm,ephishllm:915,0,0,170.5,
bert,pretrained,ephishllm,ephishllm:2348,0,0,170.5,
bert,pretrained,ephishllm,ephishllm:3669,0,0,170.5,
bert,pretrained,ephishllm,ephishllm:4256,0,0,170.5,
bert,pretrained,ephishllm,ephishllm:969,0,1,170.5,
bert,pretrained,ephishllm,ephishllm:2406,0,1,170.5,
bert,pretrained,ephishllm,ephishllm:3688,0,0,170.5,
bert,pretrained,ephishllm,ephishllm:584,0,0,170.5,
bert,pretrained,ephishllm,ephishllm:144,0,0,170.5,
bert,pretrained,ephishllm,ephishllm:3683,0,0,170.5,
bert,pretrained,ephishllm,ephishllm:290,0,0,170.5,
bert,pretrained,ephishllm,ephishllm:1047,0,0,170.5,
bert,pretrained,ephishllm,ephishllm:4694,0,0,170.5,
bert,pretrained,ephishllm,ephishllm:841,0,0,170.5,
bert,pretrained,ephishllm,ephishllm:4214,0,0,170.5,
bert,pretrained,ephishllm,ephishllm:4403,0,0,170.5,
bert,pretrained,ephishllm,ephishllm:2897,0,0,170.5,
bert,pretrained,ephishllm,ephishllm:4083,0,0,170.5,
bert,pretrained,ephishllm,ephishllm:4753,0,0,170.5,
bert,pretrained,ephishllm,ephishllm:1532,0,1,170.5,
bert,pretrained,ephishllm,ephishllm:721,0,0,170.5,
bert,pretrained,ephishllm,ephishllm:4294,0,0,170.5,
bert,pretrained,ephishllm,ephishllm:132,0,0,170.5,
bert,pretrained,ephishllm,ephishllm:2803,0,0,170.5,
bert,pretrained,ephishllm,ephishllm:838,0,1,170.5,
bert,pretrained,ephishllm,ephishllm:677,0,0,170.5,
bert,pretrained,ephishllm,ephishllm:3852,0,0,170.5,
bert,pretrained,ephishllm,ephishllm:3792,0,0,170.5,
bert,pretrained,ephishllm,ephishllm:2650,0,0,170.5,
bert,pretrained,ephishllm,ephishllm:296,0,0,170.5,
bert,pretrained,ephishllm,ephishllm:3441,0,0,170.5,
bert,pretrained,ephishllm,ephishllm:2361,0,0,170.5,
bert,pretrained,ephishllm,ephishllm:4422,0,0,170.5,
modernbert,pretrained,spamassassin,spamassassin:4742,1,1,924.0,
modernbert,pretrained,spamassassin,spamassassin:5215,1,1,924.0,
modernbert,pretrained,spamassassin,spamassassin:5738,1,0,924.0,
modernbert,pretrained,spamassassin,spamassassin:4496,1,1,924.0,
modernbert,pretrained,spamassassin,spamassassin:4625,1,1,924.0,
modernbert,pretrained,spamassassin,spamassassin:5468,1,1,924.0,
modernbert,pretrained,spamassassin,spamassassin:5352,1,1,924.0,
modernbert,pretrained,spamassassin,spamassassin:4114,1,0,924.0,
modernbert,pretrained,spamassassin,spamassassin:4693,1,0,924.0,
modernbert,pretrained,spamassassin,spamassassin:5201,1,1,924.0,
modernbert,pretrained,spamassassin,spamassassin:5497,1,1,924.0,
modernbert,pretrained,spamassassin,spamassassin:5378,1,0,924.0,
modernbert,pretrained,spamassassin,spamassassin:4430,1,1,924.0,
modernbert,pretrained,spamassassin,spamassassin:5746,1,1,924.0,
modernbert,pretrained,spamassassin,spamassassin:4692,1,1,924.0,
modernbert,pretrained,spamassassin,spamassassin:4394,1,1,924.0,
modernbert,pretrained,spamassassin,spamassassin:5420,1,1,924.0,
modernbert,pretrained,spamassassin,spamassassin:5471,1,0,924.0,
modernbert,pretrained,spamassassin,spamassassin:5118,1,1,924.0,
modernbert,pretrained,spamassassin,spamassassin:5301,1,1,924.0,
modernbert,pretrained,spamassassin,spamassassin:5185,1,1,924.0,
modernbert,pretrained,spamassassin,spamassassin:5721,1,1,924.0,
modernbert,pretrained,spamassassin,spamassassin:5037,1,1,924.0,
modernbert,pretrained,spamassassin,spamassassin:4473,1,1,924.0,
modernbert,pretrained,spamassassin,spamassassin:4169,1,0,924.0,
modernbert,pretrained,spamassassin,spamassassin:5027,1,1,924.0,
modernbert,pretrained,spamassassin,spamassassin:4907,1,1,924.0,
modernbert,pretrained,spamassassin,spamassassin:4553,1,1,924.0,
modernbert,pretrained,spamassassin,spamassassin:4422,1,0,924.0,
modernbert,pretrained,spamassassin,spamassassin:5012,1,1,924.0,
modernbert,pretrained,spamassassin,spamassassin:5781,1,0,924.0,
modernbert,pretrained,spamassassin,spamassassin:5503,1,1,924.0,
modernbert,pretrained,spamassassin,spamassassin:4848,1,0,924.0,
modernbert,pretrained,spamassassin,spamassassin:4520,1,1,924.0,
modernbert,pretrained,spamassassin,spamassassin:5509,1,1,924.0,
modernbert,pretrained,spamassassin,spamassassin:5628,1,1,924.0,
modernbert,pretrained,spamassassin,spamassassin:4617,1,1,924.0,
modernbert,pretrained,spamassassin,spamassassin:5362,1,1,924.0,
modernbert,pretrained,spamassassin,spamassassin:4792,1,0,924.0,
modernbert,pretrained,spamassassin,spamassassin:5791,1,1,924.0,
modernbert,pretrained,spamassassin,spamassassin:4389,1,0,924.0,
modernbert,pretrained,spamassassin,spamassassin:4276,1,1,924.0,
modernbert,pretrained,spamassassin,spamassassin:4869,1,1,924.0,
modernbert,pretrained,spamassassin,spamassassin:4433,1,1,924.0,
modernbert,pretrained,spamassassin,spamassassin:5169,1,1,924.0,
modernbert,pretrained,spamassassin,spamassassin:5410,1,1,924.0,
modernbert,pretrained,spamassassin,spamassassin:5740,1,1,924.0,
modernbert,pretrained,spamassassin,spamassassin:5677,1,0,924.0,
modernbert,pretrained,spamassassin,spamassassin:4673,1,1,924.0,
modernbert,pretrained,spamassassin,spamassassin:5597,1,0,924.0,
modernbert,pretrained,spamassassin,spamassassin:4541,1,1,924.0,
modernbert,pretrained,spamassassin,spamassassin:4505,1,1,924.0,
modernbert,pretrained,spamassassin,spamassassin:5751,1,1,924.0,
modernbert,pretrained,spamassassin,spamassassin:4279,1,0,924.0,
modernbert,pretrained,spamassassin,spamassassin:5300,1,0,924.0,
modernbert,pretrained,spamassassin,spamassassin:4140,1,1,924.0,
modernbert,pretrained,spamassassin,spamassassin:5057,1,1,924.0,
modernbert,pretrained,spamassassin,spamassassin:5667,1,1,924.0,
modernbert,pretrained,spamassassin,spamassassin:5325,1,0,924.0,
modernbert,pretrained,spamassassin,spamassassin:4964,1,1,924.0,
modernbert,pretrained,spamassassin,spamassassin:4680,1,1,924.0,
modernbert,pretrained,spamassassin,spamassassin:4950,1,1,924.0,
modernbert,pretrained,spamassassin,spamassassin:4569,1,1,924.0,
modernbert,pretrained,spamassassin,spamassassin:4226,1,1,924.0,
modernbert,pretrained,spamassassin,spamassassin:5743,1,1,924.0,
modernbert,pretrained,spamassassin,spamassassin:5144,1,0,924.0,
modernbert,pretrained,spamassassin,spamassassin:5001,1,1,924.0,
modernbert,pretrained,spamassassin,spamassassin:5326,1,1,924.0,
modernbert,pretrained,spamassassin,spamassassin:4773,1,0,924.0,
modernbert,pretrained,spamassassin,spamassassin:4827,1,1,924.0,
modernbert,pretrained,spamassassin,spamassassin:4407,1,1,924.0,
modernbert,pretrained,spamassassin,spamassassin:5769,1,1,924.0,
modernbert,pretrained,spamassassin,spamassassin:4570,1,0,924.0,
modernbert,pretrained,spamassassin,spamassassin:5350,1,0,924.0,
modernbert,pretrained,spamassassin,spamassassin:5689,1,0,924.0,
modernbert,pretrained,spamassassin,spamassassin:4768,1,1,924.0,
modernbert,pretrained,spamassassin,spamassassin:4868,1,0,924.0,
modernbert,pretrained,spamassassin,spamassassin:4161,1,1,924.0,
modernbert,pretrained,spamassassin,spamassassin:5080,1,0,924.0,
modernbert,pretrained,spamassassin,spamassassin:4160,1,1,924.0,
modernbert,pretrained,spamassassin,spamassassin:5629,1,1,924.0,
modernbert,pretrained,spamassassin,spamassassin:4555,1,1,924.0,
modernbert,pretrained,spamassassin,spamassassin:4362,1,1,924.0,
modernbert,pretrained,spamassassin,spamassassin:4415,1,1,924.0,
modernbert,pretrained,spamassassin,spamassassin:5615,1,0,924.0,
modernbert,pretrained,spamassassin,spamassassin:4784,1,1,924.0,
modernbert,pretrained,spamassassin,spamassassin:5360,1,0,924.0,
modernbert,pretrained,spamassassin,spamassassin:4156,1,1,924.0,
modernbert,pretrained,spamassassin,spamassassin:5683,1,1,924.0,
modernbert,pretrained,spamassassin,spamassassin:4803,1,0,924.0,
modernbert,pretrained,spamassassin,spamassassin:5684,1,1,924.0,
modernbert,pretrained,spamassassin,spamassassin:5427,1,1,924.0,
modernbert,pretrained,spamassassin,spamassassin:4562,1,1,924.0,
modernbert,pretrained,spamassassin,spamassassin:5386,1,1,924.0,
modernbert,pretrained,spamassassin,spamassassin:4342,1,1,924.0,
modernbert,pretrained,spamassassin,spamassassin:5059,1,1,924.0,
modernbert,pretrained,spamassassin,spamassassin:4120,1,1,924.0,
modernbert,pretrained,spamassassin,spamassassin:4485,1,1,924.0,
modernbert,pretrained,spamassassin,spamassassin:4970,1,1,924.0,
modernbert,pretrained,spamassassin,spamassassin:4345,1,1,924.0,
modernbert,pretrained,spamassassin,spamassassin:5079,1,1,924.0,
modernbert,pretrained,spamassassin,spamassassin:4705,1,1,924.0,
modernbert,pretrained,spamassassin,spamassassin:4121,1,1,924.0,
modernbert,pretrained,spamassassin,spamassassin:5180,1,0,924.0,
modernbert,pretrained,spamassassin,spamassassin:4206,1,1,924.0,
modernbert,pretrained,spamassassin,spamassassin:5708,1,1,924.0,
modernbert,pretrained,spamassassin,spamassassin:4458,1,1,924.0,
modernbert,pretrained,spamassassin,spamassassin:4711,1,1,924.0,
modernbert,pretrained,spamassassin,spamassassin:4572,1,1,924.0,
modernbert,pretrained,spamassassin,spamassassin:4586,1,1,924.0,
modernbert,pretrained,spamassassin,spamassassin:5763,1,0,924.0,
modernbert,pretrained,spamassassin,spamassassin:4190,1,1,924.0,
modernbert,pretrained,spamassassin,spamassassin:5208,1,1,924.0,
modernbert,pretrained,spamassassin,spamassassin:5323,1,1,924.0,
modernbert,pretrained,spamassassin,spamassassin:4338,1,1,924.0,
modernbert,pretrained,spamassassin,spamassassin:4544,1,1,924.0,
modernbert,pretrained,spamassassin,spamassassin:5640,1,1,924.0,
modernbert,pretrained,spamassassin,spamassassin:4264,1,1,924.0,
modernbert,pretrained,spamassassin,spamassassin:4865,1,1,924.0,
modernbert,pretrained,spamassassin,spamassassin:4955,1,1,924.0,
modernbert,pretrained,spamassassin,spamassassin:4700,1,1,924.0,
modernbert,pretrained,spamassassin,spamassassin:4897,1,1,924.0,
modernbert,pretrained,spamassassin,spamassassin:5727,1,0,924.0,
modernbert,pretrained,spamassassin,spamassassin:4923,1,1,924.0,
modernbert,pretrained,spamassassin,spamassassin:5076,1,1,924.0,
modernbert,pretrained,spamassassin,spamassassin:4802,1,1,924.0,
modernbert,pretrained,spamassassin,spamassassin:5785,1,1,924.0,
modernbert,pretrained,spamassassin,spamassassin:5425,1,1,924.0,
modernbert,pretrained,spamassassin,spamassassin:4516,1,0,924.0,
modernbert,pretrained,spamassassin,spamassassin:4123,1,1,924.0,
modernbert,pretrained,spamassassin,spamassassin:5331,1,0,924.0,
modernbert,pretrained,spamassassin,spamassassin:5250,1,1,924.0,
modernbert,pretrained,spamassassin,spamassassin:5344,1,0,924.0,
modernbert,pretrained,spamassassin,spamassassin:5064,1,1,924.0,
modernbert,pretrained,spamassassin,spamassassin:5021,1,0,924.0,
modernbert,pretrained,spamassassin,spamassassin:4577,1,0,924.0,
modernbert,pretrained,spamassassin,spamassassin:4871,1,1,924.0,
modernbert,pretrained,spamassassin,spamassassin:4294,1,0,924.0,
modernbert,pretrained,spamassassin,spamassassin:4679,1,1,924.0,
modernbert,pretrained,spamassassin,spamassassin:4135,1,1,924.0,
modernbert,pretrained,spamassassin,spamassassin:4651,1,1,924.0,
modernbert,pretrained,spamassassin,spamassassin:4621,1,1,924.0,
modernbert,pretrained,spamassassin,spamassassin:5023,1,0,924.0,
modernbert,pretrained,spamassassin,spamassassin:5474,1,1,924.0,
modernbert,pretrained,spamassassin,spamassassin:4150,1,1,924.0,
modernbert,pretrained,spamassassin,spamassassin:4530,1,1,924.0,
modernbert,pretrained,spamassassin,spamassassin:4330,1,1,924.0,
modernbert,pretrained,spamassassin,spamassassin:5098,1,1,924.0,
modernbert,pretrained,spamassassin,spamassassin:4388,1,0,924.0,
modernbert,pretrained,spamassassin,spamassassin:5724,1,1,924.0,
modernbert,pretrained,spamassassin,spamassassin:599,0,0,924.0,
modernbert,pretrained,spamassassin,spamassassin:752,0,0,924.0,
modernbert,pretrained,spamassassin,spamassassin:2019,0,0,924.0,
modernbert,pretrained,spamassassin,spamassassin:1001,0,0,924.0,
modernbert,pretrained,spamassassin,spamassassin:3567,0,0,924.0,
modernbert,pretrained,spamassassin,spamassassin:4065,0,0,924.0,
modernbert,pretrained,spamassassin,spamassassin:682,0,0,924.0,
modernbert,pretrained,spamassassin,spamassassin:325,0,0,924.0,
modernbert,pretrained,spamassassin,spamassassin:166,0,0,924.0,
modernbert,pretrained,spamassassin,spamassassin:1034,0,0,924.0,
modernbert,pretrained,spamassassin,spamassassin:3580,0,0,924.0,
modernbert,pretrained,spamassassin,spamassassin:857,0,0,924.0,
modernbert,pretrained,spamassassin,spamassassin:109,0,0,924.0,
modernbert,pretrained,spamassassin,spamassassin:2775,0,0,924.0,
modernbert,pretrained,spamassassin,spamassassin:1811,0,0,924.0,
modernbert,pretrained,spamassassin,spamassassin:149,0,0,924.0,
modernbert,pretrained,spamassassin,spamassassin:2706,0,0,924.0,
modernbert,pretrained,spamassassin,spamassassin:298,0,0,924.0,
modernbert,pretrained,spamassassin,spamassassin:1395,0,0,924.0,
modernbert,pretrained,spamassassin,spamassassin:1641,0,0,924.0,
modernbert,pretrained,spamassassin,spamassassin:1593,0,0,924.0,
modernbert,pretrained,spamassassin,spamassassin:1909,0,0,924.0,
modernbert,pretrained,spamassassin,spamassassin:179,0,0,924.0,
modernbert,pretrained,spamassassin,spamassassin:33,0,0,924.0,
modernbert,pretrained,spamassassin,spamassassin:2440,0,0,924.0,
modernbert,pretrained,spamassassin,spamassassin:2002,0,0,924.0,
modernbert,pretrained,spamassassin,spamassassin:3953,0,1,924.0,
modernbert,pretrained,spamassassin,spamassassin:1330,0,0,924.0,
modernbert,pretrained,spamassassin,spamassassin:1027,0,0,924.0,
modernbert,pretrained,spamassassin,spamassassin:2787,0,0,924.0,
modernbert,pretrained,spamassassin,spamassassin:555,0,0,924.0,
modernbert,pretrained,spamassassin,spamassassin:1740,0,0,924.0,
modernbert,pretrained,spamassassin,spamassassin:3121,0,0,924.0,
modernbert,pretrained,spamassassin,spamassassin:1018,0,0,924.0,
modernbert,pretrained,spamassassin,spamassassin:2949,0,0,924.0,
modernbert,pretrained,spamassassin,spamassassin:1258,0,0,924.0,
modernbert,pretrained,spamassassin,spamassassin:229,0,0,924.0,
modernbert,pretrained,spamassassin,spamassassin:1866,0,0,924.0,
modernbert,pretrained,spamassassin,spamassassin:1164,0,0,924.0,
modernbert,pretrained,spamassassin,spamassassin:2835,0,0,924.0,
modernbert,pretrained,spamassassin,spamassassin:3620,0,0,924.0,
modernbert,pretrained,spamassassin,spamassassin:3878,0,1,924.0,
modernbert,pretrained,spamassassin,spamassassin:1173,0,0,924.0,
modernbert,pretrained,spamassassin,spamassassin:3256,0,0,924.0,
modernbert,pretrained,spamassassin,spamassassin:3244,0,0,924.0,
modernbert,pretrained,spamassassin,spamassassin:96,0,0,924.0,
modernbert,pretrained,spamassassin,spamassassin:501,0,0,924.0,
modernbert,pretrained,spamassassin,spamassassin:1186,0,0,924.0,
modernbert,pretrained,spamassassin,spamassassin:3801,0,0,924.0,
modernbert,pretrained,spamassassin,spamassassin:2727,0,0,924.0,
modernbert,pretrained,spamassassin,spamassassin:2936,0,0,924.0,
modernbert,pretrained,spamassassin,spamassassin:2510,0,0,924.0,
modernbert,pretrained,spamassassin,spamassassin:132,0,0,924.0,
modernbert,pretrained,spamassassin,spamassassin:869,0,0,924.0,
modernbert,pretrained,spamassassin,spamassassin:527,0,0,924.0,
modernbert,pretrained,spamassassin,spamassassin:3950,0,0,924.0,
modernbert,pretrained,spamassassin,spamassassin:3443,0,0,924.0,
modernbert,pretrained,spamassassin,spamassassin:3160,0,0,924.0,
modernbert,pretrained,spamassassin,spamassassin:2484,0,0,924.0,
modernbert,pretrained,spamassassin,spamassassin:305,0,0,924.0,
modernbert,pretrained,spamassassin,spamassassin:1041,0,0,924.0,
modernbert,pretrained,spamassassin,spamassassin:2409,0,0,924.0,
modernbert,pretrained,spamassassin,spamassassin:308,0,0,924.0,
modernbert,pretrained,spamassassin,spamassassin:3598,0,0,924.0,
modernbert,pretrained,spamassassin,spamassassin:2644,0,0,924.0,
modernbert,pretrained,spamassassin,spamassassin:1846,0,0,924.0,
modernbert,pretrained,spamassassin,spamassassin:2405,0,0,924.0,
modernbert,pretrained,spamassassin,spamassassin:802,0,0,924.0,
modernbert,pretrained,spamassassin,spamassassin:2728,0,0,924.0,
modernbert,pretrained,spamassassin,spamassassin:3531,0,0,924.0,
modernbert,pretrained,spamassassin,spamassassin:1309,0,0,924.0,
modernbert,pretrained,spamassassin,spamassassin:2295,0,0,924.0,
modernbert,pretrained,spamassassin,spamassassin:196,0,0,924.0,
modernbert,pretrained,spamassassin,spamassassin:366,0,0,924.0,
modernbert,pretrained,spamassassin,spamassassin:2726,0,0,924.0,
modernbert,pretrained,spamassassin,spamassassin:976,0,0,924.0,
modernbert,pretrained,spamassassin,spamassassin:2111,0,0,924.0,
modernbert,pretrained,spamassassin,spamassassin:2720,0,0,924.0,
modernbert,pretrained,spamassassin,spamassassin:3863,0,0,924.0,
modernbert,pretrained,spamassassin,spamassassin:2632,0,0,924.0,
modernbert,pretrained,spamassassin,spamassassin:3864,0,0,924.0,
modernbert,pretrained,spamassassin,spamassassin:1221,0,0,924.0,
modernbert,pretrained,spamassassin,spamassassin:314,0,0,924.0,
modernbert,pretrained,spamassassin,spamassassin:3639,0,0,924.0,
modernbert,pretrained,spamassassin,spamassassin:184,0,0,924.0,
modernbert,pretrained,spamassassin,spamassassin:1644,0,0,924.0,
modernbert,pretrained,spamassassin,spamassassin:1621,0,0,924.0,
modernbert,pretrained,spamassassin,spamassassin:461,0,0,924.0,
modernbert,pretrained,spamassassin,spamassassin:1808,0,0,924.0,
modernbert,pretrained,spamassassin,spamassassin:3494,0,0,924.0,
modernbert,pretrained,spamassassin,spamassassin:2330,0,0,924.0,
modernbert,pretrained,spamassassin,spamassassin:315,0,0,924.0,
modernbert,pretrained,spamassassin,spamassassin:1110,0,0,924.0,
modernbert,pretrained,spamassassin,spamassassin:1552,0,0,924.0,
modernbert,pretrained,spamassassin,spamassassin:1507,0,0,924.0,
modernbert,pretrained,spamassassin,spamassassin:881,0,0,924.0,
modernbert,pretrained,spamassassin,spamassassin:1513,0,0,924.0,
modernbert,pretrained,spamassassin,spamassassin:1563,0,0,924.0,
modernbert,pretrained,spamassassin,spamassassin:2195,0,0,924.0,
modernbert,pretrained,spamassassin,spamassassin:1967,0,0,924.0,
modernbert,pretrained,spamassassin,spamassassin:4008,0,0,924.0,
modernbert,pretrained,spamassassin,spamassassin:3951,0,0,924.0,
modernbert,pretrained,spamassassin,spamassassin:1163,0,0,924.0,
modernbert,pretrained,spamassassin,spamassassin:414,0,0,924.0,
modernbert,pretrained,spamassassin,spamassassin:932,0,0,924.0,
modernbert,pretrained,spamassassin,spamassassin:3917,0,0,924.0,
modernbert,pretrained,spamassassin,spamassassin:1064,0,0,924.0,
modernbert,pretrained,spamassassin,spamassassin:1647,0,0,924.0,
modernbert,pretrained,spamassassin,spamassassin:3848,0,1,924.0,
modernbert,pretrained,spamassassin,spamassassin:1826,0,0,924.0,
modernbert,pretrained,spamassassin,spamassassin:70,0,0,924.0,
modernbert,pretrained,spamassassin,spamassassin:3032,0,0,924.0,
modernbert,pretrained,spamassassin,spamassassin:952,0,0,924.0,
modernbert,pretrained,spamassassin,spamassassin:211,0,0,924.0,
modernbert,pretrained,spamassassin,spamassassin:1260,0,0,924.0,
modernbert,pretrained,spamassassin,spamassassin:985,0,0,924.0,
modernbert,pretrained,spamassassin,spamassassin:1766,0,0,924.0,
modernbert,pretrained,spamassassin,spamassassin:3754,0,0,924.0,
modernbert,pretrained,spamassassin,spamassassin:2244,0,0,924.0,
modernbert,pretrained,spamassassin,spamassassin:14,0,0,924.0,
modernbert,pretrained,spamassassin,spamassassin:879,0,0,924.0,
modernbert,pretrained,spamassassin,spamassassin:1178,0,0,924.0,
modernbert,pretrained,spamassassin,spamassassin:1114,0,0,924.0,
modernbert,pretrained,spamassassin,spamassassin:1420,0,0,924.0,
modernbert,pretrained,spamassassin,spamassassin:270,0,0,924.0,
modernbert,pretrained,spamassassin,spamassassin:538,0,0,924.0,
modernbert,pretrained,spamassassin,spamassassin:1345,0,0,924.0,
modernbert,pretrained,spamassassin,spamassassin:8,0,0,924.0,
modernbert,pretrained,spamassassin,spamassassin:1226,0,0,924.0,
modernbert,pretrained,spamassassin,spamassassin:1818,0,0,924.0,
modernbert,pretrained,spamassassin,spamassassin:2927,0,0,924.0,
modernbert,pretrained,spamassassin,spamassassin:3679,0,0,924.0,
modernbert,pretrained,spamassassin,spamassassin:818,0,0,924.0,
modernbert,pretrained,spamassassin,spamassassin:2402,0,0,924.0,
modernbert,pretrained,spamassassin,spamassassin:2164,0,0,924.0,
modernbert,pretrained,spamassassin,spamassassin:3063,0,0,924.0,
modernbert,pretrained,spamassassin,spamassassin:3585,0,0,924.0,
modernbert,pretrained,spamassassin,spamassassin:1231,0,0,924.0,
modernbert,pretrained,spamassassin,spamassassin:251,0,0,924.0,
modernbert,pretrained,spamassassin,spamassassin:3590,0,0,924.0,
modernbert,pretrained,spamassassin,spamassassin:2973,0,0,924.0,
modernbert,pretrained,spamassassin,spamassassin:296,0,0,924.0,
modernbert,pretrained,spamassassin,spamassassin:755,0,0,924.0,
modernbert,pretrained,spamassassin,spamassassin:544,0,0,924.0,
modernbert,pretrained,spamassassin,spamassassin:3542,0,0,924.0,
modernbert,pretrained,spamassassin,spamassassin:4078,0,0,924.0,
modernbert,pretrained,spamassassin,spamassassin:2107,0,0,924.0,
modernbert,pretrained,spamassassin,spamassassin:3572,0,0,924.0,
modernbert,pretrained,spamassassin,spamassassin:4085,0,1,924.0,
modernbert,pretrained,spamassassin,spamassassin:2124,0,0,924.0,
modernbert,pretrained,ephishllm_nolink,ephishllm:6684,1,0,280.1,
modernbert,pretrained,ephishllm_nolink,ephishllm:5664,1,0,280.1,
modernbert,pretrained,ephishllm_nolink,ephishllm:9218,1,0,280.1,
modernbert,pretrained,ephishllm_nolink,ephishllm:9766,1,1,280.1,
modernbert,pretrained,ephishllm_nolink,ephishllm:6382,1,0,280.1,
modernbert,pretrained,ephishllm_nolink,ephishllm:8505,1,0,280.1,
modernbert,pretrained,ephishllm_nolink,ephishllm:5680,1,0,280.1,
modernbert,pretrained,ephishllm_nolink,ephishllm:6079,1,1,280.1,
modernbert,pretrained,ephishllm_nolink,ephishllm:5955,1,0,280.1,
modernbert,pretrained,ephishllm_nolink,ephishllm:5931,1,0,280.1,
modernbert,pretrained,ephishllm_nolink,ephishllm:9645,1,0,280.1,
modernbert,pretrained,ephishllm_nolink,ephishllm:5340,1,0,280.1,
modernbert,pretrained,ephishllm_nolink,ephishllm:9153,1,0,280.1,
modernbert,pretrained,ephishllm_nolink,ephishllm:8344,1,0,280.1,
modernbert,pretrained,ephishllm_nolink,ephishllm:6523,1,0,280.1,
modernbert,pretrained,ephishllm_nolink,ephishllm:8949,1,1,280.1,
modernbert,pretrained,ephishllm_nolink,ephishllm:6108,1,0,280.1,
modernbert,pretrained,ephishllm_nolink,ephishllm:7519,1,0,280.1,
modernbert,pretrained,ephishllm_nolink,ephishllm:4810,1,0,280.1,
modernbert,pretrained,ephishllm_nolink,ephishllm:8748,1,0,280.1,
modernbert,pretrained,ephishllm_nolink,ephishllm:8977,1,0,280.1,
modernbert,pretrained,ephishllm_nolink,ephishllm:7016,1,1,280.1,
modernbert,pretrained,ephishllm_nolink,ephishllm:5317,1,0,280.1,
modernbert,pretrained,ephishllm_nolink,ephishllm:7243,1,0,280.1,
modernbert,pretrained,ephishllm_nolink,ephishllm:9135,1,0,280.1,
modernbert,pretrained,ephishllm_nolink,ephishllm:6656,1,0,280.1,
modernbert,pretrained,ephishllm_nolink,ephishllm:8379,1,0,280.1,
modernbert,pretrained,ephishllm_nolink,ephishllm:5468,1,1,280.1,
modernbert,pretrained,ephishllm_nolink,ephishllm:4955,1,0,280.1,
modernbert,pretrained,ephishllm_nolink,ephishllm:5120,1,0,280.1,
modernbert,pretrained,ephishllm_nolink,ephishllm:8330,1,0,280.1,
modernbert,pretrained,ephishllm_nolink,ephishllm:8220,1,0,280.1,
modernbert,pretrained,ephishllm_nolink,ephishllm:8769,1,0,280.1,
modernbert,pretrained,ephishllm_nolink,ephishllm:8792,1,0,280.1,
modernbert,pretrained,ephishllm_nolink,ephishllm:8258,1,0,280.1,
modernbert,pretrained,ephishllm_nolink,ephishllm:8568,1,1,280.1,
modernbert,pretrained,ephishllm_nolink,ephishllm:7742,1,1,280.1,
modernbert,pretrained,ephishllm_nolink,ephishllm:5160,1,0,280.1,
modernbert,pretrained,ephishllm_nolink,ephishllm:5683,1,1,280.1,
modernbert,pretrained,ephishllm_nolink,ephishllm:7012,1,0,280.1,
modernbert,pretrained,ephishllm_nolink,ephishllm:8357,1,0,280.1,
modernbert,pretrained,ephishllm_nolink,ephishllm:9538,1,0,280.1,
modernbert,pretrained,ephishllm_nolink,ephishllm:9230,1,0,280.1,
modernbert,pretrained,ephishllm_nolink,ephishllm:5873,1,0,280.1,
modernbert,pretrained,ephishllm_nolink,ephishllm:5587,1,0,280.1,
modernbert,pretrained,ephishllm_nolink,ephishllm:5292,1,0,280.1,
modernbert,pretrained,ephishllm_nolink,ephishllm:6278,1,0,280.1,
modernbert,pretrained,ephishllm_nolink,ephishllm:6007,1,0,280.1,
modernbert,pretrained,ephishllm_nolink,ephishllm:5278,1,0,280.1,
modernbert,pretrained,ephishllm_nolink,ephishllm:8831,1,1,280.1,
modernbert,pretrained,ephishllm_nolink,ephishllm:7772,1,0,280.1,
modernbert,pretrained,ephishllm_nolink,ephishllm:9809,1,0,280.1,
modernbert,pretrained,ephishllm_nolink,ephishllm:4866,1,0,280.1,
modernbert,pretrained,ephishllm_nolink,ephishllm:5498,1,0,280.1,
modernbert,pretrained,ephishllm_nolink,ephishllm:6219,1,1,280.1,
modernbert,pretrained,ephishllm_nolink,ephishllm:5413,1,0,280.1,
modernbert,pretrained,ephishllm_nolink,ephishllm:6647,1,0,280.1,
modernbert,pretrained,ephishllm_nolink,ephishllm:8120,1,0,280.1,
modernbert,pretrained,ephishllm_nolink,ephishllm:7020,1,0,280.1,
modernbert,pretrained,ephishllm_nolink,ephishllm:9305,1,0,280.1,
modernbert,pretrained,ephishllm_nolink,ephishllm:6351,1,1,280.1,
modernbert,pretrained,ephishllm_nolink,ephishllm:5203,1,0,280.1,
modernbert,pretrained,ephishllm_nolink,ephishllm:9859,1,0,280.1,
modernbert,pretrained,ephishllm_nolink,ephishllm:7768,1,0,280.1,
modernbert,pretrained,ephishllm_nolink,ephishllm:5821,1,0,280.1,
modernbert,pretrained,ephishllm_nolink,ephishllm:8892,1,0,280.1,
modernbert,pretrained,ephishllm_nolink,ephishllm:8032,1,1,280.1,
modernbert,pretrained,ephishllm_nolink,ephishllm:8824,1,0,280.1,
modernbert,pretrained,ephishllm_nolink,ephishllm:9912,1,0,280.1,
modernbert,pretrained,ephishllm_nolink,ephishllm:5698,1,0,280.1,
modernbert,pretrained,ephishllm_nolink,ephishllm:5574,1,0,280.1,
modernbert,pretrained,ephishllm_nolink,ephishllm:6620,1,0,280.1,
modernbert,pretrained,ephishllm_nolink,ephishllm:9360,1,0,280.1,
modernbert,pretrained,ephishllm_nolink,ephishllm:7029,1,0,280.1,
modernbert,pretrained,ephishllm_nolink,ephishllm:8170,1,0,280.1,
modernbert,pretrained,ephishllm_nolink,ephishllm:8094,1,0,280.1,
modernbert,pretrained,ephishllm_nolink,ephishllm:5027,1,0,280.1,
modernbert,pretrained,ephishllm_nolink,ephishllm:8992,1,0,280.1,
modernbert,pretrained,ephishllm_nolink,ephishllm:6959,1,0,280.1,
modernbert,pretrained,ephishllm_nolink,ephishllm:5411,1,1,280.1,
modernbert,pretrained,ephishllm_nolink,ephishllm:5014,1,0,280.1,
modernbert,pretrained,ephishllm_nolink,ephishllm:7101,1,0,280.1,
modernbert,pretrained,ephishllm_nolink,ephishllm:6997,1,0,280.1,
modernbert,pretrained,ephishllm_nolink,ephishllm:7015,1,0,280.1,
modernbert,pretrained,ephishllm_nolink,ephishllm:7156,1,0,280.1,
modernbert,pretrained,ephishllm_nolink,ephishllm:4938,1,0,280.1,
modernbert,pretrained,ephishllm_nolink,ephishllm:9921,1,0,280.1,
modernbert,pretrained,ephishllm_nolink,ephishllm:6403,1,0,280.1,
modernbert,pretrained,ephishllm_nolink,ephishllm:8221,1,0,280.1,
modernbert,pretrained,ephishllm_nolink,ephishllm:6456,1,0,280.1,
modernbert,pretrained,ephishllm_nolink,ephishllm:9658,1,0,280.1,
modernbert,pretrained,ephishllm_nolink,ephishllm:5373,1,0,280.1,
modernbert,pretrained,ephishllm_nolink,ephishllm:8703,1,0,280.1,
modernbert,pretrained,ephishllm_nolink,ephishllm:5739,1,0,280.1,
modernbert,pretrained,ephishllm_nolink,ephishllm:7599,1,0,280.1,
modernbert,pretrained,ephishllm_nolink,ephishllm:6258,1,1,280.1,
modernbert,pretrained,ephishllm_nolink,ephishllm:8747,1,0,280.1,
modernbert,pretrained,ephishllm_nolink,ephishllm:7832,1,0,280.1,
modernbert,pretrained,ephishllm_nolink,ephishllm:6416,1,0,280.1,
modernbert,pretrained,ephishllm_nolink,ephishllm:6721,1,0,280.1,
modernbert,pretrained,ephishllm_nolink,ephishllm:6492,1,1,280.1,
modernbert,pretrained,ephishllm_nolink,ephishllm:7567,1,0,280.1,
modernbert,pretrained,ephishllm_nolink,ephishllm:6214,1,0,280.1,
modernbert,pretrained,ephishllm_nolink,ephishllm:4919,1,0,280.1,
modernbert,pretrained,ephishllm_nolink,ephishllm:8438,1,0,280.1,
modernbert,pretrained,ephishllm_nolink,ephishllm:9232,1,0,280.1,
modernbert,pretrained,ephishllm_nolink,ephishllm:7292,1,0,280.1,
modernbert,pretrained,ephishllm_nolink,ephishllm:7741,1,0,280.1,
modernbert,pretrained,ephishllm_nolink,ephishllm:5904,1,0,280.1,
modernbert,pretrained,ephishllm_nolink,ephishllm:7702,1,0,280.1,
modernbert,pretrained,ephishllm_nolink,ephishllm:5066,1,0,280.1,
modernbert,pretrained,ephishllm_nolink,ephishllm:8393,1,0,280.1,
modernbert,pretrained,ephishllm_nolink,ephishllm:6421,1,0,280.1,
modernbert,pretrained,ephishllm_nolink,ephishllm:6059,1,1,280.1,
modernbert,pretrained,ephishllm_nolink,ephishllm:4816,1,0,280.1,
modernbert,pretrained,ephishllm_nolink,ephishllm:4852,1,0,280.1,
modernbert,pretrained,ephishllm_nolink,ephishllm:7201,1,0,280.1,
modernbert,pretrained,ephishllm_nolink,ephishllm:7887,1,0,280.1,
modernbert,pretrained,ephishllm_nolink,ephishllm:5288,1,0,280.1,
modernbert,pretrained,ephishllm_nolink,ephishllm:6566,1,1,280.1,
modernbert,pretrained,ephishllm_nolink,ephishllm:9710,1,0,280.1,
modernbert,pretrained,ephishllm_nolink,ephishllm:9884,1,0,280.1,
modernbert,pretrained,ephishllm_nolink,ephishllm:6370,1,0,280.1,
modernbert,pretrained,ephishllm_nolink,ephishllm:5936,1,0,280.1,
modernbert,pretrained,ephishllm_nolink,ephishllm:6898,1,0,280.1,
modernbert,pretrained,ephishllm_nolink,ephishllm:5718,1,0,280.1,
modernbert,pretrained,ephishllm_nolink,ephishllm:6367,1,0,280.1,
modernbert,pretrained,ephishllm_nolink,ephishllm:5213,1,0,280.1,
modernbert,pretrained,ephishllm_nolink,ephishllm:9966,1,1,280.1,
modernbert,pretrained,ephishllm_nolink,ephishllm:5550,1,0,280.1,
modernbert,pretrained,ephishllm_nolink,ephishllm:5259,1,0,280.1,
modernbert,pretrained,ephishllm_nolink,ephishllm:6618,1,0,280.1,
modernbert,pretrained,ephishllm_nolink,ephishllm:5440,1,0,280.1,
modernbert,pretrained,ephishllm_nolink,ephishllm:5331,1,0,280.1,
modernbert,pretrained,ephishllm_nolink,ephishllm:5376,1,0,280.1,
modernbert,pretrained,ephishllm_nolink,ephishllm:9257,1,0,280.1,
modernbert,pretrained,ephishllm_nolink,ephishllm:8451,1,0,280.1,
modernbert,pretrained,ephishllm_nolink,ephishllm:6002,1,0,280.1,
modernbert,pretrained,ephishllm_nolink,ephishllm:7299,1,0,280.1,
modernbert,pretrained,ephishllm_nolink,ephishllm:5284,1,0,280.1,
modernbert,pretrained,ephishllm_nolink,ephishllm:7673,1,0,280.1,
modernbert,pretrained,ephishllm_nolink,ephishllm:8759,1,0,280.1,
modernbert,pretrained,ephishllm_nolink,ephishllm:8807,1,0,280.1,
modernbert,pretrained,ephishllm_nolink,ephishllm:4820,1,0,280.1,
modernbert,pretrained,ephishllm_nolink,ephishllm:5552,1,0,280.1,
modernbert,pretrained,ephishllm_nolink,ephishllm:6944,1,0,280.1,
modernbert,pretrained,ephishllm_nolink,ephishllm:6011,1,0,280.1,
modernbert,pretrained,ephishllm_nolink,ephishllm:8193,1,0,280.1,
modernbert,pretrained,ephishllm_nolink,ephishllm:7877,1,0,280.1,
modernbert,pretrained,ephishllm_nolink,ephishllm:5694,1,0,280.1,
modernbert,pretrained,ephishllm_nolink,ephishllm:561,0,0,280.1,
modernbert,pretrained,ephishllm_nolink,ephishllm:893,0,0,280.1,
modernbert,pretrained,ephishllm_nolink,ephishllm:1684,0,0,280.1,
modernbert,pretrained,ephishllm_nolink,ephishllm:705,0,0,280.1,
modernbert,pretrained,ephishllm_nolink,ephishllm:1873,0,0,280.1,
modernbert,pretrained,ephishllm_nolink,ephishllm:4705,0,0,280.1,
modernbert,pretrained,ephishllm_nolink,ephishllm:3015,0,0,280.1,
modernbert,pretrained,ephishllm_nolink,ephishllm:3734,0,0,280.1,
modernbert,pretrained,ephishllm_nolink,ephishllm:733,0,0,280.1,
modernbert,pretrained,ephishllm_nolink,ephishllm:33,0,0,280.1,
modernbert,pretrained,ephishllm_nolink,ephishllm:1322,0,0,280.1,
modernbert,pretrained,ephishllm_nolink,ephishllm:3570,0,0,280.1,
modernbert,pretrained,ephishllm_nolink,ephishllm:1756,0,0,280.1,
modernbert,pretrained,ephishllm_nolink,ephishllm:2922,0,0,280.1,
modernbert,pretrained,ephishllm_nolink,ephishllm:2540,0,0,280.1,
modernbert,pretrained,ephishllm_nolink,ephishllm:1374,0,0,280.1,
modernbert,pretrained,ephishllm_nolink,ephishllm:2628,0,0,280.1,
modernbert,pretrained,ephishllm_nolink,ephishllm:598,0,0,280.1,
modernbert,pretrained,ephishllm_nolink,ephishllm:179,0,0,280.1,
modernbert,pretrained,ephishllm_nolink,ephishllm:1261,0,0,280.1,
modernbert,pretrained,ephishllm_nolink,ephishllm:4258,0,0,280.1,
modernbert,pretrained,ephishllm_nolink,ephishllm:3919,0,0,280.1,
modernbert,pretrained,ephishllm_nolink,ephishllm:3265,0,0,280.1,
modernbert,pretrained,ephishllm_nolink,ephishllm:2809,0,0,280.1,
modernbert,pretrained,ephishllm_nolink,ephishllm:3423,0,0,280.1,
modernbert,pretrained,ephishllm_nolink,ephishllm:538,0,0,280.1,
modernbert,pretrained,ephishllm_nolink,ephishllm:1505,0,0,280.1,
modernbert,pretrained,ephishllm_nolink,ephishllm:4469,0,0,280.1,
modernbert,pretrained,ephishllm_nolink,ephishllm:3483,0,0,280.1,
modernbert,pretrained,ephishllm_nolink,ephishllm:831,0,1,280.1,
modernbert,pretrained,ephishllm_nolink,ephishllm:79,0,0,280.1,
modernbert,pretrained,ephishllm_nolink,ephishllm:429,0,0,280.1,
modernbert,pretrained,ephishllm_nolink,ephishllm:2570,0,0,280.1,
modernbert,pretrained,ephishllm_nolink,ephishllm:1842,0,0,280.1,
modernbert,pretrained,ephishllm_nolink,ephishllm:3764,0,0,280.1,
modernbert,pretrained,ephishllm_nolink,ephishllm:765,0,1,280.1,
modernbert,pretrained,ephishllm_nolink,ephishllm:1135,0,0,280.1,
modernbert,pretrained,ephishllm_nolink,ephishllm:1972,0,0,280.1,
modernbert,pretrained,ephishllm_nolink,ephishllm:1056,0,0,280.1,
modernbert,pretrained,ephishllm_nolink,ephishllm:1421,0,0,280.1,
modernbert,pretrained,ephishllm_nolink,ephishllm:501,0,0,280.1,
modernbert,pretrained,ephishllm_nolink,ephishllm:227,0,0,280.1,
modernbert,pretrained,ephishllm_nolink,ephishllm:2596,0,0,280.1,
modernbert,pretrained,ephishllm_nolink,ephishllm:4691,0,0,280.1,
modernbert,pretrained,ephishllm_nolink,ephishllm:1551,0,0,280.1,
modernbert,pretrained,ephishllm_nolink,ephishllm:4244,0,1,280.1,
modernbert,pretrained,ephishllm_nolink,ephishllm:1351,0,0,280.1,
modernbert,pretrained,ephishllm_nolink,ephishllm:1144,0,0,280.1,
modernbert,pretrained,ephishllm_nolink,ephishllm:2526,0,0,280.1,
modernbert,pretrained,ephishllm_nolink,ephishllm:4182,0,0,280.1,
modernbert,pretrained,ephishllm_nolink,ephishllm:1973,0,0,280.1,
modernbert,pretrained,ephishllm_nolink,ephishllm:1831,0,0,280.1,
modernbert,pretrained,ephishllm_nolink,ephishllm:3631,0,0,280.1,
modernbert,pretrained,ephishllm_nolink,ephishllm:8,0,0,280.1,
modernbert,pretrained,ephishllm_nolink,ephishllm:23,0,0,280.1,
modernbert,pretrained,ephishllm_nolink,ephishllm:764,0,0,280.1,
modernbert,pretrained,ephishllm_nolink,ephishllm:3123,0,0,280.1,
modernbert,pretrained,ephishllm_nolink,ephishllm:859,0,0,280.1,
modernbert,pretrained,ephishllm_nolink,ephishllm:742,0,0,280.1,
modernbert,pretrained,ephishllm_nolink,ephishllm:4151,0,0,280.1,
modernbert,pretrained,ephishllm_nolink,ephishllm:1437,0,0,280.1,
modernbert,pretrained,ephishllm_nolink,ephishllm:4239,0,0,280.1,
modernbert,pretrained,ephishllm_nolink,ephishllm:322,0,0,280.1,
modernbert,pretrained,ephishllm_nolink,ephishllm:4637,0,0,280.1,
modernbert,pretrained,ephishllm_nolink,ephishllm:2899,0,0,280.1,
modernbert,pretrained,ephishllm_nolink,ephishllm:4112,0,1,280.1,
modernbert,pretrained,ephishllm_nolink,ephishllm:577,0,0,280.1,
modernbert,pretrained,ephishllm_nolink,ephishllm:3392,0,0,280.1,
modernbert,pretrained,ephishllm_nolink,ephishllm:670,0,0,280.1,
modernbert,pretrained,ephishllm_nolink,ephishllm:1027,0,0,280.1,
modernbert,pretrained,ephishllm_nolink,ephishllm:1522,0,0,280.1,
modernbert,pretrained,ephishllm_nolink,ephishllm:2341,0,0,280.1,
modernbert,pretrained,ephishllm_nolink,ephishllm:1024,0,1,280.1,
modernbert,pretrained,ephishllm_nolink,ephishllm:4597,0,0,280.1,
modernbert,pretrained,ephishllm_nolink,ephishllm:3990,0,0,280.1,
modernbert,pretrained,ephishllm_nolink,ephishllm:1812,0,0,280.1,
modernbert,pretrained,ephishllm_nolink,ephishllm:964,0,0,280.1,
modernbert,pretrained,ephishllm_nolink,ephishllm:1665,0,0,280.1,
modernbert,pretrained,ephishllm_nolink,ephishllm:3657,0,0,280.1,
modernbert,pretrained,ephishllm_nolink,ephishllm:3081,0,0,280.1,
modernbert,pretrained,ephishllm_nolink,ephishllm:4152,0,0,280.1,
modernbert,pretrained,ephishllm_nolink,ephishllm:491,0,0,280.1,
modernbert,pretrained,ephishllm_nolink,ephishllm:534,0,0,280.1,
modernbert,pretrained,ephishllm_nolink,ephishllm:2236,0,1,280.1,
modernbert,pretrained,ephishllm_nolink,ephishllm:4374,0,0,280.1,
modernbert,pretrained,ephishllm_nolink,ephishllm:65,0,0,280.1,
modernbert,pretrained,ephishllm_nolink,ephishllm:4372,0,0,280.1,
modernbert,pretrained,ephishllm_nolink,ephishllm:2672,0,0,280.1,
modernbert,pretrained,ephishllm_nolink,ephishllm:763,0,0,280.1,
modernbert,pretrained,ephishllm_nolink,ephishllm:1694,0,0,280.1,
modernbert,pretrained,ephishllm_nolink,ephishllm:3751,0,0,280.1,
modernbert,pretrained,ephishllm_nolink,ephishllm:4752,0,0,280.1,
modernbert,pretrained,ephishllm_nolink,ephishllm:4261,0,0,280.1,
modernbert,pretrained,ephishllm_nolink,ephishllm:1718,0,1,280.1,
modernbert,pretrained,ephishllm_nolink,ephishllm:199,0,0,280.1,
modernbert,pretrained,ephishllm_nolink,ephishllm:3539,0,0,280.1,
modernbert,pretrained,ephishllm_nolink,ephishllm:1614,0,0,280.1,
modernbert,pretrained,ephishllm_nolink,ephishllm:2267,0,0,280.1,
modernbert,pretrained,ephishllm_nolink,ephishllm:1610,0,0,280.1,
modernbert,pretrained,ephishllm_nolink,ephishllm:3559,0,0,280.1,
modernbert,pretrained,ephishllm_nolink,ephishllm:1728,0,0,280.1,
modernbert,pretrained,ephishllm_nolink,ephishllm:1514,0,0,280.1,
modernbert,pretrained,ephishllm_nolink,ephishllm:4317,0,0,280.1,
modernbert,pretrained,ephishllm_nolink,ephishllm:3633,0,0,280.1,
modernbert,pretrained,ephishllm_nolink,ephishllm:3722,0,0,280.1,
modernbert,pretrained,ephishllm_nolink,ephishllm:1784,0,0,280.1,
modernbert,pretrained,ephishllm_nolink,ephishllm:3725,0,0,280.1,
modernbert,pretrained,ephishllm_nolink,ephishllm:1438,0,0,280.1,
modernbert,pretrained,ephishllm_nolink,ephishllm:3741,0,0,280.1,
modernbert,pretrained,ephishllm_nolink,ephishllm:4750,0,0,280.1,
modernbert,pretrained,ephishllm_nolink,ephishllm:3583,0,0,280.1,
modernbert,pretrained,ephishllm_nolink,ephishllm:3066,0,0,280.1,
modernbert,pretrained,ephishllm_nolink,ephishllm:879,0,0,280.1,
modernbert,pretrained,ephishllm_nolink,ephishllm:3352,0,1,280.1,
modernbert,pretrained,ephishllm_nolink,ephishllm:287,0,0,280.1,
modernbert,pretrained,ephishllm_nolink,ephishllm:1391,0,0,280.1,
modernbert,pretrained,ephishllm_nolink,ephishllm:4227,0,1,280.1,
modernbert,pretrained,ephishllm_nolink,ephishllm:915,0,0,280.1,
modernbert,pretrained,ephishllm_nolink,ephishllm:2348,0,0,280.1,
modernbert,pretrained,ephishllm_nolink,ephishllm:3669,0,0,280.1,
modernbert,pretrained,ephishllm_nolink,ephishllm:4256,0,1,280.1,
modernbert,pretrained,ephishllm_nolink,ephishllm:969,0,0,280.1,
modernbert,pretrained,ephishllm_nolink,ephishllm:2406,0,1,280.1,
modernbert,pretrained,ephishllm_nolink,ephishllm:3688,0,0,280.1,
modernbert,pretrained,ephishllm_nolink,ephishllm:584,0,0,280.1,
modernbert,pretrained,ephishllm_nolink,ephishllm:144,0,0,280.1,
modernbert,pretrained,ephishllm_nolink,ephishllm:3683,0,0,280.1,
modernbert,pretrained,ephishllm_nolink,ephishllm:290,0,0,280.1,
modernbert,pretrained,ephishllm_nolink,ephishllm:1047,0,0,280.1,
modernbert,pretrained,ephishllm_nolink,ephishllm:4694,0,0,280.1,
modernbert,pretrained,ephishllm_nolink,ephishllm:841,0,0,280.1,
modernbert,pretrained,ephishllm_nolink,ephishllm:4214,0,0,280.1,
modernbert,pretrained,ephishllm_nolink,ephishllm:4403,0,0,280.1,
modernbert,pretrained,ephishllm_nolink,ephishllm:2897,0,0,280.1,
modernbert,pretrained,ephishllm_nolink,ephishllm:4083,0,0,280.1,
modernbert,pretrained,ephishllm_nolink,ephishllm:4753,0,0,280.1,
modernbert,pretrained,ephishllm_nolink,ephishllm:1532,0,1,280.1,
modernbert,pretrained,ephishllm_nolink,ephishllm:721,0,0,280.1,
modernbert,pretrained,ephishllm_nolink,ephishllm:4294,0,0,280.1,
modernbert,pretrained,ephishllm_nolink,ephishllm:132,0,0,280.1,
modernbert,pretrained,ephishllm_nolink,ephishllm:2803,0,0,280.1,
modernbert,pretrained,ephishllm_nolink,ephishllm:838,0,0,280.1,
modernbert,pretrained,ephishllm_nolink,ephishllm:677,0,0,280.1,
modernbert,pretrained,ephishllm_nolink,ephishllm:3852,0,0,280.1,
modernbert,pretrained,ephishllm_nolink,ephishllm:3792,0,0,280.1,
modernbert,pretrained,ephishllm_nolink,ephishllm:2650,0,0,280.1,
modernbert,pretrained,ephishllm_nolink,ephishllm:296,0,0,280.1,
modernbert,pretrained,ephishllm_nolink,ephishllm:3441,0,0,280.1,
modernbert,pretrained,ephishllm_nolink,ephishllm:2361,0,0,280.1,
modernbert,pretrained,ephishllm_nolink,ephishllm:4422,0,0,280.1,
modernbert,pretrained,kaggle,kaggle:9136,1,1,1096.7,
modernbert,pretrained,kaggle,kaggle:9695,1,1,1096.7,
modernbert,pretrained,kaggle,kaggle:9294,1,1,1096.7,
modernbert,pretrained,kaggle,kaggle:9570,1,1,1096.7,
modernbert,pretrained,kaggle,kaggle:6656,1,1,1096.7,
modernbert,pretrained,kaggle,kaggle:6539,1,1,1096.7,
modernbert,pretrained,kaggle,kaggle:6448,1,1,1096.7,
modernbert,pretrained,kaggle,kaggle:8693,1,1,1096.7,
modernbert,pretrained,kaggle,kaggle:7893,1,1,1096.7,
modernbert,pretrained,kaggle,kaggle:6708,1,1,1096.7,
modernbert,pretrained,kaggle,kaggle:8023,1,0,1096.7,
modernbert,pretrained,kaggle,kaggle:8387,1,1,1096.7,
modernbert,pretrained,kaggle,kaggle:6389,1,1,1096.7,
modernbert,pretrained,kaggle,kaggle:7491,1,1,1096.7,
modernbert,pretrained,kaggle,kaggle:7922,1,1,1096.7,
modernbert,pretrained,kaggle,kaggle:8822,1,1,1096.7,
modernbert,pretrained,kaggle,kaggle:8322,1,1,1096.7,
modernbert,pretrained,kaggle,kaggle:9838,1,1,1096.7,
modernbert,pretrained,kaggle,kaggle:8955,1,1,1096.7,
modernbert,pretrained,kaggle,kaggle:9889,1,1,1096.7,
modernbert,pretrained,kaggle,kaggle:7963,1,1,1096.7,
modernbert,pretrained,kaggle,kaggle:9455,1,1,1096.7,
modernbert,pretrained,kaggle,kaggle:7383,1,1,1096.7,
modernbert,pretrained,kaggle,kaggle:7087,1,1,1096.7,
modernbert,pretrained,kaggle,kaggle:7360,1,1,1096.7,
modernbert,pretrained,kaggle,kaggle:9740,1,0,1096.7,
modernbert,pretrained,kaggle,kaggle:9469,1,1,1096.7,
modernbert,pretrained,kaggle,kaggle:6453,1,1,1096.7,
modernbert,pretrained,kaggle,kaggle:6620,1,1,1096.7,
modernbert,pretrained,kaggle,kaggle:8083,1,1,1096.7,
modernbert,pretrained,kaggle,kaggle:6465,1,1,1096.7,
modernbert,pretrained,kaggle,kaggle:8384,1,1,1096.7,
modernbert,pretrained,kaggle,kaggle:9231,1,0,1096.7,
modernbert,pretrained,kaggle,kaggle:8745,1,1,1096.7,
modernbert,pretrained,kaggle,kaggle:8550,1,0,1096.7,
modernbert,pretrained,kaggle,kaggle:7681,1,1,1096.7,
modernbert,pretrained,kaggle,kaggle:7957,1,1,1096.7,
modernbert,pretrained,kaggle,kaggle:9159,1,1,1096.7,
modernbert,pretrained,kaggle,kaggle:6701,1,1,1096.7,
modernbert,pretrained,kaggle,kaggle:8619,1,1,1096.7,
modernbert,pretrained,kaggle,kaggle:6683,1,1,1096.7,
modernbert,pretrained,kaggle,kaggle:9842,1,1,1096.7,
modernbert,pretrained,kaggle,kaggle:8978,1,1,1096.7,
modernbert,pretrained,kaggle,kaggle:9243,1,1,1096.7,
modernbert,pretrained,kaggle,kaggle:7589,1,1,1096.7,
modernbert,pretrained,kaggle,kaggle:9575,1,1,1096.7,
modernbert,pretrained,kaggle,kaggle:7605,1,1,1096.7,
modernbert,pretrained,kaggle,kaggle:9375,1,1,1096.7,
modernbert,pretrained,kaggle,kaggle:7045,1,0,1096.7,
modernbert,pretrained,kaggle,kaggle:9258,1,1,1096.7,
modernbert,pretrained,kaggle,kaggle:7786,1,1,1096.7,
modernbert,pretrained,kaggle,kaggle:8057,1,1,1096.7,
modernbert,pretrained,kaggle,kaggle:6578,1,1,1096.7,
modernbert,pretrained,kaggle,kaggle:6823,1,0,1096.7,
modernbert,pretrained,kaggle,kaggle:9287,1,1,1096.7,
modernbert,pretrained,kaggle,kaggle:6301,1,1,1096.7,
modernbert,pretrained,kaggle,kaggle:7819,1,1,1096.7,
modernbert,pretrained,kaggle,kaggle:8928,1,1,1096.7,
modernbert,pretrained,kaggle,kaggle:6996,1,1,1096.7,
modernbert,pretrained,kaggle,kaggle:7820,1,1,1096.7,
modernbert,pretrained,kaggle,kaggle:8336,1,1,1096.7,
modernbert,pretrained,kaggle,kaggle:8084,1,1,1096.7,
modernbert,pretrained,kaggle,kaggle:8728,1,1,1096.7,
modernbert,pretrained,kaggle,kaggle:8060,1,1,1096.7,
modernbert,pretrained,kaggle,kaggle:7363,1,1,1096.7,
modernbert,pretrained,kaggle,kaggle:6362,1,1,1096.7,
modernbert,pretrained,kaggle,kaggle:8418,1,0,1096.7,
modernbert,pretrained,kaggle,kaggle:9716,1,1,1096.7,
modernbert,pretrained,kaggle,kaggle:6283,1,1,1096.7,
modernbert,pretrained,kaggle,kaggle:6627,1,1,1096.7,
modernbert,pretrained,kaggle,kaggle:9372,1,0,1096.7,
modernbert,pretrained,kaggle,kaggle:8852,1,1,1096.7,
modernbert,pretrained,kaggle,kaggle:8823,1,1,1096.7,
modernbert,pretrained,kaggle,kaggle:8956,1,1,1096.7,
modernbert,pretrained,kaggle,kaggle:7340,1,0,1096.7,
modernbert,pretrained,kaggle,kaggle:7415,1,1,1096.7,
modernbert,pretrained,kaggle,kaggle:9515,1,1,1096.7,
modernbert,pretrained,kaggle,kaggle:6926,1,1,1096.7,
modernbert,pretrained,kaggle,kaggle:7469,1,1,1096.7,
modernbert,pretrained,kaggle,kaggle:9609,1,1,1096.7,
modernbert,pretrained,kaggle,kaggle:8383,1,1,1096.7,
modernbert,pretrained,kaggle,kaggle:8698,1,1,1096.7,
modernbert,pretrained,kaggle,kaggle:8952,1,1,1096.7,
modernbert,pretrained,kaggle,kaggle:6662,1,1,1096.7,
modernbert,pretrained,kaggle,kaggle:7344,1,1,1096.7,
modernbert,pretrained,kaggle,kaggle:8513,1,1,1096.7,
modernbert,pretrained,kaggle,kaggle:8047,1,1,1096.7,
modernbert,pretrained,kaggle,kaggle:7403,1,1,1096.7,
modernbert,pretrained,kaggle,kaggle:9741,1,1,1096.7,
modernbert,pretrained,kaggle,kaggle:6286,1,0,1096.7,
modernbert,pretrained,kaggle,kaggle:7098,1,1,1096.7,
modernbert,pretrained,kaggle,kaggle:8977,1,1,1096.7,
modernbert,pretrained,kaggle,kaggle:7990,1,0,1096.7,
modernbert,pretrained,kaggle,kaggle:8765,1,1,1096.7,
modernbert,pretrained,kaggle,kaggle:7664,1,0,1096.7,
modernbert,pretrained,kaggle,kaggle:7325,1,1,1096.7,
modernbert,pretrained,kaggle,kaggle:6480,1,1,1096.7,
modernbert,pretrained,kaggle,kaggle:8416,1,1,1096.7,
modernbert,pretrained,kaggle,kaggle:7245,1,1,1096.7,
modernbert,pretrained,kaggle,kaggle:8722,1,1,1096.7,
modernbert,pretrained,kaggle,kaggle:8446,1,1,1096.7,
modernbert,pretrained,kaggle,kaggle:7537,1,1,1096.7,
modernbert,pretrained,kaggle,kaggle:7140,1,1,1096.7,
modernbert,pretrained,kaggle,kaggle:9891,1,0,1096.7,
modernbert,pretrained,kaggle,kaggle:9667,1,1,1096.7,
modernbert,pretrained,kaggle,kaggle:6719,1,0,1096.7,
modernbert,pretrained,kaggle,kaggle:8963,1,1,1096.7,
modernbert,pretrained,kaggle,kaggle:7694,1,0,1096.7,
modernbert,pretrained,kaggle,kaggle:9060,1,0,1096.7,
modernbert,pretrained,kaggle,kaggle:6684,1,1,1096.7,
modernbert,pretrained,kaggle,kaggle:8072,1,1,1096.7,
modernbert,pretrained,kaggle,kaggle:8113,1,1,1096.7,
modernbert,pretrained,kaggle,kaggle:8452,1,0,1096.7,
modernbert,pretrained,kaggle,kaggle:6378,1,0,1096.7,
modernbert,pretrained,kaggle,kaggle:8920,1,1,1096.7,
modernbert,pretrained,kaggle,kaggle:7233,1,0,1096.7,
modernbert,pretrained,kaggle,kaggle:8052,1,1,1096.7,
modernbert,pretrained,kaggle,kaggle:8907,1,1,1096.7,
modernbert,pretrained,kaggle,kaggle:6730,1,1,1096.7,
modernbert,pretrained,kaggle,kaggle:6594,1,1,1096.7,
modernbert,pretrained,kaggle,kaggle:6320,1,1,1096.7,
modernbert,pretrained,kaggle,kaggle:8128,1,1,1096.7,
modernbert,pretrained,kaggle,kaggle:8280,1,1,1096.7,
modernbert,pretrained,kaggle,kaggle:9156,1,1,1096.7,
modernbert,pretrained,kaggle,kaggle:7771,1,1,1096.7,
modernbert,pretrained,kaggle,kaggle:9232,1,1,1096.7,
modernbert,pretrained,kaggle,kaggle:9957,1,1,1096.7,
modernbert,pretrained,kaggle,kaggle:7074,1,1,1096.7,
modernbert,pretrained,kaggle,kaggle:8594,1,1,1096.7,
modernbert,pretrained,kaggle,kaggle:6509,1,1,1096.7,
modernbert,pretrained,kaggle,kaggle:7079,1,1,1096.7,
modernbert,pretrained,kaggle,kaggle:8716,1,0,1096.7,
modernbert,pretrained,kaggle,kaggle:9859,1,1,1096.7,
modernbert,pretrained,kaggle,kaggle:6863,1,1,1096.7,
modernbert,pretrained,kaggle,kaggle:8362,1,1,1096.7,
modernbert,pretrained,kaggle,kaggle:9760,1,1,1096.7,
modernbert,pretrained,kaggle,kaggle:6418,1,1,1096.7,
modernbert,pretrained,kaggle,kaggle:9678,1,1,1096.7,
modernbert,pretrained,kaggle,kaggle:6890,1,1,1096.7,
modernbert,pretrained,kaggle,kaggle:6321,1,1,1096.7,
modernbert,pretrained,kaggle,kaggle:9345,1,1,1096.7,
modernbert,pretrained,kaggle,kaggle:6295,1,1,1096.7,
modernbert,pretrained,kaggle,kaggle:9561,1,1,1096.7,
modernbert,pretrained,kaggle,kaggle:6489,1,1,1096.7,
modernbert,pretrained,kaggle,kaggle:8100,1,1,1096.7,
modernbert,pretrained,kaggle,kaggle:8285,1,1,1096.7,
modernbert,pretrained,kaggle,kaggle:9480,1,1,1096.7,
modernbert,pretrained,kaggle,kaggle:7971,1,1,1096.7,
modernbert,pretrained,kaggle,kaggle:8198,1,1,1096.7,
modernbert,pretrained,kaggle,kaggle:6498,1,1,1096.7,
modernbert,pretrained,kaggle,kaggle:3158,0,0,1096.7,
modernbert,pretrained,kaggle,kaggle:1345,0,0,1096.7,
modernbert,pretrained,kaggle,kaggle:5916,0,0,1096.7,
modernbert,pretrained,kaggle,kaggle:5533,0,0,1096.7,
modernbert,pretrained,kaggle,kaggle:2521,0,0,1096.7,
modernbert,pretrained,kaggle,kaggle:6215,0,0,1096.7,
modernbert,pretrained,kaggle,kaggle:1181,0,0,1096.7,
modernbert,pretrained,kaggle,kaggle:5849,0,0,1096.7,
modernbert,pretrained,kaggle,kaggle:4490,0,0,1096.7,
modernbert,pretrained,kaggle,kaggle:3548,0,0,1096.7,
modernbert,pretrained,kaggle,kaggle:2771,0,0,1096.7,
modernbert,pretrained,kaggle,kaggle:4477,0,0,1096.7,
modernbert,pretrained,kaggle,kaggle:3836,0,0,1096.7,
modernbert,pretrained,kaggle,kaggle:2042,0,0,1096.7,
modernbert,pretrained,kaggle,kaggle:611,0,0,1096.7,
modernbert,pretrained,kaggle,kaggle:2543,0,0,1096.7,
modernbert,pretrained,kaggle,kaggle:432,0,0,1096.7,
modernbert,pretrained,kaggle,kaggle:476,0,0,1096.7,
modernbert,pretrained,kaggle,kaggle:511,0,1,1096.7,
modernbert,pretrained,kaggle,kaggle:3220,0,0,1096.7,
modernbert,pretrained,kaggle,kaggle:2166,0,0,1096.7,
modernbert,pretrained,kaggle,kaggle:535,0,0,1096.7,
modernbert,pretrained,kaggle,kaggle:1620,0,0,1096.7,
modernbert,pretrained,kaggle,kaggle:2154,0,0,1096.7,
modernbert,pretrained,kaggle,kaggle:401,0,0,1096.7,
modernbert,pretrained,kaggle,kaggle:4808,0,0,1096.7,
modernbert,pretrained,kaggle,kaggle:23,0,0,1096.7,
modernbert,pretrained,kaggle,kaggle:1874,0,0,1096.7,
modernbert,pretrained,kaggle,kaggle:1223,0,0,1096.7,
modernbert,pretrained,kaggle,kaggle:6179,0,0,1096.7,
modernbert,pretrained,kaggle,kaggle:3163,0,0,1096.7,
modernbert,pretrained,kaggle,kaggle:4837,0,0,1096.7,
modernbert,pretrained,kaggle,kaggle:1188,0,0,1096.7,
modernbert,pretrained,kaggle,kaggle:1426,0,0,1096.7,
modernbert,pretrained,kaggle,kaggle:1557,0,0,1096.7,
modernbert,pretrained,kaggle,kaggle:156,0,0,1096.7,
modernbert,pretrained,kaggle,kaggle:2570,0,0,1096.7,
modernbert,pretrained,kaggle,kaggle:622,0,0,1096.7,
modernbert,pretrained,kaggle,kaggle:3708,0,0,1096.7,
modernbert,pretrained,kaggle,kaggle:5804,0,0,1096.7,
modernbert,pretrained,kaggle,kaggle:1740,0,0,1096.7,
modernbert,pretrained,kaggle,kaggle:1805,0,0,1096.7,
modernbert,pretrained,kaggle,kaggle:6035,0,1,1096.7,
modernbert,pretrained,kaggle,kaggle:208,0,0,1096.7,
modernbert,pretrained,kaggle,kaggle:5913,0,1,1096.7,
modernbert,pretrained,kaggle,kaggle:2988,0,0,1096.7,
modernbert,pretrained,kaggle,kaggle:6157,0,0,1096.7,
modernbert,pretrained,kaggle,kaggle:230,0,0,1096.7,
modernbert,pretrained,kaggle,kaggle:2226,0,0,1096.7,
modernbert,pretrained,kaggle,kaggle:3089,0,0,1096.7,
modernbert,pretrained,kaggle,kaggle:4513,0,0,1096.7,
modernbert,pretrained,kaggle,kaggle:1315,0,0,1096.7,
modernbert,pretrained,kaggle,kaggle:5790,0,1,1096.7,
modernbert,pretrained,kaggle,kaggle:2306,0,0,1096.7,
modernbert,pretrained,kaggle,kaggle:1488,0,0,1096.7,
modernbert,pretrained,kaggle,kaggle:5944,0,0,1096.7,
modernbert,pretrained,kaggle,kaggle:3045,0,0,1096.7,
modernbert,pretrained,kaggle,kaggle:1926,0,0,1096.7,
modernbert,pretrained,kaggle,kaggle:3203,0,0,1096.7,
modernbert,pretrained,kaggle,kaggle:5659,0,0,1096.7,
modernbert,pretrained,kaggle,kaggle:2821,0,0,1096.7,
modernbert,pretrained,kaggle,kaggle:4385,0,0,1096.7,
modernbert,pretrained,kaggle,kaggle:3018,0,0,1096.7,
modernbert,pretrained,kaggle,kaggle:4810,0,0,1096.7,
modernbert,pretrained,kaggle,kaggle:1902,0,0,1096.7,
modernbert,pretrained,kaggle,kaggle:4464,0,0,1096.7,
modernbert,pretrained,kaggle,kaggle:3560,0,0,1096.7,
modernbert,pretrained,kaggle,kaggle:5899,0,0,1096.7,
modernbert,pretrained,kaggle,kaggle:2344,0,0,1096.7,
modernbert,pretrained,kaggle,kaggle:538,0,0,1096.7,
modernbert,pretrained,kaggle,kaggle:3413,0,0,1096.7,
modernbert,pretrained,kaggle,kaggle:2002,0,0,1096.7,
modernbert,pretrained,kaggle,kaggle:4715,0,0,1096.7,
modernbert,pretrained,kaggle,kaggle:6047,0,0,1096.7,
modernbert,pretrained,kaggle,kaggle:2862,0,0,1096.7,
modernbert,pretrained,kaggle,kaggle:1919,0,0,1096.7,
modernbert,pretrained,kaggle,kaggle:5494,0,0,1096.7,
modernbert,pretrained,kaggle,kaggle:1039,0,0,1096.7,
modernbert,pretrained,kaggle,kaggle:2611,0,0,1096.7,
modernbert,pretrained,kaggle,kaggle:6165,0,0,1096.7,
modernbert,pretrained,kaggle,kaggle:1718,0,0,1096.7,
modernbert,pretrained,kaggle,kaggle:3896,0,0,1096.7,
modernbert,pretrained,kaggle,kaggle:3547,0,0,1096.7,
modernbert,pretrained,kaggle,kaggle:1859,0,0,1096.7,
modernbert,pretrained,kaggle,kaggle:324,0,0,1096.7,
modernbert,pretrained,kaggle,kaggle:3841,0,0,1096.7,
modernbert,pretrained,kaggle,kaggle:5856,0,0,1096.7,
modernbert,pretrained,kaggle,kaggle:132,0,0,1096.7,
modernbert,pretrained,kaggle,kaggle:3169,0,0,1096.7,
modernbert,pretrained,kaggle,kaggle:1057,0,0,1096.7,
modernbert,pretrained,kaggle,kaggle:4461,0,0,1096.7,
modernbert,pretrained,kaggle,kaggle:812,0,0,1096.7,
modernbert,pretrained,kaggle,kaggle:3618,0,0,1096.7,
modernbert,pretrained,kaggle,kaggle:3076,0,0,1096.7,
modernbert,pretrained,kaggle,kaggle:1881,0,0,1096.7,
modernbert,pretrained,kaggle,kaggle:5825,0,0,1096.7,
modernbert,pretrained,kaggle,kaggle:1869,0,1,1096.7,
modernbert,pretrained,kaggle,kaggle:4095,0,0,1096.7,
modernbert,pretrained,kaggle,kaggle:318,0,0,1096.7,
modernbert,pretrained,kaggle,kaggle:80,0,0,1096.7,
modernbert,pretrained,kaggle,kaggle:5943,0,0,1096.7,
modernbert,pretrained,kaggle,kaggle:730,0,0,1096.7,
modernbert,pretrained,kaggle,kaggle:2828,0,0,1096.7,
modernbert,pretrained,kaggle,kaggle:2812,0,0,1096.7,
modernbert,pretrained,kaggle,kaggle:3165,0,0,1096.7,
modernbert,pretrained,kaggle,kaggle:6072,0,0,1096.7,
modernbert,pretrained,kaggle,kaggle:4280,0,0,1096.7,
modernbert,pretrained,kaggle,kaggle:4352,0,0,1096.7,
modernbert,pretrained,kaggle,kaggle:4279,0,0,1096.7,
modernbert,pretrained,kaggle,kaggle:6023,0,1,1096.7,
modernbert,pretrained,kaggle,kaggle:1047,0,0,1096.7,
modernbert,pretrained,kaggle,kaggle:2815,0,0,1096.7,
modernbert,pretrained,kaggle,kaggle:706,0,0,1096.7,
modernbert,pretrained,kaggle,kaggle:4537,0,0,1096.7,
modernbert,pretrained,kaggle,kaggle:2298,0,0,1096.7,
modernbert,pretrained,kaggle,kaggle:3801,0,0,1096.7,
modernbert,pretrained,kaggle,kaggle:4623,0,0,1096.7,
modernbert,pretrained,kaggle,kaggle:6038,0,0,1096.7,
modernbert,pretrained,kaggle,kaggle:3063,0,0,1096.7,
modernbert,pretrained,kaggle,kaggle:6137,0,0,1096.7,
modernbert,pretrained,kaggle,kaggle:3886,0,0,1096.7,
modernbert,pretrained,kaggle,kaggle:5745,0,0,1096.7,
modernbert,pretrained,kaggle,kaggle:893,0,0,1096.7,
modernbert,pretrained,kaggle,kaggle:534,0,0,1096.7,
modernbert,pretrained,kaggle,kaggle:5869,0,0,1096.7,
modernbert,pretrained,kaggle,kaggle:2412,0,0,1096.7,
modernbert,pretrained,kaggle,kaggle:5472,0,0,1096.7,
modernbert,pretrained,kaggle,kaggle:4410,0,0,1096.7,
modernbert,pretrained,kaggle,kaggle:4770,0,1,1096.7,
modernbert,pretrained,kaggle,kaggle:800,0,0,1096.7,
modernbert,pretrained,kaggle,kaggle:3405,0,0,1096.7,
modernbert,pretrained,kaggle,kaggle:5389,0,0,1096.7,
modernbert,pretrained,kaggle,kaggle:4224,0,0,1096.7,
modernbert,pretrained,kaggle,kaggle:683,0,0,1096.7,
modernbert,pretrained,kaggle,kaggle:1669,0,0,1096.7,
modernbert,pretrained,kaggle,kaggle:5993,0,0,1096.7,
modernbert,pretrained,kaggle,kaggle:198,0,0,1096.7,
modernbert,pretrained,kaggle,kaggle:88,0,0,1096.7,
modernbert,pretrained,kaggle,kaggle:736,0,0,1096.7,
modernbert,pretrained,kaggle,kaggle:1144,0,0,1096.7,
modernbert,pretrained,kaggle,kaggle:3125,0,0,1096.7,
modernbert,pretrained,kaggle,kaggle:6085,0,0,1096.7,
modernbert,pretrained,kaggle,kaggle:3617,0,0,1096.7,
modernbert,pretrained,kaggle,kaggle:3732,0,0,1096.7,
modernbert,pretrained,kaggle,kaggle:3334,0,0,1096.7,
modernbert,pretrained,kaggle,kaggle:2882,0,0,1096.7,
modernbert,pretrained,kaggle,kaggle:3308,0,0,1096.7,
modernbert,pretrained,kaggle,kaggle:3891,0,0,1096.7,
modernbert,pretrained,kaggle,kaggle:506,0,0,1096.7,
modernbert,pretrained,kaggle,kaggle:5141,0,0,1096.7,
modernbert,pretrained,ephishllm,ephishllm:6684,1,0,307.1,
modernbert,pretrained,ephishllm,ephishllm:5664,1,0,307.1,
modernbert,pretrained,ephishllm,ephishllm:9218,1,0,307.1,
modernbert,pretrained,ephishllm,ephishllm:9766,1,0,307.1,
modernbert,pretrained,ephishllm,ephishllm:6382,1,0,307.1,
modernbert,pretrained,ephishllm,ephishllm:8505,1,0,307.1,
modernbert,pretrained,ephishllm,ephishllm:5680,1,0,307.1,
modernbert,pretrained,ephishllm,ephishllm:6079,1,0,307.1,
modernbert,pretrained,ephishllm,ephishllm:5955,1,0,307.1,
modernbert,pretrained,ephishllm,ephishllm:5931,1,0,307.1,
modernbert,pretrained,ephishllm,ephishllm:9645,1,0,307.1,
modernbert,pretrained,ephishllm,ephishllm:5340,1,0,307.1,
modernbert,pretrained,ephishllm,ephishllm:9153,1,0,307.1,
modernbert,pretrained,ephishllm,ephishllm:8344,1,0,307.1,
modernbert,pretrained,ephishllm,ephishllm:6523,1,0,307.1,
modernbert,pretrained,ephishllm,ephishllm:8949,1,0,307.1,
modernbert,pretrained,ephishllm,ephishllm:6108,1,0,307.1,
modernbert,pretrained,ephishllm,ephishllm:7519,1,0,307.1,
modernbert,pretrained,ephishllm,ephishllm:4810,1,0,307.1,
modernbert,pretrained,ephishllm,ephishllm:8748,1,0,307.1,
modernbert,pretrained,ephishllm,ephishllm:8977,1,0,307.1,
modernbert,pretrained,ephishllm,ephishllm:7016,1,0,307.1,
modernbert,pretrained,ephishllm,ephishllm:5317,1,0,307.1,
modernbert,pretrained,ephishllm,ephishllm:7243,1,0,307.1,
modernbert,pretrained,ephishllm,ephishllm:9135,1,0,307.1,
modernbert,pretrained,ephishllm,ephishllm:6656,1,0,307.1,
modernbert,pretrained,ephishllm,ephishllm:8379,1,0,307.1,
modernbert,pretrained,ephishllm,ephishllm:5468,1,1,307.1,
modernbert,pretrained,ephishllm,ephishllm:4955,1,0,307.1,
modernbert,pretrained,ephishllm,ephishllm:5120,1,0,307.1,
modernbert,pretrained,ephishllm,ephishllm:8330,1,0,307.1,
modernbert,pretrained,ephishllm,ephishllm:8220,1,0,307.1,
modernbert,pretrained,ephishllm,ephishllm:8769,1,0,307.1,
modernbert,pretrained,ephishllm,ephishllm:8792,1,0,307.1,
modernbert,pretrained,ephishllm,ephishllm:8258,1,0,307.1,
modernbert,pretrained,ephishllm,ephishllm:8568,1,1,307.1,
modernbert,pretrained,ephishllm,ephishllm:7742,1,1,307.1,
modernbert,pretrained,ephishllm,ephishllm:5160,1,0,307.1,
modernbert,pretrained,ephishllm,ephishllm:5683,1,1,307.1,
modernbert,pretrained,ephishllm,ephishllm:7012,1,0,307.1,
modernbert,pretrained,ephishllm,ephishllm:8357,1,0,307.1,
modernbert,pretrained,ephishllm,ephishllm:9538,1,0,307.1,
modernbert,pretrained,ephishllm,ephishllm:9230,1,0,307.1,
modernbert,pretrained,ephishllm,ephishllm:5873,1,0,307.1,
modernbert,pretrained,ephishllm,ephishllm:5587,1,0,307.1,
modernbert,pretrained,ephishllm,ephishllm:5292,1,0,307.1,
modernbert,pretrained,ephishllm,ephishllm:6278,1,0,307.1,
modernbert,pretrained,ephishllm,ephishllm:6007,1,0,307.1,
modernbert,pretrained,ephishllm,ephishllm:5278,1,0,307.1,
modernbert,pretrained,ephishllm,ephishllm:8831,1,1,307.1,
modernbert,pretrained,ephishllm,ephishllm:7772,1,0,307.1,
modernbert,pretrained,ephishllm,ephishllm:9809,1,0,307.1,
modernbert,pretrained,ephishllm,ephishllm:4866,1,0,307.1,
modernbert,pretrained,ephishllm,ephishllm:5498,1,0,307.1,
modernbert,pretrained,ephishllm,ephishllm:6219,1,1,307.1,
modernbert,pretrained,ephishllm,ephishllm:5413,1,0,307.1,
modernbert,pretrained,ephishllm,ephishllm:6647,1,0,307.1,
modernbert,pretrained,ephishllm,ephishllm:8120,1,0,307.1,
modernbert,pretrained,ephishllm,ephishllm:7020,1,0,307.1,
modernbert,pretrained,ephishllm,ephishllm:9305,1,0,307.1,
modernbert,pretrained,ephishllm,ephishllm:6351,1,1,307.1,
modernbert,pretrained,ephishllm,ephishllm:5203,1,0,307.1,
modernbert,pretrained,ephishllm,ephishllm:9859,1,0,307.1,
modernbert,pretrained,ephishllm,ephishllm:7768,1,0,307.1,
modernbert,pretrained,ephishllm,ephishllm:5821,1,0,307.1,
modernbert,pretrained,ephishllm,ephishllm:8892,1,0,307.1,
modernbert,pretrained,ephishllm,ephishllm:8032,1,1,307.1,
modernbert,pretrained,ephishllm,ephishllm:8824,1,0,307.1,
modernbert,pretrained,ephishllm,ephishllm:9912,1,0,307.1,
modernbert,pretrained,ephishllm,ephishllm:5698,1,0,307.1,
modernbert,pretrained,ephishllm,ephishllm:5574,1,0,307.1,
modernbert,pretrained,ephishllm,ephishllm:6620,1,0,307.1,
modernbert,pretrained,ephishllm,ephishllm:9360,1,0,307.1,
modernbert,pretrained,ephishllm,ephishllm:7029,1,0,307.1,
modernbert,pretrained,ephishllm,ephishllm:8170,1,0,307.1,
modernbert,pretrained,ephishllm,ephishllm:8094,1,0,307.1,
modernbert,pretrained,ephishllm,ephishllm:5027,1,0,307.1,
modernbert,pretrained,ephishllm,ephishllm:8992,1,0,307.1,
modernbert,pretrained,ephishllm,ephishllm:6959,1,0,307.1,
modernbert,pretrained,ephishllm,ephishllm:5411,1,1,307.1,
modernbert,pretrained,ephishllm,ephishllm:5014,1,0,307.1,
modernbert,pretrained,ephishllm,ephishllm:7101,1,0,307.1,
modernbert,pretrained,ephishllm,ephishllm:6997,1,0,307.1,
modernbert,pretrained,ephishllm,ephishllm:7015,1,0,307.1,
modernbert,pretrained,ephishllm,ephishllm:7156,1,0,307.1,
modernbert,pretrained,ephishllm,ephishllm:4938,1,0,307.1,
modernbert,pretrained,ephishllm,ephishllm:9921,1,0,307.1,
modernbert,pretrained,ephishllm,ephishllm:6403,1,0,307.1,
modernbert,pretrained,ephishllm,ephishllm:8221,1,0,307.1,
modernbert,pretrained,ephishllm,ephishllm:6456,1,0,307.1,
modernbert,pretrained,ephishllm,ephishllm:9658,1,0,307.1,
modernbert,pretrained,ephishllm,ephishllm:5373,1,0,307.1,
modernbert,pretrained,ephishllm,ephishllm:8703,1,0,307.1,
modernbert,pretrained,ephishllm,ephishllm:5739,1,0,307.1,
modernbert,pretrained,ephishllm,ephishllm:7599,1,0,307.1,
modernbert,pretrained,ephishllm,ephishllm:6258,1,1,307.1,
modernbert,pretrained,ephishllm,ephishllm:8747,1,0,307.1,
modernbert,pretrained,ephishllm,ephishllm:7832,1,0,307.1,
modernbert,pretrained,ephishllm,ephishllm:6416,1,0,307.1,
modernbert,pretrained,ephishllm,ephishllm:6721,1,0,307.1,
modernbert,pretrained,ephishllm,ephishllm:6492,1,1,307.1,
modernbert,pretrained,ephishllm,ephishllm:7567,1,0,307.1,
modernbert,pretrained,ephishllm,ephishllm:6214,1,0,307.1,
modernbert,pretrained,ephishllm,ephishllm:4919,1,0,307.1,
modernbert,pretrained,ephishllm,ephishllm:8438,1,0,307.1,
modernbert,pretrained,ephishllm,ephishllm:9232,1,0,307.1,
modernbert,pretrained,ephishllm,ephishllm:7292,1,0,307.1,
modernbert,pretrained,ephishllm,ephishllm:7741,1,0,307.1,
modernbert,pretrained,ephishllm,ephishllm:5904,1,0,307.1,
modernbert,pretrained,ephishllm,ephishllm:7702,1,0,307.1,
modernbert,pretrained,ephishllm,ephishllm:5066,1,0,307.1,
modernbert,pretrained,ephishllm,ephishllm:8393,1,0,307.1,
modernbert,pretrained,ephishllm,ephishllm:6421,1,0,307.1,
modernbert,pretrained,ephishllm,ephishllm:6059,1,1,307.1,
modernbert,pretrained,ephishllm,ephishllm:4816,1,0,307.1,
modernbert,pretrained,ephishllm,ephishllm:4852,1,0,307.1,
modernbert,pretrained,ephishllm,ephishllm:7201,1,0,307.1,
modernbert,pretrained,ephishllm,ephishllm:7887,1,0,307.1,
modernbert,pretrained,ephishllm,ephishllm:5288,1,0,307.1,
modernbert,pretrained,ephishllm,ephishllm:6566,1,1,307.1,
modernbert,pretrained,ephishllm,ephishllm:9710,1,0,307.1,
modernbert,pretrained,ephishllm,ephishllm:9884,1,0,307.1,
modernbert,pretrained,ephishllm,ephishllm:6370,1,0,307.1,
modernbert,pretrained,ephishllm,ephishllm:5936,1,0,307.1,
modernbert,pretrained,ephishllm,ephishllm:6898,1,0,307.1,
modernbert,pretrained,ephishllm,ephishllm:5718,1,0,307.1,
modernbert,pretrained,ephishllm,ephishllm:6367,1,0,307.1,
modernbert,pretrained,ephishllm,ephishllm:5213,1,0,307.1,
modernbert,pretrained,ephishllm,ephishllm:9966,1,0,307.1,
modernbert,pretrained,ephishllm,ephishllm:5550,1,0,307.1,
modernbert,pretrained,ephishllm,ephishllm:5259,1,0,307.1,
modernbert,pretrained,ephishllm,ephishllm:6618,1,0,307.1,
modernbert,pretrained,ephishllm,ephishllm:5440,1,0,307.1,
modernbert,pretrained,ephishllm,ephishllm:5331,1,0,307.1,
modernbert,pretrained,ephishllm,ephishllm:5376,1,0,307.1,
modernbert,pretrained,ephishllm,ephishllm:9257,1,0,307.1,
modernbert,pretrained,ephishllm,ephishllm:8451,1,0,307.1,
modernbert,pretrained,ephishllm,ephishllm:6002,1,0,307.1,
modernbert,pretrained,ephishllm,ephishllm:7299,1,0,307.1,
modernbert,pretrained,ephishllm,ephishllm:5284,1,0,307.1,
modernbert,pretrained,ephishllm,ephishllm:7673,1,0,307.1,
modernbert,pretrained,ephishllm,ephishllm:8759,1,0,307.1,
modernbert,pretrained,ephishllm,ephishllm:8807,1,0,307.1,
modernbert,pretrained,ephishllm,ephishllm:4820,1,0,307.1,
modernbert,pretrained,ephishllm,ephishllm:5552,1,0,307.1,
modernbert,pretrained,ephishllm,ephishllm:6944,1,0,307.1,
modernbert,pretrained,ephishllm,ephishllm:6011,1,0,307.1,
modernbert,pretrained,ephishllm,ephishllm:8193,1,0,307.1,
modernbert,pretrained,ephishllm,ephishllm:7877,1,0,307.1,
modernbert,pretrained,ephishllm,ephishllm:5694,1,0,307.1,
modernbert,pretrained,ephishllm,ephishllm:561,0,0,307.1,
modernbert,pretrained,ephishllm,ephishllm:893,0,0,307.1,
modernbert,pretrained,ephishllm,ephishllm:1684,0,0,307.1,
modernbert,pretrained,ephishllm,ephishllm:705,0,0,307.1,
modernbert,pretrained,ephishllm,ephishllm:1873,0,0,307.1,
modernbert,pretrained,ephishllm,ephishllm:4705,0,0,307.1,
modernbert,pretrained,ephishllm,ephishllm:3015,0,0,307.1,
modernbert,pretrained,ephishllm,ephishllm:3734,0,0,307.1,
modernbert,pretrained,ephishllm,ephishllm:733,0,0,307.1,
modernbert,pretrained,ephishllm,ephishllm:33,0,0,307.1,
modernbert,pretrained,ephishllm,ephishllm:1322,0,0,307.1,
modernbert,pretrained,ephishllm,ephishllm:3570,0,0,307.1,
modernbert,pretrained,ephishllm,ephishllm:1756,0,0,307.1,
modernbert,pretrained,ephishllm,ephishllm:2922,0,0,307.1,
modernbert,pretrained,ephishllm,ephishllm:2540,0,0,307.1,
modernbert,pretrained,ephishllm,ephishllm:1374,0,0,307.1,
modernbert,pretrained,ephishllm,ephishllm:2628,0,0,307.1,
modernbert,pretrained,ephishllm,ephishllm:598,0,0,307.1,
modernbert,pretrained,ephishllm,ephishllm:179,0,0,307.1,
modernbert,pretrained,ephishllm,ephishllm:1261,0,0,307.1,
modernbert,pretrained,ephishllm,ephishllm:4258,0,0,307.1,
modernbert,pretrained,ephishllm,ephishllm:3919,0,0,307.1,
modernbert,pretrained,ephishllm,ephishllm:3265,0,0,307.1,
modernbert,pretrained,ephishllm,ephishllm:2809,0,0,307.1,
modernbert,pretrained,ephishllm,ephishllm:3423,0,0,307.1,
modernbert,pretrained,ephishllm,ephishllm:538,0,0,307.1,
modernbert,pretrained,ephishllm,ephishllm:1505,0,0,307.1,
modernbert,pretrained,ephishllm,ephishllm:4469,0,0,307.1,
modernbert,pretrained,ephishllm,ephishllm:3483,0,0,307.1,
modernbert,pretrained,ephishllm,ephishllm:831,0,1,307.1,
modernbert,pretrained,ephishllm,ephishllm:79,0,0,307.1,
modernbert,pretrained,ephishllm,ephishllm:429,0,0,307.1,
modernbert,pretrained,ephishllm,ephishllm:2570,0,0,307.1,
modernbert,pretrained,ephishllm,ephishllm:1842,0,0,307.1,
modernbert,pretrained,ephishllm,ephishllm:3764,0,0,307.1,
modernbert,pretrained,ephishllm,ephishllm:765,0,1,307.1,
modernbert,pretrained,ephishllm,ephishllm:1135,0,0,307.1,
modernbert,pretrained,ephishllm,ephishllm:1972,0,0,307.1,
modernbert,pretrained,ephishllm,ephishllm:1056,0,0,307.1,
modernbert,pretrained,ephishllm,ephishllm:1421,0,0,307.1,
modernbert,pretrained,ephishllm,ephishllm:501,0,0,307.1,
modernbert,pretrained,ephishllm,ephishllm:227,0,0,307.1,
modernbert,pretrained,ephishllm,ephishllm:2596,0,0,307.1,
modernbert,pretrained,ephishllm,ephishllm:4691,0,0,307.1,
modernbert,pretrained,ephishllm,ephishllm:1551,0,0,307.1,
modernbert,pretrained,ephishllm,ephishllm:4244,0,1,307.1,
modernbert,pretrained,ephishllm,ephishllm:1351,0,0,307.1,
modernbert,pretrained,ephishllm,ephishllm:1144,0,0,307.1,
modernbert,pretrained,ephishllm,ephishllm:2526,0,0,307.1,
modernbert,pretrained,ephishllm,ephishllm:4182,0,0,307.1,
modernbert,pretrained,ephishllm,ephishllm:1973,0,0,307.1,
modernbert,pretrained,ephishllm,ephishllm:1831,0,0,307.1,
modernbert,pretrained,ephishllm,ephishllm:3631,0,0,307.1,
modernbert,pretrained,ephishllm,ephishllm:8,0,0,307.1,
modernbert,pretrained,ephishllm,ephishllm:23,0,0,307.1,
modernbert,pretrained,ephishllm,ephishllm:764,0,0,307.1,
modernbert,pretrained,ephishllm,ephishllm:3123,0,0,307.1,
modernbert,pretrained,ephishllm,ephishllm:859,0,0,307.1,
modernbert,pretrained,ephishllm,ephishllm:742,0,0,307.1,
modernbert,pretrained,ephishllm,ephishllm:4151,0,0,307.1,
modernbert,pretrained,ephishllm,ephishllm:1437,0,0,307.1,
modernbert,pretrained,ephishllm,ephishllm:4239,0,0,307.1,
modernbert,pretrained,ephishllm,ephishllm:322,0,0,307.1,
modernbert,pretrained,ephishllm,ephishllm:4637,0,0,307.1,
modernbert,pretrained,ephishllm,ephishllm:2899,0,0,307.1,
modernbert,pretrained,ephishllm,ephishllm:4112,0,1,307.1,
modernbert,pretrained,ephishllm,ephishllm:577,0,0,307.1,
modernbert,pretrained,ephishllm,ephishllm:3392,0,0,307.1,
modernbert,pretrained,ephishllm,ephishllm:670,0,0,307.1,
modernbert,pretrained,ephishllm,ephishllm:1027,0,0,307.1,
modernbert,pretrained,ephishllm,ephishllm:1522,0,0,307.1,
modernbert,pretrained,ephishllm,ephishllm:2341,0,0,307.1,
modernbert,pretrained,ephishllm,ephishllm:1024,0,1,307.1,
modernbert,pretrained,ephishllm,ephishllm:4597,0,0,307.1,
modernbert,pretrained,ephishllm,ephishllm:3990,0,0,307.1,
modernbert,pretrained,ephishllm,ephishllm:1812,0,0,307.1,
modernbert,pretrained,ephishllm,ephishllm:964,0,0,307.1,
modernbert,pretrained,ephishllm,ephishllm:1665,0,0,307.1,
modernbert,pretrained,ephishllm,ephishllm:3657,0,0,307.1,
modernbert,pretrained,ephishllm,ephishllm:3081,0,0,307.1,
modernbert,pretrained,ephishllm,ephishllm:4152,0,0,307.1,
modernbert,pretrained,ephishllm,ephishllm:491,0,0,307.1,
modernbert,pretrained,ephishllm,ephishllm:534,0,0,307.1,
modernbert,pretrained,ephishllm,ephishllm:2236,0,1,307.1,
modernbert,pretrained,ephishllm,ephishllm:4374,0,0,307.1,
modernbert,pretrained,ephishllm,ephishllm:65,0,0,307.1,
modernbert,pretrained,ephishllm,ephishllm:4372,0,0,307.1,
modernbert,pretrained,ephishllm,ephishllm:2672,0,0,307.1,
modernbert,pretrained,ephishllm,ephishllm:763,0,0,307.1,
modernbert,pretrained,ephishllm,ephishllm:1694,0,0,307.1,
modernbert,pretrained,ephishllm,ephishllm:3751,0,0,307.1,
modernbert,pretrained,ephishllm,ephishllm:4752,0,0,307.1,
modernbert,pretrained,ephishllm,ephishllm:4261,0,0,307.1,
modernbert,pretrained,ephishllm,ephishllm:1718,0,1,307.1,
modernbert,pretrained,ephishllm,ephishllm:199,0,0,307.1,
modernbert,pretrained,ephishllm,ephishllm:3539,0,0,307.1,
modernbert,pretrained,ephishllm,ephishllm:1614,0,0,307.1,
modernbert,pretrained,ephishllm,ephishllm:2267,0,0,307.1,
modernbert,pretrained,ephishllm,ephishllm:1610,0,0,307.1,
modernbert,pretrained,ephishllm,ephishllm:3559,0,0,307.1,
modernbert,pretrained,ephishllm,ephishllm:1728,0,0,307.1,
modernbert,pretrained,ephishllm,ephishllm:1514,0,0,307.1,
modernbert,pretrained,ephishllm,ephishllm:4317,0,0,307.1,
modernbert,pretrained,ephishllm,ephishllm:3633,0,0,307.1,
modernbert,pretrained,ephishllm,ephishllm:3722,0,0,307.1,
modernbert,pretrained,ephishllm,ephishllm:1784,0,0,307.1,
modernbert,pretrained,ephishllm,ephishllm:3725,0,0,307.1,
modernbert,pretrained,ephishllm,ephishllm:1438,0,0,307.1,
modernbert,pretrained,ephishllm,ephishllm:3741,0,0,307.1,
modernbert,pretrained,ephishllm,ephishllm:4750,0,0,307.1,
modernbert,pretrained,ephishllm,ephishllm:3583,0,0,307.1,
modernbert,pretrained,ephishllm,ephishllm:3066,0,0,307.1,
modernbert,pretrained,ephishllm,ephishllm:879,0,0,307.1,
modernbert,pretrained,ephishllm,ephishllm:3352,0,1,307.1,
modernbert,pretrained,ephishllm,ephishllm:287,0,0,307.1,
modernbert,pretrained,ephishllm,ephishllm:1391,0,0,307.1,
modernbert,pretrained,ephishllm,ephishllm:4227,0,1,307.1,
modernbert,pretrained,ephishllm,ephishllm:915,0,0,307.1,
modernbert,pretrained,ephishllm,ephishllm:2348,0,0,307.1,
modernbert,pretrained,ephishllm,ephishllm:3669,0,0,307.1,
modernbert,pretrained,ephishllm,ephishllm:4256,0,1,307.1,
modernbert,pretrained,ephishllm,ephishllm:969,0,0,307.1,
modernbert,pretrained,ephishllm,ephishllm:2406,0,1,307.1,
modernbert,pretrained,ephishllm,ephishllm:3688,0,0,307.1,
modernbert,pretrained,ephishllm,ephishllm:584,0,0,307.1,
modernbert,pretrained,ephishllm,ephishllm:144,0,0,307.1,
modernbert,pretrained,ephishllm,ephishllm:3683,0,0,307.1,
modernbert,pretrained,ephishllm,ephishllm:290,0,0,307.1,
modernbert,pretrained,ephishllm,ephishllm:1047,0,0,307.1,
modernbert,pretrained,ephishllm,ephishllm:4694,0,0,307.1,
modernbert,pretrained,ephishllm,ephishllm:841,0,0,307.1,
modernbert,pretrained,ephishllm,ephishllm:4214,0,0,307.1,
modernbert,pretrained,ephishllm,ephishllm:4403,0,0,307.1,
modernbert,pretrained,ephishllm,ephishllm:2897,0,0,307.1,
modernbert,pretrained,ephishllm,ephishllm:4083,0,0,307.1,
modernbert,pretrained,ephishllm,ephishllm:4753,0,0,307.1,
modernbert,pretrained,ephishllm,ephishllm:1532,0,1,307.1,
modernbert,pretrained,ephishllm,ephishllm:721,0,0,307.1,
modernbert,pretrained,ephishllm,ephishllm:4294,0,0,307.1,
modernbert,pretrained,ephishllm,ephishllm:132,0,0,307.1,
modernbert,pretrained,ephishllm,ephishllm:2803,0,0,307.1,
modernbert,pretrained,ephishllm,ephishllm:838,0,0,307.1,
modernbert,pretrained,ephishllm,ephishllm:677,0,0,307.1,
modernbert,pretrained,ephishllm,ephishllm:3852,0,0,307.1,
modernbert,pretrained,ephishllm,ephishllm:3792,0,0,307.1,
modernbert,pretrained,ephishllm,ephishllm:2650,0,0,307.1,
modernbert,pretrained,ephishllm,ephishllm:296,0,0,307.1,
modernbert,pretrained,ephishllm,ephishllm:3441,0,0,307.1,
modernbert,pretrained,ephishllm,ephishllm:2361,0,0,307.1,
modernbert,pretrained,ephishllm,ephishllm:4422,0,0,307.1,
phishsense,pretrained,ceas08,ceas08:8116,1,1,704.7,truetruetruetruetrue
phishsense,pretrained,ceas08,ceas08:7953,1,0,704.7,falsefalsefalsefalsefalse
phishsense,pretrained,ceas08,ceas08:5150,1,0,704.7,falsefalsefalsefalsefalse
phishsense,pretrained,ceas08,ceas08:7796,1,1,704.7,truetruetruetrue
phishsense,pretrained,ceas08,ceas08:4894,1,1,704.7,truetruetruetruetrue
phishsense,pretrained,ceas08,ceas08:9838,1,1,704.7,truetruetruetruetrue
phishsense,pretrained,ceas08,ceas08:8788,1,1,704.7,truetruetruetruetrue
phishsense,pretrained,ceas08,ceas08:8667,1,1,704.7,truetruetruetrue
phishsense,pretrained,ceas08,ceas08:9868,1,1,704.7,true#truetrue
phishsense,pretrained,ceas08,ceas08:9735,1,0,704.7,falsefalsefalsefalsefalse
phishsense,pretrained,ceas08,ceas08:6658,1,1,704.7,truetruetruetruetrue
phishsense,pretrained,ceas08,ceas08:7999,1,1,704.7,true#truetrue
phishsense,pretrained,ceas08,ceas08:8805,1,1,704.7,truetruetruetruetrue
phishsense,pretrained,ceas08,ceas08:7742,1,1,704.7,true#true
phishsense,pretrained,ceas08,ceas08:9321,1,1,704.7,truetruetruetruetrue
phishsense,pretrained,ceas08,ceas08:4722,1,1,704.7,truetruetruetrue
phishsense,pretrained,ceas08,ceas08:4879,1,1,704.7,truetruetruetruetrue
phishsense,pretrained,ceas08,ceas08:9306,1,1,704.7,true#truetrue
phishsense,pretrained,ceas08,ceas08:6460,1,0,704.7,falsefalsefalsefalsefalse
phishsense,pretrained,ceas08,ceas08:8713,1,1,704.7,truetruetruetruetrue
phishsense,pretrained,ceas08,ceas08:5031,1,1,704.7,truetruetruetrue
phishsense,pretrained,ceas08,ceas08:6041,1,1,704.7,true#truetrue
phishsense,pretrained,ceas08,ceas08:9595,1,0,704.7,falsefalsefalsefalsefalse
phishsense,pretrained,ceas08,ceas08:9081,1,1,704.7,truequestionquestion
phishsense,pretrained,ceas08,ceas08:7180,1,1,704.7,true#truetrue
phishsense,pretrained,ceas08,ceas08:7153,1,1,704.7,true#truetrue
phishsense,pretrained,ceas08,ceas08:8721,1,1,704.7,truetruetruetruetrue
phishsense,pretrained,ceas08,ceas08:8319,1,1,704.7,truequestionquestion
phishsense,pretrained,ceas08,ceas08:6985,1,1,704.7,true#truetrue
phishsense,pretrained,ceas08,ceas08:5156,1,1,704.7,truetruetruetruetrue
phishsense,pretrained,ceas08,ceas08:4759,1,1,704.7,truetruetruetruetrue
phishsense,pretrained,ceas08,ceas08:7235,1,1,704.7,truetruetruetrue
phishsense,pretrained,ceas08,ceas08:4716,1,1,704.7,truetruetruetruetrue
phishsense,pretrained,ceas08,ceas08:9464,1,1,704.7,true#truetrue
phishsense,pretrained,ceas08,ceas08:5173,1,1,704.7,truetruetruetrue
phishsense,pretrained,ceas08,ceas08:5333,1,1,704.7,truetruetruetruetrue
phishsense,pretrained,ceas08,ceas08:7506,1,1,704.7,truetruetruetruetrue
phishsense,pretrained,ceas08,ceas08:5589,1,1,704.7,truetruetruetruetrue
phishsense,pretrained,ceas08,ceas08:9016,1,1,704.7,truetruetruetruetrue
phishsense,pretrained,ceas08,ceas08:5523,1,1,704.7,truetruetruetruetrue
phishsense,pretrained,ceas08,ceas08:8978,1,1,704.7,truetruetruetruetrue
phishsense,pretrained,ceas08,ceas08:5451,1,1,704.7,truetruetruetruetrue
phishsense,pretrained,ceas08,ceas08:6120,1,1,704.7,truequestionquestion
phishsense,pretrained,ceas08,ceas08:9221,1,1,704.7,true#truetrue
phishsense,pretrained,ceas08,ceas08:7814,1,0,704.7,falsefalsefalsefalsefalse
phishsense,pretrained,ceas08,ceas08:9456,1,0,704.7,falsefalsefalsefalsefalse
phishsense,pretrained,ceas08,ceas08:6942,1,1,704.7,truetruetruetruetrue
phishsense,pretrained,ceas08,ceas08:6043,1,1,704.7,truetruetrue#
phishsense,pretrained,ceas08,ceas08:5107,1,0,704.7,falsefalsefalsefalsefalse
phishsense,pretrained,ceas08,ceas08:7966,1,1,704.7,truetruetruetruetrue
phishsense,pretrained,ceas08,ceas08:6208,1,1,704.7,truetruetruetruetrue
phishsense,pretrained,ceas08,ceas08:9802,1,1,704.7,truetruetrue#
phishsense,pretrained,ceas08,ceas08:8158,1,1,704.7,truetruetruetruetrue
phishsense,pretrained,ceas08,ceas08:4723,1,1,704.7,true#truetrue
phishsense,pretrained,ceas08,ceas08:8513,1,1,704.7,truetruetruetruetrue
phishsense,pretrained,ceas08,ceas08:5520,1,1,704.7,true#truetrue
phishsense,pretrained,ceas08,ceas08:7516,1,1,704.7,true##
phishsense,pretrained,ceas08,ceas08:4449,1,1,704.7,truetruetruetruetrue
phishsense,pretrained,ceas08,ceas08:6735,1,0,704.7,falsefalsefalsefalsefalse
phishsense,pretrained,ceas08,ceas08:8793,1,1,704.7,truetruetruetruetrue
phishsense,pretrained,ceas08,ceas08:8096,1,1,704.7,truetruetruetruetrue
phishsense,pretrained,ceas08,ceas08:6158,1,1,704.7,truetruetruetrue
phishsense,pretrained,ceas08,ceas08:7745,1,1,704.7,truetruetruetruetrue
phishsense,pretrained,ceas08,ceas08:8207,1,1,704.7,truetruetruetruetrue
phishsense,pretrained,ceas08,ceas08:7695,1,1,704.7,truetruetruetruetrue
phishsense,pretrained,ceas08,ceas08:5235,1,1,704.7,truetruetruetruetrue
phishsense,pretrained,ceas08,ceas08:9665,1,1,704.7,truetruetruetruetrue
phishsense,pretrained,ceas08,ceas08:5970,1,1,704.7,truetruetruetruetrue
phishsense,pretrained,ceas08,ceas08:4964,1,1,704.7,truetruetruetruetrue
phishsense,pretrained,ceas08,ceas08:5625,1,1,704.7,truetruetruetruetrue
phishsense,pretrained,ceas08,ceas08:4956,1,0,704.7,falsefalsefalsefalsefalse
phishsense,pretrained,ceas08,ceas08:8072,1,1,704.7,truetruetruetruetrue
phishsense,pretrained,ceas08,ceas08:4505,1,1,704.7,truetruetruetruetrue
phishsense,pretrained,ceas08,ceas08:5464,1,1,704.7,truetruetruetruetrue
phishsense,pretrained,ceas08,ceas08:4848,1,1,704.7,truefalsefalsefalsefalse
phishsense,pretrained,ceas08,ceas08:7830,1,1,704.7,true#truetrue
phishsense,pretrained,ceas08,ceas08:4593,1,1,704.7,truetruetruetruetrue
phishsense,pretrained,ceas08,ceas08:8807,1,0,704.7,falsefalsefalsefalsefalse
phishsense,pretrained,ceas08,ceas08:9136,1,1,704.7,truetruetruetruetrue
phishsense,pretrained,ceas08,ceas08:9683,1,1,704.7,truetruetruetruetrue
phishsense,pretrained,ceas08,ceas08:7500,1,1,704.7,truetruetruetruetrue
phishsense,pretrained,ceas08,ceas08:8489,1,0,704.7,falsefalsefalsefalsefalse
phishsense,pretrained,ceas08,ceas08:6006,1,0,704.7,falsefalsefalsefalsefalse
phishsense,pretrained,ceas08,ceas08:6755,1,1,704.7,true#truetrue
phishsense,pretrained,ceas08,ceas08:9635,1,1,704.7,truetruetruetrue
phishsense,pretrained,ceas08,ceas08:5837,1,1,704.7,truetruetruetruetrue
phishsense,pretrained,ceas08,ceas08:7533,1,1,704.7,truetruetruetruetrue
phishsense,pretrained,ceas08,ceas08:5352,1,1,704.7,truetruetruetruetrue
phishsense,pretrained,ceas08,ceas08:9759,1,1,704.7,truetruetruetrue
phishsense,pretrained,ceas08,ceas08:5687,1,0,704.7,falsefalsefalsefalsefalse
phishsense,pretrained,ceas08,ceas08:4434,1,1,704.7,truetruetruetruetrue
phishsense,pretrained,ceas08,ceas08:8588,1,1,704.7,truetruetruetrue
phishsense,pretrained,ceas08,ceas08:8692,1,1,704.7,truetruetruetruetrue
phishsense,pretrained,ceas08,ceas08:7154,1,1,704.7,truetruetruetruetrue
phishsense,pretrained,ceas08,ceas08:5965,1,1,704.7,truetruetruetruetrue
phishsense,pretrained,ceas08,ceas08:5863,1,1,704.7,truetruetruetruetrue
phishsense,pretrained,ceas08,ceas08:8743,1,1,704.7,truetruetruetruetrue
phishsense,pretrained,ceas08,ceas08:4750,1,1,704.7,truetruetruetruetrue
phishsense,pretrained,ceas08,ceas08:6890,1,1,704.7,truetruetruetruetrue
phishsense,pretrained,ceas08,ceas08:9201,1,1,704.7,truetruetruetruetrue
phishsense,pretrained,ceas08,ceas08:9194,1,0,704.7,falsefalsefalsefalsefalse
phishsense,pretrained,ceas08,ceas08:5893,1,1,704.7,truetruetruetruetrue
phishsense,pretrained,ceas08,ceas08:5547,1,1,704.7,truetruetruetruetrue
phishsense,pretrained,ceas08,ceas08:8759,1,1,704.7,truetruetruetruetrue
phishsense,pretrained,ceas08,ceas08:8200,1,1,704.7,truetruetruetruetrue
phishsense,pretrained,ceas08,ceas08:7096,1,1,704.7,truetruetrue#
phishsense,pretrained,ceas08,ceas08:6996,1,1,704.7,truetruetruetruetrue
phishsense,pretrained,ceas08,ceas08:4459,1,1,704.7,truetruetruequestion
phishsense,pretrained,ceas08,ceas08:6685,1,1,704.7,truetruetrue#
phishsense,pretrained,ceas08,ceas08:6239,1,1,704.7,true#truetrue
phishsense,pretrained,ceas08,ceas08:6636,1,1,704.7,truetruetruetruetrue
phishsense,pretrained,ceas08,ceas08:8421,1,1,704.7,truetruetruetruetrue
phishsense,pretrained,ceas08,ceas08:9244,1,0,704.7,falsefalsefalsefalsefalse
phishsense,pretrained,ceas08,ceas08:5959,1,1,704.7,true##
phishsense,pretrained,ceas08,ceas08:8528,1,1,704.7,truetruetruetrue
phishsense,pretrained,ceas08,ceas08:8722,1,1,704.7,truetruetruetruetrue
phishsense,pretrained,ceas08,ceas08:5458,1,1,704.7,truetruetruetruetrue
phishsense,pretrained,ceas08,ceas08:8965,1,1,704.7,true#truetrue
phishsense,pretrained,ceas08,ceas08:9862,1,0,704.7,falsefalsefalsefalsefalse
phishsense,pretrained,ceas08,ceas08:6815,1,0,704.7,falsefalsefalsefalsefalse
phishsense,pretrained,ceas08,ceas08:9396,1,1,704.7,truetruetruetruetrue
phishsense,pretrained,ceas08,ceas08:6756,1,1,704.7,truetruetruetruetrue
phishsense,pretrained,ceas08,ceas08:5527,1,1,704.7,true#truetrue
phishsense,pretrained,ceas08,ceas08:5602,1,0,704.7,falsefalsefalsefalsefalse
phishsense,pretrained,ceas08,ceas08:4852,1,1,704.7,truetruetruetruetrue
phishsense,pretrained,ceas08,ceas08:8073,1,1,704.7,truetruetruetruetrue
phishsense,pretrained,ceas08,ceas08:6450,1,1,704.7,true#truetrue
phishsense,pretrained,ceas08,ceas08:8600,1,1,704.7,true##
phishsense,pretrained,ceas08,ceas08:5924,1,1,704.7,true#truetrue
phishsense,pretrained,ceas08,ceas08:4799,1,1,704.7,truetruetruetruetrue
phishsense,pretrained,ceas08,ceas08:7857,1,0,704.7,falsefalsefalsefalsefalse
phishsense,pretrained,ceas08,ceas08:8683,1,1,704.7,truetruetruetrue
phishsense,pretrained,ceas08,ceas08:4827,1,1,704.7,true#truetrue
phishsense,pretrained,ceas08,ceas08:6205,1,1,704.7,truetruetruetruetrue
phishsense,pretrained,ceas08,ceas08:6655,1,0,704.7,falsefalsefalsefalsefalse
phishsense,pretrained,ceas08,ceas08:6907,1,1,704.7,true#truetrue
phishsense,pretrained,ceas08,ceas08:6154,1,1,704.7,truetruetruetruetrue
phishsense,pretrained,ceas08,ceas08:8390,1,1,704.7,truetruetruetrue
phishsense,pretrained,ceas08,ceas08:5238,1,1,704.7,truetruetruetruetrue
phishsense,pretrained,ceas08,ceas08:5601,1,0,704.7,falsefalsefalsefalsefalse
phishsense,pretrained,ceas08,ceas08:7388,1,1,704.7,true#truetrue
phishsense,pretrained,ceas08,ceas08:7380,1,1,704.7,true#truetrue
phishsense,pretrained,ceas08,ceas08:5395,1,1,704.7,truetruetruetruetrue
phishsense,pretrained,ceas08,ceas08:7022,1,1,704.7,true##
phishsense,pretrained,ceas08,ceas08:9007,1,1,704.7,truetruetruetruetrue
phishsense,pretrained,ceas08,ceas08:8964,1,0,704.7,falsefalsefalsefalsefalse
phishsense,pretrained,ceas08,ceas08:5015,1,1,704.7,truetruetruetruetrue
phishsense,pretrained,ceas08,ceas08:7890,1,1,704.7,truetruetruetruetrue
phishsense,pretrained,ceas08,ceas08:6214,1,1,704.7,truetruetruetruetrue
phishsense,pretrained,ceas08,ceas08:7037,1,1,704.7,truetruetruetruetrue
phishsense,pretrained,ceas08,ceas08:443,0,1,704.7,truequestionquestion
phishsense,pretrained,ceas08,ceas08:2825,0,0,704.7,falsefalsefalsefalsefalse
phishsense,pretrained,ceas08,ceas08:2473,0,0,704.7,falsefalsefalsequestion
phishsense,pretrained,ceas08,ceas08:2431,0,0,704.7,falsefalsefalsefalsefalse
phishsense,pretrained,ceas08,ceas08:318,0,0,704.7,falsefalsefalsefalse
phishsense,pretrained,ceas08,ceas08:2540,0,0,704.7,falsequestionquestion
phishsense,pretrained,ceas08,ceas08:3328,0,1,704.7,truefalsefalsefalsefalse
phishsense,pretrained,ceas08,ceas08:4120,0,0,704.7,falsefalsequestion
phishsense,pretrained,ceas08,ceas08:151,0,1,704.7,true##
phishsense,pretrained,ceas08,ceas08:3451,0,0,704.7,falsefalsefalsefalsefalse
phishsense,pretrained,ceas08,ceas08:4149,0,0,704.7,falsefalsefalsefalsefalse
phishsense,pretrained,ceas08,ceas08:3346,0,0,704.7,falsefalsequestion
phishsense,pretrained,ceas08,ceas08:3959,0,0,704.7,falsefalsefalsefalsefalse
phishsense,pretrained,ceas08,ceas08:1392,0,1,704.7,true##
phishsense,pretrained,ceas08,ceas08:4105,0,0,704.7,falsefalsequestion
phishsense,pretrained,ceas08,ceas08:1161,0,0,704.7,falsequestionquestion
phishsense,pretrained,ceas08,ceas08:2552,0,0,704.7,falsefalsefalsefalse
phishsense,pretrained,ceas08,ceas08:764,0,0,704.7,falsefalsefalsefalsefalse
phishsense,pretrained,ceas08,ceas08:3921,0,1,704.7,truequestionquestion
phishsense,pretrained,ceas08,ceas08:3728,0,0,704.7,falsequestionquestion
phishsense,pretrained,ceas08,ceas08:3316,0,0,704.7,falsefalsefalsefalse
phishsense,pretrained,ceas08,ceas08:315,0,0,704.7,falsequestionquestion
phishsense,pretrained,ceas08,ceas08:2754,0,0,704.7,falsequestionquestion
phishsense,pretrained,ceas08,ceas08:2598,0,0,704.7,falsefalsefalsefalsefalse
phishsense,pretrained,ceas08,ceas08:1220,0,0,704.7,falsefalsefalsefalsefalse
phishsense,pretrained,ceas08,ceas08:1010,0,0,704.7,falsefalsequestion
phishsense,pretrained,ceas08,ceas08:2528,0,0,704.7,falsefalse#
phishsense,pretrained,ceas08,ceas08:4415,0,0,704.7,falsefalsefalsefalsefalse
phishsense,pretrained,ceas08,ceas08:3292,0,1,704.7,truetruetruetrue
phishsense,pretrained,ceas08,ceas08:179,0,0,704.7,falsequestionquestion
phishsense,pretrained,ceas08,ceas08:3930,0,1,704.7,truetruetruetrue
phishsense,pretrained,ceas08,ceas08:2260,0,0,704.7,falsequestionquestion
phishsense,pretrained,ceas08,ceas08:731,0,0,704.7,falsefalsefalsefalse
phishsense,pretrained,ceas08,ceas08:51,0,0,704.7,falsefalsefalsefalse
phishsense,pretrained,ceas08,ceas08:720,0,0,704.7,falsefalsefalsefalsefalse
phishsense,pretrained,ceas08,ceas08:584,0,0,704.7,falsefalsefalsefalse
phishsense,pretrained,ceas08,ceas08:1501,0,0,704.7,falsefalsefalsefalsefalse
phishsense,pretrained,ceas08,ceas08:4055,0,0,704.7,falsefalse#
phishsense,pretrained,ceas08,ceas08:3062,0,0,704.7,falsefalsefalsefalsefalse
phishsense,pretrained,ceas08,ceas08:1413,0,0,704.7,falsefalsefalsefalsefalse
phishsense,pretrained,ceas08,ceas08:798,0,0,704.7,falsequestionquestion
phishsense,pretrained,ceas08,ceas08:4083,0,0,704.7,falsefalsefalsefalsefalse
phishsense,pretrained,ceas08,ceas08:842,0,1,704.7,truetruetruetruetrue
phishsense,pretrained,ceas08,ceas08:1192,0,0,704.7,falsequestionquestion
phishsense,pretrained,ceas08,ceas08:4248,0,0,704.7,falsefalsefalsefalsefalse
phishsense,pretrained,ceas08,ceas08:2357,0,0,704.7,falsefalsefalsefalsefalse
phishsense,pretrained,ceas08,ceas08:1157,0,0,704.7,falsequestionquestion
phishsense,pretrained,ceas08,ceas08:4396,0,0,704.7,falsequestionquestion
phishsense,pretrained,ceas08,ceas08:1780,0,0,704.7,falsequestionquestion
phishsense,pretrained,ceas08,ceas08:4285,0,0,704.7,falsefalsequestion
phishsense,pretrained,ceas08,ceas08:2325,0,0,704.7,falsefalsefalsefalsefalse
phishsense,pretrained,ceas08,ceas08:538,0,0,704.7,falsequestionquestion
phishsense,pretrained,ceas08,ceas08:4234,0,0,704.7,falsefalsefalsefalsefalse
phishsense,pretrained,ceas08,ceas08:4425,0,0,704.7,falsefalsefalsefalsefalse
phishsense,pretrained,ceas08,ceas08:134,0,0,704.7,falsequestionquestion
phishsense,pretrained,ceas08,ceas08:3720,0,0,704.7,falsefalsequestion
phishsense,pretrained,ceas08,ceas08:1051,0,0,704.7,falsefalsefalsefalsefalse
phishsense,pretrained,ceas08,ceas08:3076,0,0,704.7,falsefalsefalsequestion
phishsense,pretrained,ceas08,ceas08:4411,0,0,704.7,falsefalsequestion
phishsense,pretrained,ceas08,ceas08:721,0,0,704.7,falsefalsefalsefalsefalse
phishsense,pretrained,ceas08,ceas08:2554,0,0,704.7,falsefalsefalsefalsefalse
phishsense,pretrained,ceas08,ceas08:2389,0,0,704.7,falsefalse#
phishsense,pretrained,ceas08,ceas08:2672,0,0,704.7,falsefalsequestion
phishsense,pretrained,ceas08,ceas08:2647,0,0,704.7,falsefalsefalsefalsefalse
phishsense,pretrained,ceas08,ceas08:297,0,0,704.7,falsefalsefalsefalsefalse
phishsense,pretrained,ceas08,ceas08:1103,0,0,704.7,falsefalsefalsefalsefalse
phishsense,pretrained,ceas08,ceas08:1803,0,0,704.7,falsefalsequestion
phishsense,pretrained,ceas08,ceas08:2297,0,0,704.7,falsefalsefalsefalse
phishsense,pretrained,ceas08,ceas08:1600,0,1,704.7,truetruetruetrue
phishsense,pretrained,ceas08,ceas08:2314,0,0,704.7,false##
phishsense,pretrained,ceas08,ceas08:3390,0,0,704.7,falsefalsefalsefalsefalse
phishsense,pretrained,ceas08,ceas08:1361,0,0,704.7,falsequestionquestion
phishsense,pretrained,ceas08,ceas08:3227,0,0,704.7,falsefalsefalsefalsefalse
phishsense,pretrained,ceas08,ceas08:4216,0,0,704.7,falsefalsefalsefalsefalse
phishsense,pretrained,ceas08,ceas08:1200,0,0,704.7,falsefalsefalsefalsefalse
phishsense,pretrained,ceas08,ceas08:1698,0,0,704.7,false##
phishsense,pretrained,ceas08,ceas08:2646,0,0,704.7,falsefalsefalsefalsefalse
phishsense,pretrained,ceas08,ceas08:3563,0,0,704.7,falsequestionquestion
phishsense,pretrained,ceas08,ceas08:2798,0,0,704.7,false##
phishsense,pretrained,ceas08,ceas08:2939,0,0,704.7,falsefalsefalsefalse
phishsense,pretrained,ceas08,ceas08:17,0,1,704.7,truequestionquestion
phishsense,pretrained,ceas08,ceas08:551,0,0,704.7,falsequestionquestion
phishsense,pretrained,ceas08,ceas08:410,0,0,704.7,falsefalsefalsefalsefalse
phishsense,pretrained,ceas08,ceas08:2741,0,0,704.7,falsefalsefalsefalse
phishsense,pretrained,ceas08,ceas08:1476,0,0,704.7,falsequestionquestion
phishsense,pretrained,ceas08,ceas08:2801,0,0,704.7,falsefalsefalsefalse
phishsense,pretrained,ceas08,ceas08:530,0,1,704.7,truequestionquestion
phishsense,pretrained,ceas08,ceas08:2131,0,1,704.7,truetruetruetrue
phishsense,pretrained,ceas08,ceas08:1784,0,0,704.7,falsefalsefalsefalsefalse
phishsense,pretrained,ceas08,ceas08:2863,0,1,704.7,truequestionquestion
phishsense,pretrained,ceas08,ceas08:3999,0,0,704.7,falsefalsequestion
phishsense,pretrained,ceas08,ceas08:3540,0,1,704.7,true##
phishsense,pretrained,ceas08,ceas08:1237,0,0,704.7,falsefalsefalsefalse
phishsense,pretrained,ceas08,ceas08:3462,0,0,704.7,falsefalsefalsefalsefalse
phishsense,pretrained,ceas08,ceas08:4336,0,1,704.7,truetruetruetruetrue
phishsense,pretrained,ceas08,ceas08:1146,0,0,704.7,falsefalsefalsefalsefalse
phishsense,pretrained,ceas08,ceas08:4080,0,0,704.7,falsefalsefalsefalsefalse
phishsense,pretrained,ceas08,ceas08:175,0,0,704.7,falsefalsefalsefalsefalse
phishsense,pretrained,ceas08,ceas08:4319,0,0,704.7,false#false
phishsense,pretrained,ceas08,ceas08:3336,0,1,704.7,truequestionquestion
phishsense,pretrained,ceas08,ceas08:2846,0,1,704.7,truetruetruetrue
phishsense,pretrained,ceas08,ceas08:2829,0,0,704.7,falsefalsefalsefalsefalse
phishsense,pretrained,ceas08,ceas08:3298,0,0,704.7,false##
phishsense,pretrained,ceas08,ceas08:3259,0,1,704.7,truetruetruetrue
phishsense,pretrained,ceas08,ceas08:3994,0,0,704.7,falsefalsefalsefalsefalse
phishsense,pretrained,ceas08,ceas08:555,0,0,704.7,falsefalsefalsefalse
phishsense,pretrained,ceas08,ceas08:3998,0,0,704.7,falsequestionquestion
phishsense,pretrained,ceas08,ceas08:2121,0,0,704.7,falsequestionquestion
phishsense,pretrained,ceas08,ceas08:2171,0,0,704.7,falsequestionquestion
phishsense,pretrained,ceas08,ceas08:3812,0,0,704.7,false#falsetrue
phishsense,pretrained,ceas08,ceas08:877,0,0,704.7,falsefalsefalsefalsefalse
phishsense,pretrained,ceas08,ceas08:3321,0,0,704.7,falsefalsefalsefalsefalse
phishsense,pretrained,ceas08,ceas08:3258,0,0,704.7,falsequestionquestion
phishsense,pretrained,ceas08,ceas08:3148,0,0,704.7,falsequestionquestion
phishsense,pretrained,ceas08,ceas08:1323,0,0,704.7,falsefalsefalsefalse
phishsense,pretrained,ceas08,ceas08:3857,0,0,704.7,falsefalsefalsefalsefalse
phishsense,pretrained,ceas08,ceas08:602,0,0,704.7,falsefalsefalsefalsefalse
phishsense,pretrained,ceas08,ceas08:787,0,0,704.7,falsefalsefalsefalsefalse
phishsense,pretrained,ceas08,ceas08:2093,0,1,704.7,truequestionquestion
phishsense,pretrained,ceas08,ceas08:3740,0,0,704.7,false##
phishsense,pretrained,ceas08,ceas08:1491,0,0,704.7,false##
phishsense,pretrained,ceas08,ceas08:1807,0,0,704.7,falsetruetruetruetrue
phishsense,pretrained,ceas08,ceas08:93,0,0,704.7,falsefalsefalsefalsefalse
phishsense,pretrained,ceas08,ceas08:416,0,0,704.7,false##
phishsense,pretrained,ceas08,ceas08:4382,0,0,704.7,falsefalsefalsefalsefalse
phishsense,pretrained,ceas08,ceas08:843,0,0,704.7,falsequestionquestion
phishsense,pretrained,ceas08,ceas08:4050,0,0,704.7,falsequestionquestion
phishsense,pretrained,ceas08,ceas08:252,0,0,704.7,falsequestionquestion
phishsense,pretrained,ceas08,ceas08:2103,0,0,704.7,falsefalse#
phishsense,pretrained,ceas08,ceas08:2970,0,0,704.7,false##
phishsense,pretrained,ceas08,ceas08:1846,0,0,704.7,falsequestionquestion
phishsense,pretrained,ceas08,ceas08:668,0,0,704.7,falsefalsefalsefalsefalse
phishsense,pretrained,ceas08,ceas08:3410,0,0,704.7,falsefalsefalsefalsefalse
phishsense,pretrained,ceas08,ceas08:3652,0,0,704.7,falsefalsefalsefalsefalse
phishsense,pretrained,ceas08,ceas08:109,0,0,704.7,falsefalsefalsefalsefalse
phishsense,pretrained,ceas08,ceas08:4251,0,1,704.7,truetruetruetruetrue
phishsense,pretrained,ceas08,ceas08:1896,0,1,704.7,truequestionquestion
phishsense,pretrained,ceas08,ceas08:2130,0,0,704.7,falsefalsefalsefalsefalse
phishsense,pretrained,ceas08,ceas08:1739,0,0,704.7,falsefalsefalsefalsefalse
phishsense,pretrained,ceas08,ceas08:2653,0,0,704.7,false#false
phishsense,pretrained,ceas08,ceas08:1507,0,0,704.7,falsefalsefalsefalsefalse
phishsense,pretrained,ceas08,ceas08:120,0,0,704.7,false##
phishsense,pretrained,ceas08,ceas08:915,0,0,704.7,falsefalsefalsefalsefalse
phishsense,pretrained,ceas08,ceas08:1869,0,0,704.7,falsefalsefalsefalsefalse
phishsense,pretrained,ceas08,ceas08:4056,0,0,704.7,falsequestionquestion
phishsense,pretrained,ceas08,ceas08:1180,0,1,704.7,true#truetrue
phishsense,pretrained,ceas08,ceas08:626,0,0,704.7,false##
phishsense,pretrained,ceas08,ceas08:1991,0,0,704.7,false##
phishsense,pretrained,ceas08,ceas08:1293,0,0,704.7,falsequestionquestion
phishsense,pretrained,ceas08,ceas08:3609,0,0,704.7,false##
bert,pretrained,ephishllm_de,ephishllm_de:1695,1,0,333.1,
bert,pretrained,ephishllm_de,ephishllm_de:1820,1,1,333.1,
bert,pretrained,ephishllm_de,ephishllm_de:2231,1,1,333.1,
bert,pretrained,ephishllm_de,ephishllm_de:1859,1,0,333.1,
bert,pretrained,ephishllm_de,ephishllm_de:2099,1,1,333.1,
bert,pretrained,ephishllm_de,ephishllm_de:1887,1,0,333.1,
bert,pretrained,ephishllm_de,ephishllm_de:2258,1,1,333.1,
bert,pretrained,ephishllm_de,ephishllm_de:2260,1,0,333.1,
bert,pretrained,ephishllm_de,ephishllm_de:1857,1,1,333.1,
bert,pretrained,ephishllm_de,ephishllm_de:2190,1,0,333.1,
bert,pretrained,ephishllm_de,ephishllm_de:2226,1,0,333.1,
bert,pretrained,ephishllm_de,ephishllm_de:1886,1,1,333.1,
bert,pretrained,ephishllm_de,ephishllm_de:1905,1,0,333.1,
bert,pretrained,ephishllm_de,ephishllm_de:1430,1,0,333.1,
bert,pretrained,ephishllm_de,ephishllm_de:1637,1,1,333.1,
bert,pretrained,ephishllm_de,ephishllm_de:1720,1,0,333.1,
bert,pretrained,ephishllm_de,ephishllm_de:1605,1,1,333.1,
bert,pretrained,ephishllm_de,ephishllm_de:1767,1,0,333.1,
bert,pretrained,ephishllm_de,ephishllm_de:1951,1,1,333.1,
bert,pretrained,ephishllm_de,ephishllm_de:2160,1,0,333.1,
bert,pretrained,ephishllm_de,ephishllm_de:1328,1,1,333.1,
bert,pretrained,ephishllm_de,ephishllm_de:1342,1,0,333.1,
bert,pretrained,ephishllm_de,ephishllm_de:1757,1,1,333.1,
bert,pretrained,ephishllm_de,ephishllm_de:1660,1,0,333.1,
bert,pretrained,ephishllm_de,ephishllm_de:1800,1,1,333.1,
bert,pretrained,ephishllm_de,ephishllm_de:2254,1,1,333.1,
bert,pretrained,ephishllm_de,ephishllm_de:2104,1,0,333.1,
bert,pretrained,ephishllm_de,ephishllm_de:1643,1,0,333.1,
bert,pretrained,ephishllm_de,ephishllm_de:2121,1,1,333.1,
bert,pretrained,ephishllm_de,ephishllm_de:2028,1,1,333.1,
bert,pretrained,ephishllm_de,ephishllm_de:2191,1,0,333.1,
bert,pretrained,ephishllm_de,ephishllm_de:1949,1,0,333.1,
bert,pretrained,ephishllm_de,ephishllm_de:1323,1,0,333.1,
bert,pretrained,ephishllm_de,ephishllm_de:1549,1,0,333.1,
bert,pretrained,ephishllm_de,ephishllm_de:1446,1,0,333.1,
bert,pretrained,ephishllm_de,ephishllm_de:1888,1,1,333.1,
bert,pretrained,ephishllm_de,ephishllm_de:2029,1,1,333.1,
bert,pretrained,ephishllm_de,ephishllm_de:1358,1,0,333.1,
bert,pretrained,ephishllm_de,ephishllm_de:1581,1,0,333.1,
bert,pretrained,ephishllm_de,ephishllm_de:2345,1,0,333.1,
bert,pretrained,ephishllm_de,ephishllm_de:1661,1,0,333.1,
bert,pretrained,ephishllm_de,ephishllm_de:2298,1,1,333.1,
bert,pretrained,ephishllm_de,ephishllm_de:1947,1,1,333.1,
bert,pretrained,ephishllm_de,ephishllm_de:2221,1,0,333.1,
bert,pretrained,ephishllm_de,ephishllm_de:2259,1,0,333.1,
bert,pretrained,ephishllm_de,ephishllm_de:1381,1,1,333.1,
bert,pretrained,ephishllm_de,ephishllm_de:1360,1,1,333.1,
bert,pretrained,ephishllm_de,ephishllm_de:1303,1,1,333.1,
bert,pretrained,ephishllm_de,ephishllm_de:2055,1,0,333.1,
bert,pretrained,ephishllm_de,ephishllm_de:1815,1,1,333.1,
bert,pretrained,ephishllm_de,ephishllm_de:1464,1,0,333.1,
bert,pretrained,ephishllm_de,ephishllm_de:1765,1,0,333.1,
bert,pretrained,ephishllm_de,ephishllm_de:1653,1,0,333.1,
bert,pretrained,ephishllm_de,ephishllm_de:1471,1,0,333.1,
bert,pretrained,ephishllm_de,ephishllm_de:1871,1,0,333.1,
bert,pretrained,ephishllm_de,ephishllm_de:1907,1,0,333.1,
bert,pretrained,ephishllm_de,ephishllm_de:2200,1,1,333.1,
bert,pretrained,ephishllm_de,ephishllm_de:1990,1,1,333.1,
bert,pretrained,ephishllm_de,ephishllm_de:1725,1,0,333.1,
bert,pretrained,ephishllm_de,ephishllm_de:2149,1,0,333.1,
bert,pretrained,ephishllm_de,ephishllm_de:1712,1,0,333.1,
bert,pretrained,ephishllm_de,ephishllm_de:2015,1,0,333.1,
bert,pretrained,ephishllm_de,ephishllm_de:1961,1,1,333.1,
bert,pretrained,ephishllm_de,ephishllm_de:1561,1,0,333.1,
bert,pretrained,ephishllm_de,ephishllm_de:1967,1,0,333.1,
bert,pretrained,ephishllm_de,ephishllm_de:2288,1,1,333.1,
bert,pretrained,ephishllm_de,ephishllm_de:1933,1,1,333.1,
bert,pretrained,ephishllm_de,ephishllm_de:1749,1,0,333.1,
bert,pretrained,ephishllm_de,ephishllm_de:1803,1,1,333.1,
bert,pretrained,ephishllm_de,ephishllm_de:2093,1,0,333.1,
bert,pretrained,ephishllm_de,ephishllm_de:1832,1,1,333.1,
bert,pretrained,ephishllm_de,ephishllm_de:2281,1,0,333.1,
bert,pretrained,ephishllm_de,ephishllm_de:1867,1,0,333.1,
bert,pretrained,ephishllm_de,ephishllm_de:1649,1,0,333.1,
bert,pretrained,ephishllm_de,ephishllm_de:1385,1,1,333.1,
bert,pretrained,ephishllm_de,ephishllm_de:2180,1,1,333.1,
bert,pretrained,ephishllm_de,ephishllm_de:2343,1,1,333.1,
bert,pretrained,ephishllm_de,ephishllm_de:2216,1,1,333.1,
bert,pretrained,ephishllm_de,ephishllm_de:2250,1,1,333.1,
bert,pretrained,ephishllm_de,ephishllm_de:2062,1,0,333.1,
bert,pretrained,ephishllm_de,ephishllm_de:1528,1,0,333.1,
bert,pretrained,ephishllm_de,ephishllm_de:2274,1,1,333.1,
bert,pretrained,ephishllm_de,ephishllm_de:1379,1,1,333.1,
bert,pretrained,ephishllm_de,ephishllm_de:1331,1,0,333.1,
bert,pretrained,ephishllm_de,ephishllm_de:2237,1,0,333.1,
bert,pretrained,ephishllm_de,ephishllm_de:1623,1,1,333.1,
bert,pretrained,ephishllm_de,ephishllm_de:1986,1,0,333.1,
bert,pretrained,ephishllm_de,ephishllm_de:1676,1,1,333.1,
bert,pretrained,ephishllm_de,ephishllm_de:2073,1,1,333.1,
bert,pretrained,ephishllm_de,ephishllm_de:1295,1,1,333.1,
bert,pretrained,ephishllm_de,ephishllm_de:2197,1,1,333.1,
bert,pretrained,ephishllm_de,ephishllm_de:1413,1,1,333.1,
bert,pretrained,ephishllm_de,ephishllm_de:1773,1,0,333.1,
bert,pretrained,ephishllm_de,ephishllm_de:1711,1,1,333.1,
bert,pretrained,ephishllm_de,ephishllm_de:1627,1,0,333.1,
bert,pretrained,ephishllm_de,ephishllm_de:2164,1,1,333.1,
bert,pretrained,ephishllm_de,ephishllm_de:2154,1,1,333.1,
bert,pretrained,ephishllm_de,ephishllm_de:1736,1,0,333.1,
bert,pretrained,ephishllm_de,ephishllm_de:1373,1,0,333.1,
bert,pretrained,ephishllm_de,ephishllm_de:1450,1,0,333.1,
bert,pretrained,ephishllm_de,ephishllm_de:1833,1,0,333.1,
bert,pretrained,ephishllm_de,ephishllm_de:2056,1,0,333.1,
bert,pretrained,ephishllm_de,ephishllm_de:2138,1,0,333.1,
bert,pretrained,ephishllm_de,ephishllm_de:2266,1,1,333.1,
bert,pretrained,ephishllm_de,ephishllm_de:1608,1,0,333.1,
bert,pretrained,ephishllm_de,ephishllm_de:1855,1,0,333.1,
bert,pretrained,ephishllm_de,ephishllm_de:1799,1,1,333.1,
bert,pretrained,ephishllm_de,ephishllm_de:1321,1,1,333.1,
bert,pretrained,ephishllm_de,ephishllm_de:2079,1,1,333.1,
bert,pretrained,ephishllm_de,ephishllm_de:1964,1,0,333.1,
bert,pretrained,ephishllm_de,ephishllm_de:1874,1,0,333.1,
bert,pretrained,ephishllm_de,ephishllm_de:2326,1,0,333.1,
bert,pretrained,ephishllm_de,ephishllm_de:1348,1,0,333.1,
bert,pretrained,ephishllm_de,ephishllm_de:1863,1,1,333.1,
bert,pretrained,ephishllm_de,ephishllm_de:1282,1,1,333.1,
bert,pretrained,ephishllm_de,ephishllm_de:1988,1,0,333.1,
bert,pretrained,ephishllm_de,ephishllm_de:1470,1,0,333.1,
bert,pretrained,ephishllm_de,ephishllm_de:1606,1,1,333.1,
bert,pretrained,ephishllm_de,ephishllm_de:1480,1,0,333.1,
bert,pretrained,ephishllm_de,ephishllm_de:1562,1,0,333.1,
bert,pretrained,ephishllm_de,ephishllm_de:2114,1,1,333.1,
bert,pretrained,ephishllm_de,ephishllm_de:1490,1,1,333.1,
bert,pretrained,ephishllm_de,ephishllm_de:1519,1,0,333.1,
bert,pretrained,ephishllm_de,ephishllm_de:1795,1,1,333.1,
bert,pretrained,ephishllm_de,ephishllm_de:1739,1,1,333.1,
bert,pretrained,ephishllm_de,ephishllm_de:1368,1,0,333.1,
bert,pretrained,ephishllm_de,ephishllm_de:1355,1,0,333.1,
bert,pretrained,ephishllm_de,ephishllm_de:1730,1,0,333.1,
bert,pretrained,ephishllm_de,ephishllm_de:2290,1,0,333.1,
bert,pretrained,ephishllm_de,ephishllm_de:2264,1,1,333.1,
bert,pretrained,ephishllm_de,ephishllm_de:2105,1,1,333.1,
bert,pretrained,ephishllm_de,ephishllm_de:2270,1,1,333.1,
bert,pretrained,ephishllm_de,ephishllm_de:1564,1,1,333.1,
bert,pretrained,ephishllm_de,ephishllm_de:1411,1,0,333.1,
bert,pretrained,ephishllm_de,ephishllm_de:2026,1,1,333.1,
bert,pretrained,ephishllm_de,ephishllm_de:2082,1,1,333.1,
bert,pretrained,ephishllm_de,ephishllm_de:1983,1,1,333.1,
bert,pretrained,ephishllm_de,ephishllm_de:2315,1,0,333.1,
bert,pretrained,ephishllm_de,ephishllm_de:1704,1,1,333.1,
bert,pretrained,ephishllm_de,ephishllm_de:1350,1,1,333.1,
bert,pretrained,ephishllm_de,ephishllm_de:1810,1,0,333.1,
bert,pretrained,ephishllm_de,ephishllm_de:1481,1,0,333.1,
bert,pretrained,ephishllm_de,ephishllm_de:1924,1,0,333.1,
bert,pretrained,ephishllm_de,ephishllm_de:1734,1,0,333.1,
bert,pretrained,ephishllm_de,ephishllm_de:2064,1,1,333.1,
bert,pretrained,ephishllm_de,ephishllm_de:1311,1,1,333.1,
bert,pretrained,ephishllm_de,ephishllm_de:1302,1,1,333.1,
bert,pretrained,ephishllm_de,ephishllm_de:2246,1,0,333.1,
bert,pretrained,ephishllm_de,ephishllm_de:1408,1,1,333.1,
bert,pretrained,ephishllm_de,ephishllm_de:1326,1,1,333.1,
bert,pretrained,ephishllm_de,ephishllm_de:208,0,0,333.1,
bert,pretrained,ephishllm_de,ephishllm_de:966,0,0,333.1,
bert,pretrained,ephishllm_de,ephishllm_de:714,0,0,333.1,
bert,pretrained,ephishllm_de,ephishllm_de:1192,0,1,333.1,
bert,pretrained,ephishllm_de,ephishllm_de:584,0,1,333.1,
bert,pretrained,ephishllm_de,ephishllm_de:1214,0,0,333.1,
bert,pretrained,ephishllm_de,ephishllm_de:63,0,0,333.1,
bert,pretrained,ephishllm_de,ephishllm_de:259,0,0,333.1,
bert,pretrained,ephishllm_de,ephishllm_de:890,0,0,333.1,
bert,pretrained,ephishllm_de,ephishllm_de:254,0,0,333.1,
bert,pretrained,ephishllm_de,ephishllm_de:938,0,0,333.1,
bert,pretrained,ephishllm_de,ephishllm_de:1216,0,0,333.1,
bert,pretrained,ephishllm_de,ephishllm_de:613,0,0,333.1,
bert,pretrained,ephishllm_de,ephishllm_de:1259,0,0,333.1,
bert,pretrained,ephishllm_de,ephishllm_de:23,0,0,333.1,
bert,pretrained,ephishllm_de,ephishllm_de:549,0,0,333.1,
bert,pretrained,ephishllm_de,ephishllm_de:247,0,1,333.1,
bert,pretrained,ephishllm_de,ephishllm_de:579,0,1,333.1,
bert,pretrained,ephishllm_de,ephishllm_de:365,0,0,333.1,
bert,pretrained,ephishllm_de,ephishllm_de:514,0,0,333.1,
bert,pretrained,ephishllm_de,ephishllm_de:1116,0,0,333.1,
bert,pretrained,ephishllm_de,ephishllm_de:806,0,1,333.1,
bert,pretrained,ephishllm_de,ephishllm_de:796,0,1,333.1,
bert,pretrained,ephishllm_de,ephishllm_de:1002,0,0,333.1,
bert,pretrained,ephishllm_de,ephishllm_de:857,0,1,333.1,
bert,pretrained,ephishllm_de,ephishllm_de:708,0,0,333.1,
bert,pretrained,ephishllm_de,ephishllm_de:43,0,1,333.1,
bert,pretrained,ephishllm_de,ephishllm_de:759,0,0,333.1,
bert,pretrained,ephishllm_de,ephishllm_de:968,0,0,333.1,
bert,pretrained,ephishllm_de,ephishllm_de:993,0,1,333.1,
bert,pretrained,ephishllm_de,ephishllm_de:787,0,0,333.1,
bert,pretrained,ephishllm_de,ephishllm_de:700,0,0,333.1,
bert,pretrained,ephishllm_de,ephishllm_de:718,0,0,333.1,
bert,pretrained,ephishllm_de,ephishllm_de:713,0,0,333.1,
bert,pretrained,ephishllm_de,ephishllm_de:309,0,1,333.1,
bert,pretrained,ephishllm_de,ephishllm_de:424,0,0,333.1,
bert,pretrained,ephishllm_de,ephishllm_de:1046,0,1,333.1,
bert,pretrained,ephishllm_de,ephishllm_de:1213,0,1,333.1,
bert,pretrained,ephishllm_de,ephishllm_de:220,0,0,333.1,
bert,pretrained,ephishllm_de,ephishllm_de:533,0,1,333.1,
bert,pretrained,ephishllm_de,ephishllm_de:1069,0,1,333.1,
bert,pretrained,ephishllm_de,ephishllm_de:485,0,0,333.1,
bert,pretrained,ephishllm_de,ephishllm_de:513,0,0,333.1,
bert,pretrained,ephishllm_de,ephishllm_de:209,0,1,333.1,
bert,pretrained,ephishllm_de,ephishllm_de:76,0,0,333.1,
bert,pretrained,ephishllm_de,ephishllm_de:622,0,1,333.1,
bert,pretrained,ephishllm_de,ephishllm_de:1040,0,0,333.1,
bert,pretrained,ephishllm_de,ephishllm_de:198,0,0,333.1,
bert,pretrained,ephishllm_de,ephishllm_de:931,0,0,333.1,
bert,pretrained,ephishllm_de,ephishllm_de:628,0,0,333.1,
bert,pretrained,ephishllm_de,ephishllm_de:128,0,0,333.1,
bert,pretrained,ephishllm_de,ephishllm_de:78,0,0,333.1,
bert,pretrained,ephishllm_de,ephishllm_de:536,0,1,333.1,
bert,pretrained,ephishllm_de,ephishllm_de:558,0,0,333.1,
bert,pretrained,ephishllm_de,ephishllm_de:81,0,0,333.1,
bert,pretrained,ephishllm_de,ephishllm_de:582,0,0,333.1,
bert,pretrained,ephishllm_de,ephishllm_de:275,0,0,333.1,
bert,pretrained,ephishllm_de,ephishllm_de:1232,0,0,333.1,
bert,pretrained,ephishllm_de,ephishllm_de:1148,0,0,333.1,
bert,pretrained,ephishllm_de,ephishllm_de:665,0,0,333.1,
bert,pretrained,ephishllm_de,ephishllm_de:51,0,0,333.1,
bert,pretrained,ephishllm_de,ephishllm_de:1048,0,0,333.1,
bert,pretrained,ephishllm_de,ephishllm_de:900,0,0,333.1,
bert,pretrained,ephishllm_de,ephishllm_de:1061,0,0,333.1,
bert,pretrained,ephishllm_de,ephishllm_de:925,0,0,333.1,
bert,pretrained,ephishllm_de,ephishllm_de:598,0,0,333.1,
bert,pretrained,ephishllm_de,ephishllm_de:168,0,0,333.1,
bert,pretrained,ephishllm_de,ephishllm_de:816,0,0,333.1,
bert,pretrained,ephishllm_de,ephishllm_de:527,0,0,333.1,
bert,pretrained,ephishllm_de,ephishllm_de:286,0,0,333.1,
bert,pretrained,ephishllm_de,ephishllm_de:1085,0,0,333.1,
bert,pretrained,ephishllm_de,ephishllm_de:545,0,1,333.1,
bert,pretrained,ephishllm_de,ephishllm_de:998,0,0,333.1,
bert,pretrained,ephishllm_de,ephishllm_de:58,0,1,333.1,
bert,pretrained,ephishllm_de,ephishllm_de:261,0,0,333.1,
bert,pretrained,ephishllm_de,ephishllm_de:1005,0,0,333.1,
bert,pretrained,ephishllm_de,ephishllm_de:1167,0,0,333.1,
bert,pretrained,ephishllm_de,ephishllm_de:467,0,0,333.1,
bert,pretrained,ephishllm_de,ephishllm_de:535,0,0,333.1,
bert,pretrained,ephishllm_de,ephishllm_de:49,0,0,333.1,
bert,pretrained,ephishllm_de,ephishllm_de:892,0,0,333.1,
bert,pretrained,ephishllm_de,ephishllm_de:277,0,0,333.1,
bert,pretrained,ephishllm_de,ephishllm_de:428,0,0,333.1,
bert,pretrained,ephishllm_de,ephishllm_de:1011,0,0,333.1,
bert,pretrained,ephishllm_de,ephishllm_de:1155,0,0,333.1,
bert,pretrained,ephishllm_de,ephishllm_de:415,0,0,333.1,
bert,pretrained,ephishllm_de,ephishllm_de:328,0,1,333.1,
bert,pretrained,ephishllm_de,ephishllm_de:420,0,1,333.1,
bert,pretrained,ephishllm_de,ephishllm_de:439,0,0,333.1,
bert,pretrained,ephishllm_de,ephishllm_de:1269,0,0,333.1,
bert,pretrained,ephishllm_de,ephishllm_de:442,0,0,333.1,
bert,pretrained,ephishllm_de,ephishllm_de:101,0,1,333.1,
bert,pretrained,ephishllm_de,ephishllm_de:1257,0,0,333.1,
bert,pretrained,ephishllm_de,ephishllm_de:676,0,0,333.1,
bert,pretrained,ephishllm_de,ephishllm_de:614,0,1,333.1,
bert,pretrained,ephishllm_de,ephishllm_de:596,0,0,333.1,
bert,pretrained,ephishllm_de,ephishllm_de:1157,0,0,333.1,
bert,pretrained,ephishllm_de,ephishllm_de:192,0,0,333.1,
bert,pretrained,ephishllm_de,ephishllm_de:1053,0,0,333.1,
bert,pretrained,ephishllm_de,ephishllm_de:727,0,1,333.1,
bert,pretrained,ephishllm_de,ephishllm_de:1027,0,0,333.1,
bert,pretrained,ephishllm_de,ephishllm_de:958,0,1,333.1,
bert,pretrained,ephishllm_de,ephishllm_de:983,0,1,333.1,
bert,pretrained,ephishllm_de,ephishllm_de:737,0,1,333.1,
bert,pretrained,ephishllm_de,ephishllm_de:308,0,0,333.1,
bert,pretrained,ephishllm_de,ephishllm_de:813,0,0,333.1,
bert,pretrained,ephishllm_de,ephishllm_de:371,0,1,333.1,
bert,pretrained,ephishllm_de,ephishllm_de:599,0,0,333.1,
bert,pretrained,ephishllm_de,ephishllm_de:44,0,0,333.1,
bert,pretrained,ephishllm_de,ephishllm_de:123,0,0,333.1,
bert,pretrained,ephishllm_de,ephishllm_de:1168,0,0,333.1,
bert,pretrained,ephishllm_de,ephishllm_de:29,0,0,333.1,
bert,pretrained,ephishllm_de,ephishllm_de:31,0,1,333.1,
bert,pretrained,ephishllm_de,ephishllm_de:282,0,0,333.1,
bert,pretrained,ephishllm_de,ephishllm_de:380,0,0,333.1,
bert,pretrained,ephishllm_de,ephishllm_de:630,0,0,333.1,
bert,pretrained,ephishllm_de,ephishllm_de:710,0,0,333.1,
bert,pretrained,ephishllm_de,ephishllm_de:86,0,1,333.1,
bert,pretrained,ephishllm_de,ephishllm_de:332,0,0,333.1,
bert,pretrained,ephishllm_de,ephishllm_de:529,0,0,333.1,
bert,pretrained,ephishllm_de,ephishllm_de:755,0,0,333.1,
bert,pretrained,ephishllm_de,ephishllm_de:919,0,0,333.1,
bert,pretrained,ephishllm_de,ephishllm_de:70,0,0,333.1,
bert,pretrained,ephishllm_de,ephishllm_de:199,0,1,333.1,
bert,pretrained,ephishllm_de,ephishllm_de:858,0,0,333.1,
bert,pretrained,ephishllm_de,ephishllm_de:447,0,0,333.1,
bert,pretrained,ephishllm_de,ephishllm_de:1235,0,0,333.1,
bert,pretrained,ephishllm_de,ephishllm_de:312,0,0,333.1,
bert,pretrained,ephishllm_de,ephishllm_de:240,0,1,333.1,
bert,pretrained,ephishllm_de,ephishllm_de:233,0,0,333.1,
bert,pretrained,ephishllm_de,ephishllm_de:1134,0,0,333.1,
bert,pretrained,ephishllm_de,ephishllm_de:772,0,0,333.1,
bert,pretrained,ephishllm_de,ephishllm_de:523,0,0,333.1,
bert,pretrained,ephishllm_de,ephishllm_de:1166,0,0,333.1,
bert,pretrained,ephishllm_de,ephishllm_de:113,0,1,333.1,
bert,pretrained,ephishllm_de,ephishllm_de:382,0,1,333.1,
bert,pretrained,ephishllm_de,ephishllm_de:1258,0,0,333.1,
bert,pretrained,ephishllm_de,ephishllm_de:1262,0,0,333.1,
bert,pretrained,ephishllm_de,ephishllm_de:155,0,0,333.1,
bert,pretrained,ephishllm_de,ephishllm_de:107,0,1,333.1,
bert,pretrained,ephishllm_de,ephishllm_de:984,0,0,333.1,
bert,pretrained,ephishllm_de,ephishllm_de:1189,0,1,333.1,
bert,pretrained,ephishllm_de,ephishllm_de:754,0,0,333.1,
bert,pretrained,ephishllm_de,ephishllm_de:1171,0,0,333.1,
bert,pretrained,ephishllm_de,ephishllm_de:1210,0,0,333.1,
bert,pretrained,ephishllm_de,ephishllm_de:778,0,1,333.1,
bert,pretrained,ephishllm_de,ephishllm_de:344,0,0,333.1,
bert,pretrained,ephishllm_de,ephishllm_de:210,0,0,333.1,
bert,pretrained,ephishllm_de,ephishllm_de:720,0,0,333.1,
bert,pretrained,ephishllm_de,ephishllm_de:486,0,0,333.1,
phishsense,pretrained,kaggle,kaggle:9136,1,1,1428.5,truetruetruetruetrue
phishsense,pretrained,kaggle,kaggle:9695,1,1,1428.5,truetruethe
phishsense,pretrained,kaggle,kaggle:9294,1,1,1428.5,truetruetruetruetrue
phishsense,pretrained,kaggle,kaggle:9570,1,1,1428.5,truetruetruetruetrue
phishsense,pretrained,kaggle,kaggle:6656,1,1,1428.5,truetruetruetruetrue
phishsense,pretrained,kaggle,kaggle:6539,1,1,1428.5,truetruetruetruetrue
phishsense,pretrained,kaggle,kaggle:6448,1,1,1428.5,truetruetruetruetrue
phishsense,pretrained,kaggle,kaggle:8693,1,1,1428.5,truetruetruetrue
phishsense,pretrained,kaggle,kaggle:7893,1,1,1428.5,truetruetruetruetrue
phishsense,pretrained,kaggle,kaggle:6708,1,1,1428.5,truetruetruetruetrue
phishsense,pretrained,kaggle,kaggle:8023,1,1,1428.5,truetruetruetruetrue
phishsense,pretrained,kaggle,kaggle:8387,1,1,1428.5,truetruetruetruetrue
phishsense,pretrained,kaggle,kaggle:6389,1,1,1428.5,truetruetruetrue
phishsense,pretrained,kaggle,kaggle:7491,1,1,1428.5,truequestionquestion
phishsense,pretrained,kaggle,kaggle:7922,1,1,1428.5,truetruetruetruetrue
phishsense,pretrained,kaggle,kaggle:8822,1,1,1428.5,truetruetruetrue
phishsense,pretrained,kaggle,kaggle:8322,1,1,1428.5,truetruetruetruetrue
phishsense,pretrained,kaggle,kaggle:9838,1,1,1428.5,truetruetruetruetrue
phishsense,pretrained,kaggle,kaggle:8955,1,1,1428.5,truetruetruetruetrue
phishsense,pretrained,kaggle,kaggle:9889,1,1,1428.5,truetrue#
phishsense,pretrained,kaggle,kaggle:7963,1,1,1428.5,truetruetruetruetrue
phishsense,pretrained,kaggle,kaggle:9455,1,1,1428.5,truetruetruetruetrue
phishsense,pretrained,kaggle,kaggle:7383,1,1,1428.5,truetruetruetrue
phishsense,pretrained,kaggle,kaggle:7087,1,1,1428.5,truetruetruequestion
phishsense,pretrained,kaggle,kaggle:7360,1,1,1428.5,truetruetruetruetrue
phishsense,pretrained,kaggle,kaggle:9740,1,1,1428.5,truetruetruetrue
phishsense,pretrained,kaggle,kaggle:9469,1,1,1428.5,truetruetruetrue
phishsense,pretrained,kaggle,kaggle:6453,1,1,1428.5,truetruetruetruetrue
phishsense,pretrained,kaggle,kaggle:6620,1,1,1428.5,truethethe
phishsense,pretrained,kaggle,kaggle:8083,1,1,1428.5,true#truetrue
phishsense,pretrained,kaggle,kaggle:6465,1,1,1428.5,truetruetruetruetrue
phishsense,pretrained,kaggle,kaggle:8384,1,1,1428.5,truetruetruetruetrue
phishsense,pretrained,kaggle,kaggle:9231,1,1,1428.5,truetruetruetruetrue
phishsense,pretrained,kaggle,kaggle:8745,1,1,1428.5,truetruetruetruetrue
phishsense,pretrained,kaggle,kaggle:8550,1,1,1428.5,truequestionquestion
phishsense,pretrained,kaggle,kaggle:7681,1,1,1428.5,truetruetruetrue
phishsense,pretrained,kaggle,kaggle:7957,1,1,1428.5,truetruetruetruetrue
phishsense,pretrained,kaggle,kaggle:9159,1,1,1428.5,truetruetruetrue
phishsense,pretrained,kaggle,kaggle:6701,1,1,1428.5,true#truetrue
phishsense,pretrained,kaggle,kaggle:8619,1,1,1428.5,truetruetrue#
phishsense,pretrained,kaggle,kaggle:6683,1,1,1428.5,truetruetruetruetrue
phishsense,pretrained,kaggle,kaggle:9842,1,1,1428.5,truetruetruetruetrue
phishsense,pretrained,kaggle,kaggle:8978,1,1,1428.5,truetruequestion
phishsense,pretrained,kaggle,kaggle:9243,1,1,1428.5,truetruetruetruetrue
phishsense,pretrained,kaggle,kaggle:7589,1,1,1428.5,truetruetruetrue
phishsense,pretrained,kaggle,kaggle:9575,1,1,1428.5,truetruetruetruetrue
phishsense,pretrained,kaggle,kaggle:7605,1,1,1428.5,truetruetruetrue
phishsense,pretrained,kaggle,kaggle:9375,1,1,1428.5,truetruetruetruetrue
phishsense,pretrained,kaggle,kaggle:7045,1,1,1428.5,truetruetruetruetrue
phishsense,pretrained,kaggle,kaggle:9258,1,1,1428.5,truetruetruetruetrue
phishsense,pretrained,kaggle,kaggle:7786,1,1,1428.5,truetruetruetruetrue
phishsense,pretrained,kaggle,kaggle:8057,1,1,1428.5,truetruetruetruetrue
phishsense,pretrained,kaggle,kaggle:6578,1,1,1428.5,truetruetruetruetrue
phishsense,pretrained,kaggle,kaggle:6823,1,1,1428.5,truetruetruetruetrue
phishsense,pretrained,kaggle,kaggle:9287,1,1,1428.5,truetruetruetruetrue
phishsense,pretrained,kaggle,kaggle:6301,1,1,1428.5,truetruetruetruetrue
phishsense,pretrained,kaggle,kaggle:7819,1,1,1428.5,truetruetruetruetrue
phishsense,pretrained,kaggle,kaggle:8928,1,1,1428.5,truetruetruetruetrue
phishsense,pretrained,kaggle,kaggle:6996,1,1,1428.5,truetruetruetruetrue
phishsense,pretrained,kaggle,kaggle:7820,1,1,1428.5,truetruetruetruetrue
phishsense,pretrained,kaggle,kaggle:8336,1,1,1428.5,truetruetruetruetrue
phishsense,pretrained,kaggle,kaggle:8084,1,1,1428.5,truetruetruetruetrue
phishsense,pretrained,kaggle,kaggle:8728,1,1,1428.5,truetruetrue#
phishsense,pretrained,kaggle,kaggle:8060,1,1,1428.5,truetruetruetruetrue
phishsense,pretrained,kaggle,kaggle:7363,1,1,1428.5,truetruetruetruetrue
phishsense,pretrained,kaggle,kaggle:6362,1,1,1428.5,truetruetruetrue
phishsense,pretrained,kaggle,kaggle:8418,1,1,1428.5,truetruequestion
phishsense,pretrained,kaggle,kaggle:9716,1,1,1428.5,truetruetruetrue
phishsense,pretrained,kaggle,kaggle:6283,1,1,1428.5,truetruetruetruetrue
phishsense,pretrained,kaggle,kaggle:6627,1,1,1428.5,truetruetruetruetrue
phishsense,pretrained,kaggle,kaggle:9372,1,1,1428.5,truetruetruequestion
phishsense,pretrained,kaggle,kaggle:8852,1,1,1428.5,true##
phishsense,pretrained,kaggle,kaggle:8823,1,1,1428.5,truetruetruetruetrue
phishsense,pretrained,kaggle,kaggle:8956,1,1,1428.5,truetruetruetruetrue
phishsense,pretrained,kaggle,kaggle:7340,1,1,1428.5,truetruetruetruetrue
phishsense,pretrained,kaggle,kaggle:7415,1,1,1428.5,truetruetruetruetrue
phishsense,pretrained,kaggle,kaggle:9515,1,1,1428.5,truetruetruetruetrue
phishsense,pretrained,kaggle,kaggle:6926,1,1,1428.5,truequestionquestion
phishsense,pretrained,kaggle,kaggle:7469,1,1,1428.5,truetruetruetruetrue
phishsense,pretrained,kaggle,kaggle:9609,1,1,1428.5,truequestionquestion
phishsense,pretrained,kaggle,kaggle:8383,1,1,1428.5,truetruetruetruetrue
phishsense,pretrained,kaggle,kaggle:8698,1,1,1428.5,truequestionquestion
phishsense,pretrained,kaggle,kaggle:8952,1,1,1428.5,truetruetruetruetrue
phishsense,pretrained,kaggle,kaggle:6662,1,1,1428.5,truetruetruetrue
phishsense,pretrained,kaggle,kaggle:7344,1,1,1428.5,truetruetruetruetrue
phishsense,pretrained,kaggle,kaggle:8513,1,1,1428.5,true#question
phishsense,pretrained,kaggle,kaggle:8047,1,1,1428.5,truetruetruetruetrue
phishsense,pretrained,kaggle,kaggle:7403,1,1,1428.5,truetruetruetruetrue
phishsense,pretrained,kaggle,kaggle:9741,1,1,1428.5,truetruetruetruetrue
phishsense,pretrained,kaggle,kaggle:6286,1,1,1428.5,truetruetruetruetrue
phishsense,pretrained,kaggle,kaggle:7098,1,1,1428.5,truetruetruetruetrue
phishsense,pretrained,kaggle,kaggle:8977,1,1,1428.5,truetruetruetruetrue
phishsense,pretrained,kaggle,kaggle:7990,1,1,1428.5,truetruetruetruetrue
phishsense,pretrained,kaggle,kaggle:8765,1,1,1428.5,truetruetruetrue
phishsense,pretrained,kaggle,kaggle:7664,1,1,1428.5,truetruetruetruetrue
phishsense,pretrained,kaggle,kaggle:7325,1,1,1428.5,truetruetruetrue
phishsense,pretrained,kaggle,kaggle:6480,1,1,1428.5,truetruetruetruetrue
phishsense,pretrained,kaggle,kaggle:8416,1,1,1428.5,truetruetruetruetrue
phishsense,pretrained,kaggle,kaggle:7245,1,1,1428.5,truetruetruetrue
phishsense,pretrained,kaggle,kaggle:8722,1,1,1428.5,truetruetruetruetrue
phishsense,pretrained,kaggle,kaggle:8446,1,1,1428.5,truetruetruetrue
phishsense,pretrained,kaggle,kaggle:7537,1,1,1428.5,truetruetruetrue
phishsense,pretrained,kaggle,kaggle:7140,1,1,1428.5,truetruetruetruetrue
phishsense,pretrained,kaggle,kaggle:9891,1,1,1428.5,truetruetruetruetrue
phishsense,pretrained,kaggle,kaggle:9667,1,1,1428.5,truetruetruetrue
phishsense,pretrained,kaggle,kaggle:6719,1,1,1428.5,truetruetruetrue
phishsense,pretrained,kaggle,kaggle:8963,1,1,1428.5,truetruetruetruetrue
phishsense,pretrained,kaggle,kaggle:7694,1,1,1428.5,truetruequestion
phishsense,pretrained,kaggle,kaggle:9060,1,1,1428.5,true##
phishsense,pretrained,kaggle,kaggle:6684,1,1,1428.5,truetruetruetruetrue
phishsense,pretrained,kaggle,kaggle:8072,1,1,1428.5,truetruetrue#
phishsense,pretrained,kaggle,kaggle:8113,1,1,1428.5,truetruetruetruetrue
phishsense,pretrained,kaggle,kaggle:8452,1,1,1428.5,truetruethe
phishsense,pretrained,kaggle,kaggle:6378,1,1,1428.5,truetruetruetruetrue
phishsense,pretrained,kaggle,kaggle:8920,1,1,1428.5,truetrue#
phishsense,pretrained,kaggle,kaggle:7233,1,1,1428.5,truetruetruetrue
phishsense,pretrained,kaggle,kaggle:8052,1,1,1428.5,truetruetruetruetrue
phishsense,pretrained,kaggle,kaggle:8907,1,1,1428.5,truetruetruetrue
phishsense,pretrained,kaggle,kaggle:6730,1,1,1428.5,truetruetruetruetrue
phishsense,pretrained,kaggle,kaggle:6594,1,1,1428.5,truetruequestion
phishsense,pretrained,kaggle,kaggle:6320,1,1,1428.5,truetruetruetruetrue
phishsense,pretrained,kaggle,kaggle:8128,1,1,1428.5,truetruetruetruetrue
phishsense,pretrained,kaggle,kaggle:8280,1,1,1428.5,truetrue#
phishsense,pretrained,kaggle,kaggle:9156,1,1,1428.5,truequestionquestion
phishsense,pretrained,kaggle,kaggle:7771,1,1,1428.5,truetruetruetruetrue
phishsense,pretrained,kaggle,kaggle:9232,1,1,1428.5,truetruetruetruetrue
phishsense,pretrained,kaggle,kaggle:9957,1,1,1428.5,truetruetruetruetrue
phishsense,pretrained,kaggle,kaggle:7074,1,1,1428.5,truetruetruetruetrue
phishsense,pretrained,kaggle,kaggle:8594,1,1,1428.5,truetruetruetruetrue
phishsense,pretrained,kaggle,kaggle:6509,1,1,1428.5,truetruetruetrue
phishsense,pretrained,kaggle,kaggle:7079,1,1,1428.5,truetruetruetruetrue
phishsense,pretrained,kaggle,kaggle:8716,1,1,1428.5,truetruetruetruetrue
phishsense,pretrained,kaggle,kaggle:9859,1,1,1428.5,truetruetruetrue
phishsense,pretrained,kaggle,kaggle:6863,1,1,1428.5,truetruetruetruetrue
phishsense,pretrained,kaggle,kaggle:8362,1,1,1428.5,truetruetruetruetrue
phishsense,pretrained,kaggle,kaggle:9760,1,1,1428.5,true#truetrue
phishsense,pretrained,kaggle,kaggle:6418,1,1,1428.5,truetruetruetruetrue
phishsense,pretrained,kaggle,kaggle:9678,1,1,1428.5,truetruetruetruetrue
phishsense,pretrained,kaggle,kaggle:6890,1,1,1428.5,truethe#
phishsense,pretrained,kaggle,kaggle:6321,1,1,1428.5,truetruetruetruetrue
phishsense,pretrained,kaggle,kaggle:9345,1,1,1428.5,truetruetruetruetrue
phishsense,pretrained,kaggle,kaggle:6295,1,1,1428.5,truetruetruequestion
phishsense,pretrained,kaggle,kaggle:9561,1,1,1428.5,truetruetrue#
phishsense,pretrained,kaggle,kaggle:6489,1,1,1428.5,true##
phishsense,pretrained,kaggle,kaggle:8100,1,1,1428.5,truetruetruetruetrue
phishsense,pretrained,kaggle,kaggle:8285,1,1,1428.5,truetruetruetruetrue
phishsense,pretrained,kaggle,kaggle:9480,1,1,1428.5,truetruetruetrue
phishsense,pretrained,kaggle,kaggle:7971,1,1,1428.5,truetruetruetruetrue
phishsense,pretrained,kaggle,kaggle:8198,1,1,1428.5,truetruetruetruetrue
phishsense,pretrained,kaggle,kaggle:6498,1,1,1428.5,truetruetruetruetrue
phishsense,pretrained,kaggle,kaggle:3158,0,0,1428.5,falsefalsefalsefalsefalse
phishsense,pretrained,kaggle,kaggle:1345,0,0,1428.5,falsefalsefalsefalsefalse
phishsense,pretrained,kaggle,kaggle:5916,0,0,1428.5,falsefalsefalsefalsefalse
phishsense,pretrained,kaggle,kaggle:5533,0,0,1428.5,falsefalsefalsefalsefalse
phishsense,pretrained,kaggle,kaggle:2521,0,0,1428.5,falsefalsefalsefalsefalse
phishsense,pretrained,kaggle,kaggle:6215,0,0,1428.5,falsefalsefalsefalsefalse
phishsense,pretrained,kaggle,kaggle:1181,0,0,1428.5,falsefalsefalsefalsefalse
phishsense,pretrained,kaggle,kaggle:5849,0,0,1428.5,falsefalsefalsefalsefalse
phishsense,pretrained,kaggle,kaggle:4490,0,0,1428.5,falsefalsefalsefalsefalse
phishsense,pretrained,kaggle,kaggle:3548,0,0,1428.5,falsefalsefalsefalsefalse
phishsense,pretrained,kaggle,kaggle:2771,0,0,1428.5,falsefalsefalsefalsefalse
phishsense,pretrained,kaggle,kaggle:4477,0,0,1428.5,falsefalsefalsefalsefalse
phishsense,pretrained,kaggle,kaggle:3836,0,0,1428.5,falsefalsefalsefalsefalse
phishsense,pretrained,kaggle,kaggle:2042,0,0,1428.5,falsefalsefalsefalsefalse
phishsense,pretrained,kaggle,kaggle:611,0,0,1428.5,falsefalsefalsefalsefalse
phishsense,pretrained,kaggle,kaggle:2543,0,0,1428.5,falsefalsefalsefalsefalse
phishsense,pretrained,kaggle,kaggle:432,0,0,1428.5,falsetruefalsefalsefalse
phishsense,pretrained,kaggle,kaggle:476,0,0,1428.5,falsefalsefalsefalsefalse
phishsense,pretrained,kaggle,kaggle:511,0,0,1428.5,falsetruetruetruetrue
phishsense,pretrained,kaggle,kaggle:3220,0,0,1428.5,falsefalsefalsefalsefalse
phishsense,pretrained,kaggle,kaggle:2166,0,0,1428.5,falsefalsequestion
phishsense,pretrained,kaggle,kaggle:535,0,0,1428.5,falsefalsefalsefalsefalse
phishsense,pretrained,kaggle,kaggle:1620,0,0,1428.5,falsetruetruetrue
phishsense,pretrained,kaggle,kaggle:2154,0,0,1428.5,falsefalsefalsefalsefalse
phishsense,pretrained,kaggle,kaggle:401,0,0,1428.5,falsefalsefalsefalsefalse
phishsense,pretrained,kaggle,kaggle:4808,0,0,1428.5,falsefalsefalsefalse
phishsense,pretrained,kaggle,kaggle:23,0,0,1428.5,falsefalsefalsefalsefalse
phishsense,pretrained,kaggle,kaggle:1874,0,1,1428.5,truetruetruetruetrue
phishsense,pretrained,kaggle,kaggle:1223,0,0,1428.5,falsefalsefalsefalsefalse
phishsense,pretrained,kaggle,kaggle:6179,0,0,1428.5,falsefalsefalsefalsefalse
phishsense,pretrained,kaggle,kaggle:3163,0,0,1428.5,falsefalsefalsefalsefalse
phishsense,pretrained,kaggle,kaggle:4837,0,0,1428.5,falsefalsefalsefalsefalse
phishsense,pretrained,kaggle,kaggle:1188,0,0,1428.5,falsequestionquestion
phishsense,pretrained,kaggle,kaggle:1426,0,0,1428.5,falsefalsefalsefalsefalse
phishsense,pretrained,kaggle,kaggle:1557,0,0,1428.5,falsefalsefalsefalsefalse
phishsense,pretrained,kaggle,kaggle:156,0,0,1428.5,falsefalsefalsefalsefalse
phishsense,pretrained,kaggle,kaggle:2570,0,0,1428.5,falsefalsefalsefalsefalse
phishsense,pretrained,kaggle,kaggle:622,0,0,1428.5,false#truetrue
phishsense,pretrained,kaggle,kaggle:3708,0,0,1428.5,falsefalsefalsefalsefalse
phishsense,pretrained,kaggle,kaggle:5804,0,0,1428.5,falsefalsefalsefalsefalse
phishsense,pretrained,kaggle,kaggle:1740,0,0,1428.5,falsefalsefalsefalsefalse
phishsense,pretrained,kaggle,kaggle:1805,0,0,1428.5,falsefalsefalsefalsefalse
phishsense,pretrained,kaggle,kaggle:6035,0,1,1428.5,truetruetruetruetrue
phishsense,pretrained,kaggle,kaggle:208,0,0,1428.5,falsefalsefalsefalsefalse
phishsense,pretrained,kaggle,kaggle:5913,0,0,1428.5,falsefalsefalsefalsefalse
phishsense,pretrained,kaggle,kaggle:2988,0,1,1428.5,truetruetruetruetrue
phishsense,pretrained,kaggle,kaggle:6157,0,0,1428.5,falsefalsefalsefalsefalse
phishsense,pretrained,kaggle,kaggle:230,0,0,1428.5,falsefalsefalsefalsefalse
phishsense,pretrained,kaggle,kaggle:2226,0,0,1428.5,falsefalsefalsefalse
phishsense,pretrained,kaggle,kaggle:3089,0,1,1428.5,truetruetruetruetrue
phishsense,pretrained,kaggle,kaggle:4513,0,0,1428.5,falsefalsefalsefalsefalse
phishsense,pretrained,kaggle,kaggle:1315,0,0,1428.5,falsefalsefalsefalsefalse
phishsense,pretrained,kaggle,kaggle:5790,0,0,1428.5,falsefalsefalsefalsefalse
phishsense,pretrained,kaggle,kaggle:2306,0,0,1428.5,falsefalsefalsefalsefalse
phishsense,pretrained,kaggle,kaggle:1488,0,0,1428.5,falsefalsefalsefalsefalse
phishsense,pretrained,kaggle,kaggle:5944,0,0,1428.5,falsefalsefalsefalsefalse
phishsense,pretrained,kaggle,kaggle:3045,0,0,1428.5,falsefalsefalsefalsefalse
phishsense,pretrained,kaggle,kaggle:1926,0,0,1428.5,falsefalsefalsefalsefalse
phishsense,pretrained,kaggle,kaggle:3203,0,0,1428.5,falsefalsethe
phishsense,pretrained,kaggle,kaggle:5659,0,0,1428.5,falsefalsefalsefalsefalse
phishsense,pretrained,kaggle,kaggle:2821,0,0,1428.5,falsefalsefalsefalsefalse
phishsense,pretrained,kaggle,kaggle:4385,0,0,1428.5,falsefalsefalsefalsefalse
phishsense,pretrained,kaggle,kaggle:3018,0,0,1428.5,falsefalsefalsefalsefalse
phishsense,pretrained,kaggle,kaggle:4810,0,0,1428.5,falsefalsefalsefalsefalse
phishsense,pretrained,kaggle,kaggle:1902,0,0,1428.5,falsefalsefalsefalsefalse
phishsense,pretrained,kaggle,kaggle:4464,0,0,1428.5,falsefalsefalsefalsefalse
phishsense,pretrained,kaggle,kaggle:3560,0,0,1428.5,falsefalsefalsefalsefalse
phishsense,pretrained,kaggle,kaggle:5899,0,0,1428.5,falsefalsefalsetruetrue
phishsense,pretrained,kaggle,kaggle:2344,0,0,1428.5,falsequestionquestion
phishsense,pretrained,kaggle,kaggle:538,0,0,1428.5,falsefalsefalsefalsefalse
phishsense,pretrained,kaggle,kaggle:3413,0,0,1428.5,falsefalsefalsefalse
phishsense,pretrained,kaggle,kaggle:2002,0,1,1428.5,truetruetruetrue
phishsense,pretrained,kaggle,kaggle:4715,0,0,1428.5,falsefalsefalsefalsefalse
phishsense,pretrained,kaggle,kaggle:6047,0,0,1428.5,falsefalsefalsefalse
phishsense,pretrained,kaggle,kaggle:2862,0,0,1428.5,falsefalsefalsefalsefalse
phishsense,pretrained,kaggle,kaggle:1919,0,0,1428.5,falsefalsefalsefalsefalse
phishsense,pretrained,kaggle,kaggle:5494,0,1,1428.5,truetruefalsefalsefalse
phishsense,pretrained,kaggle,kaggle:1039,0,0,1428.5,falsefalsefalsefalsefalse
phishsense,pretrained,kaggle,kaggle:2611,0,0,1428.5,falsefalse#
phishsense,pretrained,kaggle,kaggle:6165,0,0,1428.5,falsefalsefalsetruetrue
phishsense,pretrained,kaggle,kaggle:1718,0,0,1428.5,falsefalsefalsefalsefalse
phishsense,pretrained,kaggle,kaggle:3896,0,0,1428.5,falsefalsefalsefalsefalse
phishsense,pretrained,kaggle,kaggle:3547,0,0,1428.5,falsefalsefalsefalsefalse
phishsense,pretrained,kaggle,kaggle:1859,0,0,1428.5,falsefalsefalsefalsefalse
phishsense,pretrained,kaggle,kaggle:324,0,0,1428.5,falsefalsefalsethe
phishsense,pretrained,kaggle,kaggle:3841,0,0,1428.5,falsefalsefalsefalsefalse
phishsense,pretrained,kaggle,kaggle:5856,0,0,1428.5,falsefalsefalsefalse
phishsense,pretrained,kaggle,kaggle:132,0,0,1428.5,falsefalsefalsefalsefalse
phishsense,pretrained,kaggle,kaggle:3169,0,0,1428.5,falsefalsefalsefalsefalse
phishsense,pretrained,kaggle,kaggle:1057,0,0,1428.5,falsefalsefalsefalse
phishsense,pretrained,kaggle,kaggle:4461,0,0,1428.5,falsefalsefalsefalsefalse
phishsense,pretrained,kaggle,kaggle:812,0,0,1428.5,falsefalsefalsefalse
phishsense,pretrained,kaggle,kaggle:3618,0,0,1428.5,falsefalsefalsetruetrue
phishsense,pretrained,kaggle,kaggle:3076,0,0,1428.5,falsefalsefalsefalsefalse
phishsense,pretrained,kaggle,kaggle:1881,0,0,1428.5,falsefalsefalsefalsefalse
phishsense,pretrained,kaggle,kaggle:5825,0,0,1428.5,falsefalsefalsefalsefalse
phishsense,pretrained,kaggle,kaggle:1869,0,0,1428.5,falsefalsefalsefalsefalse
phishsense,pretrained,kaggle,kaggle:4095,0,1,1428.5,truetruetruetruetrue
phishsense,pretrained,kaggle,kaggle:318,0,0,1428.5,falsefalsefalsefalsefalse
phishsense,pretrained,kaggle,kaggle:80,0,0,1428.5,falsetruefalsefalsefalse
phishsense,pretrained,kaggle,kaggle:5943,0,0,1428.5,falsefalsefalsefalsefalse
phishsense,pretrained,kaggle,kaggle:730,0,0,1428.5,falsefalsefalsefalsefalse
phishsense,pretrained,kaggle,kaggle:2828,0,0,1428.5,falsefalsefalsefalsefalse
phishsense,pretrained,kaggle,kaggle:2812,0,0,1428.5,falsefalsefalsefalsefalse
phishsense,pretrained,kaggle,kaggle:3165,0,0,1428.5,falsefalsefalsefalsefalse
phishsense,pretrained,kaggle,kaggle:6072,0,0,1428.5,falsefalsefalsefalsefalse
phishsense,pretrained,kaggle,kaggle:4280,0,0,1428.5,falsefalsefalsefalsefalse
phishsense,pretrained,kaggle,kaggle:4352,0,0,1428.5,falsefalsefalsefalsefalse
phishsense,pretrained,kaggle,kaggle:4279,0,0,1428.5,falsefalsefalsefalse
phishsense,pretrained,kaggle,kaggle:6023,0,0,1428.5,falsefalsefalsefalse
phishsense,pretrained,kaggle,kaggle:1047,0,0,1428.5,falsetruetruetruetrue
phishsense,pretrained,kaggle,kaggle:2815,0,0,1428.5,falsefalsefalsefalse
phishsense,pretrained,kaggle,kaggle:706,0,0,1428.5,false##
phishsense,pretrained,kaggle,kaggle:4537,0,0,1428.5,falsefalsefalsefalsefalse
phishsense,pretrained,kaggle,kaggle:2298,0,0,1428.5,falsefalsefalsefalsefalse
phishsense,pretrained,kaggle,kaggle:3801,0,0,1428.5,falsefalsefalsefalse
phishsense,pretrained,kaggle,kaggle:4623,0,0,1428.5,falsefalsefalsefalsefalse
phishsense,pretrained,kaggle,kaggle:6038,0,0,1428.5,falsefalsefalsefalse
phishsense,pretrained,kaggle,kaggle:3063,0,0,1428.5,falsetruetruetruetrue
phishsense,pretrained,kaggle,kaggle:6137,0,0,1428.5,falsefalsefalsefalsefalse
phishsense,pretrained,kaggle,kaggle:3886,0,0,1428.5,falsefalsefalsefalsefalse
phishsense,pretrained,kaggle,kaggle:5745,0,0,1428.5,falsefalsefalsefalsefalse
phishsense,pretrained,kaggle,kaggle:893,0,0,1428.5,falsefalsefalsefalsefalse
phishsense,pretrained,kaggle,kaggle:534,0,0,1428.5,falsefalsefalsefalsefalse
phishsense,pretrained,kaggle,kaggle:5869,0,0,1428.5,falsefalsefalsefalsefalse
phishsense,pretrained,kaggle,kaggle:2412,0,0,1428.5,falsefalsefalsefalsefalse
phishsense,pretrained,kaggle,kaggle:5472,0,0,1428.5,falsefalsefalsefalsefalse
phishsense,pretrained,kaggle,kaggle:4410,0,0,1428.5,falsethe#
phishsense,pretrained,kaggle,kaggle:4770,0,1,1428.5,truetruetruetruetrue
phishsense,pretrained,kaggle,kaggle:800,0,0,1428.5,falsefalsefalsefalsefalse
phishsense,pretrained,kaggle,kaggle:3405,0,0,1428.5,falsefalsefalsefalsefalse
phishsense,pretrained,kaggle,kaggle:5389,0,0,1428.5,falsefalsequestion
phishsense,pretrained,kaggle,kaggle:4224,0,0,1428.5,falsefalsetruetruefalse
phishsense,pretrained,kaggle,kaggle:683,0,0,1428.5,falsefalsefalsefalse
phishsense,pretrained,kaggle,kaggle:1669,0,0,1428.5,falsefalsefalsefalsefalse
phishsense,pretrained,kaggle,kaggle:5993,0,0,1428.5,falsefalsefalsefalsefalse
phishsense,pretrained,kaggle,kaggle:198,0,0,1428.5,falsetruetruetruetrue
phishsense,pretrained,kaggle,kaggle:88,0,0,1428.5,falsefalsefalsefalsefalse
phishsense,pretrained,kaggle,kaggle:736,0,0,1428.5,falsefalsefalsefalsefalse
phishsense,pretrained,kaggle,kaggle:1144,0,0,1428.5,falsefalsefalsefalsefalse
phishsense,pretrained,kaggle,kaggle:3125,0,0,1428.5,falsefalsefalsequestion
phishsense,pretrained,kaggle,kaggle:6085,0,0,1428.5,falsefalsefalsefalsefalse
phishsense,pretrained,kaggle,kaggle:3617,0,0,1428.5,falsefalsefalsefalsefalse
phishsense,pretrained,kaggle,kaggle:3732,0,0,1428.5,falsefalsefalsefalsefalse
phishsense,pretrained,kaggle,kaggle:3334,0,0,1428.5,falsefalsefalsefalsefalse
phishsense,pretrained,kaggle,kaggle:2882,0,0,1428.5,falsefalsefalsefalsefalse
phishsense,pretrained,kaggle,kaggle:3308,0,0,1428.5,falsefalsefalsefalsefalse
phishsense,pretrained,kaggle,kaggle:3891,0,0,1428.5,falsefalsefalsefalsefalse
phishsense,pretrained,kaggle,kaggle:506,0,0,1428.5,falsefalsefalsefalsefalse
phishsense,pretrained,kaggle,kaggle:5141,0,0,1428.5,falsefalsefalsefalsefalse
bert,pretrained,ephishllm_it,ephishllm_it:2353,1,1,284.4,
bert,pretrained,ephishllm_it,ephishllm_it:2468,1,1,284.4,
bert,pretrained,ephishllm_it,ephishllm_it:1117,1,1,284.4,
bert,pretrained,ephishllm_it,ephishllm_it:1171,1,1,284.4,
bert,pretrained,ephishllm_it,ephishllm_it:2315,1,1,284.4,
bert,pretrained,ephishllm_it,ephishllm_it:813,1,1,284.4,
bert,pretrained,ephishllm_it,ephishllm_it:1226,1,1,284.4,
bert,pretrained,ephishllm_it,ephishllm_it:760,1,1,284.4,
bert,pretrained,ephishllm_it,ephishllm_it:2681,1,1,284.4,
bert,pretrained,ephishllm_it,ephishllm_it:2386,1,1,284.4,
bert,pretrained,ephishllm_it,ephishllm_it:2331,1,1,284.4,
bert,pretrained,ephishllm_it,ephishllm_it:790,1,1,284.4,
bert,pretrained,ephishllm_it,ephishllm_it:2188,1,1,284.4,
bert,pretrained,ephishllm_it,ephishllm_it:2337,1,1,284.4,
bert,pretrained,ephishllm_it,ephishllm_it:2472,1,1,284.4,
bert,pretrained,ephishllm_it,ephishllm_it:2482,1,1,284.4,
bert,pretrained,ephishllm_it,ephishllm_it:2281,1,1,284.4,
bert,pretrained,ephishllm_it,ephishllm_it:2531,1,1,284.4,
bert,pretrained,ephishllm_it,ephishllm_it:2589,1,1,284.4,
bert,pretrained,ephishllm_it,ephishllm_it:1131,1,1,284.4,
bert,pretrained,ephishllm_it,ephishllm_it:805,1,1,284.4,
bert,pretrained,ephishllm_it,ephishllm_it:994,1,1,284.4,
bert,pretrained,ephishllm_it,ephishllm_it:2605,1,1,284.4,
bert,pretrained,ephishllm_it,ephishllm_it:860,1,1,284.4,
bert,pretrained,ephishllm_it,ephishllm_it:862,1,1,284.4,
bert,pretrained,ephishllm_it,ephishllm_it:748,1,1,284.4,
bert,pretrained,ephishllm_it,ephishllm_it:969,1,1,284.4,
bert,pretrained,ephishllm_it,ephishllm_it:993,1,1,284.4,
bert,pretrained,ephishllm_it,ephishllm_it:978,1,1,284.4,
bert,pretrained,ephishllm_it,ephishllm_it:800,1,1,284.4,
bert,pretrained,ephishllm_it,ephishllm_it:817,1,1,284.4,
bert,pretrained,ephishllm_it,ephishllm_it:1152,1,1,284.4,
bert,pretrained,ephishllm_it,ephishllm_it:2436,1,1,284.4,
bert,pretrained,ephishllm_it,ephishllm_it:1233,1,1,284.4,
bert,pretrained,ephishllm_it,ephishllm_it:2403,1,1,284.4,
bert,pretrained,ephishllm_it,ephishllm_it:727,1,1,284.4,
bert,pretrained,ephishllm_it,ephishllm_it:2539,1,1,284.4,
bert,pretrained,ephishllm_it,ephishllm_it:2623,1,1,284.4,
bert,pretrained,ephishllm_it,ephishllm_it:1161,1,1,284.4,
bert,pretrained,ephishllm_it,ephishllm_it:2186,1,1,284.4,
bert,pretrained,ephishllm_it,ephishllm_it:979,1,1,284.4,
bert,pretrained,ephishllm_it,ephishllm_it:1098,1,1,284.4,
bert,pretrained,ephishllm_it,ephishllm_it:2456,1,1,284.4,
bert,pretrained,ephishllm_it,ephishllm_it:882,1,1,284.4,
bert,pretrained,ephishllm_it,ephishllm_it:2434,1,1,284.4,
bert,pretrained,ephishllm_it,ephishllm_it:2689,1,1,284.4,
bert,pretrained,ephishllm_it,ephishllm_it:792,1,1,284.4,
bert,pretrained,ephishllm_it,ephishllm_it:1256,1,1,284.4,
bert,pretrained,ephishllm_it,ephishllm_it:2372,1,1,284.4,
bert,pretrained,ephishllm_it,ephishllm_it:2290,1,1,284.4,
bert,pretrained,ephishllm_it,ephishllm_it:1059,1,1,284.4,
bert,pretrained,ephishllm_it,ephishllm_it:1194,1,1,284.4,
bert,pretrained,ephishllm_it,ephishllm_it:896,1,1,284.4,
bert,pretrained,ephishllm_it,ephishllm_it:1063,1,1,284.4,
bert,pretrained,ephishllm_it,ephishllm_it:2369,1,1,284.4,
bert,pretrained,ephishllm_it,ephishllm_it:774,1,1,284.4,
bert,pretrained,ephishllm_it,ephishllm_it:2558,1,1,284.4,
bert,pretrained,ephishllm_it,ephishllm_it:2637,1,1,284.4,
bert,pretrained,ephishllm_it,ephishllm_it:903,1,1,284.4,
bert,pretrained,ephishllm_it,ephishllm_it:1245,1,1,284.4,
bert,pretrained,ephishllm_it,ephishllm_it:2455,1,1,284.4,
bert,pretrained,ephishllm_it,ephishllm_it:2588,1,1,284.4,
bert,pretrained,ephishllm_it,ephishllm_it:755,1,1,284.4,
bert,pretrained,ephishllm_it,ephishllm_it:1136,1,1,284.4,
bert,pretrained,ephishllm_it,ephishllm_it:2693,1,1,284.4,
bert,pretrained,ephishllm_it,ephishllm_it:2566,1,1,284.4,
bert,pretrained,ephishllm_it,ephishllm_it:1027,1,1,284.4,
bert,pretrained,ephishllm_it,ephishllm_it:1262,1,1,284.4,
bert,pretrained,ephishllm_it,ephishllm_it:1151,1,1,284.4,
bert,pretrained,ephishllm_it,ephishllm_it:1300,1,1,284.4,
bert,pretrained,ephishllm_it,ephishllm_it:1227,1,1,284.4,
bert,pretrained,ephishllm_it,ephishllm_it:1032,1,1,284.4,
bert,pretrained,ephishllm_it,ephishllm_it:1023,1,1,284.4,
bert,pretrained,ephishllm_it,ephishllm_it:1102,1,1,284.4,
bert,pretrained,ephishllm_it,ephishllm_it:2199,1,1,284.4,
bert,pretrained,ephishllm_it,ephishllm_it:1046,1,1,284.4,
bert,pretrained,ephishllm_it,ephishllm_it:948,1,1,284.4,
bert,pretrained,ephishllm_it,ephishllm_it:2252,1,1,284.4,
bert,pretrained,ephishllm_it,ephishllm_it:2302,1,1,284.4,
bert,pretrained,ephishllm_it,ephishllm_it:832,1,1,284.4,
bert,pretrained,ephishllm_it,ephishllm_it:1002,1,1,284.4,
bert,pretrained,ephishllm_it,ephishllm_it:735,1,1,284.4,
bert,pretrained,ephishllm_it,ephishllm_it:924,1,1,284.4,
bert,pretrained,ephishllm_it,ephishllm_it:2641,1,0,284.4,
bert,pretrained,ephishllm_it,ephishllm_it:2259,1,1,284.4,
bert,pretrained,ephishllm_it,ephishllm_it:2485,1,1,284.4,
bert,pretrained,ephishllm_it,ephishllm_it:2301,1,0,284.4,
bert,pretrained,ephishllm_it,ephishllm_it:914,1,1,284.4,
bert,pretrained,ephishllm_it,ephishllm_it:878,1,1,284.4,
bert,pretrained,ephishllm_it,ephishllm_it:1003,1,1,284.4,
bert,pretrained,ephishllm_it,ephishllm_it:1037,1,1,284.4,
bert,pretrained,ephishllm_it,ephishllm_it:2334,1,1,284.4,
bert,pretrained,ephishllm_it,ephishllm_it:1035,1,1,284.4,
bert,pretrained,ephishllm_it,ephishllm_it:844,1,1,284.4,
bert,pretrained,ephishllm_it,ephishllm_it:1255,1,1,284.4,
bert,pretrained,ephishllm_it,ephishllm_it:1084,1,1,284.4,
bert,pretrained,ephishllm_it,ephishllm_it:964,1,1,284.4,
bert,pretrained,ephishllm_it,ephishllm_it:1036,1,1,284.4,
bert,pretrained,ephishllm_it,ephishllm_it:2555,1,1,284.4,
bert,pretrained,ephishllm_it,ephishllm_it:1065,1,1,284.4,
bert,pretrained,ephishllm_it,ephishllm_it:2264,1,1,284.4,
bert,pretrained,ephishllm_it,ephishllm_it:714,1,1,284.4,
bert,pretrained,ephishllm_it,ephishllm_it:1071,1,1,284.4,
bert,pretrained,ephishllm_it,ephishllm_it:1055,1,1,284.4,
bert,pretrained,ephishllm_it,ephishllm_it:2262,1,1,284.4,
bert,pretrained,ephishllm_it,ephishllm_it:902,1,1,284.4,
bert,pretrained,ephishllm_it,ephishllm_it:1183,1,1,284.4,
bert,pretrained,ephishllm_it,ephishllm_it:2219,1,1,284.4,
bert,pretrained,ephishllm_it,ephishllm_it:2476,1,1,284.4,
bert,pretrained,ephishllm_it,ephishllm_it:1067,1,1,284.4,
bert,pretrained,ephishllm_it,ephishllm_it:2582,1,1,284.4,
bert,pretrained,ephishllm_it,ephishllm_it:1274,1,0,284.4,
bert,pretrained,ephishllm_it,ephishllm_it:2240,1,1,284.4,
bert,pretrained,ephishllm_it,ephishllm_it:2571,1,1,284.4,
bert,pretrained,ephishllm_it,ephishllm_it:2245,1,1,284.4,
bert,pretrained,ephishllm_it,ephishllm_it:2347,1,1,284.4,
bert,pretrained,ephishllm_it,ephishllm_it:2366,1,1,284.4,
bert,pretrained,ephishllm_it,ephishllm_it:2584,1,1,284.4,
bert,pretrained,ephishllm_it,ephishllm_it:753,1,1,284.4,
bert,pretrained,ephishllm_it,ephishllm_it:811,1,1,284.4,
bert,pretrained,ephishllm_it,ephishllm_it:763,1,1,284.4,
bert,pretrained,ephishllm_it,ephishllm_it:913,1,1,284.4,
bert,pretrained,ephishllm_it,ephishllm_it:2326,1,1,284.4,
bert,pretrained,ephishllm_it,ephishllm_it:2358,1,1,284.4,
bert,pretrained,ephishllm_it,ephishllm_it:2227,1,1,284.4,
bert,pretrained,ephishllm_it,ephishllm_it:998,1,0,284.4,
bert,pretrained,ephishllm_it,ephishllm_it:1134,1,1,284.4,
bert,pretrained,ephishllm_it,ephishllm_it:2621,1,1,284.4,
bert,pretrained,ephishllm_it,ephishllm_it:2475,1,1,284.4,
bert,pretrained,ephishllm_it,ephishllm_it:1257,1,1,284.4,
bert,pretrained,ephishllm_it,ephishllm_it:1092,1,1,284.4,
bert,pretrained,ephishllm_it,ephishllm_it:1236,1,1,284.4,
bert,pretrained,ephishllm_it,ephishllm_it:912,1,1,284.4,
bert,pretrained,ephishllm_it,ephishllm_it:2420,1,1,284.4,
bert,pretrained,ephishllm_it,ephishllm_it:1115,1,1,284.4,
bert,pretrained,ephishllm_it,ephishllm_it:787,1,1,284.4,
bert,pretrained,ephishllm_it,ephishllm_it:1186,1,1,284.4,
bert,pretrained,ephishllm_it,ephishllm_it:1146,1,1,284.4,
bert,pretrained,ephishllm_it,ephishllm_it:2494,1,1,284.4,
bert,pretrained,ephishllm_it,ephishllm_it:1113,1,0,284.4,
bert,pretrained,ephishllm_it,ephishllm_it:1000,1,1,284.4,
bert,pretrained,ephishllm_it,ephishllm_it:1205,1,1,284.4,
bert,pretrained,ephishllm_it,ephishllm_it:2183,1,1,284.4,
bert,pretrained,ephishllm_it,ephishllm_it:1129,1,1,284.4,
bert,pretrained,ephishllm_it,ephishllm_it:780,1,1,284.4,
bert,pretrained,ephishllm_it,ephishllm_it:2563,1,0,284.4,
bert,pretrained,ephishllm_it,ephishllm_it:842,1,1,284.4,
bert,pretrained,ephishllm_it,ephishllm_it:935,1,1,284.4,
bert,pretrained,ephishllm_it,ephishllm_it:1298,1,1,284.4,
bert,pretrained,ephishllm_it,ephishllm_it:951,1,1,284.4,
bert,pretrained,ephishllm_it,ephishllm_it:2104,0,1,284.4,
bert,pretrained,ephishllm_it,ephishllm_it:1597,0,1,284.4,
bert,pretrained,ephishllm_it,ephishllm_it:432,0,1,284.4,
bert,pretrained,ephishllm_it,ephishllm_it:1576,0,1,284.4,
bert,pretrained,ephishllm_it,ephishllm_it:1782,0,1,284.4,
bert,pretrained,ephishllm_it,ephishllm_it:1638,0,1,284.4,
bert,pretrained,ephishllm_it,ephishllm_it:2176,0,1,284.4,
bert,pretrained,ephishllm_it,ephishllm_it:1550,0,1,284.4,
bert,pretrained,ephishllm_it,ephishllm_it:2151,0,1,284.4,
bert,pretrained,ephishllm_it,ephishllm_it:566,0,1,284.4,
bert,pretrained,ephishllm_it,ephishllm_it:65,0,1,284.4,
bert,pretrained,ephishllm_it,ephishllm_it:427,0,1,284.4,
bert,pretrained,ephishllm_it,ephishllm_it:59,0,1,284.4,
bert,pretrained,ephishllm_it,ephishllm_it:1761,0,1,284.4,
bert,pretrained,ephishllm_it,ephishllm_it:1647,0,1,284.4,
bert,pretrained,ephishllm_it,ephishllm_it:506,0,1,284.4,
bert,pretrained,ephishllm_it,ephishllm_it:1619,0,0,284.4,
bert,pretrained,ephishllm_it,ephishllm_it:270,0,1,284.4,
bert,pretrained,ephishllm_it,ephishllm_it:2131,0,1,284.4,
bert,pretrained,ephishllm_it,ephishllm_it:275,0,1,284.4,
bert,pretrained,ephishllm_it,ephishllm_it:30,0,1,284.4,
bert,pretrained,ephishllm_it,ephishllm_it:2142,0,1,284.4,
bert,pretrained,ephishllm_it,ephishllm_it:2107,0,0,284.4,
bert,pretrained,ephishllm_it,ephishllm_it:29,0,1,284.4,
bert,pretrained,ephishllm_it,ephishllm_it:123,0,1,284.4,
bert,pretrained,ephishllm_it,ephishllm_it:175,0,1,284.4,
bert,pretrained,ephishllm_it,ephishllm_it:1537,0,1,284.4,
bert,pretrained,ephishllm_it,ephishllm_it:1470,0,1,284.4,
bert,pretrained,ephishllm_it,ephishllm_it:495,0,1,284.4,
bert,pretrained,ephishllm_it,ephishllm_it:482,0,1,284.4,
bert,pretrained,ephishllm_it,ephishllm_it:1596,0,1,284.4,
bert,pretrained,ephishllm_it,ephishllm_it:1665,0,1,284.4,
bert,pretrained,ephishllm_it,ephishllm_it:1368,0,1,284.4,
bert,pretrained,ephishllm_it,ephishllm_it:2128,0,1,284.4,
bert,pretrained,ephishllm_it,ephishllm_it:1622,0,1,284.4,
bert,pretrained,ephishllm_it,ephishllm_it:141,0,1,284.4,
bert,pretrained,ephishllm_it,ephishllm_it:1325,0,0,284.4,
bert,pretrained,ephishllm_it,ephishllm_it:332,0,1,284.4,
bert,pretrained,ephishllm_it,ephishllm_it:1745,0,0,284.4,
bert,pretrained,ephishllm_it,ephishllm_it:198,0,1,284.4,
bert,pretrained,ephishllm_it,ephishllm_it:1322,0,1,284.4,
bert,pretrained,ephishllm_it,ephishllm_it:1334,0,1,284.4,
bert,pretrained,ephishllm_it,ephishllm_it:1451,0,1,284.4,
bert,pretrained,ephishllm_it,ephishllm_it:1946,0,1,284.4,
bert,pretrained,ephishllm_it,ephishllm_it:2139,0,1,284.4,
bert,pretrained,ephishllm_it,ephishllm_it:1400,0,1,284.4,
bert,pretrained,ephishllm_it,ephishllm_it:220,0,1,284.4,
bert,pretrained,ephishllm_it,ephishllm_it:240,0,1,284.4,
bert,pretrained,ephishllm_it,ephishllm_it:1884,0,1,284.4,
bert,pretrained,ephishllm_it,ephishllm_it:1877,0,1,284.4,
bert,pretrained,ephishllm_it,ephishllm_it:23,0,1,284.4,
bert,pretrained,ephishllm_it,ephishllm_it:99,0,0,284.4,
bert,pretrained,ephishllm_it,ephishllm_it:366,0,1,284.4,
bert,pretrained,ephishllm_it,ephishllm_it:1706,0,0,284.4,
bert,pretrained,ephishllm_it,ephishllm_it:1357,0,1,284.4,
bert,pretrained,ephishllm_it,ephishllm_it:1456,0,1,284.4,
bert,pretrained,ephishllm_it,ephishllm_it:1730,0,1,284.4,
bert,pretrained,ephishllm_it,ephishllm_it:1315,0,0,284.4,
bert,pretrained,ephishllm_it,ephishllm_it:374,0,1,284.4,
bert,pretrained,ephishllm_it,ephishllm_it:1673,0,1,284.4,
bert,pretrained,ephishllm_it,ephishllm_it:344,0,1,284.4,
bert,pretrained,ephishllm_it,ephishllm_it:1486,0,1,284.4,
bert,pretrained,ephishllm_it,ephishllm_it:2132,0,1,284.4,
bert,pretrained,ephishllm_it,ephishllm_it:1749,0,1,284.4,
bert,pretrained,ephishllm_it,ephishllm_it:2070,0,1,284.4,
bert,pretrained,ephishllm_it,ephishllm_it:1316,0,1,284.4,
bert,pretrained,ephishllm_it,ephishllm_it:528,0,1,284.4,
bert,pretrained,ephishllm_it,ephishllm_it:1831,0,1,284.4,
bert,pretrained,ephishllm_it,ephishllm_it:1895,0,1,284.4,
bert,pretrained,ephishllm_it,ephishllm_it:168,0,1,284.4,
bert,pretrained,ephishllm_it,ephishllm_it:1737,0,1,284.4,
bert,pretrained,ephishllm_it,ephishllm_it:353,0,1,284.4,
bert,pretrained,ephishllm_it,ephishllm_it:1643,0,1,284.4,
bert,pretrained,ephishllm_it,ephishllm_it:135,0,1,284.4,
bert,pretrained,ephishllm_it,ephishllm_it:49,0,1,284.4,
bert,pretrained,ephishllm_it,ephishllm_it:316,0,0,284.4,
bert,pretrained,ephishllm_it,ephishllm_it:614,0,1,284.4,
bert,pretrained,ephishllm_it,ephishllm_it:1458,0,1,284.4,
bert,pretrained,ephishllm_it,ephishllm_it:1321,0,1,284.4,
bert,pretrained,ephishllm_it,ephishllm_it:383,0,1,284.4,
bert,pretrained,ephishllm_it,ephishllm_it:247,0,1,284.4,
bert,pretrained,ephishllm_it,ephishllm_it:1904,0,1,284.4,
bert,pretrained,ephishllm_it,ephishllm_it:2068,0,0,284.4,
bert,pretrained,ephishllm_it,ephishllm_it:583,0,0,284.4,
bert,pretrained,ephishllm_it,ephishllm_it:1649,0,1,284.4,
bert,pretrained,ephishllm_it,ephishllm_it:1720,0,1,284.4,
bert,pretrained,ephishllm_it,ephishllm_it:297,0,1,284.4,
bert,pretrained,ephishllm_it,ephishllm_it:1920,0,1,284.4,
bert,pretrained,ephishllm_it,ephishllm_it:1804,0,1,284.4,
bert,pretrained,ephishllm_it,ephishllm_it:575,0,1,284.4,
bert,pretrained,ephishllm_it,ephishllm_it:1625,0,1,284.4,
bert,pretrained,ephishllm_it,ephishllm_it:331,0,1,284.4,
bert,pretrained,ephishllm_it,ephishllm_it:173,0,1,284.4,
bert,pretrained,ephishllm_it,ephishllm_it:1891,0,1,284.4,
bert,pretrained,ephishllm_it,ephishllm_it:701,0,0,284.4,
bert,pretrained,ephishllm_it,ephishllm_it:51,0,1,284.4,
bert,pretrained,ephishllm_it,ephishllm_it:70,0,1,284.4,
bert,pretrained,ephishllm_it,ephishllm_it:124,0,0,284.4,
bert,pretrained,ephishllm_it,ephishllm_it:1454,0,1,284.4,
bert,pretrained,ephishllm_it,ephishllm_it:76,0,1,284.4,
bert,pretrained,ephishllm_it,ephishllm_it:2112,0,0,284.4,
bert,pretrained,ephishllm_it,ephishllm_it:324,0,1,284.4,
bert,pretrained,ephishllm_it,ephishllm_it:367,0,1,284.4,
bert,pretrained,ephishllm_it,ephishllm_it:1543,0,1,284.4,
bert,pretrained,ephishllm_it,ephishllm_it:1586,0,1,284.4,
bert,pretrained,ephishllm_it,ephishllm_it:1652,0,1,284.4,
bert,pretrained,ephishllm_it,ephishllm_it:184,0,0,284.4,
bert,pretrained,ephishllm_it,ephishllm_it:1630,0,1,284.4,
bert,pretrained,ephishllm_it,ephishllm_it:1498,0,1,284.4,
bert,pretrained,ephishllm_it,ephishllm_it:298,0,1,284.4,
bert,pretrained,ephishllm_it,ephishllm_it:1883,0,1,284.4,
bert,pretrained,ephishllm_it,ephishllm_it:199,0,1,284.4,
bert,pretrained,ephishllm_it,ephishllm_it:1421,0,1,284.4,
bert,pretrained,ephishllm_it,ephishllm_it:598,0,1,284.4,
bert,pretrained,ephishllm_it,ephishllm_it:1562,0,1,284.4,
bert,pretrained,ephishllm_it,ephishllm_it:589,0,1,284.4,
bert,pretrained,ephishllm_it,ephishllm_it:2031,0,1,284.4,
bert,pretrained,ephishllm_it,ephishllm_it:433,0,1,284.4,
bert,pretrained,ephishllm_it,ephishllm_it:599,0,1,284.4,
bert,pretrained,ephishllm_it,ephishllm_it:1612,0,1,284.4,
bert,pretrained,ephishllm_it,ephishllm_it:1457,0,1,284.4,
bert,pretrained,ephishllm_it,ephishllm_it:628,0,0,284.4,
bert,pretrained,ephishllm_it,ephishllm_it:1840,0,0,284.4,
bert,pretrained,ephishllm_it,ephishllm_it:1824,0,0,284.4,
bert,pretrained,ephishllm_it,ephishllm_it:2147,0,1,284.4,
bert,pretrained,ephishllm_it,ephishllm_it:289,0,1,284.4,
bert,pretrained,ephishllm_it,ephishllm_it:1404,0,1,284.4,
bert,pretrained,ephishllm_it,ephishllm_it:493,0,1,284.4,
bert,pretrained,ephishllm_it,ephishllm_it:67,0,1,284.4,
bert,pretrained,ephishllm_it,ephishllm_it:1957,0,1,284.4,
bert,pretrained,ephishllm_it,ephishllm_it:1479,0,1,284.4,
bert,pretrained,ephishllm_it,ephishllm_it:2034,0,1,284.4,
bert,pretrained,ephishllm_it,ephishllm_it:429,0,1,284.4,
bert,pretrained,ephishllm_it,ephishllm_it:668,0,1,284.4,
bert,pretrained,ephishllm_it,ephishllm_it:1577,0,1,284.4,
bert,pretrained,ephishllm_it,ephishllm_it:1533,0,1,284.4,
bert,pretrained,ephishllm_it,ephishllm_it:1725,0,1,284.4,
bert,pretrained,ephishllm_it,ephishllm_it:203,0,1,284.4,
bert,pretrained,ephishllm_it,ephishllm_it:1913,0,1,284.4,
bert,pretrained,ephishllm_it,ephishllm_it:274,0,1,284.4,
bert,pretrained,ephishllm_it,ephishllm_it:535,0,1,284.4,
bert,pretrained,ephishllm_it,ephishllm_it:1968,0,1,284.4,
bert,pretrained,ephishllm_it,ephishllm_it:428,0,1,284.4,
bert,pretrained,ephishllm_it,ephishllm_it:1835,0,1,284.4,
bert,pretrained,ephishllm_it,ephishllm_it:1601,0,1,284.4,
bert,pretrained,ephishllm_it,ephishllm_it:610,0,0,284.4,
bert,pretrained,ephishllm_it,ephishllm_it:529,0,1,284.4,
bert,pretrained,ephishllm_it,ephishllm_it:1432,0,1,284.4,
bert,pretrained,ephishllm_it,ephishllm_it:692,0,1,284.4,
bert,pretrained,ephishllm_it,ephishllm_it:643,0,1,284.4,
bert,pretrained,trec07,trec07:5165,1,1,565.2,
bert,pretrained,trec07,trec07:8154,1,1,565.2,
bert,pretrained,trec07,trec07:4573,1,1,565.2,
bert,pretrained,trec07,trec07:7747,1,1,565.2,
bert,pretrained,trec07,trec07:4979,1,1,565.2,
bert,pretrained,trec07,trec07:7946,1,1,565.2,
bert,pretrained,trec07,trec07:6775,1,1,565.2,
bert,pretrained,trec07,trec07:5421,1,1,565.2,
bert,pretrained,trec07,trec07:7579,1,0,565.2,
bert,pretrained,trec07,trec07:5973,1,1,565.2,
bert,pretrained,trec07,trec07:8126,1,1,565.2,
bert,pretrained,trec07,trec07:6157,1,1,565.2,
bert,pretrained,trec07,trec07:5509,1,1,565.2,
bert,pretrained,trec07,trec07:8833,1,1,565.2,
bert,pretrained,trec07,trec07:9537,1,1,565.2,
bert,pretrained,trec07,trec07:9021,1,1,565.2,
bert,pretrained,trec07,trec07:7926,1,1,565.2,
bert,pretrained,trec07,trec07:7901,1,1,565.2,
bert,pretrained,trec07,trec07:8495,1,1,565.2,
bert,pretrained,trec07,trec07:7819,1,1,565.2,
bert,pretrained,trec07,trec07:8373,1,1,565.2,
bert,pretrained,trec07,trec07:9673,1,1,565.2,
bert,pretrained,trec07,trec07:7109,1,1,565.2,
bert,pretrained,trec07,trec07:6083,1,1,565.2,
bert,pretrained,trec07,trec07:6123,1,1,565.2,
bert,pretrained,trec07,trec07:8730,1,1,565.2,
bert,pretrained,trec07,trec07:5443,1,1,565.2,
bert,pretrained,trec07,trec07:5340,1,1,565.2,
bert,pretrained,trec07,trec07:7071,1,1,565.2,
bert,pretrained,trec07,trec07:9935,1,1,565.2,
bert,pretrained,trec07,trec07:5031,1,1,565.2,
bert,pretrained,trec07,trec07:6458,1,1,565.2,
bert,pretrained,trec07,trec07:9208,1,1,565.2,
bert,pretrained,trec07,trec07:7735,1,1,565.2,
bert,pretrained,trec07,trec07:5455,1,1,565.2,
bert,pretrained,trec07,trec07:8579,1,1,565.2,
bert,pretrained,trec07,trec07:8007,1,1,565.2,
bert,pretrained,trec07,trec07:7181,1,1,565.2,
bert,pretrained,trec07,trec07:7234,1,1,565.2,
bert,pretrained,trec07,trec07:7575,1,1,565.2,
bert,pretrained,trec07,trec07:5615,1,0,565.2,
bert,pretrained,trec07,trec07:8919,1,1,565.2,
bert,pretrained,trec07,trec07:8041,1,1,565.2,
bert,pretrained,trec07,trec07:8645,1,1,565.2,
bert,pretrained,trec07,trec07:6310,1,1,565.2,
bert,pretrained,trec07,trec07:6041,1,1,565.2,
bert,pretrained,trec07,trec07:5940,1,1,565.2,
bert,pretrained,trec07,trec07:8598,1,1,565.2,
bert,pretrained,trec07,trec07:8381,1,1,565.2,
bert,pretrained,trec07,trec07:7734,1,1,565.2,
bert,pretrained,trec07,trec07:6929,1,1,565.2,
bert,pretrained,trec07,trec07:9598,1,1,565.2,
bert,pretrained,trec07,trec07:7480,1,1,565.2,
bert,pretrained,trec07,trec07:8749,1,1,565.2,
bert,pretrained,trec07,trec07:5316,1,1,565.2,
bert,pretrained,trec07,trec07:4707,1,1,565.2,
bert,pretrained,trec07,trec07:5795,1,1,565.2,
bert,pretrained,trec07,trec07:7061,1,1,565.2,
bert,pretrained,trec07,trec07:6158,1,1,565.2,
bert,pretrained,trec07,trec07:5752,1,1,565.2,
bert,pretrained,trec07,trec07:9551,1,1,565.2,
bert,pretrained,trec07,trec07:4619,1,1,565.2,
bert,pretrained,trec07,trec07:5223,1,1,565.2,
bert,pretrained,trec07,trec07:6888,1,1,565.2,
bert,pretrained,trec07,trec07:6205,1,1,565.2,
bert,pretrained,trec07,trec07:6816,1,1,565.2,
bert,pretrained,trec07,trec07:8724,1,1,565.2,
bert,pretrained,trec07,trec07:4859,1,1,565.2,
bert,pretrained,trec07,trec07:8376,1,1,565.2,
bert,pretrained,trec07,trec07:6741,1,1,565.2,
bert,pretrained,trec07,trec07:8067,1,1,565.2,
bert,pretrained,trec07,trec07:7707,1,1,565.2,
bert,pretrained,trec07,trec07:8921,1,1,565.2,
bert,pretrained,trec07,trec07:6707,1,1,565.2,
bert,pretrained,trec07,trec07:4555,1,1,565.2,
bert,pretrained,trec07,trec07:9303,1,1,565.2,
bert,pretrained,trec07,trec07:9991,1,1,565.2,
bert,pretrained,trec07,trec07:5728,1,1,565.2,
bert,pretrained,trec07,trec07:5613,1,1,565.2,
bert,pretrained,trec07,trec07:9692,1,1,565.2,
bert,pretrained,trec07,trec07:5405,1,1,565.2,
bert,pretrained,trec07,trec07:7360,1,1,565.2,
bert,pretrained,trec07,trec07:4672,1,1,565.2,
bert,pretrained,trec07,trec07:8417,1,1,565.2,
bert,pretrained,trec07,trec07:4708,1,1,565.2,
bert,pretrained,trec07,trec07:5698,1,1,565.2,
bert,pretrained,trec07,trec07:4624,1,1,565.2,
bert,pretrained,trec07,trec07:8084,1,1,565.2,
bert,pretrained,trec07,trec07:8518,1,1,565.2,
bert,pretrained,trec07,trec07:9719,1,1,565.2,
bert,pretrained,trec07,trec07:8341,1,1,565.2,
bert,pretrained,trec07,trec07:5291,1,1,565.2,
bert,pretrained,trec07,trec07:5138,1,1,565.2,
bert,pretrained,trec07,trec07:8989,1,1,565.2,
bert,pretrained,trec07,trec07:7242,1,1,565.2,
bert,pretrained,trec07,trec07:6362,1,1,565.2,
bert,pretrained,trec07,trec07:8795,1,0,565.2,
bert,pretrained,trec07,trec07:8289,1,1,565.2,
bert,pretrained,trec07,trec07:9763,1,1,565.2,
bert,pretrained,trec07,trec07:6897,1,1,565.2,
bert,pretrained,trec07,trec07:4941,1,0,565.2,
bert,pretrained,trec07,trec07:6734,1,0,565.2,
bert,pretrained,trec07,trec07:6946,1,1,565.2,
bert,pretrained,trec07,trec07:8220,1,1,565.2,
bert,pretrained,trec07,trec07:7871,1,1,565.2,
bert,pretrained,trec07,trec07:7484,1,1,565.2,
bert,pretrained,trec07,trec07:5635,1,0,565.2,
bert,pretrained,trec07,trec07:5977,1,1,565.2,
bert,pretrained,trec07,trec07:9192,1,1,565.2,
bert,pretrained,trec07,trec07:6497,1,1,565.2,
bert,pretrained,trec07,trec07:4837,1,1,565.2,
bert,pretrained,trec07,trec07:9379,1,1,565.2,
bert,pretrained,trec07,trec07:5750,1,1,565.2,
bert,pretrained,trec07,trec07:5782,1,1,565.2,
bert,pretrained,trec07,trec07:8811,1,0,565.2,
bert,pretrained,trec07,trec07:5572,1,1,565.2,
bert,pretrained,trec07,trec07:9140,1,1,565.2,
bert,pretrained,trec07,trec07:9327,1,1,565.2,
bert,pretrained,trec07,trec07:4548,1,1,565.2,
bert,pretrained,trec07,trec07:6849,1,1,565.2,
bert,pretrained,trec07,trec07:6792,1,1,565.2,
bert,pretrained,trec07,trec07:6258,1,1,565.2,
bert,pretrained,trec07,trec07:7435,1,1,565.2,
bert,pretrained,trec07,trec07:9779,1,1,565.2,
bert,pretrained,trec07,trec07:6025,1,1,565.2,
bert,pretrained,trec07,trec07:9004,1,1,565.2,
bert,pretrained,trec07,trec07:7455,1,1,565.2,
bert,pretrained,trec07,trec07:8555,1,1,565.2,
bert,pretrained,trec07,trec07:7142,1,1,565.2,
bert,pretrained,trec07,trec07:8670,1,1,565.2,
bert,pretrained,trec07,trec07:6972,1,1,565.2,
bert,pretrained,trec07,trec07:8256,1,1,565.2,
bert,pretrained,trec07,trec07:8977,1,1,565.2,
bert,pretrained,trec07,trec07:7387,1,1,565.2,
bert,pretrained,trec07,trec07:5287,1,1,565.2,
bert,pretrained,trec07,trec07:7005,1,1,565.2,
bert,pretrained,trec07,trec07:9373,1,1,565.2,
bert,pretrained,trec07,trec07:9835,1,1,565.2,
bert,pretrained,trec07,trec07:9076,1,1,565.2,
bert,pretrained,trec07,trec07:5084,1,1,565.2,
bert,pretrained,trec07,trec07:7874,1,1,565.2,
bert,pretrained,trec07,trec07:9410,1,1,565.2,
bert,pretrained,trec07,trec07:5845,1,1,565.2,
bert,pretrained,trec07,trec07:8842,1,1,565.2,
bert,pretrained,trec07,trec07:7739,1,1,565.2,
bert,pretrained,trec07,trec07:6183,1,1,565.2,
bert,pretrained,trec07,trec07:9725,1,1,565.2,
bert,pretrained,trec07,trec07:7716,1,0,565.2,
bert,pretrained,trec07,trec07:9178,1,1,565.2,
bert,pretrained,trec07,trec07:9571,1,1,565.2,
bert,pretrained,trec07,trec07:1647,0,0,565.2,
bert,pretrained,trec07,trec07:1476,0,0,565.2,
bert,pretrained,trec07,trec07:2111,0,0,565.2,
bert,pretrained,trec07,trec07:3610,0,0,565.2,
bert,pretrained,trec07,trec07:691,0,0,565.2,
bert,pretrained,trec07,trec07:2655,0,0,565.2,
bert,pretrained,trec07,trec07:1662,0,0,565.2,
bert,pretrained,trec07,trec07:3248,0,0,565.2,
bert,pretrained,trec07,trec07:415,0,0,565.2,
bert,pretrained,trec07,trec07:3121,0,0,565.2,
bert,pretrained,trec07,trec07:683,0,1,565.2,
bert,pretrained,trec07,trec07:1580,0,0,565.2,
bert,pretrained,trec07,trec07:2328,0,0,565.2,
bert,pretrained,trec07,trec07:1164,0,0,565.2,
bert,pretrained,trec07,trec07:1344,0,0,565.2,
bert,pretrained,trec07,trec07:3838,0,0,565.2,
bert,pretrained,trec07,trec07:3417,0,0,565.2,
bert,pretrained,trec07,trec07:2700,0,0,565.2,
bert,pretrained,trec07,trec07:3935,0,1,565.2,
bert,pretrained,trec07,trec07:1106,0,0,565.2,
bert,pretrained,trec07,trec07:1937,0,0,565.2,
bert,pretrained,trec07,trec07:2276,0,0,565.2,
bert,pretrained,trec07,trec07:800,0,1,565.2,
bert,pretrained,trec07,trec07:2018,0,0,565.2,
bert,pretrained,trec07,trec07:23,0,1,565.2,
bert,pretrained,trec07,trec07:2252,0,0,565.2,
bert,pretrained,trec07,trec07:8,0,0,565.2,
bert,pretrained,trec07,trec07:3985,0,0,565.2,
bert,pretrained,trec07,trec07:1745,0,0,565.2,
bert,pretrained,trec07,trec07:3595,0,0,565.2,
bert,pretrained,trec07,trec07:2023,0,0,565.2,
bert,pretrained,trec07,trec07:199,0,0,565.2,
bert,pretrained,trec07,trec07:3628,0,0,565.2,
bert,pretrained,trec07,trec07:4363,0,0,565.2,
bert,pretrained,trec07,trec07:69,0,0,565.2,
bert,pretrained,trec07,trec07:3671,0,0,565.2,
bert,pretrained,trec07,trec07:1880,0,0,565.2,
bert,pretrained,trec07,trec07:240,0,0,565.2,
bert,pretrained,trec07,trec07:3543,0,0,565.2,
bert,pretrained,trec07,trec07:1103,0,0,565.2,
bert,pretrained,trec07,trec07:4135,0,0,565.2,
bert,pretrained,trec07,trec07:3338,0,0,565.2,
bert,pretrained,trec07,trec07:4226,0,1,565.2,
bert,pretrained,trec07,trec07:4093,0,0,565.2,
bert,pretrained,trec07,trec07:1084,0,0,565.2,
bert,pretrained,trec07,trec07:416,0,0,565.2,
bert,pretrained,trec07,trec07:2014,0,0,565.2,
bert,pretrained,trec07,trec07:3259,0,0,565.2,
bert,pretrained,trec07,trec07:3814,0,0,565.2,
bert,pretrained,trec07,trec07:252,0,1,565.2,
bert,pretrained,trec07,trec07:3333,0,0,565.2,
bert,pretrained,trec07,trec07:1432,0,0,565.2,
bert,pretrained,trec07,trec07:3043,0,0,565.2,
bert,pretrained,trec07,trec07:2088,0,0,565.2,
bert,pretrained,trec07,trec07:1020,0,0,565.2,
bert,pretrained,trec07,trec07:3733,0,0,565.2,
bert,pretrained,trec07,trec07:1073,0,0,565.2,
bert,pretrained,trec07,trec07:3286,0,0,565.2,
bert,pretrained,trec07,trec07:4206,0,0,565.2,
bert,pretrained,trec07,trec07:3003,0,0,565.2,
bert,pretrained,trec07,trec07:4413,0,0,565.2,
bert,pretrained,trec07,trec07:869,0,0,565.2,
bert,pretrained,trec07,trec07:2927,0,0,565.2,
bert,pretrained,trec07,trec07:1767,0,0,565.2,
bert,pretrained,trec07,trec07:4536,0,0,565.2,
bert,pretrained,trec07,trec07:4260,0,0,565.2,
bert,pretrained,trec07,trec07:29,0,0,565.2,
bert,pretrained,trec07,trec07:3331,0,0,565.2,
bert,pretrained,trec07,trec07:2962,0,0,565.2,
bert,pretrained,trec07,trec07:4339,0,1,565.2,
bert,pretrained,trec07,trec07:4253,0,1,565.2,
bert,pretrained,trec07,trec07:2092,0,0,565.2,
bert,pretrained,trec07,trec07:2877,0,0,565.2,
bert,pretrained,trec07,trec07:538,0,0,565.2,
bert,pretrained,trec07,trec07:2086,0,0,565.2,
bert,pretrained,trec07,trec07:1606,0,0,565.2,
bert,pretrained,trec07,trec07:429,0,0,565.2,
bert,pretrained,trec07,trec07:3024,0,0,565.2,
bert,pretrained,trec07,trec07:1126,0,0,565.2,
bert,pretrained,trec07,trec07:2422,0,0,565.2,
bert,pretrained,trec07,trec07:705,0,0,565.2,
bert,pretrained,trec07,trec07:3459,0,0,565.2,
bert,pretrained,trec07,trec07:2283,0,0,565.2,
bert,pretrained,trec07,trec07:555,0,0,565.2,
bert,pretrained,trec07,trec07:3083,0,0,565.2,
bert,pretrained,trec07,trec07:3684,0,0,565.2,
bert,pretrained,trec07,trec07:2260,0,0,565.2,
bert,pretrained,trec07,trec07:776,0,0,565.2,
bert,pretrained,trec07,trec07:1498,0,0,565.2,
bert,pretrained,trec07,trec07:179,0,0,565.2,
bert,pretrained,trec07,trec07:4118,0,0,565.2,
bert,pretrained,trec07,trec07:2676,0,0,565.2,
bert,pretrained,trec07,trec07:297,0,0,565.2,
bert,pretrained,trec07,trec07:3093,0,0,565.2,
bert,pretrained,trec07,trec07:3846,0,0,565.2,
bert,pretrained,trec07,trec07:3673,0,0,565.2,
bert,pretrained,trec07,trec07:1615,0,0,565.2,
bert,pretrained,trec07,trec07:478,0,0,565.2,
bert,pretrained,trec07,trec07:4024,0,0,565.2,
bert,pretrained,trec07,trec07:1192,0,0,565.2,
bert,pretrained,trec07,trec07:3638,0,0,565.2,
bert,pretrained,trec07,trec07:1302,0,0,565.2,
bert,pretrained,trec07,trec07:3400,0,0,565.2,
bert,pretrained,trec07,trec07:2321,0,0,565.2,
bert,pretrained,trec07,trec07:1170,0,1,565.2,
bert,pretrained,trec07,trec07:2614,0,0,565.2,
bert,pretrained,trec07,trec07:238,0,1,565.2,
bert,pretrained,trec07,trec07:2755,0,0,565.2,
bert,pretrained,trec07,trec07:1652,0,0,565.2,
bert,pretrained,trec07,trec07:1649,0,0,565.2,
bert,pretrained,trec07,trec07:807,0,0,565.2,
bert,pretrained,trec07,trec07:3972,0,0,565.2,
bert,pretrained,trec07,trec07:4468,0,0,565.2,
bert,pretrained,trec07,trec07:1552,0,0,565.2,
bert,pretrained,trec07,trec07:443,0,0,565.2,
bert,pretrained,trec07,trec07:4520,0,0,565.2,
bert,pretrained,trec07,trec07:3728,0,0,565.2,
bert,pretrained,trec07,trec07:1116,0,0,565.2,
bert,pretrained,trec07,trec07:1162,0,1,565.2,
bert,pretrained,trec07,trec07:296,0,0,565.2,
bert,pretrained,trec07,trec07:2646,0,1,565.2,
bert,pretrained,trec07,trec07:3111,0,0,565.2,
bert,pretrained,trec07,trec07:3372,0,0,565.2,
bert,pretrained,trec07,trec07:33,0,0,565.2,
bert,pretrained,trec07,trec07:530,0,0,565.2,
bert,pretrained,trec07,trec07:3469,0,0,565.2,
bert,pretrained,trec07,trec07:1330,0,0,565.2,
bert,pretrained,trec07,trec07:3760,0,0,565.2,
bert,pretrained,trec07,trec07:350,0,0,565.2,
bert,pretrained,trec07,trec07:1627,0,0,565.2,
bert,pretrained,trec07,trec07:414,0,0,565.2,
bert,pretrained,trec07,trec07:151,0,0,565.2,
bert,pretrained,trec07,trec07:4105,0,0,565.2,
bert,pretrained,trec07,trec07:2740,0,1,565.2,
bert,pretrained,trec07,trec07:4254,0,0,565.2,
bert,pretrained,trec07,trec07:2668,0,0,565.2,
bert,pretrained,trec07,trec07:1504,0,0,565.2,
bert,pretrained,trec07,trec07:1842,0,0,565.2,
bert,pretrained,trec07,trec07:3235,0,0,565.2,
bert,pretrained,trec07,trec07:945,0,0,565.2,
bert,pretrained,trec07,trec07:4152,0,0,565.2,
bert,pretrained,trec07,trec07:1786,0,0,565.2,
bert,pretrained,trec07,trec07:2135,0,0,565.2,
bert,pretrained,trec07,trec07:4166,0,0,565.2,
bert,pretrained,trec07,trec07:2029,0,1,565.2,
bert,pretrained,trec07,trec07:3047,0,0,565.2,
bert,pretrained,trec07,trec07:1173,0,0,565.2,
bert,pretrained,trec07,trec07:1773,0,0,565.2,
bert,pretrained,trec07,trec07:1032,0,0,565.2,
bert,pretrained,trec07,trec07:4459,0,0,565.2,
bert,pretrained,enron,enron:6861,1,1,482.8,
bert,pretrained,enron,enron:9711,1,1,482.8,
bert,pretrained,enron,enron:8157,1,1,482.8,
bert,pretrained,enron,enron:5895,1,1,482.8,
bert,pretrained,enron,enron:7650,1,1,482.8,
bert,pretrained,enron,enron:7524,1,1,482.8,
bert,pretrained,enron,enron:8586,1,0,482.8,
bert,pretrained,enron,enron:9435,1,1,482.8,
bert,pretrained,enron,enron:9382,1,1,482.8,
bert,pretrained,enron,enron:5665,1,1,482.8,
bert,pretrained,enron,enron:8777,1,1,482.8,
bert,pretrained,enron,enron:9233,1,1,482.8,
bert,pretrained,enron,enron:6153,1,1,482.8,
bert,pretrained,enron,enron:6475,1,1,482.8,
bert,pretrained,enron,enron:6533,1,1,482.8,
bert,pretrained,enron,enron:9867,1,1,482.8,
bert,pretrained,enron,enron:5909,1,1,482.8,
bert,pretrained,enron,enron:9592,1,1,482.8,
bert,pretrained,enron,enron:5872,1,1,482.8,
bert,pretrained,enron,enron:7623,1,1,482.8,
bert,pretrained,enron,enron:7216,1,1,482.8,
bert,pretrained,enron,enron:6016,1,1,482.8,
bert,pretrained,enron,enron:9757,1,1,482.8,
bert,pretrained,enron,enron:5633,1,1,482.8,
bert,pretrained,enron,enron:7627,1,1,482.8,
bert,pretrained,enron,enron:8990,1,0,482.8,
bert,pretrained,enron,enron:6520,1,1,482.8,
bert,pretrained,enron,enron:9845,1,1,482.8,
bert,pretrained,enron,enron:5344,1,1,482.8,
bert,pretrained,enron,enron:5779,1,1,482.8,
bert,pretrained,enron,enron:8648,1,1,482.8,
bert,pretrained,enron,enron:8009,1,1,482.8,
bert,pretrained,enron,enron:5979,1,1,482.8,
bert,pretrained,enron,enron:7192,1,1,482.8,
bert,pretrained,enron,enron:6352,1,1,482.8,
bert,pretrained,enron,enron:7218,1,1,482.8,
bert,pretrained,enron,enron:8972,1,1,482.8,
bert,pretrained,enron,enron:8874,1,1,482.8,
bert,pretrained,enron,enron:7171,1,1,482.8,
bert,pretrained,enron,enron:6358,1,1,482.8,
bert,pretrained,enron,enron:5797,1,1,482.8,
bert,pretrained,enron,enron:7991,1,1,482.8,
bert,pretrained,enron,enron:5698,1,1,482.8,
bert,pretrained,enron,enron:6321,1,1,482.8,
bert,pretrained,enron,enron:5841,1,1,482.8,
bert,pretrained,enron,enron:9276,1,1,482.8,
bert,pretrained,enron,enron:8279,1,1,482.8,
bert,pretrained,enron,enron:6747,1,1,482.8,
bert,pretrained,enron,enron:5334,1,1,482.8,
bert,pretrained,enron,enron:8560,1,1,482.8,
bert,pretrained,enron,enron:5607,1,0,482.8,
bert,pretrained,enron,enron:5661,1,1,482.8,
bert,pretrained,enron,enron:8290,1,1,482.8,
bert,pretrained,enron,enron:7353,1,1,482.8,
bert,pretrained,enron,enron:8524,1,1,482.8,
bert,pretrained,enron,enron:9090,1,1,482.8,
bert,pretrained,enron,enron:7248,1,1,482.8,
bert,pretrained,enron,enron:6515,1,1,482.8,
bert,pretrained,enron,enron:8248,1,1,482.8,
bert,pretrained,enron,enron:7902,1,1,482.8,
bert,pretrained,enron,enron:9787,1,1,482.8,
bert,pretrained,enron,enron:9365,1,1,482.8,
bert,pretrained,enron,enron:6204,1,1,482.8,
bert,pretrained,enron,enron:6491,1,1,482.8,
bert,pretrained,enron,enron:7814,1,1,482.8,
bert,pretrained,enron,enron:6255,1,1,482.8,
bert,pretrained,enron,enron:7008,1,1,482.8,
bert,pretrained,enron,enron:5812,1,1,482.8,
bert,pretrained,enron,enron:6723,1,1,482.8,
bert,pretrained,enron,enron:7881,1,1,482.8,
bert,pretrained,enron,enron:7541,1,1,482.8,
bert,pretrained,enron,enron:9006,1,1,482.8,
bert,pretrained,enron,enron:8661,1,1,482.8,
bert,pretrained,enron,enron:9928,1,1,482.8,
bert,pretrained,enron,enron:6503,1,1,482.8,
bert,pretrained,enron,enron:9350,1,1,482.8,
bert,pretrained,enron,enron:5626,1,1,482.8,
bert,pretrained,enron,enron:7232,1,1,482.8,
bert,pretrained,enron,enron:7905,1,1,482.8,
bert,pretrained,enron,enron:6823,1,1,482.8,
bert,pretrained,enron,enron:5510,1,1,482.8,
bert,pretrained,enron,enron:7886,1,1,482.8,
bert,pretrained,enron,enron:9491,1,1,482.8,
bert,pretrained,enron,enron:6139,1,1,482.8,
bert,pretrained,enron,enron:6673,1,1,482.8,
bert,pretrained,enron,enron:8416,1,1,482.8,
bert,pretrained,enron,enron:7215,1,1,482.8,
bert,pretrained,enron,enron:6581,1,1,482.8,
bert,pretrained,enron,enron:6981,1,1,482.8,
bert,pretrained,enron,enron:7551,1,1,482.8,
bert,pretrained,enron,enron:9454,1,1,482.8,
bert,pretrained,enron,enron:8620,1,1,482.8,
bert,pretrained,enron,enron:6718,1,1,482.8,
bert,pretrained,enron,enron:8627,1,1,482.8,
bert,pretrained,enron,enron:9217,1,1,482.8,
bert,pretrained,enron,enron:8503,1,1,482.8,
bert,pretrained,enron,enron:8868,1,1,482.8,
bert,pretrained,enron,enron:7014,1,1,482.8,
bert,pretrained,enron,enron:6813,1,1,482.8,
bert,pretrained,enron,enron:7913,1,1,482.8,
bert,pretrained,enron,enron:9455,1,1,482.8,
bert,pretrained,enron,enron:6335,1,1,482.8,
bert,pretrained,enron,enron:9641,1,1,482.8,
bert,pretrained,enron,enron:9554,1,1,482.8,
bert,pretrained,enron,enron:9967,1,1,482.8,
bert,pretrained,enron,enron:5608,1,1,482.8,
bert,pretrained,enron,enron:9392,1,1,482.8,
bert,pretrained,enron,enron:6856,1,1,482.8,
bert,pretrained,enron,enron:6738,1,1,482.8,
bert,pretrained,enron,enron:5490,1,1,482.8,
bert,pretrained,enron,enron:7032,1,1,482.8,
bert,pretrained,enron,enron:8082,1,1,482.8,
bert,pretrained,enron,enron:8145,1,1,482.8,
bert,pretrained,enron,enron:5380,1,1,482.8,
bert,pretrained,enron,enron:9885,1,1,482.8,
bert,pretrained,enron,enron:8946,1,1,482.8,
bert,pretrained,enron,enron:6098,1,1,482.8,
bert,pretrained,enron,enron:9670,1,1,482.8,
bert,pretrained,enron,enron:7595,1,1,482.8,
bert,pretrained,enron,enron:6494,1,1,482.8,
bert,pretrained,enron,enron:6809,1,1,482.8,
bert,pretrained,enron,enron:6843,1,1,482.8,
bert,pretrained,enron,enron:9283,1,1,482.8,
bert,pretrained,enron,enron:7896,1,1,482.8,
bert,pretrained,enron,enron:6772,1,1,482.8,
bert,pretrained,enron,enron:5337,1,1,482.8,
bert,pretrained,enron,enron:9542,1,1,482.8,
bert,pretrained,enron,enron:9117,1,1,482.8,
bert,pretrained,enron,enron:6485,1,1,482.8,
bert,pretrained,enron,enron:5808,1,1,482.8,
bert,pretrained,enron,enron:6743,1,1,482.8,
bert,pretrained,enron,enron:9920,1,1,482.8,
bert,pretrained,enron,enron:8649,1,1,482.8,
bert,pretrained,enron,enron:6708,1,1,482.8,
bert,pretrained,enron,enron:9071,1,1,482.8,
bert,pretrained,enron,enron:5602,1,1,482.8,
bert,pretrained,enron,enron:8417,1,1,482.8,
bert,pretrained,enron,enron:7672,1,1,482.8,
bert,pretrained,enron,enron:7438,1,1,482.8,
bert,pretrained,enron,enron:7883,1,1,482.8,
bert,pretrained,enron,enron:6790,1,1,482.8,
bert,pretrained,enron,enron:5390,1,1,482.8,
bert,pretrained,enron,enron:6310,1,1,482.8,
bert,pretrained,enron,enron:7734,1,1,482.8,
bert,pretrained,enron,enron:8291,1,1,482.8,
bert,pretrained,enron,enron:5782,1,1,482.8,
bert,pretrained,enron,enron:9230,1,1,482.8,
bert,pretrained,enron,enron:6778,1,1,482.8,
bert,pretrained,enron,enron:9708,1,1,482.8,
bert,pretrained,enron,enron:9729,1,1,482.8,
bert,pretrained,enron,enron:3349,0,0,482.8,
bert,pretrained,enron,enron:491,0,0,482.8,
bert,pretrained,enron,enron:4521,0,0,482.8,
bert,pretrained,enron,enron:969,0,0,482.8,
bert,pretrained,enron,enron:5305,0,0,482.8,
bert,pretrained,enron,enron:1200,0,0,482.8,
bert,pretrained,enron,enron:1752,0,0,482.8,
bert,pretrained,enron,enron:497,0,0,482.8,
bert,pretrained,enron,enron:3306,0,0,482.8,
bert,pretrained,enron,enron:3615,0,0,482.8,
bert,pretrained,enron,enron:2348,0,0,482.8,
bert,pretrained,enron,enron:4524,0,0,482.8,
bert,pretrained,enron,enron:893,0,0,482.8,
bert,pretrained,enron,enron:2302,0,0,482.8,
bert,pretrained,enron,enron:2364,0,0,482.8,
bert,pretrained,enron,enron:3667,0,0,482.8,
bert,pretrained,enron,enron:240,0,0,482.8,
bert,pretrained,enron,enron:2080,0,0,482.8,
bert,pretrained,enron,enron:1425,0,0,482.8,
bert,pretrained,enron,enron:5014,0,0,482.8,
bert,pretrained,enron,enron:1773,0,0,482.8,
bert,pretrained,enron,enron:3184,0,0,482.8,
bert,pretrained,enron,enron:4374,0,0,482.8,
bert,pretrained,enron,enron:1620,0,0,482.8,
bert,pretrained,enron,enron:5043,0,0,482.8,
bert,pretrained,enron,enron:1616,0,0,482.8,
bert,pretrained,enron,enron:168,0,0,482.8,
bert,pretrained,enron,enron:1034,0,0,482.8,
bert,pretrained,enron,enron:2226,0,0,482.8,
bert,pretrained,enron,enron:5267,0,0,482.8,
bert,pretrained,enron,enron:1379,0,0,482.8,
bert,pretrained,enron,enron:5040,0,0,482.8,
bert,pretrained,enron,enron:4331,0,0,482.8,
bert,pretrained,enron,enron:4725,0,0,482.8,
bert,pretrained,enron,enron:746,0,0,482.8,
bert,pretrained,enron,enron:3213,0,0,482.8,
bert,pretrained,enron,enron:4828,0,0,482.8,
bert,pretrained,enron,enron:418,0,0,482.8,
bert,pretrained,enron,enron:4526,0,0,482.8,
bert,pretrained,enron,enron:4763,0,0,482.8,
bert,pretrained,enron,enron:5199,0,0,482.8,
bert,pretrained,enron,enron:3702,0,0,482.8,
bert,pretrained,enron,enron:505,0,0,482.8,
bert,pretrained,enron,enron:79,0,0,482.8,
bert,pretrained,enron,enron:84,0,0,482.8,
bert,pretrained,enron,enron:2577,0,0,482.8,
bert,pretrained,enron,enron:4180,0,0,482.8,
bert,pretrained,enron,enron:5100,0,0,482.8,
bert,pretrained,enron,enron:4907,0,0,482.8,
bert,pretrained,enron,enron:1532,0,0,482.8,
bert,pretrained,enron,enron:8,0,0,482.8,
bert,pretrained,enron,enron:4085,0,0,482.8,
bert,pretrained,enron,enron:589,0,0,482.8,
bert,pretrained,enron,enron:426,0,0,482.8,
bert,pretrained,enron,enron:4230,0,0,482.8,
bert,pretrained,enron,enron:4080,0,0,482.8,
bert,pretrained,enron,enron:3044,0,0,482.8,
bert,pretrained,enron,enron:1041,0,0,482.8,
bert,pretrained,enron,enron:2072,0,0,482.8,
bert,pretrained,enron,enron:465,0,0,482.8,
bert,pretrained,enron,enron:296,0,0,482.8,
bert,pretrained,enron,enron:4955,0,0,482.8,
bert,pretrained,enron,enron:1129,0,0,482.8,
bert,pretrained,enron,enron:1612,0,0,482.8,
bert,pretrained,enron,enron:373,0,0,482.8,
bert,pretrained,enron,enron:4951,0,0,482.8,
bert,pretrained,enron,enron:1115,0,0,482.8,
bert,pretrained,enron,enron:15,0,0,482.8,
bert,pretrained,enron,enron:747,0,0,482.8,
bert,pretrained,enron,enron:1436,0,0,482.8,
bert,pretrained,enron,enron:279,0,0,482.8,
bert,pretrained,enron,enron:5217,0,0,482.8,
bert,pretrained,enron,enron:2209,0,0,482.8,
bert,pretrained,enron,enron:5198,0,0,482.8,
bert,pretrained,enron,enron:3166,0,0,482.8,
bert,pretrained,enron,enron:2222,0,0,482.8,
bert,pretrained,enron,enron:3303,0,0,482.8,
bert,pretrained,enron,enron:4073,0,0,482.8,
bert,pretrained,enron,enron:3909,0,0,482.8,
bert,pretrained,enron,enron:538,0,0,482.8,
bert,pretrained,enron,enron:833,0,0,482.8,
bert,pretrained,enron,enron:4448,0,0,482.8,
bert,pretrained,enron,enron:1420,0,0,482.8,
bert,pretrained,enron,enron:23,0,0,482.8,
bert,pretrained,enron,enron:1235,0,0,482.8,
bert,pretrained,enron,enron:3892,0,0,482.8,
bert,pretrained,enron,enron:4232,0,0,482.8,
bert,pretrained,enron,enron:5192,0,0,482.8,
bert,pretrained,enron,enron:4044,0,0,482.8,
bert,pretrained,enron,enron:1292,0,0,482.8,
bert,pretrained,enron,enron:1212,0,0,482.8,
bert,pretrained,enron,enron:3014,0,0,482.8,
bert,pretrained,enron,enron:4789,0,0,482.8,
bert,pretrained,enron,enron:290,0,0,482.8,
bert,pretrained,enron,enron:2366,0,0,482.8,
bert,pretrained,enron,enron:1498,0,0,482.8,
bert,pretrained,enron,enron:1831,0,0,482.8,
bert,pretrained,enron,enron:879,0,0,482.8,
bert,pretrained,enron,enron:653,0,0,482.8,
bert,pretrained,enron,enron:1047,0,0,482.8,
bert,pretrained,enron,enron:1437,0,0,482.8,
bert,pretrained,enron,enron:2153,0,0,482.8,
bert,pretrained,enron,enron:4517,0,0,482.8,
bert,pretrained,enron,enron:4531,0,0,482.8,
bert,pretrained,enron,enron:3867,0,0,482.8,
bert,pretrained,enron,enron:167,0,0,482.8,
bert,pretrained,enron,enron:5162,0,0,482.8,
bert,pretrained,enron,enron:4144,0,0,482.8,
bert,pretrained,enron,enron:3820,0,0,482.8,
bert,pretrained,enron,enron:1434,0,0,482.8,
bert,pretrained,enron,enron:1545,0,0,482.8,
bert,pretrained,enron,enron:877,0,0,482.8,
bert,pretrained,enron,enron:439,0,0,482.8,
bert,pretrained,enron,enron:5140,0,0,482.8,
bert,pretrained,enron,enron:239,0,0,482.8,
bert,pretrained,enron,enron:5101,0,0,482.8,
bert,pretrained,enron,enron:2688,0,0,482.8,
bert,pretrained,enron,enron:471,0,0,482.8,
bert,pretrained,enron,enron:4269,0,0,482.8,
bert,pretrained,enron,enron:3949,0,0,482.8,
bert,pretrained,enron,enron:4947,0,0,482.8,
bert,pretrained,enron,enron:1894,0,0,482.8,
bert,pretrained,enron,enron:4447,0,0,482.8,
bert,pretrained,enron,enron:2519,0,0,482.8,
bert,pretrained,enron,enron:3733,0,0,482.8,
bert,pretrained,enron,enron:4019,0,0,482.8,
bert,pretrained,enron,enron:2314,0,0,482.8,
bert,pretrained,enron,enron:346,0,0,482.8,
bert,pretrained,enron,enron:3649,0,0,482.8,
bert,pretrained,enron,enron:1055,0,0,482.8,
bert,pretrained,enron,enron:4309,0,0,482.8,
bert,pretrained,enron,enron:4183,0,0,482.8,
bert,pretrained,enron,enron:842,0,0,482.8,
bert,pretrained,enron,enron:5274,0,0,482.8,
bert,pretrained,enron,enron:4401,0,0,482.8,
bert,pretrained,enron,enron:80,0,0,482.8,
bert,pretrained,enron,enron:4635,0,0,482.8,
bert,pretrained,enron,enron:4881,0,0,482.8,
bert,pretrained,enron,enron:3670,0,0,482.8,
bert,pretrained,enron,enron:1090,0,0,482.8,
bert,pretrained,enron,enron:3464,0,0,482.8,
bert,pretrained,enron,enron:4049,0,0,482.8,
bert,pretrained,enron,enron:2882,0,0,482.8,
bert,pretrained,enron,enron:2952,0,0,482.8,
bert,pretrained,enron,enron:2594,0,0,482.8,
bert,pretrained,enron,enron:4546,0,0,482.8,
bert,pretrained,enron,enron:2813,0,0,482.8,
bert,pretrained,enron,enron:2801,0,0,482.8,
bert,pretrained,enron,enron:4803,0,0,482.8,
bert,pretrained,enron,enron:1580,0,0,482.8,
modernbert,pretrained,ceas08,ceas08:8116,1,1,943.1,
modernbert,pretrained,ceas08,ceas08:7953,1,0,943.1,
modernbert,pretrained,ceas08,ceas08:5150,1,1,943.1,
modernbert,pretrained,ceas08,ceas08:7796,1,0,943.1,
modernbert,pretrained,ceas08,ceas08:4894,1,1,943.1,
modernbert,pretrained,ceas08,ceas08:9838,1,0,943.1,
modernbert,pretrained,ceas08,ceas08:8788,1,1,943.1,
modernbert,pretrained,ceas08,ceas08:8667,1,1,943.1,
modernbert,pretrained,ceas08,ceas08:9868,1,1,943.1,
modernbert,pretrained,ceas08,ceas08:9735,1,1,943.1,
modernbert,pretrained,ceas08,ceas08:6658,1,1,943.1,
modernbert,pretrained,ceas08,ceas08:7999,1,1,943.1,
modernbert,pretrained,ceas08,ceas08:8805,1,1,943.1,
modernbert,pretrained,ceas08,ceas08:7742,1,1,943.1,
modernbert,pretrained,ceas08,ceas08:9321,1,1,943.1,
modernbert,pretrained,ceas08,ceas08:4722,1,0,943.1,
modernbert,pretrained,ceas08,ceas08:4879,1,1,943.1,
modernbert,pretrained,ceas08,ceas08:9306,1,1,943.1,
modernbert,pretrained,ceas08,ceas08:6460,1,0,943.1,
modernbert,pretrained,ceas08,ceas08:8713,1,1,943.1,
modernbert,pretrained,ceas08,ceas08:5031,1,0,943.1,
modernbert,pretrained,ceas08,ceas08:6041,1,0,943.1,
modernbert,pretrained,ceas08,ceas08:9595,1,1,943.1,
modernbert,pretrained,ceas08,ceas08:9081,1,0,943.1,
modernbert,pretrained,ceas08,ceas08:7180,1,1,943.1,
modernbert,pretrained,ceas08,ceas08:7153,1,1,943.1,
modernbert,pretrained,ceas08,ceas08:8721,1,1,943.1,
modernbert,pretrained,ceas08,ceas08:8319,1,1,943.1,
modernbert,pretrained,ceas08,ceas08:6985,1,1,943.1,
modernbert,pretrained,ceas08,ceas08:5156,1,1,943.1,
modernbert,pretrained,ceas08,ceas08:4759,1,1,943.1,
modernbert,pretrained,ceas08,ceas08:7235,1,1,943.1,
modernbert,pretrained,ceas08,ceas08:4716,1,1,943.1,
modernbert,pretrained,ceas08,ceas08:9464,1,1,943.1,
modernbert,pretrained,ceas08,ceas08:5173,1,1,943.1,
modernbert,pretrained,ceas08,ceas08:5333,1,1,943.1,
modernbert,pretrained,ceas08,ceas08:7506,1,1,943.1,
modernbert,pretrained,ceas08,ceas08:5589,1,1,943.1,
modernbert,pretrained,ceas08,ceas08:9016,1,1,943.1,
modernbert,pretrained,ceas08,ceas08:5523,1,1,943.1,
modernbert,pretrained,ceas08,ceas08:8978,1,1,943.1,
modernbert,pretrained,ceas08,ceas08:5451,1,1,943.1,
modernbert,pretrained,ceas08,ceas08:6120,1,1,943.1,
modernbert,pretrained,ceas08,ceas08:9221,1,1,943.1,
modernbert,pretrained,ceas08,ceas08:7814,1,1,943.1,
modernbert,pretrained,ceas08,ceas08:9456,1,1,943.1,
modernbert,pretrained,ceas08,ceas08:6942,1,1,943.1,
modernbert,pretrained,ceas08,ceas08:6043,1,1,943.1,
modernbert,pretrained,ceas08,ceas08:5107,1,1,943.1,
modernbert,pretrained,ceas08,ceas08:7966,1,0,943.1,
modernbert,pretrained,ceas08,ceas08:6208,1,1,943.1,
modernbert,pretrained,ceas08,ceas08:9802,1,1,943.1,
modernbert,pretrained,ceas08,ceas08:8158,1,1,943.1,
modernbert,pretrained,ceas08,ceas08:4723,1,1,943.1,
modernbert,pretrained,ceas08,ceas08:8513,1,1,943.1,
modernbert,pretrained,ceas08,ceas08:5520,1,1,943.1,
modernbert,pretrained,ceas08,ceas08:7516,1,1,943.1,
modernbert,pretrained,ceas08,ceas08:4449,1,1,943.1,
modernbert,pretrained,ceas08,ceas08:6735,1,1,943.1,
modernbert,pretrained,ceas08,ceas08:8793,1,1,943.1,
modernbert,pretrained,ceas08,ceas08:8096,1,1,943.1,
modernbert,pretrained,ceas08,ceas08:6158,1,1,943.1,
modernbert,pretrained,ceas08,ceas08:7745,1,0,943.1,
modernbert,pretrained,ceas08,ceas08:8207,1,0,943.1,
modernbert,pretrained,ceas08,ceas08:7695,1,1,943.1,
modernbert,pretrained,ceas08,ceas08:5235,1,1,943.1,
modernbert,pretrained,ceas08,ceas08:9665,1,1,943.1,
modernbert,pretrained,ceas08,ceas08:5970,1,1,943.1,
modernbert,pretrained,ceas08,ceas08:4964,1,0,943.1,
modernbert,pretrained,ceas08,ceas08:5625,1,1,943.1,
modernbert,pretrained,ceas08,ceas08:4956,1,1,943.1,
modernbert,pretrained,ceas08,ceas08:8072,1,1,943.1,
modernbert,pretrained,ceas08,ceas08:4505,1,1,943.1,
modernbert,pretrained,ceas08,ceas08:5464,1,1,943.1,
modernbert,pretrained,ceas08,ceas08:4848,1,1,943.1,
modernbert,pretrained,ceas08,ceas08:7830,1,1,943.1,
modernbert,pretrained,ceas08,ceas08:4593,1,1,943.1,
modernbert,pretrained,ceas08,ceas08:8807,1,1,943.1,
modernbert,pretrained,ceas08,ceas08:9136,1,1,943.1,
modernbert,pretrained,ceas08,ceas08:9683,1,1,943.1,
modernbert,pretrained,ceas08,ceas08:7500,1,0,943.1,
modernbert,pretrained,ceas08,ceas08:8489,1,1,943.1,
modernbert,pretrained,ceas08,ceas08:6006,1,1,943.1,
modernbert,pretrained,ceas08,ceas08:6755,1,1,943.1,
modernbert,pretrained,ceas08,ceas08:9635,1,1,943.1,
modernbert,pretrained,ceas08,ceas08:5837,1,1,943.1,
modernbert,pretrained,ceas08,ceas08:7533,1,1,943.1,
modernbert,pretrained,ceas08,ceas08:5352,1,1,943.1,
modernbert,pretrained,ceas08,ceas08:9759,1,0,943.1,
modernbert,pretrained,ceas08,ceas08:5687,1,1,943.1,
modernbert,pretrained,ceas08,ceas08:4434,1,1,943.1,
modernbert,pretrained,ceas08,ceas08:8588,1,0,943.1,
modernbert,pretrained,ceas08,ceas08:8692,1,1,943.1,
modernbert,pretrained,ceas08,ceas08:7154,1,1,943.1,
modernbert,pretrained,ceas08,ceas08:5965,1,1,943.1,
modernbert,pretrained,ceas08,ceas08:5863,1,0,943.1,
modernbert,pretrained,ceas08,ceas08:8743,1,1,943.1,
modernbert,pretrained,ceas08,ceas08:4750,1,1,943.1,
modernbert,pretrained,ceas08,ceas08:6890,1,1,943.1,
modernbert,pretrained,ceas08,ceas08:9201,1,1,943.1,
modernbert,pretrained,ceas08,ceas08:9194,1,1,943.1,
modernbert,pretrained,ceas08,ceas08:5893,1,1,943.1,
modernbert,pretrained,ceas08,ceas08:5547,1,1,943.1,
modernbert,pretrained,ceas08,ceas08:8759,1,1,943.1,
modernbert,pretrained,ceas08,ceas08:8200,1,0,943.1,
modernbert,pretrained,ceas08,ceas08:7096,1,1,943.1,
modernbert,pretrained,ceas08,ceas08:6996,1,1,943.1,
modernbert,pretrained,ceas08,ceas08:4459,1,1,943.1,
modernbert,pretrained,ceas08,ceas08:6685,1,1,943.1,
modernbert,pretrained,ceas08,ceas08:6239,1,1,943.1,
modernbert,pretrained,ceas08,ceas08:6636,1,1,943.1,
modernbert,pretrained,ceas08,ceas08:8421,1,1,943.1,
modernbert,pretrained,ceas08,ceas08:9244,1,1,943.1,
modernbert,pretrained,ceas08,ceas08:5959,1,1,943.1,
modernbert,pretrained,ceas08,ceas08:8528,1,0,943.1,
modernbert,pretrained,ceas08,ceas08:8722,1,1,943.1,
modernbert,pretrained,ceas08,ceas08:5458,1,1,943.1,
modernbert,pretrained,ceas08,ceas08:8965,1,1,943.1,
modernbert,pretrained,ceas08,ceas08:9862,1,1,943.1,
modernbert,pretrained,ceas08,ceas08:6815,1,1,943.1,
modernbert,pretrained,ceas08,ceas08:9396,1,1,943.1,
modernbert,pretrained,ceas08,ceas08:6756,1,0,943.1,
modernbert,pretrained,ceas08,ceas08:5527,1,1,943.1,
modernbert,pretrained,ceas08,ceas08:5602,1,1,943.1,
modernbert,pretrained,ceas08,ceas08:4852,1,1,943.1,
modernbert,pretrained,ceas08,ceas08:8073,1,0,943.1,
modernbert,pretrained,ceas08,ceas08:6450,1,1,943.1,
modernbert,pretrained,ceas08,ceas08:8600,1,1,943.1,
modernbert,pretrained,ceas08,ceas08:5924,1,1,943.1,
modernbert,pretrained,ceas08,ceas08:4799,1,1,943.1,
modernbert,pretrained,ceas08,ceas08:7857,1,1,943.1,
modernbert,pretrained,ceas08,ceas08:8683,1,1,943.1,
modernbert,pretrained,ceas08,ceas08:4827,1,1,943.1,
modernbert,pretrained,ceas08,ceas08:6205,1,1,943.1,
modernbert,pretrained,ceas08,ceas08:6655,1,1,943.1,
modernbert,pretrained,ceas08,ceas08:6907,1,1,943.1,
modernbert,pretrained,ceas08,ceas08:6154,1,1,943.1,
modernbert,pretrained,ceas08,ceas08:8390,1,1,943.1,
modernbert,pretrained,ceas08,ceas08:5238,1,0,943.1,
modernbert,pretrained,ceas08,ceas08:5601,1,1,943.1,
modernbert,pretrained,ceas08,ceas08:7388,1,1,943.1,
modernbert,pretrained,ceas08,ceas08:7380,1,1,943.1,
modernbert,pretrained,ceas08,ceas08:5395,1,1,943.1,
modernbert,pretrained,ceas08,ceas08:7022,1,1,943.1,
modernbert,pretrained,ceas08,ceas08:9007,1,1,943.1,
modernbert,pretrained,ceas08,ceas08:8964,1,1,943.1,
modernbert,pretrained,ceas08,ceas08:5015,1,1,943.1,
modernbert,pretrained,ceas08,ceas08:7890,1,1,943.1,
modernbert,pretrained,ceas08,ceas08:6214,1,1,943.1,
modernbert,pretrained,ceas08,ceas08:7037,1,0,943.1,
modernbert,pretrained,ceas08,ceas08:443,0,0,943.1,
modernbert,pretrained,ceas08,ceas08:2825,0,0,943.1,
modernbert,pretrained,ceas08,ceas08:2473,0,0,943.1,
modernbert,pretrained,ceas08,ceas08:2431,0,0,943.1,
modernbert,pretrained,ceas08,ceas08:318,0,0,943.1,
modernbert,pretrained,ceas08,ceas08:2540,0,0,943.1,
modernbert,pretrained,ceas08,ceas08:3328,0,0,943.1,
modernbert,pretrained,ceas08,ceas08:4120,0,0,943.1,
modernbert,pretrained,ceas08,ceas08:151,0,1,943.1,
modernbert,pretrained,ceas08,ceas08:3451,0,0,943.1,
modernbert,pretrained,ceas08,ceas08:4149,0,0,943.1,
modernbert,pretrained,ceas08,ceas08:3346,0,0,943.1,
modernbert,pretrained,ceas08,ceas08:3959,0,0,943.1,
modernbert,pretrained,ceas08,ceas08:1392,0,0,943.1,
modernbert,pretrained,ceas08,ceas08:4105,0,0,943.1,
modernbert,pretrained,ceas08,ceas08:1161,0,0,943.1,
modernbert,pretrained,ceas08,ceas08:2552,0,0,943.1,
modernbert,pretrained,ceas08,ceas08:764,0,0,943.1,
modernbert,pretrained,ceas08,ceas08:3921,0,0,943.1,
modernbert,pretrained,ceas08,ceas08:3728,0,0,943.1,
modernbert,pretrained,ceas08,ceas08:3316,0,0,943.1,
modernbert,pretrained,ceas08,ceas08:315,0,0,943.1,
modernbert,pretrained,ceas08,ceas08:2754,0,0,943.1,
modernbert,pretrained,ceas08,ceas08:2598,0,0,943.1,
modernbert,pretrained,ceas08,ceas08:1220,0,0,943.1,
modernbert,pretrained,ceas08,ceas08:1010,0,0,943.1,
modernbert,pretrained,ceas08,ceas08:2528,0,0,943.1,
modernbert,pretrained,ceas08,ceas08:4415,0,0,943.1,
modernbert,pretrained,ceas08,ceas08:3292,0,0,943.1,
modernbert,pretrained,ceas08,ceas08:179,0,0,943.1,
modernbert,pretrained,ceas08,ceas08:3930,0,1,943.1,
modernbert,pretrained,ceas08,ceas08:2260,0,0,943.1,
modernbert,pretrained,ceas08,ceas08:731,0,0,943.1,
modernbert,pretrained,ceas08,ceas08:51,0,0,943.1,
modernbert,pretrained,ceas08,ceas08:720,0,0,943.1,
modernbert,pretrained,ceas08,ceas08:584,0,0,943.1,
modernbert,pretrained,ceas08,ceas08:1501,0,0,943.1,
modernbert,pretrained,ceas08,ceas08:4055,0,0,943.1,
modernbert,pretrained,ceas08,ceas08:3062,0,0,943.1,
modernbert,pretrained,ceas08,ceas08:1413,0,0,943.1,
modernbert,pretrained,ceas08,ceas08:798,0,0,943.1,
modernbert,pretrained,ceas08,ceas08:4083,0,0,943.1,
modernbert,pretrained,ceas08,ceas08:842,0,0,943.1,
modernbert,pretrained,ceas08,ceas08:1192,0,0,943.1,
modernbert,pretrained,ceas08,ceas08:4248,0,0,943.1,
modernbert,pretrained,ceas08,ceas08:2357,0,0,943.1,
modernbert,pretrained,ceas08,ceas08:1157,0,0,943.1,
modernbert,pretrained,ceas08,ceas08:4396,0,0,943.1,
modernbert,pretrained,ceas08,ceas08:1780,0,0,943.1,
modernbert,pretrained,ceas08,ceas08:4285,0,0,943.1,
modernbert,pretrained,ceas08,ceas08:2325,0,0,943.1,
modernbert,pretrained,ceas08,ceas08:538,0,0,943.1,
modernbert,pretrained,ceas08,ceas08:4234,0,0,943.1,
modernbert,pretrained,ceas08,ceas08:4425,0,0,943.1,
modernbert,pretrained,ceas08,ceas08:134,0,0,943.1,
modernbert,pretrained,ceas08,ceas08:3720,0,0,943.1,
modernbert,pretrained,ceas08,ceas08:1051,0,0,943.1,
modernbert,pretrained,ceas08,ceas08:3076,0,0,943.1,
modernbert,pretrained,ceas08,ceas08:4411,0,0,943.1,
modernbert,pretrained,ceas08,ceas08:721,0,0,943.1,
modernbert,pretrained,ceas08,ceas08:2554,0,0,943.1,
modernbert,pretrained,ceas08,ceas08:2389,0,0,943.1,
modernbert,pretrained,ceas08,ceas08:2672,0,0,943.1,
modernbert,pretrained,ceas08,ceas08:2647,0,0,943.1,
modernbert,pretrained,ceas08,ceas08:297,0,0,943.1,
modernbert,pretrained,ceas08,ceas08:1103,0,0,943.1,
modernbert,pretrained,ceas08,ceas08:1803,0,0,943.1,
modernbert,pretrained,ceas08,ceas08:2297,0,0,943.1,
modernbert,pretrained,ceas08,ceas08:1600,0,1,943.1,
modernbert,pretrained,ceas08,ceas08:2314,0,0,943.1,
modernbert,pretrained,ceas08,ceas08:3390,0,0,943.1,
modernbert,pretrained,ceas08,ceas08:1361,0,0,943.1,
modernbert,pretrained,ceas08,ceas08:3227,0,0,943.1,
modernbert,pretrained,ceas08,ceas08:4216,0,0,943.1,
modernbert,pretrained,ceas08,ceas08:1200,0,0,943.1,
modernbert,pretrained,ceas08,ceas08:1698,0,0,943.1,
modernbert,pretrained,ceas08,ceas08:2646,0,0,943.1,
modernbert,pretrained,ceas08,ceas08:3563,0,0,943.1,
modernbert,pretrained,ceas08,ceas08:2798,0,0,943.1,
modernbert,pretrained,ceas08,ceas08:2939,0,0,943.1,
modernbert,pretrained,ceas08,ceas08:17,0,0,943.1,
modernbert,pretrained,ceas08,ceas08:551,0,0,943.1,
modernbert,pretrained,ceas08,ceas08:410,0,0,943.1,
modernbert,pretrained,ceas08,ceas08:2741,0,0,943.1,
modernbert,pretrained,ceas08,ceas08:1476,0,0,943.1,
modernbert,pretrained,ceas08,ceas08:2801,0,0,943.1,
modernbert,pretrained,ceas08,ceas08:530,0,1,943.1,
modernbert,pretrained,ceas08,ceas08:2131,0,0,943.1,
modernbert,pretrained,ceas08,ceas08:1784,0,0,943.1,
modernbert,pretrained,ceas08,ceas08:2863,0,0,943.1,
modernbert,pretrained,ceas08,ceas08:3999,0,0,943.1,
modernbert,pretrained,ceas08,ceas08:3540,0,0,943.1,
modernbert,pretrained,ceas08,ceas08:1237,0,0,943.1,
modernbert,pretrained,ceas08,ceas08:3462,0,0,943.1,
modernbert,pretrained,ceas08,ceas08:4336,0,0,943.1,
modernbert,pretrained,ceas08,ceas08:1146,0,0,943.1,
modernbert,pretrained,ceas08,ceas08:4080,0,0,943.1,
modernbert,pretrained,ceas08,ceas08:175,0,0,943.1,
modernbert,pretrained,ceas08,ceas08:4319,0,0,943.1,
modernbert,pretrained,ceas08,ceas08:3336,0,0,943.1,
modernbert,pretrained,ceas08,ceas08:2846,0,0,943.1,
modernbert,pretrained,ceas08,ceas08:2829,0,0,943.1,
modernbert,pretrained,ceas08,ceas08:3298,0,0,943.1,
modernbert,pretrained,ceas08,ceas08:3259,0,0,943.1,
modernbert,pretrained,ceas08,ceas08:3994,0,0,943.1,
modernbert,pretrained,ceas08,ceas08:555,0,0,943.1,
modernbert,pretrained,ceas08,ceas08:3998,0,0,943.1,
modernbert,pretrained,ceas08,ceas08:2121,0,0,943.1,
modernbert,pretrained,ceas08,ceas08:2171,0,0,943.1,
modernbert,pretrained,ceas08,ceas08:3812,0,0,943.1,
modernbert,pretrained,ceas08,ceas08:877,0,0,943.1,
modernbert,pretrained,ceas08,ceas08:3321,0,0,943.1,
modernbert,pretrained,ceas08,ceas08:3258,0,0,943.1,
modernbert,pretrained,ceas08,ceas08:3148,0,0,943.1,
modernbert,pretrained,ceas08,ceas08:1323,0,0,943.1,
modernbert,pretrained,ceas08,ceas08:3857,0,0,943.1,
modernbert,pretrained,ceas08,ceas08:602,0,0,943.1,
modernbert,pretrained,ceas08,ceas08:787,0,0,943.1,
modernbert,pretrained,ceas08,ceas08:2093,0,0,943.1,
modernbert,pretrained,ceas08,ceas08:3740,0,0,943.1,
modernbert,pretrained,ceas08,ceas08:1491,0,0,943.1,
modernbert,pretrained,ceas08,ceas08:1807,0,0,943.1,
modernbert,pretrained,ceas08,ceas08:93,0,0,943.1,
modernbert,pretrained,ceas08,ceas08:416,0,0,943.1,
modernbert,pretrained,ceas08,ceas08:4382,0,0,943.1,
modernbert,pretrained,ceas08,ceas08:843,0,0,943.1,
modernbert,pretrained,ceas08,ceas08:4050,0,0,943.1,
modernbert,pretrained,ceas08,ceas08:252,0,0,943.1,
modernbert,pretrained,ceas08,ceas08:2103,0,0,943.1,
modernbert,pretrained,ceas08,ceas08:2970,0,0,943.1,
modernbert,pretrained,ceas08,ceas08:1846,0,0,943.1,
modernbert,pretrained,ceas08,ceas08:668,0,0,943.1,
modernbert,pretrained,ceas08,ceas08:3410,0,0,943.1,
modernbert,pretrained,ceas08,ceas08:3652,0,0,943.1,
modernbert,pretrained,ceas08,ceas08:109,0,0,943.1,
modernbert,pretrained,ceas08,ceas08:4251,0,0,943.1,
modernbert,pretrained,ceas08,ceas08:1896,0,1,943.1,
modernbert,pretrained,ceas08,ceas08:2130,0,0,943.1,
modernbert,pretrained,ceas08,ceas08:1739,0,0,943.1,
modernbert,pretrained,ceas08,ceas08:2653,0,0,943.1,
modernbert,pretrained,ceas08,ceas08:1507,0,0,943.1,
modernbert,pretrained,ceas08,ceas08:120,0,0,943.1,
modernbert,pretrained,ceas08,ceas08:915,0,0,943.1,
modernbert,pretrained,ceas08,ceas08:1869,0,0,943.1,
modernbert,pretrained,ceas08,ceas08:4056,0,0,943.1,
modernbert,pretrained,ceas08,ceas08:1180,0,0,943.1,
modernbert,pretrained,ceas08,ceas08:626,0,0,943.1,
modernbert,pretrained,ceas08,ceas08:1991,0,0,943.1,
modernbert,pretrained,ceas08,ceas08:1293,0,0,943.1,
modernbert,pretrained,ceas08,ceas08:3609,0,0,943.1,
phishsense,pretrained,enron,enron:6861,1,1,1318.1,truetruetruetruetrue
phishsense,pretrained,enron,enron:9711,1,1,1318.1,truetruetruetruetrue
phishsense,pretrained,enron,enron:8157,1,1,1318.1,truetruetruetrue
phishsense,pretrained,enron,enron:5895,1,1,1318.1,truetruetruetruetrue
phishsense,pretrained,enron,enron:7650,1,1,1318.1,truetruetruetruetrue
phishsense,pretrained,enron,enron:7524,1,1,1318.1,truetruetruetruetrue
phishsense,pretrained,enron,enron:8586,1,0,1318.1,falsefalsefalsefalsefalse
phishsense,pretrained,enron,enron:9435,1,1,1318.1,truetruetruetruetrue
phishsense,pretrained,enron,enron:9382,1,1,1318.1,true##
phishsense,pretrained,enron,enron:5665,1,1,1318.1,truequestionquestion
phishsense,pretrained,enron,enron:8777,1,1,1318.1,truequestionquestion
phishsense,pretrained,enron,enron:9233,1,1,1318.1,truetruetruetruetrue
phishsense,pretrained,enron,enron:6153,1,1,1318.1,truetruetruetruetrue
phishsense,pretrained,enron,enron:6475,1,1,1318.1,true##
phishsense,pretrained,enron,enron:6533,1,1,1318.1,truetruetruetruetrue
phishsense,pretrained,enron,enron:9867,1,1,1318.1,truequestionquestion
phishsense,pretrained,enron,enron:5909,1,1,1318.1,truetruetruetrue
phishsense,pretrained,enron,enron:9592,1,1,1318.1,truetruetruetruetrue
phishsense,pretrained,enron,enron:5872,1,1,1318.1,truequestionquestion
phishsense,pretrained,enron,enron:7623,1,1,1318.1,truetruetruetrue
phishsense,pretrained,enron,enron:7216,1,1,1318.1,truetruetruetruetrue
phishsense,pretrained,enron,enron:6016,1,1,1318.1,truetruetruetrue
phishsense,pretrained,enron,enron:9757,1,1,1318.1,truetruetruetruetrue
phishsense,pretrained,enron,enron:5633,1,1,1318.1,truetruetruetrue
phishsense,pretrained,enron,enron:7627,1,1,1318.1,truetruetruetruetrue
phishsense,pretrained,enron,enron:8990,1,0,1318.1,falsetruefalsefalsefalse
phishsense,pretrained,enron,enron:6520,1,1,1318.1,true#truetrue
phishsense,pretrained,enron,enron:9845,1,1,1318.1,truetruetruetruetrue
phishsense,pretrained,enron,enron:5344,1,1,1318.1,truetruetruetruetrue
phishsense,pretrained,enron,enron:5779,1,1,1318.1,truetruetruetrue
phishsense,pretrained,enron,enron:8648,1,1,1318.1,truetruetruetruetrue
phishsense,pretrained,enron,enron:8009,1,1,1318.1,truetruetruetruetrue
phishsense,pretrained,enron,enron:5979,1,1,1318.1,truetruetruetruetrue
phishsense,pretrained,enron,enron:7192,1,1,1318.1,truetruetruetruetrue
phishsense,pretrained,enron,enron:6352,1,1,1318.1,truetruetruetrue
phishsense,pretrained,enron,enron:7218,1,1,1318.1,truetruetruetruetrue
phishsense,pretrained,enron,enron:8972,1,1,1318.1,truetruetruetruetrue
phishsense,pretrained,enron,enron:8874,1,1,1318.1,truetruetruetruetrue
phishsense,pretrained,enron,enron:7171,1,1,1318.1,truetruetruetruetrue
phishsense,pretrained,enron,enron:6358,1,1,1318.1,truetruetruetruetrue
phishsense,pretrained,enron,enron:5797,1,1,1318.1,truetruetruetrue
phishsense,pretrained,enron,enron:7991,1,1,1318.1,truetruetruetrue
phishsense,pretrained,enron,enron:5698,1,1,1318.1,truetruetrue#
phishsense,pretrained,enron,enron:6321,1,1,1318.1,truetruequestion
phishsense,pretrained,enron,enron:5841,1,1,1318.1,truetruetruetruetrue
phishsense,pretrained,enron,enron:9276,1,1,1318.1,truetruetruetrue
phishsense,pretrained,enron,enron:8279,1,1,1318.1,truetruetruetruetrue
phishsense,pretrained,enron,enron:6747,1,1,1318.1,truetruetruetrue
phishsense,pretrained,enron,enron:5334,1,1,1318.1,truetruetruetruetrue
phishsense,pretrained,enron,enron:8560,1,1,1318.1,truequestionquestion
phishsense,pretrained,enron,enron:5607,1,1,1318.1,truetruetruetrue
phishsense,pretrained,enron,enron:5661,1,1,1318.1,truetruetruetrue
phishsense,pretrained,enron,enron:8290,1,1,1318.1,truetruetruetruetrue
phishsense,pretrained,enron,enron:7353,1,1,1318.1,truetruetruetruetrue
phishsense,pretrained,enron,enron:8524,1,1,1318.1,true#truetrue
phishsense,pretrained,enron,enron:9090,1,1,1318.1,true#truetrue
phishsense,pretrained,enron,enron:7248,1,1,1318.1,truequestionquestion
phishsense,pretrained,enron,enron:6515,1,1,1318.1,truetruetruetruetrue
phishsense,pretrained,enron,enron:8248,1,1,1318.1,truetruetrue#
phishsense,pretrained,enron,enron:7902,1,1,1318.1,truetruetruetruetrue
phishsense,pretrained,enron,enron:9787,1,1,1318.1,truetruetruetruetrue
phishsense,pretrained,enron,enron:9365,1,1,1318.1,truetruetruetruetrue
phishsense,pretrained,enron,enron:6204,1,1,1318.1,truetruetruetruetrue
phishsense,pretrained,enron,enron:6491,1,1,1318.1,truetruetruetruetrue
phishsense,pretrained,enron,enron:7814,1,1,1318.1,truetruetruetruetrue
phishsense,pretrained,enron,enron:6255,1,1,1318.1,truetruetruetruetrue
phishsense,pretrained,enron,enron:7008,1,1,1318.1,truetruetruetruetrue
phishsense,pretrained,enron,enron:5812,1,1,1318.1,true--
phishsense,pretrained,enron,enron:6723,1,1,1318.1,truetruetruetruetrue
phishsense,pretrained,enron,enron:7881,1,1,1318.1,true#truetrue
phishsense,pretrained,enron,enron:7541,1,1,1318.1,truetruetruetrue
phishsense,pretrained,enron,enron:9006,1,1,1318.1,truetruetruetruetrue
phishsense,pretrained,enron,enron:8661,1,1,1318.1,truetruetruetruetrue
phishsense,pretrained,enron,enron:9928,1,1,1318.1,truetruetruetruetrue
phishsense,pretrained,enron,enron:6503,1,1,1318.1,truetruetruetruetrue
phishsense,pretrained,enron,enron:9350,1,1,1318.1,truetruetruetruetrue
phishsense,pretrained,enron,enron:5626,1,1,1318.1,truetruetruetruetrue
phishsense,pretrained,enron,enron:7232,1,1,1318.1,truetruetruetrue
phishsense,pretrained,enron,enron:7905,1,1,1318.1,truetruetruetruetrue
phishsense,pretrained,enron,enron:6823,1,1,1318.1,truetruetruetruetrue
phishsense,pretrained,enron,enron:5510,1,1,1318.1,truetruetruetruetrue
phishsense,pretrained,enron,enron:7886,1,1,1318.1,truetruetruetruetrue
phishsense,pretrained,enron,enron:9491,1,1,1318.1,truetruetruetrue
phishsense,pretrained,enron,enron:6139,1,1,1318.1,truetruetruetruetrue
phishsense,pretrained,enron,enron:6673,1,1,1318.1,truetruetruetruetrue
phishsense,pretrained,enron,enron:8416,1,1,1318.1,truetruetrue#
phishsense,pretrained,enron,enron:7215,1,1,1318.1,truetruetruetruetrue
phishsense,pretrained,enron,enron:6581,1,1,1318.1,truetruetruetruetrue
phishsense,pretrained,enron,enron:6981,1,1,1318.1,truetruetruetruetrue
phishsense,pretrained,enron,enron:7551,1,1,1318.1,truetruetruetruetrue
phishsense,pretrained,enron,enron:9454,1,1,1318.1,truetruetruetruetrue
phishsense,pretrained,enron,enron:8620,1,1,1318.1,truetruetruetruetrue
phishsense,pretrained,enron,enron:6718,1,1,1318.1,truetruetruetruetrue
phishsense,pretrained,enron,enron:8627,1,1,1318.1,truetruetruetruetrue
phishsense,pretrained,enron,enron:9217,1,1,1318.1,truetruetruetruetrue
phishsense,pretrained,enron,enron:8503,1,1,1318.1,truequestionquestion
phishsense,pretrained,enron,enron:8868,1,1,1318.1,truetruetruetruetrue
phishsense,pretrained,enron,enron:7014,1,1,1318.1,truetruetruetruetrue
phishsense,pretrained,enron,enron:6813,1,1,1318.1,truetruetruetruetrue
phishsense,pretrained,enron,enron:7913,1,1,1318.1,truequestionquestion
phishsense,pretrained,enron,enron:9455,1,1,1318.1,truetruetruetruetrue
phishsense,pretrained,enron,enron:6335,1,1,1318.1,truetruetruetruetrue
phishsense,pretrained,enron,enron:9641,1,1,1318.1,truetruetruetruetrue
phishsense,pretrained,enron,enron:9554,1,1,1318.1,truequestionquestion
phishsense,pretrained,enron,enron:9967,1,1,1318.1,truetruetruetruetrue
phishsense,pretrained,enron,enron:5608,1,1,1318.1,truetruetruetruetrue
phishsense,pretrained,enron,enron:9392,1,1,1318.1,truetruetruetruetrue
phishsense,pretrained,enron,enron:6856,1,1,1318.1,truetruetruetruetrue
phishsense,pretrained,enron,enron:6738,1,1,1318.1,true#truetrue
phishsense,pretrained,enron,enron:5490,1,1,1318.1,truequestionquestion
phishsense,pretrained,enron,enron:7032,1,0,1318.1,falsefalsefalsefalsefalse
phishsense,pretrained,enron,enron:8082,1,1,1318.1,truetruetruetruetrue
phishsense,pretrained,enron,enron:8145,1,1,1318.1,truetruetruetrue
phishsense,pretrained,enron,enron:5380,1,1,1318.1,truetruetruetrue
phishsense,pretrained,enron,enron:9885,1,1,1318.1,truetruetruetruetrue
phishsense,pretrained,enron,enron:8946,1,1,1318.1,true#truetrue
phishsense,pretrained,enron,enron:6098,1,1,1318.1,truetruetruetruetrue
phishsense,pretrained,enron,enron:9670,1,1,1318.1,truetruetruetrue
phishsense,pretrained,enron,enron:7595,1,1,1318.1,truetruetruetruetrue
phishsense,pretrained,enron,enron:6494,1,1,1318.1,truetruetruetruetrue
phishsense,pretrained,enron,enron:6809,1,1,1318.1,truetruetruetruetrue
phishsense,pretrained,enron,enron:6843,1,1,1318.1,truetruetruetruetrue
phishsense,pretrained,enron,enron:9283,1,1,1318.1,truetruetruetruetrue
phishsense,pretrained,enron,enron:7896,1,1,1318.1,truetruetruetruetrue
phishsense,pretrained,enron,enron:6772,1,1,1318.1,truetruetruetruetrue
phishsense,pretrained,enron,enron:5337,1,1,1318.1,truetruetruetruetrue
phishsense,pretrained,enron,enron:9542,1,1,1318.1,truetruetruetruetrue
phishsense,pretrained,enron,enron:9117,1,1,1318.1,truequestionquestion
phishsense,pretrained,enron,enron:6485,1,1,1318.1,truetruetruetruetrue
phishsense,pretrained,enron,enron:5808,1,1,1318.1,truetruetruetruetrue
phishsense,pretrained,enron,enron:6743,1,1,1318.1,truetruetruetrue
phishsense,pretrained,enron,enron:9920,1,1,1318.1,truetruetruetruetrue
phishsense,pretrained,enron,enron:8649,1,1,1318.1,truetruetruetruetrue
phishsense,pretrained,enron,enron:6708,1,1,1318.1,truetruetruetruetrue
phishsense,pretrained,enron,enron:9071,1,1,1318.1,truetruetruetrue
phishsense,pretrained,enron,enron:5602,1,1,1318.1,truetruetruetruetrue
phishsense,pretrained,enron,enron:8417,1,1,1318.1,truetruetruetruetrue
phishsense,pretrained,enron,enron:7672,1,1,1318.1,truetruetruetruetrue
phishsense,pretrained,enron,enron:7438,1,1,1318.1,truequestionquestion
phishsense,pretrained,enron,enron:7883,1,1,1318.1,truetruetruetruetrue
phishsense,pretrained,enron,enron:6790,1,1,1318.1,truetruetruetruetrue
phishsense,pretrained,enron,enron:5390,1,1,1318.1,truetruetruetruetrue
phishsense,pretrained,enron,enron:6310,1,1,1318.1,truetruetruetrue
phishsense,pretrained,enron,enron:7734,1,1,1318.1,truetruetruetruetrue
phishsense,pretrained,enron,enron:8291,1,1,1318.1,truetruetruetruetrue
phishsense,pretrained,enron,enron:5782,1,1,1318.1,truequestionquestion
phishsense,pretrained,enron,enron:9230,1,1,1318.1,true#truetrue
phishsense,pretrained,enron,enron:6778,1,1,1318.1,truetruetruetruetrue
phishsense,pretrained,enron,enron:9708,1,1,1318.1,truetruetruetrue
phishsense,pretrained,enron,enron:9729,1,1,1318.1,truetruetruetruetrue
phishsense,pretrained,enron,enron:3349,0,0,1318.1,falsefalsefalsefalsefalse
phishsense,pretrained,enron,enron:491,0,0,1318.1,false##
phishsense,pretrained,enron,enron:4521,0,0,1318.1,falsefalsefalsefalsefalse
phishsense,pretrained,enron,enron:969,0,0,1318.1,falsefalsefalsequestion
phishsense,pretrained,enron,enron:5305,0,1,1318.1,truefalsefalsefalsefalse
phishsense,pretrained,enron,enron:1200,0,0,1318.1,false##
phishsense,pretrained,enron,enron:1752,0,0,1318.1,falsefalsefalsefalsefalse
phishsense,pretrained,enron,enron:497,0,0,1318.1,falsefalsefalsefalsefalse
phishsense,pretrained,enron,enron:3306,0,0,1318.1,falsefalsefalsefalsefalse
phishsense,pretrained,enron,enron:3615,0,0,1318.1,falsefalsefalsefalsefalse
phishsense,pretrained,enron,enron:2348,0,0,1318.1,falsefalsefalsefalsefalse
phishsense,pretrained,enron,enron:4524,0,0,1318.1,falsefalsefalsequestion
phishsense,pretrained,enron,enron:893,0,0,1318.1,falsefalsefalsefalsefalse
phishsense,pretrained,enron,enron:2302,0,0,1318.1,falsefalsefalsefalsefalse
phishsense,pretrained,enron,enron:2364,0,0,1318.1,falsefalsefalsefalsefalse
phishsense,pretrained,enron,enron:3667,0,0,1318.1,falsefalsefalsefalsefalse
phishsense,pretrained,enron,enron:240,0,0,1318.1,falsefalsefalsefalsefalse
phishsense,pretrained,enron,enron:2080,0,0,1318.1,falsefalsefalsefalsefalse
phishsense,pretrained,enron,enron:1425,0,0,1318.1,falsefalsefalse#
phishsense,pretrained,enron,enron:5014,0,0,1318.1,falsefalsefalsefalsefalse
phishsense,pretrained,enron,enron:1773,0,0,1318.1,false#falsefalse
phishsense,pretrained,enron,enron:3184,0,0,1318.1,falsefalsefalsefalsefalse
phishsense,pretrained,enron,enron:4374,0,0,1318.1,falsefalsefalsefalsefalse
phishsense,pretrained,enron,enron:1620,0,0,1318.1,falsefalsefalsefalse
phishsense,pretrained,enron,enron:5043,0,0,1318.1,falsefalsefalsetruetrue
phishsense,pretrained,enron,enron:1616,0,0,1318.1,falsefalsefalsefalsefalse
phishsense,pretrained,enron,enron:168,0,0,1318.1,falsefalsefalsefalsefalse
phishsense,pretrained,enron,enron:1034,0,0,1318.1,falsefalsefalsefalsefalse
phishsense,pretrained,enron,enron:2226,0,0,1318.1,falsefalsefalsefalsefalse
phishsense,pretrained,enron,enron:5267,0,0,1318.1,falsefalsefalsefalsefalse
phishsense,pretrained,enron,enron:1379,0,1,1318.1,truetruetruetruetrue
phishsense,pretrained,enron,enron:5040,0,0,1318.1,falsefalsefalsefalsefalse
phishsense,pretrained,enron,enron:4331,0,0,1318.1,falsefalsefalsefalsefalse
phishsense,pretrained,enron,enron:4725,0,0,1318.1,falsefalsefalsefalsefalse
phishsense,pretrained,enron,enron:746,0,0,1318.1,falsefalsefalsefalsefalse
phishsense,pretrained,enron,enron:3213,0,1,1318.1,truetruetruetrue
phishsense,pretrained,enron,enron:4828,0,0,1318.1,falsefalsefalsefalsefalse
phishsense,pretrained,enron,enron:418,0,0,1318.1,falsefalsefalsefalsefalse
phishsense,pretrained,enron,enron:4526,0,0,1318.1,falsefalsefalsefalsefalse
phishsense,pretrained,enron,enron:4763,0,0,1318.1,falsefalsefalsefalsefalse
phishsense,pretrained,enron,enron:5199,0,0,1318.1,falsefalsefalsefalsefalse
phishsense,pretrained,enron,enron:3702,0,0,1318.1,falsefalsefalsefalsefalse
phishsense,pretrained,enron,enron:505,0,0,1318.1,falsefalsefalsefalsefalse
phishsense,pretrained,enron,enron:79,0,0,1318.1,falsefalsefalsefalsefalse
phishsense,pretrained,enron,enron:84,0,0,1318.1,falsefalsefalsefalsefalse
phishsense,pretrained,enron,enron:2577,0,0,1318.1,falsefalsefalsefalsefalse
phishsense,pretrained,enron,enron:4180,0,0,1318.1,falsefalsefalsefalsefalse
phishsense,pretrained,enron,enron:5100,0,0,1318.1,falsefalsefalsefalsefalse
phishsense,pretrained,enron,enron:4907,0,0,1318.1,falsefalsefalsefalse
phishsense,pretrained,enron,enron:1532,0,0,1318.1,falsetruetruefalsefalse
phishsense,pretrained,enron,enron:8,0,0,1318.1,false#falsefalse
phishsense,pretrained,enron,enron:4085,0,0,1318.1,false##
phishsense,pretrained,enron,enron:589,0,0,1318.1,falsetruetruetruetrue
phishsense,pretrained,enron,enron:426,0,0,1318.1,falsefalsefalsefalsefalse
phishsense,pretrained,enron,enron:4230,0,0,1318.1,falsefalsefalsefalsefalse
phishsense,pretrained,enron,enron:4080,0,0,1318.1,falsefalsefalsefalsefalse
phishsense,pretrained,enron,enron:3044,0,0,1318.1,falsefalsefalsefalsefalse
phishsense,pretrained,enron,enron:1041,0,0,1318.1,false#falsetrue
phishsense,pretrained,enron,enron:2072,0,0,1318.1,falsefalsefalsefalsefalse
phishsense,pretrained,enron,enron:465,0,0,1318.1,falsefalsefalsefalsefalse
phishsense,pretrained,enron,enron:296,0,0,1318.1,falsefalsefalsefalsefalse
phishsense,pretrained,enron,enron:4955,0,0,1318.1,falsefalsefalsefalsefalse
phishsense,pretrained,enron,enron:1129,0,0,1318.1,falsefalsefalsefalsefalse
phishsense,pretrained,enron,enron:1612,0,0,1318.1,falsefalsefalsefalsefalse
phishsense,pretrained,enron,enron:373,0,0,1318.1,falsefalsefalsefalsefalse
phishsense,pretrained,enron,enron:4951,0,1,1318.1,truequestionquestion
phishsense,pretrained,enron,enron:1115,0,0,1318.1,falsefalsefalsefalsefalse
phishsense,pretrained,enron,enron:15,0,0,1318.1,falsefalsefalsefalsefalse
phishsense,pretrained,enron,enron:747,0,0,1318.1,falsefalsetruefalsefalse
phishsense,pretrained,enron,enron:1436,0,1,1318.1,truetrue#true
phishsense,pretrained,enron,enron:279,0,1,1318.1,truetruetruetruetrue
phishsense,pretrained,enron,enron:5217,0,0,1318.1,falsefalsefalsefalsefalse
phishsense,pretrained,enron,enron:2209,0,0,1318.1,falsefalsefalsefalsefalse
phishsense,pretrained,enron,enron:5198,0,0,1318.1,falsefalsefalsefalsefalse
phishsense,pretrained,enron,enron:3166,0,0,1318.1,falsefalsefalsefalsefalse
phishsense,pretrained,enron,enron:2222,0,1,1318.1,truequestionquestion
phishsense,pretrained,enron,enron:3303,0,0,1318.1,falsefalsefalsefalse
phishsense,pretrained,enron,enron:4073,0,0,1318.1,falsefalsefalsetruetrue
phishsense,pretrained,enron,enron:3909,0,0,1318.1,falsefalsefalsefalsefalse
phishsense,pretrained,enron,enron:538,0,0,1318.1,falsefalsefalsefalsefalse
phishsense,pretrained,enron,enron:833,0,0,1318.1,falsefalsefalsefalsefalse
phishsense,pretrained,enron,enron:4448,0,0,1318.1,falsefalsefalsefalsefalse
phishsense,pretrained,enron,enron:1420,0,0,1318.1,falsefalsefalsefalsefalse
phishsense,pretrained,enron,enron:23,0,0,1318.1,falsefalsefalsefalsefalse
phishsense,pretrained,enron,enron:1235,0,0,1318.1,falsefalsefalsefalse
phishsense,pretrained,enron,enron:3892,0,0,1318.1,falsefalsefalsefalsefalse
phishsense,pretrained,enron,enron:4232,0,0,1318.1,falsefalsefalsefalsefalse
phishsense,pretrained,enron,enron:5192,0,0,1318.1,falsefalsefalsefalsefalse
phishsense,pretrained,enron,enron:4044,0,0,1318.1,falsefalsefalsefalsefalse
phishsense,pretrained,enron,enron:1292,0,0,1318.1,falsefalsefalsefalsefalse
phishsense,pretrained,enron,enron:1212,0,0,1318.1,falsefalsefalsefalse
phishsense,pretrained,enron,enron:3014,0,0,1318.1,falsefalsefalsefalsefalse
phishsense,pretrained,enron,enron:4789,0,0,1318.1,falsefalsefalsefalsefalse
phishsense,pretrained,enron,enron:290,0,0,1318.1,falsefalsefalsefalsefalse
phishsense,pretrained,enron,enron:2366,0,0,1318.1,falsefalsefalsefalse
phishsense,pretrained,enron,enron:1498,0,0,1318.1,falsefalsefalsefalsefalse
phishsense,pretrained,enron,enron:1831,0,0,1318.1,falsefalsetruetruetrue
phishsense,pretrained,enron,enron:879,0,0,1318.1,falsefalsefalsefalsefalse
phishsense,pretrained,enron,enron:653,0,0,1318.1,falsefalsefalsefalsefalse
phishsense,pretrained,enron,enron:1047,0,0,1318.1,falsefalsefalsefalsefalse
phishsense,pretrained,enron,enron:1437,0,0,1318.1,falsefalsefalsefalsefalse
phishsense,pretrained,enron,enron:2153,0,0,1318.1,falsefalsefalsefalsefalse
phishsense,pretrained,enron,enron:4517,0,0,1318.1,falsefalsefalsefalsefalse
phishsense,pretrained,enron,enron:4531,0,0,1318.1,falsefalsetruefalsefalse
phishsense,pretrained,enron,enron:3867,0,0,1318.1,falsefalsefalsefalsefalse
phishsense,pretrained,enron,enron:167,0,0,1318.1,falsefalsefalsefalsefalse
phishsense,pretrained,enron,enron:5162,0,0,1318.1,falsefalsefalsefalsefalse
phishsense,pretrained,enron,enron:4144,0,0,1318.1,falsefalsetruefalsefalse
phishsense,pretrained,enron,enron:3820,0,0,1318.1,falsefalsefalsefalsefalse
phishsense,pretrained,enron,enron:1434,0,0,1318.1,falsefalsefalsefalsefalse
phishsense,pretrained,enron,enron:1545,0,0,1318.1,falsefalsefalsefalsefalse
phishsense,pretrained,enron,enron:877,0,0,1318.1,falsefalsefalsefalsefalse
phishsense,pretrained,enron,enron:439,0,0,1318.1,falsefalsefalsefalsefalse
phishsense,pretrained,enron,enron:5140,0,0,1318.1,falsefalsefalsefalsefalse
phishsense,pretrained,enron,enron:239,0,0,1318.1,falsefalsefalsefalsefalse
phishsense,pretrained,enron,enron:5101,0,0,1318.1,falsefalsefalsefalsefalse
phishsense,pretrained,enron,enron:2688,0,0,1318.1,falsefalsefalsefalsefalse
phishsense,pretrained,enron,enron:471,0,0,1318.1,falsefalsefalsefalsefalse
phishsense,pretrained,enron,enron:4269,0,0,1318.1,falsefalsefalsefalsefalse
phishsense,pretrained,enron,enron:3949,0,0,1318.1,falsefalsefalsefalsefalse
phishsense,pretrained,enron,enron:4947,0,0,1318.1,falsefalsefalsefalsefalse
phishsense,pretrained,enron,enron:1894,0,0,1318.1,falsefalsefalsefalsefalse
phishsense,pretrained,enron,enron:4447,0,0,1318.1,false#falsefalse
phishsense,pretrained,enron,enron:2519,0,0,1318.1,falsefalsefalsefalsefalse
phishsense,pretrained,enron,enron:3733,0,0,1318.1,falsefalsefalsefalsefalse
phishsense,pretrained,enron,enron:4019,0,0,1318.1,falsefalsefalse#
phishsense,pretrained,enron,enron:2314,0,0,1318.1,falsefalsefalsefalsefalse
phishsense,pretrained,enron,enron:346,0,0,1318.1,falsefalsefalsefalsefalse
phishsense,pretrained,enron,enron:3649,0,0,1318.1,falsequestionquestion
phishsense,pretrained,enron,enron:1055,0,0,1318.1,falsefalsefalsefalsefalse
phishsense,pretrained,enron,enron:4309,0,0,1318.1,falsefalsefalsefalsefalse
phishsense,pretrained,enron,enron:4183,0,0,1318.1,falsefalsefalsefalsefalse
phishsense,pretrained,enron,enron:842,0,0,1318.1,falsefalsefalsefalsefalse
phishsense,pretrained,enron,enron:5274,0,0,1318.1,falsefalsefalsefalsefalse
phishsense,pretrained,enron,enron:4401,0,0,1318.1,falsefalsefalsefalsefalse
phishsense,pretrained,enron,enron:80,0,0,1318.1,falsefalsefalsefalsefalse
phishsense,pretrained,enron,enron:4635,0,0,1318.1,falsequestionquestion
phishsense,pretrained,enron,enron:4881,0,0,1318.1,falsefalsefalsefalsefalse
phishsense,pretrained,enron,enron:3670,0,0,1318.1,falsefalsefalsefalsefalse
phishsense,pretrained,enron,enron:1090,0,0,1318.1,falsefalsefalsefalsefalse
phishsense,pretrained,enron,enron:3464,0,0,1318.1,falsefalsefalsefalsefalse
phishsense,pretrained,enron,enron:4049,0,0,1318.1,falsefalsefalsefalsefalse
phishsense,pretrained,enron,enron:2882,0,0,1318.1,falsefalsefalsefalsefalse
phishsense,pretrained,enron,enron:2952,0,0,1318.1,falsefalsefalsefalsefalse
phishsense,pretrained,enron,enron:2594,0,0,1318.1,falsefalsefalsefalsefalse
phishsense,pretrained,enron,enron:4546,0,0,1318.1,falsefalsefalsefalsefalse
phishsense,pretrained,enron,enron:2813,0,0,1318.1,falsefalsefalsefalsefalse
phishsense,pretrained,enron,enron:2801,0,0,1318.1,falsefalsefalsefalsefalse
phishsense,pretrained,enron,enron:4803,0,0,1318.1,falsefalsefalsetruetrue
phishsense,pretrained,enron,enron:1580,0,0,1318.1,falsefalsefalsefalsefalse
bert,pretrained,spamassassin,spamassassin:4742,1,1,586.5,
bert,pretrained,spamassassin,spamassassin:5215,1,1,586.5,
bert,pretrained,spamassassin,spamassassin:5738,1,1,586.5,
bert,pretrained,spamassassin,spamassassin:4496,1,1,586.5,
bert,pretrained,spamassassin,spamassassin:4625,1,1,586.5,
bert,pretrained,spamassassin,spamassassin:5468,1,1,586.5,
bert,pretrained,spamassassin,spamassassin:5352,1,1,586.5,
bert,pretrained,spamassassin,spamassassin:4114,1,1,586.5,
bert,pretrained,spamassassin,spamassassin:4693,1,1,586.5,
bert,pretrained,spamassassin,spamassassin:5201,1,1,586.5,
bert,pretrained,spamassassin,spamassassin:5497,1,1,586.5,
bert,pretrained,spamassassin,spamassassin:5378,1,1,586.5,
bert,pretrained,spamassassin,spamassassin:4430,1,1,586.5,
bert,pretrained,spamassassin,spamassassin:5746,1,1,586.5,
bert,pretrained,spamassassin,spamassassin:4692,1,1,586.5,
bert,pretrained,spamassassin,spamassassin:4394,1,1,586.5,
bert,pretrained,spamassassin,spamassassin:5420,1,1,586.5,
bert,pretrained,spamassassin,spamassassin:5471,1,1,586.5,
bert,pretrained,spamassassin,spamassassin:5118,1,1,586.5,
bert,pretrained,spamassassin,spamassassin:5301,1,1,586.5,
bert,pretrained,spamassassin,spamassassin:5185,1,1,586.5,
bert,pretrained,spamassassin,spamassassin:5721,1,1,586.5,
bert,pretrained,spamassassin,spamassassin:5037,1,1,586.5,
bert,pretrained,spamassassin,spamassassin:4473,1,1,586.5,
bert,pretrained,spamassassin,spamassassin:4169,1,1,586.5,
bert,pretrained,spamassassin,spamassassin:5027,1,1,586.5,
bert,pretrained,spamassassin,spamassassin:4907,1,1,586.5,
bert,pretrained,spamassassin,spamassassin:4553,1,1,586.5,
bert,pretrained,spamassassin,spamassassin:4422,1,1,586.5,
bert,pretrained,spamassassin,spamassassin:5012,1,1,586.5,
bert,pretrained,spamassassin,spamassassin:5781,1,1,586.5,
bert,pretrained,spamassassin,spamassassin:5503,1,1,586.5,
bert,pretrained,spamassassin,spamassassin:4848,1,1,586.5,
bert,pretrained,spamassassin,spamassassin:4520,1,1,586.5,
bert,pretrained,spamassassin,spamassassin:5509,1,1,586.5,
bert,pretrained,spamassassin,spamassassin:5628,1,1,586.5,
bert,pretrained,spamassassin,spamassassin:4617,1,1,586.5,
bert,pretrained,spamassassin,spamassassin:5362,1,1,586.5,
bert,pretrained,spamassassin,spamassassin:4792,1,1,586.5,
bert,pretrained,spamassassin,spamassassin:5791,1,1,586.5,
bert,pretrained,spamassassin,spamassassin:4389,1,1,586.5,
bert,pretrained,spamassassin,spamassassin:4276,1,1,586.5,
bert,pretrained,spamassassin,spamassassin:4869,1,1,586.5,
bert,pretrained,spamassassin,spamassassin:4433,1,1,586.5,
bert,pretrained,spamassassin,spamassassin:5169,1,1,586.5,
bert,pretrained,spamassassin,spamassassin:5410,1,1,586.5,
bert,pretrained,spamassassin,spamassassin:5740,1,1,586.5,
bert,pretrained,spamassassin,spamassassin:5677,1,1,586.5,
bert,pretrained,spamassassin,spamassassin:4673,1,1,586.5,
bert,pretrained,spamassassin,spamassassin:5597,1,1,586.5,
bert,pretrained,spamassassin,spamassassin:4541,1,1,586.5,
bert,pretrained,spamassassin,spamassassin:4505,1,1,586.5,
bert,pretrained,spamassassin,spamassassin:5751,1,1,586.5,
bert,pretrained,spamassassin,spamassassin:4279,1,1,586.5,
bert,pretrained,spamassassin,spamassassin:5300,1,1,586.5,
bert,pretrained,spamassassin,spamassassin:4140,1,1,586.5,
bert,pretrained,spamassassin,spamassassin:5057,1,1,586.5,
bert,pretrained,spamassassin,spamassassin:5667,1,1,586.5,
bert,pretrained,spamassassin,spamassassin:5325,1,1,586.5,
bert,pretrained,spamassassin,spamassassin:4964,1,1,586.5,
bert,pretrained,spamassassin,spamassassin:4680,1,1,586.5,
bert,pretrained,spamassassin,spamassassin:4950,1,1,586.5,
bert,pretrained,spamassassin,spamassassin:4569,1,1,586.5,
bert,pretrained,spamassassin,spamassassin:4226,1,1,586.5,
bert,pretrained,spamassassin,spamassassin:5743,1,1,586.5,
bert,pretrained,spamassassin,spamassassin:5144,1,1,586.5,
bert,pretrained,spamassassin,spamassassin:5001,1,1,586.5,
bert,pretrained,spamassassin,spamassassin:5326,1,1,586.5,
bert,pretrained,spamassassin,spamassassin:4773,1,1,586.5,
bert,pretrained,spamassassin,spamassassin:4827,1,1,586.5,
bert,pretrained,spamassassin,spamassassin:4407,1,1,586.5,
bert,pretrained,spamassassin,spamassassin:5769,1,1,586.5,
bert,pretrained,spamassassin,spamassassin:4570,1,1,586.5,
bert,pretrained,spamassassin,spamassassin:5350,1,1,586.5,
bert,pretrained,spamassassin,spamassassin:5689,1,1,586.5,
bert,pretrained,spamassassin,spamassassin:4768,1,1,586.5,
bert,pretrained,spamassassin,spamassassin:4868,1,1,586.5,
bert,pretrained,spamassassin,spamassassin:4161,1,1,586.5,
bert,pretrained,spamassassin,spamassassin:5080,1,1,586.5,
bert,pretrained,spamassassin,spamassassin:4160,1,1,586.5,
bert,pretrained,spamassassin,spamassassin:5629,1,1,586.5,
bert,pretrained,spamassassin,spamassassin:4555,1,1,586.5,
bert,pretrained,spamassassin,spamassassin:4362,1,1,586.5,
bert,pretrained,spamassassin,spamassassin:4415,1,1,586.5,
bert,pretrained,spamassassin,spamassassin:5615,1,1,586.5,
bert,pretrained,spamassassin,spamassassin:4784,1,1,586.5,
bert,pretrained,spamassassin,spamassassin:5360,1,1,586.5,
bert,pretrained,spamassassin,spamassassin:4156,1,1,586.5,
bert,pretrained,spamassassin,spamassassin:5683,1,1,586.5,
bert,pretrained,spamassassin,spamassassin:4803,1,1,586.5,
bert,pretrained,spamassassin,spamassassin:5684,1,1,586.5,
bert,pretrained,spamassassin,spamassassin:5427,1,1,586.5,
bert,pretrained,spamassassin,spamassassin:4562,1,1,586.5,
bert,pretrained,spamassassin,spamassassin:5386,1,1,586.5,
bert,pretrained,spamassassin,spamassassin:4342,1,1,586.5,
bert,pretrained,spamassassin,spamassassin:5059,1,1,586.5,
bert,pretrained,spamassassin,spamassassin:4120,1,1,586.5,
bert,pretrained,spamassassin,spamassassin:4485,1,1,586.5,
bert,pretrained,spamassassin,spamassassin:4970,1,1,586.5,
bert,pretrained,spamassassin,spamassassin:4345,1,1,586.5,
bert,pretrained,spamassassin,spamassassin:5079,1,1,586.5,
bert,pretrained,spamassassin,spamassassin:4705,1,1,586.5,
bert,pretrained,spamassassin,spamassassin:4121,1,1,586.5,
bert,pretrained,spamassassin,spamassassin:5180,1,1,586.5,
bert,pretrained,spamassassin,spamassassin:4206,1,1,586.5,
bert,pretrained,spamassassin,spamassassin:5708,1,1,586.5,
bert,pretrained,spamassassin,spamassassin:4458,1,1,586.5,
bert,pretrained,spamassassin,spamassassin:4711,1,1,586.5,
bert,pretrained,spamassassin,spamassassin:4572,1,1,586.5,
bert,pretrained,spamassassin,spamassassin:4586,1,1,586.5,
bert,pretrained,spamassassin,spamassassin:5763,1,0,586.5,
bert,pretrained,spamassassin,spamassassin:4190,1,1,586.5,
bert,pretrained,spamassassin,spamassassin:5208,1,1,586.5,
bert,pretrained,spamassassin,spamassassin:5323,1,1,586.5,
bert,pretrained,spamassassin,spamassassin:4338,1,1,586.5,
bert,pretrained,spamassassin,spamassassin:4544,1,1,586.5,
bert,pretrained,spamassassin,spamassassin:5640,1,1,586.5,
bert,pretrained,spamassassin,spamassassin:4264,1,1,586.5,
bert,pretrained,spamassassin,spamassassin:4865,1,1,586.5,
bert,pretrained,spamassassin,spamassassin:4955,1,1,586.5,
bert,pretrained,spamassassin,spamassassin:4700,1,1,586.5,
bert,pretrained,spamassassin,spamassassin:4897,1,1,586.5,
bert,pretrained,spamassassin,spamassassin:5727,1,1,586.5,
bert,pretrained,spamassassin,spamassassin:4923,1,1,586.5,
bert,pretrained,spamassassin,spamassassin:5076,1,1,586.5,
bert,pretrained,spamassassin,spamassassin:4802,1,1,586.5,
bert,pretrained,spamassassin,spamassassin:5785,1,1,586.5,
bert,pretrained,spamassassin,spamassassin:5425,1,1,586.5,
bert,pretrained,spamassassin,spamassassin:4516,1,1,586.5,
bert,pretrained,spamassassin,spamassassin:4123,1,1,586.5,
bert,pretrained,spamassassin,spamassassin:5331,1,1,586.5,
bert,pretrained,spamassassin,spamassassin:5250,1,1,586.5,
bert,pretrained,spamassassin,spamassassin:5344,1,1,586.5,
bert,pretrained,spamassassin,spamassassin:5064,1,1,586.5,
bert,pretrained,spamassassin,spamassassin:5021,1,1,586.5,
bert,pretrained,spamassassin,spamassassin:4577,1,1,586.5,
bert,pretrained,spamassassin,spamassassin:4871,1,1,586.5,
bert,pretrained,spamassassin,spamassassin:4294,1,1,586.5,
bert,pretrained,spamassassin,spamassassin:4679,1,1,586.5,
bert,pretrained,spamassassin,spamassassin:4135,1,1,586.5,
bert,pretrained,spamassassin,spamassassin:4651,1,1,586.5,
bert,pretrained,spamassassin,spamassassin:4621,1,1,586.5,
bert,pretrained,spamassassin,spamassassin:5023,1,0,586.5,
bert,pretrained,spamassassin,spamassassin:5474,1,1,586.5,
bert,pretrained,spamassassin,spamassassin:4150,1,1,586.5,
bert,pretrained,spamassassin,spamassassin:4530,1,1,586.5,
bert,pretrained,spamassassin,spamassassin:4330,1,1,586.5,
bert,pretrained,spamassassin,spamassassin:5098,1,1,586.5,
bert,pretrained,spamassassin,spamassassin:4388,1,1,586.5,
bert,pretrained,spamassassin,spamassassin:5724,1,1,586.5,
bert,pretrained,spamassassin,spamassassin:599,0,0,586.5,
bert,pretrained,spamassassin,spamassassin:752,0,0,586.5,
bert,pretrained,spamassassin,spamassassin:2019,0,0,586.5,
bert,pretrained,spamassassin,spamassassin:1001,0,0,586.5,
bert,pretrained,spamassassin,spamassassin:3567,0,0,586.5,
bert,pretrained,spamassassin,spamassassin:4065,0,0,586.5,
bert,pretrained,spamassassin,spamassassin:682,0,0,586.5,
bert,pretrained,spamassassin,spamassassin:325,0,0,586.5,
bert,pretrained,spamassassin,spamassassin:166,0,0,586.5,
bert,pretrained,spamassassin,spamassassin:1034,0,0,586.5,
bert,pretrained,spamassassin,spamassassin:3580,0,0,586.5,
bert,pretrained,spamassassin,spamassassin:857,0,0,586.5,
bert,pretrained,spamassassin,spamassassin:109,0,0,586.5,
bert,pretrained,spamassassin,spamassassin:2775,0,0,586.5,
bert,pretrained,spamassassin,spamassassin:1811,0,0,586.5,
bert,pretrained,spamassassin,spamassassin:149,0,0,586.5,
bert,pretrained,spamassassin,spamassassin:2706,0,0,586.5,
bert,pretrained,spamassassin,spamassassin:298,0,0,586.5,
bert,pretrained,spamassassin,spamassassin:1395,0,0,586.5,
bert,pretrained,spamassassin,spamassassin:1641,0,0,586.5,
bert,pretrained,spamassassin,spamassassin:1593,0,0,586.5,
bert,pretrained,spamassassin,spamassassin:1909,0,0,586.5,
bert,pretrained,spamassassin,spamassassin:179,0,0,586.5,
bert,pretrained,spamassassin,spamassassin:33,0,0,586.5,
bert,pretrained,spamassassin,spamassassin:2440,0,0,586.5,
bert,pretrained,spamassassin,spamassassin:2002,0,0,586.5,
bert,pretrained,spamassassin,spamassassin:3953,0,0,586.5,
bert,pretrained,spamassassin,spamassassin:1330,0,0,586.5,
bert,pretrained,spamassassin,spamassassin:1027,0,0,586.5,
bert,pretrained,spamassassin,spamassassin:2787,0,0,586.5,
bert,pretrained,spamassassin,spamassassin:555,0,0,586.5,
bert,pretrained,spamassassin,spamassassin:1740,0,0,586.5,
bert,pretrained,spamassassin,spamassassin:3121,0,0,586.5,
bert,pretrained,spamassassin,spamassassin:1018,0,0,586.5,
bert,pretrained,spamassassin,spamassassin:2949,0,0,586.5,
bert,pretrained,spamassassin,spamassassin:1258,0,0,586.5,
bert,pretrained,spamassassin,spamassassin:229,0,0,586.5,
bert,pretrained,spamassassin,spamassassin:1866,0,0,586.5,
bert,pretrained,spamassassin,spamassassin:1164,0,0,586.5,
bert,pretrained,spamassassin,spamassassin:2835,0,0,586.5,
bert,pretrained,spamassassin,spamassassin:3620,0,0,586.5,
bert,pretrained,spamassassin,spamassassin:3878,0,1,586.5,
bert,pretrained,spamassassin,spamassassin:1173,0,0,586.5,
bert,pretrained,spamassassin,spamassassin:3256,0,0,586.5,
bert,pretrained,spamassassin,spamassassin:3244,0,0,586.5,
bert,pretrained,spamassassin,spamassassin:96,0,0,586.5,
bert,pretrained,spamassassin,spamassassin:501,0,0,586.5,
bert,pretrained,spamassassin,spamassassin:1186,0,0,586.5,
bert,pretrained,spamassassin,spamassassin:3801,0,0,586.5,
bert,pretrained,spamassassin,spamassassin:2727,0,0,586.5,
bert,pretrained,spamassassin,spamassassin:2936,0,0,586.5,
bert,pretrained,spamassassin,spamassassin:2510,0,0,586.5,
bert,pretrained,spamassassin,spamassassin:132,0,0,586.5,
bert,pretrained,spamassassin,spamassassin:869,0,0,586.5,
bert,pretrained,spamassassin,spamassassin:527,0,0,586.5,
bert,pretrained,spamassassin,spamassassin:3950,0,0,586.5,
bert,pretrained,spamassassin,spamassassin:3443,0,0,586.5,
bert,pretrained,spamassassin,spamassassin:3160,0,0,586.5,
bert,pretrained,spamassassin,spamassassin:2484,0,0,586.5,
bert,pretrained,spamassassin,spamassassin:305,0,0,586.5,
bert,pretrained,spamassassin,spamassassin:1041,0,0,586.5,
bert,pretrained,spamassassin,spamassassin:2409,0,0,586.5,
bert,pretrained,spamassassin,spamassassin:308,0,0,586.5,
bert,pretrained,spamassassin,spamassassin:3598,0,0,586.5,
bert,pretrained,spamassassin,spamassassin:2644,0,0,586.5,
bert,pretrained,spamassassin,spamassassin:1846,0,0,586.5,
bert,pretrained,spamassassin,spamassassin:2405,0,0,586.5,
bert,pretrained,spamassassin,spamassassin:802,0,0,586.5,
bert,pretrained,spamassassin,spamassassin:2728,0,0,586.5,
bert,pretrained,spamassassin,spamassassin:3531,0,0,586.5,
bert,pretrained,spamassassin,spamassassin:1309,0,0,586.5,
bert,pretrained,spamassassin,spamassassin:2295,0,0,586.5,
bert,pretrained,spamassassin,spamassassin:196,0,0,586.5,
bert,pretrained,spamassassin,spamassassin:366,0,0,586.5,
bert,pretrained,spamassassin,spamassassin:2726,0,0,586.5,
bert,pretrained,spamassassin,spamassassin:976,0,0,586.5,
bert,pretrained,spamassassin,spamassassin:2111,0,0,586.5,
bert,pretrained,spamassassin,spamassassin:2720,0,0,586.5,
bert,pretrained,spamassassin,spamassassin:3863,0,0,586.5,
bert,pretrained,spamassassin,spamassassin:2632,0,0,586.5,
bert,pretrained,spamassassin,spamassassin:3864,0,0,586.5,
bert,pretrained,spamassassin,spamassassin:1221,0,0,586.5,
bert,pretrained,spamassassin,spamassassin:314,0,0,586.5,
bert,pretrained,spamassassin,spamassassin:3639,0,0,586.5,
bert,pretrained,spamassassin,spamassassin:184,0,0,586.5,
bert,pretrained,spamassassin,spamassassin:1644,0,0,586.5,
bert,pretrained,spamassassin,spamassassin:1621,0,0,586.5,
bert,pretrained,spamassassin,spamassassin:461,0,0,586.5,
bert,pretrained,spamassassin,spamassassin:1808,0,0,586.5,
bert,pretrained,spamassassin,spamassassin:3494,0,0,586.5,
bert,pretrained,spamassassin,spamassassin:2330,0,0,586.5,
bert,pretrained,spamassassin,spamassassin:315,0,0,586.5,
bert,pretrained,spamassassin,spamassassin:1110,0,0,586.5,
bert,pretrained,spamassassin,spamassassin:1552,0,0,586.5,
bert,pretrained,spamassassin,spamassassin:1507,0,0,586.5,
bert,pretrained,spamassassin,spamassassin:881,0,0,586.5,
bert,pretrained,spamassassin,spamassassin:1513,0,0,586.5,
bert,pretrained,spamassassin,spamassassin:1563,0,0,586.5,
bert,pretrained,spamassassin,spamassassin:2195,0,0,586.5,
bert,pretrained,spamassassin,spamassassin:1967,0,0,586.5,
bert,pretrained,spamassassin,spamassassin:4008,0,0,586.5,
bert,pretrained,spamassassin,spamassassin:3951,0,0,586.5,
bert,pretrained,spamassassin,spamassassin:1163,0,0,586.5,
bert,pretrained,spamassassin,spamassassin:414,0,0,586.5,
bert,pretrained,spamassassin,spamassassin:932,0,0,586.5,
bert,pretrained,spamassassin,spamassassin:3917,0,0,586.5,
bert,pretrained,spamassassin,spamassassin:1064,0,0,586.5,
bert,pretrained,spamassassin,spamassassin:1647,0,0,586.5,
bert,pretrained,spamassassin,spamassassin:3848,0,0,586.5,
bert,pretrained,spamassassin,spamassassin:1826,0,0,586.5,
bert,pretrained,spamassassin,spamassassin:70,0,0,586.5,
bert,pretrained,spamassassin,spamassassin:3032,0,0,586.5,
bert,pretrained,spamassassin,spamassassin:952,0,0,586.5,
bert,pretrained,spamassassin,spamassassin:211,0,0,586.5,
bert,pretrained,spamassassin,spamassassin:1260,0,0,586.5,
bert,pretrained,spamassassin,spamassassin:985,0,0,586.5,
bert,pretrained,spamassassin,spamassassin:1766,0,0,586.5,
bert,pretrained,spamassassin,spamassassin:3754,0,0,586.5,
bert,pretrained,spamassassin,spamassassin:2244,0,0,586.5,
bert,pretrained,spamassassin,spamassassin:14,0,0,586.5,
bert,pretrained,spamassassin,spamassassin:879,0,0,586.5,
bert,pretrained,spamassassin,spamassassin:1178,0,0,586.5,
bert,pretrained,spamassassin,spamassassin:1114,0,0,586.5,
bert,pretrained,spamassassin,spamassassin:1420,0,0,586.5,
bert,pretrained,spamassassin,spamassassin:270,0,0,586.5,
bert,pretrained,spamassassin,spamassassin:538,0,0,586.5,
bert,pretrained,spamassassin,spamassassin:1345,0,0,586.5,
bert,pretrained,spamassassin,spamassassin:8,0,0,586.5,
bert,pretrained,spamassassin,spamassassin:1226,0,0,586.5,
bert,pretrained,spamassassin,spamassassin:1818,0,0,586.5,
bert,pretrained,spamassassin,spamassassin:2927,0,0,586.5,
bert,pretrained,spamassassin,spamassassin:3679,0,0,586.5,
bert,pretrained,spamassassin,spamassassin:818,0,0,586.5,
bert,pretrained,spamassassin,spamassassin:2402,0,0,586.5,
bert,pretrained,spamassassin,spamassassin:2164,0,0,586.5,
bert,pretrained,spamassassin,spamassassin:3063,0,0,586.5,
bert,pretrained,spamassassin,spamassassin:3585,0,0,586.5,
bert,pretrained,spamassassin,spamassassin:1231,0,0,586.5,
bert,pretrained,spamassassin,spamassassin:251,0,0,586.5,
bert,pretrained,spamassassin,spamassassin:3590,0,0,586.5,
bert,pretrained,spamassassin,spamassassin:2973,0,0,586.5,
bert,pretrained,spamassassin,spamassassin:296,0,0,586.5,
bert,pretrained,spamassassin,spamassassin:755,0,0,586.5,
bert,pretrained,spamassassin,spamassassin:544,0,0,586.5,
bert,pretrained,spamassassin,spamassassin:3542,0,0,586.5,
bert,pretrained,spamassassin,spamassassin:4078,0,0,586.5,
bert,pretrained,spamassassin,spamassassin:2107,0,0,586.5,
bert,pretrained,spamassassin,spamassassin:3572,0,0,586.5,
bert,pretrained,spamassassin,spamassassin:4085,0,0,586.5,
bert,pretrained,spamassassin,spamassassin:2124,0,0,586.5,
phishsense,pretrained,ephishllm_nolink,ephishllm:6684,1,1,1078.0,truetrue#
phishsense,pretrained,ephishllm_nolink,ephishllm:5664,1,1,1078.0,truetruetruetrue
phishsense,pretrained,ephishllm_nolink,ephishllm:9218,1,1,1078.0,truetruetruetruetrue
phishsense,pretrained,ephishllm_nolink,ephishllm:9766,1,1,1078.0,true#truetrue
phishsense,pretrained,ephishllm_nolink,ephishllm:6382,1,0,1078.0,falsetruetruetruetrue
phishsense,pretrained,ephishllm_nolink,ephishllm:8505,1,1,1078.0,true#question
phishsense,pretrained,ephishllm_nolink,ephishllm:5680,1,1,1078.0,truetruetruetruetrue
phishsense,pretrained,ephishllm_nolink,ephishllm:6079,1,1,1078.0,truetruetruetruetrue
phishsense,pretrained,ephishllm_nolink,ephishllm:5955,1,1,1078.0,truetruetruetruetrue
phishsense,pretrained,ephishllm_nolink,ephishllm:5931,1,1,1078.0,truetruetruetrue
phishsense,pretrained,ephishllm_nolink,ephishllm:9645,1,1,1078.0,truequestionquestion
phishsense,pretrained,ephishllm_nolink,ephishllm:5340,1,1,1078.0,truetruetruetruetrue
phishsense,pretrained,ephishllm_nolink,ephishllm:9153,1,0,1078.0,falsetruetruetruetrue
phishsense,pretrained,ephishllm_nolink,ephishllm:8344,1,1,1078.0,truetruetruetruetrue
phishsense,pretrained,ephishllm_nolink,ephishllm:6523,1,1,1078.0,truetruetruetruetrue
phishsense,pretrained,ephishllm_nolink,ephishllm:8949,1,1,1078.0,truetruetruetrue
phishsense,pretrained,ephishllm_nolink,ephishllm:6108,1,0,1078.0,falsefalsetruetruefalse
phishsense,pretrained,ephishllm_nolink,ephishllm:7519,1,1,1078.0,truequestionquestion
phishsense,pretrained,ephishllm_nolink,ephishllm:4810,1,0,1078.0,falsefalsefalsefalsefalse
phishsense,pretrained,ephishllm_nolink,ephishllm:8748,1,1,1078.0,truetruetruetruetrue
phishsense,pretrained,ephishllm_nolink,ephishllm:8977,1,1,1078.0,true#truetrue
phishsense,pretrained,ephishllm_nolink,ephishllm:7016,1,1,1078.0,truequestionquestion
phishsense,pretrained,ephishllm_nolink,ephishllm:5317,1,1,1078.0,truetruetruetrue
phishsense,pretrained,ephishllm_nolink,ephishllm:7243,1,1,1078.0,truequestionquestion
phishsense,pretrained,ephishllm_nolink,ephishllm:9135,1,1,1078.0,truetruetruetruetrue
phishsense,pretrained,ephishllm_nolink,ephishllm:6656,1,1,1078.0,truetruetruetruetrue
phishsense,pretrained,ephishllm_nolink,ephishllm:8379,1,1,1078.0,truetruetruetrue
phishsense,pretrained,ephishllm_nolink,ephishllm:5468,1,1,1078.0,truetruetruetruetrue
phishsense,pretrained,ephishllm_nolink,ephishllm:4955,1,1,1078.0,truetruetruetruetrue
phishsense,pretrained,ephishllm_nolink,ephishllm:5120,1,1,1078.0,truetruetruetruetrue
phishsense,pretrained,ephishllm_nolink,ephishllm:8330,1,1,1078.0,truetruetruetruetrue
phishsense,pretrained,ephishllm_nolink,ephishllm:8220,1,1,1078.0,truetruetruetruetrue
phishsense,pretrained,ephishllm_nolink,ephishllm:8769,1,1,1078.0,truetruetruetruetrue
phishsense,pretrained,ephishllm_nolink,ephishllm:8792,1,1,1078.0,true#truetrue
phishsense,pretrained,ephishllm_nolink,ephishllm:8258,1,1,1078.0,truetruetruetruetrue
phishsense,pretrained,ephishllm_nolink,ephishllm:8568,1,1,1078.0,truetruetruetruetrue
phishsense,pretrained,ephishllm_nolink,ephishllm:7742,1,1,1078.0,truequestionquestion
phishsense,pretrained,ephishllm_nolink,ephishllm:5160,1,1,1078.0,truetruetruetruetrue
phishsense,pretrained,ephishllm_nolink,ephishllm:5683,1,1,1078.0,truetruetruetrue
phishsense,pretrained,ephishllm_nolink,ephishllm:7012,1,1,1078.0,true##
phishsense,pretrained,ephishllm_nolink,ephishllm:8357,1,1,1078.0,truetruetruetruetrue
phishsense,pretrained,ephishllm_nolink,ephishllm:9538,1,1,1078.0,truetruetruetruetrue
phishsense,pretrained,ephishllm_nolink,ephishllm:9230,1,1,1078.0,truetruetruetruetrue
phishsense,pretrained,ephishllm_nolink,ephishllm:5873,1,1,1078.0,truetruetruetruetrue
phishsense,pretrained,ephishllm_nolink,ephishllm:5587,1,1,1078.0,truetruetrue#
phishsense,pretrained,ephishllm_nolink,ephishllm:5292,1,1,1078.0,truetruetruetruetrue
phishsense,pretrained,ephishllm_nolink,ephishllm:6278,1,1,1078.0,truetruetruetruetrue
phishsense,pretrained,ephishllm_nolink,ephishllm:6007,1,1,1078.0,truequestionquestion
phishsense,pretrained,ephishllm_nolink,ephishllm:5278,1,0,1078.0,falsetruetruetrue
phishsense,pretrained,ephishllm_nolink,ephishllm:8831,1,1,1078.0,truetruetruetruetrue
phishsense,pretrained,ephishllm_nolink,ephishllm:7772,1,1,1078.0,true##
phishsense,pretrained,ephishllm_nolink,ephishllm:9809,1,0,1078.0,falsefalsetruetruetrue
phishsense,pretrained,ephishllm_nolink,ephishllm:4866,1,0,1078.0,falsefalsefalsefalsefalse
phishsense,pretrained,ephishllm_nolink,ephishllm:5498,1,1,1078.0,truetruetruetruetrue
phishsense,pretrained,ephishllm_nolink,ephishllm:6219,1,1,1078.0,truetruetruetruetrue
phishsense,pretrained,ephishllm_nolink,ephishllm:5413,1,1,1078.0,true#truetrue
phishsense,pretrained,ephishllm_nolink,ephishllm:6647,1,1,1078.0,truetruetruetrue
phishsense,pretrained,ephishllm_nolink,ephishllm:8120,1,0,1078.0,falsetruetruetruetrue
phishsense,pretrained,ephishllm_nolink,ephishllm:7020,1,1,1078.0,true#truetrue
phishsense,pretrained,ephishllm_nolink,ephishllm:9305,1,1,1078.0,truetruetruetruetrue
phishsense,pretrained,ephishllm_nolink,ephishllm:6351,1,1,1078.0,truetruetruetrue
phishsense,pretrained,ephishllm_nolink,ephishllm:5203,1,1,1078.0,truetruetruetruetrue
phishsense,pretrained,ephishllm_nolink,ephishllm:9859,1,0,1078.0,false#falsetrue
phishsense,pretrained,ephishllm_nolink,ephishllm:7768,1,1,1078.0,truetruetruetrue
phishsense,pretrained,ephishllm_nolink,ephishllm:5821,1,1,1078.0,true##
phishsense,pretrained,ephishllm_nolink,ephishllm:8892,1,0,1078.0,false##
phishsense,pretrained,ephishllm_nolink,ephishllm:8032,1,1,1078.0,truetruetruetruetrue
phishsense,pretrained,ephishllm_nolink,ephishllm:8824,1,1,1078.0,true#truetrue
phishsense,pretrained,ephishllm_nolink,ephishllm:9912,1,1,1078.0,truetruetruetruetrue
phishsense,pretrained,ephishllm_nolink,ephishllm:5698,1,0,1078.0,falsefalsetruetruefalse
phishsense,pretrained,ephishllm_nolink,ephishllm:5574,1,0,1078.0,falsetruetruetruetrue
phishsense,pretrained,ephishllm_nolink,ephishllm:6620,1,1,1078.0,truetruetruetrue
phishsense,pretrained,ephishllm_nolink,ephishllm:9360,1,1,1078.0,true#truetrue
phishsense,pretrained,ephishllm_nolink,ephishllm:7029,1,1,1078.0,truetruetruetruetrue
phishsense,pretrained,ephishllm_nolink,ephishllm:8170,1,1,1078.0,true#truetrue
phishsense,pretrained,ephishllm_nolink,ephishllm:8094,1,1,1078.0,truetruetruetruetrue
phishsense,pretrained,ephishllm_nolink,ephishllm:5027,1,0,1078.0,falsefalsefalsetruetrue
phishsense,pretrained,ephishllm_nolink,ephishllm:8992,1,0,1078.0,falsefalsetruetruefalse
phishsense,pretrained,ephishllm_nolink,ephishllm:6959,1,1,1078.0,truequestionquestion
phishsense,pretrained,ephishllm_nolink,ephishllm:5411,1,1,1078.0,truetruetruetrue
phishsense,pretrained,ephishllm_nolink,ephishllm:5014,1,0,1078.0,falsefalsetruetrue
phishsense,pretrained,ephishllm_nolink,ephishllm:7101,1,1,1078.0,truetruetruetruetrue
phishsense,pretrained,ephishllm_nolink,ephishllm:6997,1,0,1078.0,falsefalsetruefalsefalse
phishsense,pretrained,ephishllm_nolink,ephishllm:7015,1,1,1078.0,truetruetruetruetrue
phishsense,pretrained,ephishllm_nolink,ephishllm:7156,1,0,1078.0,falsefalsetruetruetrue
phishsense,pretrained,ephishllm_nolink,ephishllm:4938,1,1,1078.0,truetruetruetruetrue
phishsense,pretrained,ephishllm_nolink,ephishllm:9921,1,1,1078.0,truetruetruetruetrue
phishsense,pretrained,ephishllm_nolink,ephishllm:6403,1,1,1078.0,truequestionquestion
phishsense,pretrained,ephishllm_nolink,ephishllm:8221,1,1,1078.0,true#truetrue
phishsense,pretrained,ephishllm_nolink,ephishllm:6456,1,1,1078.0,true##
phishsense,pretrained,ephishllm_nolink,ephishllm:9658,1,1,1078.0,true#truetrue
phishsense,pretrained,ephishllm_nolink,ephishllm:5373,1,1,1078.0,truetruetruetruetrue
phishsense,pretrained,ephishllm_nolink,ephishllm:8703,1,1,1078.0,truetruetruetruetrue
phishsense,pretrained,ephishllm_nolink,ephishllm:5739,1,1,1078.0,truetruetruetruetrue
phishsense,pretrained,ephishllm_nolink,ephishllm:7599,1,0,1078.0,falsefalsetruetrue
phishsense,pretrained,ephishllm_nolink,ephishllm:6258,1,1,1078.0,truetruetruetruetrue
phishsense,pretrained,ephishllm_nolink,ephishllm:8747,1,1,1078.0,truetruetruetruetrue
phishsense,pretrained,ephishllm_nolink,ephishllm:7832,1,1,1078.0,truetruetruetruetrue
phishsense,pretrained,ephishllm_nolink,ephishllm:6416,1,1,1078.0,true##
phishsense,pretrained,ephishllm_nolink,ephishllm:6721,1,1,1078.0,truetruetruetruetrue
phishsense,pretrained,ephishllm_nolink,ephishllm:6492,1,1,1078.0,truequestionquestion
phishsense,pretrained,ephishllm_nolink,ephishllm:7567,1,1,1078.0,true##
phishsense,pretrained,ephishllm_nolink,ephishllm:6214,1,1,1078.0,truetruetruetruetrue
phishsense,pretrained,ephishllm_nolink,ephishllm:4919,1,1,1078.0,truetruetruetruetrue
phishsense,pretrained,ephishllm_nolink,ephishllm:8438,1,0,1078.0,falsetruetruetruetrue
phishsense,pretrained,ephishllm_nolink,ephishllm:9232,1,0,1078.0,falsefalsetruetruetrue
phishsense,pretrained,ephishllm_nolink,ephishllm:7292,1,1,1078.0,truetruetruetruetrue
phishsense,pretrained,ephishllm_nolink,ephishllm:7741,1,1,1078.0,truetruetruetruetrue
phishsense,pretrained,ephishllm_nolink,ephishllm:5904,1,1,1078.0,truetruetruetruetrue
phishsense,pretrained,ephishllm_nolink,ephishllm:7702,1,1,1078.0,truetruetruetruetrue
phishsense,pretrained,ephishllm_nolink,ephishllm:5066,1,1,1078.0,true#truetrue
phishsense,pretrained,ephishllm_nolink,ephishllm:8393,1,1,1078.0,truetruetruetruetrue
phishsense,pretrained,ephishllm_nolink,ephishllm:6421,1,1,1078.0,true#truetrue
phishsense,pretrained,ephishllm_nolink,ephishllm:6059,1,1,1078.0,true##
phishsense,pretrained,ephishllm_nolink,ephishllm:4816,1,1,1078.0,truetruetruetruetrue
phishsense,pretrained,ephishllm_nolink,ephishllm:4852,1,1,1078.0,true#truetrue
phishsense,pretrained,ephishllm_nolink,ephishllm:7201,1,1,1078.0,true#truetrue
phishsense,pretrained,ephishllm_nolink,ephishllm:7887,1,1,1078.0,true#truetrue
phishsense,pretrained,ephishllm_nolink,ephishllm:5288,1,1,1078.0,truetruetruetruetrue
phishsense,pretrained,ephishllm_nolink,ephishllm:6566,1,1,1078.0,truetruetrue#
phishsense,pretrained,ephishllm_nolink,ephishllm:9710,1,1,1078.0,truetruetruetrue
phishsense,pretrained,ephishllm_nolink,ephishllm:9884,1,1,1078.0,truetruetruetruetrue
phishsense,pretrained,ephishllm_nolink,ephishllm:6370,1,1,1078.0,truetruetruetruetrue
phishsense,pretrained,ephishllm_nolink,ephishllm:5936,1,0,1078.0,falsefalsetruetruetrue
phishsense,pretrained,ephishllm_nolink,ephishllm:6898,1,1,1078.0,truetruetruetruetrue
phishsense,pretrained,ephishllm_nolink,ephishllm:5718,1,1,1078.0,truetruetruetruetrue
phishsense,pretrained,ephishllm_nolink,ephishllm:6367,1,1,1078.0,truetruetruetruetrue
phishsense,pretrained,ephishllm_nolink,ephishllm:5213,1,1,1078.0,truetruetruetruetrue
phishsense,pretrained,ephishllm_nolink,ephishllm:9966,1,1,1078.0,truetruetrue#
phishsense,pretrained,ephishllm_nolink,ephishllm:5550,1,1,1078.0,truetruetruetruetrue
phishsense,pretrained,ephishllm_nolink,ephishllm:5259,1,0,1078.0,falsefalsefalsetruetrue
phishsense,pretrained,ephishllm_nolink,ephishllm:6618,1,1,1078.0,true#truetrue
phishsense,pretrained,ephishllm_nolink,ephishllm:5440,1,0,1078.0,falsetruetruetruetrue
phishsense,pretrained,ephishllm_nolink,ephishllm:5331,1,0,1078.0,falsefalsefalsefalsefalse
phishsense,pretrained,ephishllm_nolink,ephishllm:5376,1,1,1078.0,truetruetruetrue
phishsense,pretrained,ephishllm_nolink,ephishllm:9257,1,1,1078.0,truetruetruetruetrue
phishsense,pretrained,ephishllm_nolink,ephishllm:8451,1,1,1078.0,truetruetruetruetrue
phishsense,pretrained,ephishllm_nolink,ephishllm:6002,1,1,1078.0,truequestionquestion
phishsense,pretrained,ephishllm_nolink,ephishllm:7299,1,1,1078.0,truetruetruetruetrue
phishsense,pretrained,ephishllm_nolink,ephishllm:5284,1,1,1078.0,true#truetrue
phishsense,pretrained,ephishllm_nolink,ephishllm:7673,1,1,1078.0,truetruetruetruetrue
phishsense,pretrained,ephishllm_nolink,ephishllm:8759,1,0,1078.0,falsetruetruetruetrue
phishsense,pretrained,ephishllm_nolink,ephishllm:8807,1,1,1078.0,truetruetruetrue
phishsense,pretrained,ephishllm_nolink,ephishllm:4820,1,1,1078.0,truetruetruetruetrue
phishsense,pretrained,ephishllm_nolink,ephishllm:5552,1,1,1078.0,true#truetrue
phishsense,pretrained,ephishllm_nolink,ephishllm:6944,1,1,1078.0,truetruetruetruetrue
phishsense,pretrained,ephishllm_nolink,ephishllm:6011,1,1,1078.0,true#truetrue
phishsense,pretrained,ephishllm_nolink,ephishllm:8193,1,0,1078.0,falsefalsefalsefalsefalse
phishsense,pretrained,ephishllm_nolink,ephishllm:7877,1,0,1078.0,falsefalse#
phishsense,pretrained,ephishllm_nolink,ephishllm:5694,1,1,1078.0,truequestionquestion
phishsense,pretrained,ephishllm_nolink,ephishllm:561,0,0,1078.0,falsefalsefalsefalsefalse
phishsense,pretrained,ephishllm_nolink,ephishllm:893,0,0,1078.0,falsefalsefalsetruefalse
phishsense,pretrained,ephishllm_nolink,ephishllm:1684,0,0,1078.0,falsetruetruetrue
phishsense,pretrained,ephishllm_nolink,ephishllm:705,0,0,1078.0,falsefalsefalsefalsefalse
phishsense,pretrained,ephishllm_nolink,ephishllm:1873,0,0,1078.0,falsetruetruetruetrue
phishsense,pretrained,ephishllm_nolink,ephishllm:4705,0,0,1078.0,falsefalsefalsefalsefalse
phishsense,pretrained,ephishllm_nolink,ephishllm:3015,0,0,1078.0,falsefalsefalsefalsefalse
phishsense,pretrained,ephishllm_nolink,ephishllm:3734,0,0,1078.0,falsefalsefalsefalsefalse
phishsense,pretrained,ephishllm_nolink,ephishllm:733,0,0,1078.0,falsetruetruetruetrue
phishsense,pretrained,ephishllm_nolink,ephishllm:33,0,0,1078.0,falsetruetruetruetrue
phishsense,pretrained,ephishllm_nolink,ephishllm:1322,0,0,1078.0,falsetruetruetruetrue
phishsense,pretrained,ephishllm_nolink,ephishllm:3570,0,0,1078.0,falsefalsetruetruetrue
phishsense,pretrained,ephishllm_nolink,ephishllm:1756,0,0,1078.0,falsefalsefalsefalsefalse
phishsense,pretrained,ephishllm_nolink,ephishllm:2922,0,0,1078.0,falsefalsefalsefalsefalse
phishsense,pretrained,ephishllm_nolink,ephishllm:2540,0,0,1078.0,falsetruetruetruetrue
phishsense,pretrained,ephishllm_nolink,ephishllm:1374,0,0,1078.0,falsetruetruetruetrue
phishsense,pretrained,ephishllm_nolink,ephishllm:2628,0,0,1078.0,falsefalsefalsetruetrue
phishsense,pretrained,ephishllm_nolink,ephishllm:598,0,0,1078.0,falsefalsefalsetruetrue
phishsense,pretrained,ephishllm_nolink,ephishllm:179,0,0,1078.0,false##
phishsense,pretrained,ephishllm_nolink,ephishllm:1261,0,0,1078.0,falsefalsefalsefalse
phishsense,pretrained,ephishllm_nolink,ephishllm:4258,0,0,1078.0,falsefalsefalsefalsefalse
phishsense,pretrained,ephishllm_nolink,ephishllm:3919,0,0,1078.0,falsetruetruetruetrue
phishsense,pretrained,ephishllm_nolink,ephishllm:3265,0,0,1078.0,falsefalsefalsefalsefalse
phishsense,pretrained,ephishllm_nolink,ephishllm:2809,0,0,1078.0,falsefalsefalsetruetrue
phishsense,pretrained,ephishllm_nolink,ephishllm:3423,0,0,1078.0,falsefalsefalse#
phishsense,pretrained,ephishllm_nolink,ephishllm:538,0,0,1078.0,falsefalsefalsefalsefalse
phishsense,pretrained,ephishllm_nolink,ephishllm:1505,0,0,1078.0,falsetruetruetruetrue
phishsense,pretrained,ephishllm_nolink,ephishllm:4469,0,1,1078.0,truequestionquestion
phishsense,pretrained,ephishllm_nolink,ephishllm:3483,0,0,1078.0,falsefalsefalsefalsefalse
phishsense,pretrained,ephishllm_nolink,ephishllm:831,0,1,1078.0,truetruetruetrue
phishsense,pretrained,ephishllm_nolink,ephishllm:79,0,0,1078.0,falsefalsetruetruetrue
phishsense,pretrained,ephishllm_nolink,ephishllm:429,0,0,1078.0,falsefalsefalsefalsefalse
phishsense,pretrained,ephishllm_nolink,ephishllm:2570,0,0,1078.0,falsetruetruetrue
phishsense,pretrained,ephishllm_nolink,ephishllm:1842,0,0,1078.0,falsefalsefalsefalsefalse
phishsense,pretrained,ephishllm_nolink,ephishllm:3764,0,1,1078.0,true#truetrue
phishsense,pretrained,ephishllm_nolink,ephishllm:765,0,0,1078.0,falsefalsetruetruetrue
phishsense,pretrained,ephishllm_nolink,ephishllm:1135,0,0,1078.0,falsefalsefalsefalsefalse
phishsense,pretrained,ephishllm_nolink,ephishllm:1972,0,0,1078.0,falsefalsefalsefalsefalse
phishsense,pretrained,ephishllm_nolink,ephishllm:1056,0,0,1078.0,falsequestionquestion
phishsense,pretrained,ephishllm_nolink,ephishllm:1421,0,0,1078.0,falsetruefalsefalsefalse
phishsense,pretrained,ephishllm_nolink,ephishllm:501,0,0,1078.0,false##
phishsense,pretrained,ephishllm_nolink,ephishllm:227,0,0,1078.0,falsefalsefalsefalsefalse
phishsense,pretrained,ephishllm_nolink,ephishllm:2596,0,0,1078.0,falsefalsefalsefalsefalse
phishsense,pretrained,ephishllm_nolink,ephishllm:4691,0,0,1078.0,falsefalsefalsefalsefalse
phishsense,pretrained,ephishllm_nolink,ephishllm:1551,0,0,1078.0,falsefalsefalsetrue
phishsense,pretrained,ephishllm_nolink,ephishllm:4244,0,0,1078.0,falsefalsefalsefalsefalse
phishsense,pretrained,ephishllm_nolink,ephishllm:1351,0,0,1078.0,falsefalsefalsefalsefalse
phishsense,pretrained,ephishllm_nolink,ephishllm:1144,0,0,1078.0,false##
phishsense,pretrained,ephishllm_nolink,ephishllm:2526,0,0,1078.0,falsetruetruetruetrue
phishsense,pretrained,ephishllm_nolink,ephishllm:4182,0,0,1078.0,falsefalsefalsefalsefalse
phishsense,pretrained,ephishllm_nolink,ephishllm:1973,0,0,1078.0,falsefalsefalsefalsefalse
phishsense,pretrained,ephishllm_nolink,ephishllm:1831,0,1,1078.0,truetruetruetruetrue
phishsense,pretrained,ephishllm_nolink,ephishllm:3631,0,0,1078.0,falsetruetruetruefalse
phishsense,pretrained,ephishllm_nolink,ephishllm:8,0,0,1078.0,falsefalsetruetrue
phishsense,pretrained,ephishllm_nolink,ephishllm:23,0,0,1078.0,falsefalsefalsefalsefalse
phishsense,pretrained,ephishllm_nolink,ephishllm:764,0,1,1078.0,truefalsetruetruetrue
phishsense,pretrained,ephishllm_nolink,ephishllm:3123,0,0,1078.0,falsefalsefalsefalsefalse
phishsense,pretrained,ephishllm_nolink,ephishllm:859,0,0,1078.0,falsefalsefalsefalsefalse
phishsense,pretrained,ephishllm_nolink,ephishllm:742,0,0,1078.0,falsefalsefalsetruefalse
phishsense,pretrained,ephishllm_nolink,ephishllm:4151,0,0,1078.0,falsefalsefalsetruefalse
phishsense,pretrained,ephishllm_nolink,ephishllm:1437,0,0,1078.0,falsetruetruetruefalse
phishsense,pretrained,ephishllm_nolink,ephishllm:4239,0,1,1078.0,truetruetruetruetrue
phishsense,pretrained,ephishllm_nolink,ephishllm:322,0,0,1078.0,falsetruetruetruetrue
phishsense,pretrained,ephishllm_nolink,ephishllm:4637,0,0,1078.0,falsefalsefalsefalsefalse
phishsense,pretrained,ephishllm_nolink,ephishllm:2899,0,0,1078.0,falsefalsefalsefalsefalse
phishsense,pretrained,ephishllm_nolink,ephishllm:4112,0,0,1078.0,falsetruetruetrue
phishsense,pretrained,ephishllm_nolink,ephishllm:577,0,0,1078.0,falsetruetruetruetrue
phishsense,pretrained,ephishllm_nolink,ephishllm:3392,0,0,1078.0,falsefalsequestion
phishsense,pretrained,ephishllm_nolink,ephishllm:670,0,0,1078.0,falsefalsefalsetruetrue
phishsense,pretrained,ephishllm_nolink,ephishllm:1027,0,0,1078.0,falsefalsefalsetruetrue
phishsense,pretrained,ephishllm_nolink,ephishllm:1522,0,0,1078.0,falsefalsefalsetruefalse
phishsense,pretrained,ephishllm_nolink,ephishllm:2341,0,0,1078.0,falsefalsefalsefalsefalse
phishsense,pretrained,ephishllm_nolink,ephishllm:1024,0,0,1078.0,falsefalsefalsefalse
phishsense,pretrained,ephishllm_nolink,ephishllm:4597,0,0,1078.0,falsefalsefalsefalsefalse
phishsense,pretrained,ephishllm_nolink,ephishllm:3990,0,0,1078.0,false##
phishsense,pretrained,ephishllm_nolink,ephishllm:1812,0,0,1078.0,falsetruetruetrue
phishsense,pretrained,ephishllm_nolink,ephishllm:964,0,0,1078.0,falsefalsefalsefalsefalse
phishsense,pretrained,ephishllm_nolink,ephishllm:1665,0,0,1078.0,falsefalsefalsefalsefalse
phishsense,pretrained,ephishllm_nolink,ephishllm:3657,0,0,1078.0,false##
phishsense,pretrained,ephishllm_nolink,ephishllm:3081,0,0,1078.0,falsefalsefalsefalsefalse
phishsense,pretrained,ephishllm_nolink,ephishllm:4152,0,0,1078.0,falsefalsefalsefalsefalse
phishsense,pretrained,ephishllm_nolink,ephishllm:491,0,0,1078.0,falsefalsefalsefalsefalse
phishsense,pretrained,ephishllm_nolink,ephishllm:534,0,0,1078.0,false##
phishsense,pretrained,ephishllm_nolink,ephishllm:2236,0,1,1078.0,truetruetruetruetrue
phishsense,pretrained,ephishllm_nolink,ephishllm:4374,0,1,1078.0,truetruetruetruefalse
phishsense,pretrained,ephishllm_nolink,ephishllm:65,0,0,1078.0,falsefalsefalsefalsefalse
phishsense,pretrained,ephishllm_nolink,ephishllm:4372,0,0,1078.0,falsetruetruetruefalse
phishsense,pretrained,ephishllm_nolink,ephishllm:2672,0,0,1078.0,falsefalsefalsefalsefalse
phishsense,pretrained,ephishllm_nolink,ephishllm:763,0,0,1078.0,falsefalsefalsefalsefalse
phishsense,pretrained,ephishllm_nolink,ephishllm:1694,0,0,1078.0,falsefalsefalsefalsefalse
phishsense,pretrained,ephishllm_nolink,ephishllm:3751,0,0,1078.0,falsefalsefalsefalsefalse
phishsense,pretrained,ephishllm_nolink,ephishllm:4752,0,1,1078.0,true##
phishsense,pretrained,ephishllm_nolink,ephishllm:4261,0,0,1078.0,falsefalsetruetruetrue
phishsense,pretrained,ephishllm_nolink,ephishllm:1718,0,0,1078.0,falsetruetruetruetrue
phishsense,pretrained,ephishllm_nolink,ephishllm:199,0,0,1078.0,falsefalsefalsefalsefalse
phishsense,pretrained,ephishllm_nolink,ephishllm:3539,0,1,1078.0,truetruetruetruetrue
phishsense,pretrained,ephishllm_nolink,ephishllm:1614,0,1,1078.0,truetruetruetruetrue
phishsense,pretrained,ephishllm_nolink,ephishllm:2267,0,0,1078.0,falsequestionquestion
phishsense,pretrained,ephishllm_nolink,ephishllm:1610,0,0,1078.0,falsefalsefalsefalsefalse
phishsense,pretrained,ephishllm_nolink,ephishllm:3559,0,0,1078.0,falsefalsefalsetruetrue
phishsense,pretrained,ephishllm_nolink,ephishllm:1728,0,0,1078.0,falsefalsefalsefalsefalse
phishsense,pretrained,ephishllm_nolink,ephishllm:1514,0,0,1078.0,falsefalsefalsefalsefalse
phishsense,pretrained,ephishllm_nolink,ephishllm:4317,0,0,1078.0,falsefalsefalsefalsefalse
phishsense,pretrained,ephishllm_nolink,ephishllm:3633,0,1,1078.0,truetruetruetruetrue
phishsense,pretrained,ephishllm_nolink,ephishllm:3722,0,0,1078.0,falsefalsefalsefalsefalse
phishsense,pretrained,ephishllm_nolink,ephishllm:1784,0,1,1078.0,truetruetruetrue
phishsense,pretrained,ephishllm_nolink,ephishllm:3725,0,0,1078.0,falsefalsefalsetruetrue
phishsense,pretrained,ephishllm_nolink,ephishllm:1438,0,1,1078.0,truetruetruetrue
phishsense,pretrained,ephishllm_nolink,ephishllm:3741,0,0,1078.0,falsefalsefalsefalsefalse
phishsense,pretrained,ephishllm_nolink,ephishllm:4750,0,0,1078.0,falsefalsefalsefalsefalse
phishsense,pretrained,ephishllm_nolink,ephishllm:3583,0,0,1078.0,falsefalsefalsefalsefalse
phishsense,pretrained,ephishllm_nolink,ephishllm:3066,0,0,1078.0,falsefalsefalsefalsefalse
phishsense,pretrained,ephishllm_nolink,ephishllm:879,0,1,1078.0,truetruetruetruetrue
phishsense,pretrained,ephishllm_nolink,ephishllm:3352,0,1,1078.0,truetruetruetruetrue
phishsense,pretrained,ephishllm_nolink,ephishllm:287,0,0,1078.0,falsefalsefalsetruefalse
phishsense,pretrained,ephishllm_nolink,ephishllm:1391,0,0,1078.0,falsetruetruetruetrue
phishsense,pretrained,ephishllm_nolink,ephishllm:4227,0,1,1078.0,truetruetruetrue
phishsense,pretrained,ephishllm_nolink,ephishllm:915,0,0,1078.0,falsefalsefalsefalsefalse
phishsense,pretrained,ephishllm_nolink,ephishllm:2348,0,0,1078.0,falsequestionquestion
phishsense,pretrained,ephishllm_nolink,ephishllm:3669,0,0,1078.0,falsefalsefalsefalsefalse
phishsense,pretrained,ephishllm_nolink,ephishllm:4256,0,0,1078.0,falsetruetruetruetrue
phishsense,pretrained,ephishllm_nolink,ephishllm:969,0,0,1078.0,falsetruetruetruetrue
phishsense,pretrained,ephishllm_nolink,ephishllm:2406,0,1,1078.0,truetruetruetruetrue
phishsense,pretrained,ephishllm_nolink,ephishllm:3688,0,0,1078.0,falsefalsefalsefalsefalse
phishsense,pretrained,ephishllm_nolink,ephishllm:584,0,0,1078.0,falsefalsefalsefalsefalse
phishsense,pretrained,ephishllm_nolink,ephishllm:144,0,1,1078.0,truetruetruetruetrue
phishsense,pretrained,ephishllm_nolink,ephishllm:3683,0,0,1078.0,falsefalsefalsefalsefalse
phishsense,pretrained,ephishllm_nolink,ephishllm:290,0,0,1078.0,falsefalsefalsefalsefalse
phishsense,pretrained,ephishllm_nolink,ephishllm:1047,0,0,1078.0,falsetruetruetruetrue
phishsense,pretrained,ephishllm_nolink,ephishllm:4694,0,0,1078.0,falsequestionquestion
phishsense,pretrained,ephishllm_nolink,ephishllm:841,0,0,1078.0,falsefalsefalsetruefalse
phishsense,pretrained,ephishllm_nolink,ephishllm:4214,0,0,1078.0,falsetruetruetruetrue
phishsense,pretrained,ephishllm_nolink,ephishllm:4403,0,0,1078.0,falsefalsequestion
phishsense,pretrained,ephishllm_nolink,ephishllm:2897,0,0,1078.0,false##
phishsense,pretrained,ephishllm_nolink,ephishllm:4083,0,0,1078.0,falsefalsefalsefalsefalse
phishsense,pretrained,ephishllm_nolink,ephishllm:4753,0,0,1078.0,falsequestionquestion
phishsense,pretrained,ephishllm_nolink,ephishllm:1532,0,1,1078.0,truetruetruetruetrue
phishsense,pretrained,ephishllm_nolink,ephishllm:721,0,0,1078.0,falsefalsefalsefalsefalse
phishsense,pretrained,ephishllm_nolink,ephishllm:4294,0,0,1078.0,falsefalsequestion
phishsense,pretrained,ephishllm_nolink,ephishllm:132,0,0,1078.0,falsefalse#
phishsense,pretrained,ephishllm_nolink,ephishllm:2803,0,0,1078.0,falsefalsefalsetruetrue
phishsense,pretrained,ephishllm_nolink,ephishllm:838,0,1,1078.0,truetruetrue#
phishsense,pretrained,ephishllm_nolink,ephishllm:677,0,0,1078.0,falsefalsefalsefalsefalse
phishsense,pretrained,ephishllm_nolink,ephishllm:3852,0,0,1078.0,false##
phishsense,pretrained,ephishllm_nolink,ephishllm:3792,0,0,1078.0,falsetruetruetruefalse
phishsense,pretrained,ephishllm_nolink,ephishllm:2650,0,0,1078.0,falsefalsefalsefalsefalse
phishsense,pretrained,ephishllm_nolink,ephishllm:296,0,0,1078.0,falsetruetruetruetrue
phishsense,pretrained,ephishllm_nolink,ephishllm:3441,0,0,1078.0,falsefalsefalsetruetrue
phishsense,pretrained,ephishllm_nolink,ephishllm:2361,0,0,1078.0,falsefalsefalsefalsefalse
phishsense,pretrained,ephishllm_nolink,ephishllm:4422,0,1,1078.0,true##
phishsense,pretrained,nazario,nazario:1523,1,1,1161.3,truequestionquestion
phishsense,pretrained,nazario,nazario:270,1,1,1161.3,truequestionquestion
phishsense,pretrained,nazario,nazario:353,1,1,1161.3,truetruetruetruetrue
phishsense,pretrained,nazario,nazario:354,1,1,1161.3,true#truetrue
phishsense,pretrained,nazario,nazario:916,1,1,1161.3,true#truetrue
phishsense,pretrained,nazario,nazario:240,1,1,1161.3,truetruequestion
phishsense,pretrained,nazario,nazario:352,1,1,1161.3,true#truetrue
phishsense,pretrained,nazario,nazario:1372,1,1,1161.3,truequestionquestion
phishsense,pretrained,nazario,nazario:416,1,1,1161.3,truetruetruetrue
phishsense,pretrained,nazario,nazario:1046,1,1,1161.3,truetruetrue#
phishsense,pretrained,nazario,nazario:1188,1,1,1161.3,truetruetruetrue
phishsense,pretrained,nazario,nazario:351,1,1,1161.3,truequestionquestion
phishsense,pretrained,nazario,nazario:65,1,1,1161.3,truetruetruetrue
phishsense,pretrained,nazario,nazario:1243,1,1,1161.3,truetruetruequestion
phishsense,pretrained,nazario,nazario:30,1,1,1161.3,truequestionquestion
phishsense,pretrained,nazario,nazario:1265,1,1,1161.3,true#truetrue
phishsense,pretrained,nazario,nazario:1316,1,1,1161.3,truequestionquestion
phishsense,pretrained,nazario,nazario:1504,1,1,1161.3,truetruetruetrue
phishsense,pretrained,nazario,nazario:175,1,1,1161.3,truequestionquestion
phishsense,pretrained,nazario,nazario:168,1,1,1161.3,truequestionquestion
phishsense,pretrained,nazario,nazario:985,1,1,1161.3,truetruetruetrue
phishsense,pretrained,nazario,nazario:1359,1,1,1161.3,true##
phishsense,pretrained,nazario,nazario:532,1,1,1161.3,truequestionquestion
phishsense,pretrained,nazario,nazario:1173,1,1,1161.3,truetruetruetruetrue
phishsense,pretrained,nazario,nazario:522,1,1,1161.3,truetruetruetruetrue
phishsense,pretrained,nazario,nazario:1520,1,1,1161.3,truetruetruetrue
phishsense,pretrained,nazario,nazario:438,1,1,1161.3,truetruetruetruetrue
phishsense,pretrained,nazario,nazario:239,1,1,1161.3,truetruequestion
phishsense,pretrained,nazario,nazario:765,1,1,1161.3,truequestionquestion
phishsense,pretrained,nazario,nazario:59,1,1,1161.3,truequestionquestion
phishsense,pretrained,nazario,nazario:405,1,1,1161.3,truetruetruetrue
phishsense,pretrained,nazario,nazario:711,1,1,1161.3,truequestionquestion
phishsense,pretrained,nazario,nazario:478,1,1,1161.3,truetruetruetruetrue
phishsense,pretrained,nazario,nazario:162,1,1,1161.3,truequestionquestion
phishsense,pretrained,nazario,nazario:888,1,1,1161.3,truetruetruetrue
phishsense,pretrained,nazario,nazario:859,1,1,1161.3,true##
phishsense,pretrained,nazario,nazario:1182,1,1,1161.3,true#truetrue
phishsense,pretrained,nazario,nazario:1542,1,1,1161.3,truetruetruequestion
phishsense,pretrained,nazario,nazario:471,1,1,1161.3,truequestionquestion
phishsense,pretrained,nazario,nazario:184,1,1,1161.3,truetruetruetrue
phishsense,pretrained,nazario,nazario:701,1,1,1161.3,truetruetruetrue
phishsense,pretrained,nazario,nazario:1288,1,1,1161.3,truequestionquestion
phishsense,pretrained,nazario,nazario:494,1,1,1161.3,true##
phishsense,pretrained,nazario,nazario:1216,1,1,1161.3,truetrue#
phishsense,pretrained,nazario,nazario:380,1,1,1161.3,truetruetruetrue
phishsense,pretrained,nazario,nazario:1381,1,1,1161.3,truetruetruetruetrue
phishsense,pretrained,nazario,nazario:692,1,1,1161.3,truetruetruetruetrue
phishsense,pretrained,nazario,nazario:610,1,1,1161.3,truetruetruetrue
phishsense,pretrained,nazario,nazario:1321,1,1,1161.3,truetruetruetrue
phishsense,pretrained,nazario,nazario:339,1,1,1161.3,truetruetruequestion
phishsense,pretrained,nazario,nazario:124,1,1,1161.3,true##
phishsense,pretrained,nazario,nazario:974,1,1,1161.3,true#truetrue
phishsense,pretrained,nazario,nazario:275,1,1,1161.3,truequestionquestion
phishsense,pretrained,nazario,nazario:986,1,1,1161.3,truequestionquestion
phishsense,pretrained,nazario,nazario:1144,1,1,1161.3,truequestionquestion
phishsense,pretrained,nazario,nazario:1259,1,1,1161.3,truequestionquestion
phishsense,pretrained,nazario,nazario:806,1,1,1161.3,truequestionquestion
phishsense,pretrained,nazario,nazario:1156,1,1,1161.3,truequestionquestion
phishsense,pretrained,nazario,nazario:672,1,1,1161.3,truetruetruetrue
phishsense,pretrained,nazario,nazario:23,1,1,1161.3,truetruetrue#
phishsense,pretrained,nazario,nazario:1189,1,1,1161.3,truetruetruetruetrue
phishsense,pretrained,nazario,nazario:203,1,1,1161.3,truequestionquestion
phishsense,pretrained,nazario,nazario:371,1,1,1161.3,truetruequestion
phishsense,pretrained,nazario,nazario:49,1,1,1161.3,truetruetrue#
phishsense,pretrained,nazario,nazario:824,1,1,1161.3,true#truetrue
phishsense,pretrained,nazario,nazario:1430,1,1,1161.3,truetruetruetruetrue
phishsense,pretrained,nazario,nazario:670,1,1,1161.3,true#truetrue
phishsense,pretrained,nazario,nazario:617,1,1,1161.3,truetruetruequestion
phishsense,pretrained,nazario,nazario:271,1,1,1161.3,truetruetruetrue
phishsense,pretrained,nazario,nazario:428,1,1,1161.3,truetruetruetruetrue
phishsense,pretrained,nazario,nazario:720,1,1,1161.3,truequestionquestion
phishsense,pretrained,nazario,nazario:1211,1,1,1161.3,truetruetruequestion
phishsense,pretrained,nazario,nazario:123,1,1,1161.3,truetruetrue#
phishsense,pretrained,nazario,nazario:1376,1,1,1161.3,true#truetrue
phishsense,pretrained,nazario,nazario:237,1,1,1161.3,truetruequestion
phishsense,pretrained,nazario,nazario:1203,1,1,1161.3,true#truetrue
phishsense,pretrained,nazario,nazario:198,1,1,1161.3,truetruetruetrue
phishsense,pretrained,nazario,nazario:199,1,1,1161.3,truequestionquestion
phishsense,pretrained,nazario,nazario:914,1,1,1161.3,truetrue#true
phishsense,pretrained,nazario,nazario:1102,1,1,1161.3,truetruetruetruetrue
phishsense,pretrained,nazario,nazario:1247,1,1,1161.3,truetruetruetruetrue
phishsense,pretrained,nazario,nazario:1235,1,1,1161.3,truequestionquestion
phishsense,pretrained,nazario,nazario:99,1,1,1161.3,truequestionquestion
phishsense,pretrained,nazario,nazario:332,1,1,1161.3,truetruetruetrue
phishsense,pretrained,nazario,nazario:51,1,1,1161.3,truetruetruetrue
phishsense,pretrained,nazario,nazario:70,1,1,1161.3,truequestionquestion
phishsense,pretrained,nazario,nazario:1362,1,1,1161.3,truequestionquestion
phishsense,pretrained,nazario,nazario:76,1,1,1161.3,truetruetruequestion
phishsense,pretrained,nazario,nazario:1000,1,1,1161.3,truequestionquestion
phishsense,pretrained,nazario,nazario:922,1,1,1161.3,truequestionquestion
phishsense,pretrained,nazario,nazario:141,1,1,1161.3,truetrue#
phishsense,pretrained,nazario,nazario:1446,1,1,1161.3,true##
phishsense,pretrained,nazario,nazario:1179,1,1,1161.3,truequestionquestion
phishsense,pretrained,nazario,nazario:988,1,1,1161.3,truetruetruetrue
phishsense,pretrained,nazario,nazario:907,1,1,1161.3,truetruetruetruetrue
phishsense,pretrained,nazario,nazario:993,1,1,1161.3,truequestionquestion
phishsense,pretrained,nazario,nazario:1531,1,1,1161.3,truetruetruetruetrue
phishsense,pretrained,nazario,nazario:220,1,1,1161.3,truetruetruetrue
phishsense,pretrained,nazario,nazario:331,1,1,1161.3,truequestionquestion
phishsense,pretrained,nazario,nazario:926,1,1,1161.3,truetruequestion
phishsense,pretrained,nazario,nazario:185,1,1,1161.3,true#truetrue
phishsense,pretrained,nazario,nazario:381,1,1,1161.3,truequestionquestion
phishsense,pretrained,nazario,nazario:1277,1,1,1161.3,truetruetruetrue
phishsense,pretrained,nazario,nazario:261,1,1,1161.3,truequestionquestion
phishsense,pretrained,nazario,nazario:1420,1,1,1161.3,truetruetruetrue
phishsense,pretrained,nazario,nazario:1027,1,1,1161.3,truetruetruetrue
phishsense,pretrained,nazario,nazario:1435,1,1,1161.3,truetruetruequestion
phishsense,pretrained,nazario,nazario:1450,1,1,1161.3,true##
phishsense,pretrained,nazario,nazario:135,1,1,1161.3,truequestionquestion
phishsense,pretrained,nazario,nazario:1461,1,1,1161.3,truetruetruetrue
phishsense,pretrained,nazario,nazario:490,1,1,1161.3,truequestionquestion
phishsense,pretrained,nazario,nazario:527,1,1,1161.3,true##
phishsense,pretrained,nazario,nazario:1548,1,1,1161.3,truetruetruetrue
phishsense,pretrained,nazario,nazario:774,1,1,1161.3,truetruetruetruetrue
phishsense,pretrained,nazario,nazario:67,1,1,1161.3,truetruetruetrue
phishsense,pretrained,nazario,nazario:383,1,1,1161.3,truetruetruetruetrue
phishsense,pretrained,nazario,nazario:1252,1,1,1161.3,truetruetruetrue
phishsense,pretrained,nazario,nazario:309,1,1,1161.3,truetruetruetruetrue
phishsense,pretrained,nazario,nazario:1212,1,1,1161.3,truetrue#
phishsense,pretrained,nazario,nazario:976,1,1,1161.3,truetruetruetruetrue
phishsense,pretrained,nazario,nazario:940,1,1,1161.3,truetruetruetruetrue
phishsense,pretrained,nazario,nazario:1539,1,1,1161.3,true#truetrue
phishsense,pretrained,nazario,nazario:869,1,1,1161.3,truetruetruetruetrue
phishsense,pretrained,nazario,nazario:718,1,1,1161.3,truetruequestion
phishsense,pretrained,nazario,nazario:415,1,1,1161.3,truetruetruetruetrue
phishsense,pretrained,nazario,nazario:1098,1,1,1161.3,truetruetruetrue
phishsense,pretrained,nazario,nazario:1040,1,1,1161.3,truetruetruetrue
phishsense,pretrained,nazario,nazario:29,1,1,1161.3,truetruetruetrue
phishsense,pretrained,nazario,nazario:367,1,1,1161.3,truequestionquestion
phishsense,pretrained,nazario,nazario:1421,1,1,1161.3,truequestionquestion
phishsense,pretrained,nazario,nazario:485,1,1,1161.3,truetruetruequestion
phishsense,pretrained,nazario,nazario:631,1,1,1161.3,truetruequestion
phishsense,pretrained,nazario,nazario:602,1,1,1161.3,truetruetruetruetrue
phishsense,pretrained,nazario,nazario:350,1,1,1161.3,truequestionquestion
phishsense,pretrained,nazario,nazario:818,1,1,1161.3,truetruetruetrue
phishsense,pretrained,nazario,nazario:1342,1,1,1161.3,truetruetruetruetrue
phishsense,pretrained,nazario,nazario:366,1,1,1161.3,truetruetruetruetrue
phishsense,pretrained,nazario,nazario:1108,1,1,1161.3,truequestionquestion
phishsense,pretrained,nazario,nazario:598,1,1,1161.3,truetruetruetrue
phishsense,pretrained,nazario,nazario:1213,1,1,1161.3,true#truetrue
phishsense,pretrained,nazario,nazario:427,1,1,1161.3,truequestionquestion
phishsense,pretrained,nazario,nazario:679,1,1,1161.3,truetruequestion
phishsense,pretrained,nazario,nazario:964,1,1,1161.3,truetruequestion
phishsense,pretrained,nazario,nazario:413,1,1,1161.3,truetruetruetruetrue
phishsense,pretrained,nazario,nazario:743,1,1,1161.3,truequestionquestion
phishsense,pretrained,nazario,nazario:1398,1,1,1161.3,truequestion#
phishsense,pretrained,nazario,nazario:678,1,1,1161.3,truequestionquestion
phishsense,pretrained,nazario,nazario:1176,1,1,1161.3,truetruetruetruetrue
phishsense,pretrained,nazario,nazario:982,1,1,1161.3,truetruetruetruetrue
phishsense,pretrained,nazario,nazario:1029,1,1,1161.3,truetruetrue#
phishsense,pretrained,ephishllm,ephishllm:6684,1,1,623.5,true#truetrue
phishsense,pretrained,ephishllm,ephishllm:5664,1,1,623.5,truetruequestion
phishsense,pretrained,ephishllm,ephishllm:9218,1,1,623.5,truetruetruetruetrue
phishsense,pretrained,ephishllm,ephishllm:9766,1,1,623.5,true##
phishsense,pretrained,ephishllm,ephishllm:6382,1,0,623.5,falsetruetruetruetrue
phishsense,pretrained,ephishllm,ephishllm:8505,1,1,623.5,true#question
phishsense,pretrained,ephishllm,ephishllm:5680,1,1,623.5,truetruetruetruetrue
phishsense,pretrained,ephishllm,ephishllm:6079,1,1,623.5,truetruetruetruetrue
phishsense,pretrained,ephishllm,ephishllm:5955,1,1,623.5,truetruetruetruetrue
phishsense,pretrained,ephishllm,ephishllm:5931,1,1,623.5,truetruetruetrue
phishsense,pretrained,ephishllm,ephishllm:9645,1,1,623.5,truequestionquestion
phishsense,pretrained,ephishllm,ephishllm:5340,1,1,623.5,truetruetruetruetrue
phishsense,pretrained,ephishllm,ephishllm:9153,1,1,623.5,truetruetruetruetrue
phishsense,pretrained,ephishllm,ephishllm:8344,1,1,623.5,truetruetruetruetrue
phishsense,pretrained,ephishllm,ephishllm:6523,1,1,623.5,truetruetruetruetrue
phishsense,pretrained,ephishllm,ephishllm:8949,1,1,623.5,truetruetruetrue
phishsense,pretrained,ephishllm,ephishllm:6108,1,0,623.5,falsefalsetruetruefalse
phishsense,pretrained,ephishllm,ephishllm:7519,1,1,623.5,truequestionquestion
phishsense,pretrained,ephishllm,ephishllm:4810,1,0,623.5,falsefalsetruetruetrue
phishsense,pretrained,ephishllm,ephishllm:8748,1,1,623.5,truetruetruetruetrue
phishsense,pretrained,ephishllm,ephishllm:8977,1,1,623.5,true#truetrue
phishsense,pretrained,ephishllm,ephishllm:7016,1,1,623.5,truequestionquestion
phishsense,pretrained,ephishllm,ephishllm:5317,1,1,623.5,truetruetruetrue
phishsense,pretrained,ephishllm,ephishllm:7243,1,1,623.5,truequestionquestion
phishsense,pretrained,ephishllm,ephishllm:9135,1,1,623.5,truetruetruetruetrue
phishsense,pretrained,ephishllm,ephishllm:6656,1,1,623.5,truetruetruetruetrue
phishsense,pretrained,ephishllm,ephishllm:8379,1,1,623.5,truetruetruetrue
phishsense,pretrained,ephishllm,ephishllm:5468,1,1,623.5,truetruetruetruetrue
phishsense,pretrained,ephishllm,ephishllm:4955,1,1,623.5,truetruetruetruetrue
phishsense,pretrained,ephishllm,ephishllm:5120,1,1,623.5,truetruetruetruetrue
phishsense,pretrained,ephishllm,ephishllm:8330,1,1,623.5,truetruetruetruetrue
phishsense,pretrained,ephishllm,ephishllm:8220,1,1,623.5,truetruetruetruetrue
phishsense,pretrained,ephishllm,ephishllm:8769,1,1,623.5,truetruetruetruetrue
phishsense,pretrained,ephishllm,ephishllm:8792,1,1,623.5,true#truetrue
phishsense,pretrained,ephishllm,ephishllm:8258,1,1,623.5,truetruetruetruetrue
phishsense,pretrained,ephishllm,ephishllm:8568,1,1,623.5,truetruetruetruetrue
phishsense,pretrained,ephishllm,ephishllm:7742,1,1,623.5,truequestionquestion
phishsense,pretrained,ephishllm,ephishllm:5160,1,1,623.5,truetruetruetruetrue
phishsense,pretrained,ephishllm,ephishllm:5683,1,1,623.5,truetruetruetrue
phishsense,pretrained,ephishllm,ephishllm:7012,1,1,623.5,true##
phishsense,pretrained,ephishllm,ephishllm:8357,1,1,623.5,truetruetruetruetrue
phishsense,pretrained,ephishllm,ephishllm:9538,1,1,623.5,truetruetruetrue
phishsense,pretrained,ephishllm,ephishllm:9230,1,1,623.5,truetruetruetrue
phishsense,pretrained,ephishllm,ephishllm:5873,1,1,623.5,truetruetruetruetrue
phishsense,pretrained,ephishllm,ephishllm:5587,1,1,623.5,truetruetrue#
phishsense,pretrained,ephishllm,ephishllm:5292,1,1,623.5,truetruetruetruetrue
phishsense,pretrained,ephishllm,ephishllm:6278,1,1,623.5,truetruetruefalsefalse
phishsense,pretrained,ephishllm,ephishllm:6007,1,1,623.5,truequestionquestion
phishsense,pretrained,ephishllm,ephishllm:5278,1,0,623.5,falsetruetruetrue
phishsense,pretrained,ephishllm,ephishllm:8831,1,1,623.5,truetruetruetruetrue
phishsense,pretrained,ephishllm,ephishllm:7772,1,1,623.5,true##
phishsense,pretrained,ephishllm,ephishllm:9809,1,0,623.5,falsetruetruetruetrue
phishsense,pretrained,ephishllm,ephishllm:4866,1,0,623.5,falsefalsefalsefalsefalse
phishsense,pretrained,ephishllm,ephishllm:5498,1,1,623.5,truetruetruetruetrue
phishsense,pretrained,ephishllm,ephishllm:6219,1,1,623.5,truetruetruetruetrue
phishsense,pretrained,ephishllm,ephishllm:5413,1,1,623.5,true#truetrue
phishsense,pretrained,ephishllm,ephishllm:6647,1,1,623.5,truetruetruetrue
phishsense,pretrained,ephishllm,ephishllm:8120,1,0,623.5,falsetruetruetruetrue
phishsense,pretrained,ephishllm,ephishllm:7020,1,1,623.5,truetruetruetruetrue
phishsense,pretrained,ephishllm,ephishllm:9305,1,1,623.5,truequestionquestion
phishsense,pretrained,ephishllm,ephishllm:6351,1,1,623.5,truetruetruetruetrue
phishsense,pretrained,ephishllm,ephishllm:5203,1,1,623.5,truetruetruetruetrue
phishsense,pretrained,ephishllm,ephishllm:9859,1,0,623.5,false#falsetrue
phishsense,pretrained,ephishllm,ephishllm:7768,1,1,623.5,truetruetruetruetrue
phishsense,pretrained,ephishllm,ephishllm:5821,1,1,623.5,true##
phishsense,pretrained,ephishllm,ephishllm:8892,1,1,623.5,truetruetruetruetrue
phishsense,pretrained,ephishllm,ephishllm:8032,1,1,623.5,truetruetruetruetrue
phishsense,pretrained,ephishllm,ephishllm:8824,1,1,623.5,true#truetrue
phishsense,pretrained,ephishllm,ephishllm:9912,1,1,623.5,truetruetruetruetrue
phishsense,pretrained,ephishllm,ephishllm:5698,1,0,623.5,falsefalsetruetruefalse
phishsense,pretrained,ephishllm,ephishllm:5574,1,0,623.5,falsetruetruetruetrue
phishsense,pretrained,ephishllm,ephishllm:6620,1,1,623.5,truetruetruetrue
phishsense,pretrained,ephishllm,ephishllm:9360,1,1,623.5,true#truetrue
phishsense,pretrained,ephishllm,ephishllm:7029,1,1,623.5,truetruetruetruetrue
phishsense,pretrained,ephishllm,ephishllm:8170,1,1,623.5,true#truetrue
phishsense,pretrained,ephishllm,ephishllm:8094,1,1,623.5,truetruetruetruetrue
phishsense,pretrained,ephishllm,ephishllm:5027,1,0,623.5,falsefalsefalsetruetrue
phishsense,pretrained,ephishllm,ephishllm:8992,1,0,623.5,falsefalsetruetruefalse
phishsense,pretrained,ephishllm,ephishllm:6959,1,1,623.5,true#truetrue
phishsense,pretrained,ephishllm,ephishllm:5411,1,1,623.5,truetruetruetrue
phishsense,pretrained,ephishllm,ephishllm:5014,1,0,623.5,falsefalsetruetrue
phishsense,pretrained,ephishllm,ephishllm:7101,1,1,623.5,truetruetruetruetrue
phishsense,pretrained,ephishllm,ephishllm:6997,1,0,623.5,falsefalsetruefalsefalse
phishsense,pretrained,ephishllm,ephishllm:7015,1,1,623.5,truetruetruetrue
phishsense,pretrained,ephishllm,ephishllm:7156,1,0,623.5,falsefalsetruetruetrue
phishsense,pretrained,ephishllm,ephishllm:4938,1,1,623.5,truetruetruetruetrue
phishsense,pretrained,ephishllm,ephishllm:9921,1,1,623.5,truetruetruetruetrue
phishsense,pretrained,ephishllm,ephishllm:6403,1,1,623.5,truequestionquestion
phishsense,pretrained,ephishllm,ephishllm:8221,1,1,623.5,true#truetrue
phishsense,pretrained,ephishllm,ephishllm:6456,1,1,623.5,true#truetrue
phishsense,pretrained,ephishllm,ephishllm:9658,1,1,623.5,true#truetrue
phishsense,pretrained,ephishllm,ephishllm:5373,1,1,623.5,truetruetruetruetrue
phishsense,pretrained,ephishllm,ephishllm:8703,1,1,623.5,truetruetruetruetrue
phishsense,pretrained,ephishllm,ephishllm:5739,1,1,623.5,truetruetruetruetrue
phishsense,pretrained,ephishllm,ephishllm:7599,1,0,623.5,falsefalsetruetruetrue
phishsense,pretrained,ephishllm,ephishllm:6258,1,1,623.5,truetruetruetruetrue
phishsense,pretrained,ephishllm,ephishllm:8747,1,1,623.5,truetruetruetruetrue
phishsense,pretrained,ephishllm,ephishllm:7832,1,1,623.5,truetruetruetruetrue
phishsense,pretrained,ephishllm,ephishllm:6416,1,1,623.5,true##
phishsense,pretrained,ephishllm,ephishllm:6721,1,1,623.5,truetruetruetruetrue
phishsense,pretrained,ephishllm,ephishllm:6492,1,1,623.5,true#truetrue
phishsense,pretrained,ephishllm,ephishllm:7567,1,1,623.5,true##
phishsense,pretrained,ephishllm,ephishllm:6214,1,1,623.5,truetruetruetruetrue
phishsense,pretrained,ephishllm,ephishllm:4919,1,1,623.5,truetruetruetruetrue
phishsense,pretrained,ephishllm,ephishllm:8438,1,0,623.5,falsetruetruetruetrue
phishsense,pretrained,ephishllm,ephishllm:9232,1,0,623.5,falsefalsetruetruetrue
phishsense,pretrained,ephishllm,ephishllm:7292,1,1,623.5,truetruetruetruetrue
phishsense,pretrained,ephishllm,ephishllm:7741,1,1,623.5,truetruetruetruetrue
phishsense,pretrained,ephishllm,ephishllm:5904,1,1,623.5,truetruetruetruetrue
phishsense,pretrained,ephishllm,ephishllm:7702,1,1,623.5,truetruetruetruetrue
phishsense,pretrained,ephishllm,ephishllm:5066,1,1,623.5,truetruetruetrue
phishsense,pretrained,ephishllm,ephishllm:8393,1,0,623.5,falsetruetruetruetrue
phishsense,pretrained,ephishllm,ephishllm:6421,1,1,623.5,true#truetrue
phishsense,pretrained,ephishllm,ephishllm:6059,1,1,623.5,true##
phishsense,pretrained,ephishllm,ephishllm:4816,1,1,623.5,truetruetruetruetrue
phishsense,pretrained,ephishllm,ephishllm:4852,1,1,623.5,true#truetrue
phishsense,pretrained,ephishllm,ephishllm:7201,1,1,623.5,true#truetrue
phishsense,pretrained,ephishllm,ephishllm:7887,1,1,623.5,true#truetrue
phishsense,pretrained,ephishllm,ephishllm:5288,1,1,623.5,truetruetruetruetrue
phishsense,pretrained,ephishllm,ephishllm:6566,1,1,623.5,truetruetrue#
phishsense,pretrained,ephishllm,ephishllm:9710,1,1,623.5,truetruetruetrue
phishsense,pretrained,ephishllm,ephishllm:9884,1,1,623.5,true#truetrue
phishsense,pretrained,ephishllm,ephishllm:6370,1,1,623.5,truetruetruetruetrue
phishsense,pretrained,ephishllm,ephishllm:5936,1,0,623.5,falsefalsetruetruetrue
phishsense,pretrained,ephishllm,ephishllm:6898,1,1,623.5,truetruetruetruetrue
phishsense,pretrained,ephishllm,ephishllm:5718,1,1,623.5,truetruetruetruetrue
phishsense,pretrained,ephishllm,ephishllm:6367,1,1,623.5,truetruetruetruetrue
phishsense,pretrained,ephishllm,ephishllm:5213,1,1,623.5,truetruetruetruetrue
phishsense,pretrained,ephishllm,ephishllm:9966,1,1,623.5,truetruetruetruetrue
phishsense,pretrained,ephishllm,ephishllm:5550,1,1,623.5,truetruetruetruetrue
phishsense,pretrained,ephishllm,ephishllm:5259,1,0,623.5,falsefalsetruetruefalse
phishsense,pretrained,ephishllm,ephishllm:6618,1,1,623.5,true#truetrue
phishsense,pretrained,ephishllm,ephishllm:5440,1,0,623.5,falsetruetruetruetrue
phishsense,pretrained,ephishllm,ephishllm:5331,1,0,623.5,falsequestionquestion
phishsense,pretrained,ephishllm,ephishllm:5376,1,1,623.5,truetruetruetrue
phishsense,pretrained,ephishllm,ephishllm:9257,1,1,623.5,truetruetruetruetrue
phishsense,pretrained,ephishllm,ephishllm:8451,1,1,623.5,true#truetrue
phishsense,pretrained,ephishllm,ephishllm:6002,1,1,623.5,truequestionquestion
phishsense,pretrained,ephishllm,ephishllm:7299,1,1,623.5,truetruetruetruetrue
phishsense,pretrained,ephishllm,ephishllm:5284,1,1,623.5,true#truetrue
phishsense,pretrained,ephishllm,ephishllm:7673,1,1,623.5,truetruetruetruetrue
phishsense,pretrained,ephishllm,ephishllm:8759,1,0,623.5,falsetruetruetruetrue
phishsense,pretrained,ephishllm,ephishllm:8807,1,1,623.5,truetruetruetrue
phishsense,pretrained,ephishllm,ephishllm:4820,1,1,623.5,truetruetruetruetrue
phishsense,pretrained,ephishllm,ephishllm:5552,1,1,623.5,truetruetruetruetrue
phishsense,pretrained,ephishllm,ephishllm:6944,1,1,623.5,truetruetruetruetrue
phishsense,pretrained,ephishllm,ephishllm:6011,1,1,623.5,true#truetrue
phishsense,pretrained,ephishllm,ephishllm:8193,1,0,623.5,falsefalsefalsefalsefalse
phishsense,pretrained,ephishllm,ephishllm:7877,1,1,623.5,true#truetrue
phishsense,pretrained,ephishllm,ephishllm:5694,1,1,623.5,truetruetruetruetrue
phishsense,pretrained,ephishllm,ephishllm:561,0,0,623.5,falsefalsefalsefalsefalse
phishsense,pretrained,ephishllm,ephishllm:893,0,0,623.5,falsefalsefalsetruefalse
phishsense,pretrained,ephishllm,ephishllm:1684,0,0,623.5,falsetruetruetrue
phishsense,pretrained,ephishllm,ephishllm:705,0,0,623.5,falsefalsefalsefalsefalse
phishsense,pretrained,ephishllm,ephishllm:1873,0,0,623.5,falsetruetruetruetrue
phishsense,pretrained,ephishllm,ephishllm:4705,0,0,623.5,falsefalsefalsefalsefalse
phishsense,pretrained,ephishllm,ephishllm:3015,0,0,623.5,falsefalsefalsefalsefalse
phishsense,pretrained,ephishllm,ephishllm:3734,0,0,623.5,falsefalsefalsefalsefalse
phishsense,pretrained,ephishllm,ephishllm:733,0,0,623.5,falsetruetruetruetrue
phishsense,pretrained,ephishllm,ephishllm:33,0,0,623.5,falsetruetruetruetrue
phishsense,pretrained,ephishllm,ephishllm:1322,0,0,623.5,falsetruetruetruetrue
phishsense,pretrained,ephishllm,ephishllm:3570,0,0,623.5,falsefalsetruetruetrue
phishsense,pretrained,ephishllm,ephishllm:1756,0,0,623.5,falsefalsefalsefalsefalse
phishsense,pretrained,ephishllm,ephishllm:2922,0,0,623.5,falsefalsefalsefalsefalse
phishsense,pretrained,ephishllm,ephishllm:2540,0,0,623.5,falsetruetruetruetrue
phishsense,pretrained,ephishllm,ephishllm:1374,0,0,623.5,falsetruetruetruetrue
phishsense,pretrained,ephishllm,ephishllm:2628,0,0,623.5,falsefalsefalsetruetrue
phishsense,pretrained,ephishllm,ephishllm:598,0,0,623.5,falsefalsefalsetruetrue
phishsense,pretrained,ephishllm,ephishllm:179,0,0,623.5,false##
phishsense,pretrained,ephishllm,ephishllm:1261,0,0,623.5,falsefalsefalsefalse
phishsense,pretrained,ephishllm,ephishllm:4258,0,0,623.5,falsefalsefalsefalsefalse
phishsense,pretrained,ephishllm,ephishllm:3919,0,0,623.5,falsetruetruetruetrue
phishsense,pretrained,ephishllm,ephishllm:3265,0,0,623.5,falsefalsefalsefalsefalse
phishsense,pretrained,ephishllm,ephishllm:2809,0,0,623.5,falsefalsefalsetruetrue
phishsense,pretrained,ephishllm,ephishllm:3423,0,0,623.5,falsefalsefalsefalse
phishsense,pretrained,ephishllm,ephishllm:538,0,0,623.5,falsefalsefalsefalsefalse
phishsense,pretrained,ephishllm,ephishllm:1505,0,1,623.5,truetruetruetruetrue
phishsense,pretrained,ephishllm,ephishllm:4469,0,1,623.5,truequestionquestion
phishsense,pretrained,ephishllm,ephishllm:3483,0,0,623.5,falsefalsefalsefalsefalse
phishsense,pretrained,ephishllm,ephishllm:831,0,1,623.5,truetruetruetrue
phishsense,pretrained,ephishllm,ephishllm:79,0,0,623.5,falsefalsetruetruetrue
phishsense,pretrained,ephishllm,ephishllm:429,0,0,623.5,falsefalsefalsefalsefalse
phishsense,pretrained,ephishllm,ephishllm:2570,0,0,623.5,falsetruetruetrue
phishsense,pretrained,ephishllm,ephishllm:1842,0,0,623.5,falsefalsefalsefalsefalse
phishsense,pretrained,ephishllm,ephishllm:3764,0,1,623.5,true#truetrue
phishsense,pretrained,ephishllm,ephishllm:765,0,0,623.5,falsefalsetruetruetrue
phishsense,pretrained,ephishllm,ephishllm:1135,0,0,623.5,falsefalsefalsefalsefalse
phishsense,pretrained,ephishllm,ephishllm:1972,0,0,623.5,falsefalsefalsefalsefalse
phishsense,pretrained,ephishllm,ephishllm:1056,0,0,623.5,falsequestionquestion
phishsense,pretrained,ephishllm,ephishllm:1421,0,0,623.5,falsetruefalsefalsefalse
phishsense,pretrained,ephishllm,ephishllm:501,0,0,623.5,false##
phishsense,pretrained,ephishllm,ephishllm:227,0,0,623.5,falsefalsefalsefalsefalse
phishsense,pretrained,ephishllm,ephishllm:2596,0,0,623.5,falsefalsefalsefalsefalse
phishsense,pretrained,ephishllm,ephishllm:4691,0,0,623.5,falsefalsefalsefalsefalse
phishsense,pretrained,ephishllm,ephishllm:1551,0,0,623.5,falsefalsefalsetrue
phishsense,pretrained,ephishllm,ephishllm:4244,0,0,623.5,falsefalsefalsefalsefalse
phishsense,pretrained,ephishllm,ephishllm:1351,0,0,623.5,falsefalsefalsefalsefalse
phishsense,pretrained,ephishllm,ephishllm:1144,0,0,623.5,false##
phishsense,pretrained,ephishllm,ephishllm:2526,0,0,623.5,falsetruetruetruetrue
phishsense,pretrained,ephishllm,ephishllm:4182,0,0,623.5,falsefalsefalsefalsefalse
phishsense,pretrained,ephishllm,ephishllm:1973,0,0,623.5,falsefalsefalsefalsefalse
phishsense,pretrained,ephishllm,ephishllm:1831,0,1,623.5,truetruetruetruetrue
phishsense,pretrained,ephishllm,ephishllm:3631,0,0,623.5,falsetruetruetruefalse
phishsense,pretrained,ephishllm,ephishllm:8,0,0,623.5,falsefalsetruetrue
phishsense,pretrained,ephishllm,ephishllm:23,0,0,623.5,falsefalsefalsefalsefalse
phishsense,pretrained,ephishllm,ephishllm:764,0,1,623.5,truefalsetruetruetrue
phishsense,pretrained,ephishllm,ephishllm:3123,0,0,623.5,falsefalsefalsefalsefalse
phishsense,pretrained,ephishllm,ephishllm:859,0,0,623.5,falsefalsefalsefalsefalse
phishsense,pretrained,ephishllm,ephishllm:742,0,0,623.5,falsefalsefalsetruefalse
phishsense,pretrained,ephishllm,ephishllm:4151,0,0,623.5,falsefalsefalsetruefalse
phishsense,pretrained,ephishllm,ephishllm:1437,0,0,623.5,falsetruetruetruefalse
phishsense,pretrained,ephishllm,ephishllm:4239,0,1,623.5,truetruetruetruetrue
phishsense,pretrained,ephishllm,ephishllm:322,0,0,623.5,falsetruetruetruetrue
phishsense,pretrained,ephishllm,ephishllm:4637,0,0,623.5,falsefalsefalsefalsefalse
phishsense,pretrained,ephishllm,ephishllm:2899,0,0,623.5,falsefalsefalsefalsefalse
phishsense,pretrained,ephishllm,ephishllm:4112,0,0,623.5,falsetruetruetrue
phishsense,pretrained,ephishllm,ephishllm:577,0,0,623.5,falsetruetruetruetrue
phishsense,pretrained,ephishllm,ephishllm:3392,0,0,623.5,falsefalsequestion
phishsense,pretrained,ephishllm,ephishllm:670,0,0,623.5,falsefalsefalsetruetrue
phishsense,pretrained,ephishllm,ephishllm:1027,0,0,623.5,falsefalsefalsetruetrue
phishsense,pretrained,ephishllm,ephishllm:1522,0,0,623.5,falsefalsefalsetruefalse
phishsense,pretrained,ephishllm,ephishllm:2341,0,0,623.5,falsefalsefalsefalsefalse
phishsense,pretrained,ephishllm,ephishllm:1024,0,0,623.5,falsefalsefalsefalse
phishsense,pretrained,ephishllm,ephishllm:4597,0,0,623.5,falsefalsefalsefalsefalse
phishsense,pretrained,ephishllm,ephishllm:3990,0,0,623.5,false##
phishsense,pretrained,ephishllm,ephishllm:1812,0,0,623.5,falsetruetruetrue
phishsense,pretrained,ephishllm,ephishllm:964,0,0,623.5,falsefalsefalsefalsefalse
phishsense,pretrained,ephishllm,ephishllm:1665,0,0,623.5,falsefalsefalsefalsefalse
phishsense,pretrained,ephishllm,ephishllm:3657,0,0,623.5,false##
phishsense,pretrained,ephishllm,ephishllm:3081,0,0,623.5,falsefalsefalsefalsefalse
phishsense,pretrained,ephishllm,ephishllm:4152,0,0,623.5,falsefalsefalsefalsefalse
phishsense,pretrained,ephishllm,ephishllm:491,0,0,623.5,falsefalsefalsefalsefalse
phishsense,pretrained,ephishllm,ephishllm:534,0,0,623.5,false##
phishsense,pretrained,ephishllm,ephishllm:2236,0,1,623.5,truetruetruetruetrue
phishsense,pretrained,ephishllm,ephishllm:4374,0,1,623.5,truetruetruetruefalse
phishsense,pretrained,ephishllm,ephishllm:65,0,0,623.5,falsefalsefalsefalsefalse
phishsense,pretrained,ephishllm,ephishllm:4372,0,0,623.5,falsetruetruetruefalse
phishsense,pretrained,ephishllm,ephishllm:2672,0,0,623.5,falsefalsefalsefalsefalse
phishsense,pretrained,ephishllm,ephishllm:763,0,0,623.5,falsefalsefalsefalsefalse
phishsense,pretrained,ephishllm,ephishllm:1694,0,0,623.5,falsefalsefalsefalsefalse
phishsense,pretrained,ephishllm,ephishllm:3751,0,0,623.5,falsefalsefalsefalsefalse
phishsense,pretrained,ephishllm,ephishllm:4752,0,1,623.5,true##
phishsense,pretrained,ephishllm,ephishllm:4261,0,0,623.5,falsefalsetruetruetrue
phishsense,pretrained,ephishllm,ephishllm:1718,0,0,623.5,falsetruetruetruetrue
phishsense,pretrained,ephishllm,ephishllm:199,0,0,623.5,falsefalsefalsefalsefalse
phishsense,pretrained,ephishllm,ephishllm:3539,0,1,623.5,truetruetruetruetrue
phishsense,pretrained,ephishllm,ephishllm:1614,0,1,623.5,truetruetruetruetrue
phishsense,pretrained,ephishllm,ephishllm:2267,0,0,623.5,falsequestionquestion
phishsense,pretrained,ephishllm,ephishllm:1610,0,0,623.5,falsefalsefalsefalsefalse
phishsense,pretrained,ephishllm,ephishllm:3559,0,0,623.5,falsefalsefalsetruetrue
phishsense,pretrained,ephishllm,ephishllm:1728,0,0,623.5,falsefalsefalsefalsefalse
phishsense,pretrained,ephishllm,ephishllm:1514,0,0,623.5,falsefalsefalsefalsefalse
phishsense,pretrained,ephishllm,ephishllm:4317,0,0,623.5,falsefalsefalsefalsefalse
phishsense,pretrained,ephishllm,ephishllm:3633,0,1,623.5,truetruetruetruetrue
phishsense,pretrained,ephishllm,ephishllm:3722,0,0,623.5,falsefalsefalsefalsefalse
phishsense,pretrained,ephishllm,ephishllm:1784,0,1,623.5,truetruetruetrue
phishsense,pretrained,ephishllm,ephishllm:3725,0,0,623.5,falsefalsefalsetruetrue
phishsense,pretrained,ephishllm,ephishllm:1438,0,1,623.5,truetruetruetrue
phishsense,pretrained,ephishllm,ephishllm:3741,0,0,623.5,falsefalsefalsefalsefalse
phishsense,pretrained,ephishllm,ephishllm:4750,0,0,623.5,falsefalsefalsefalsefalse
phishsense,pretrained,ephishllm,ephishllm:3583,0,0,623.5,falsefalsefalsefalsefalse
phishsense,pretrained,ephishllm,ephishllm:3066,0,0,623.5,falsefalsefalsefalsefalse
phishsense,pretrained,ephishllm,ephishllm:879,0,1,623.5,truetruetruetruetrue
phishsense,pretrained,ephishllm,ephishllm:3352,0,1,623.5,truetruetruetruetrue
phishsense,pretrained,ephishllm,ephishllm:287,0,0,623.5,falsefalsefalsetruefalse
phishsense,pretrained,ephishllm,ephishllm:1391,0,0,623.5,falsetruetruetruetrue
phishsense,pretrained,ephishllm,ephishllm:4227,0,1,623.5,truetruetruetrue
phishsense,pretrained,ephishllm,ephishllm:915,0,0,623.5,falsefalsefalsefalsefalse
phishsense,pretrained,ephishllm,ephishllm:2348,0,0,623.5,falsequestionquestion
phishsense,pretrained,ephishllm,ephishllm:3669,0,0,623.5,falsefalsefalsefalsefalse
phishsense,pretrained,ephishllm,ephishllm:4256,0,0,623.5,falsetruetruetruetrue
phishsense,pretrained,ephishllm,ephishllm:969,0,0,623.5,falsetruetruetruetrue
phishsense,pretrained,ephishllm,ephishllm:2406,0,1,623.5,truetruetruetruetrue
phishsense,pretrained,ephishllm,ephishllm:3688,0,0,623.5,falsefalsefalsefalsefalse
phishsense,pretrained,ephishllm,ephishllm:584,0,0,623.5,falsefalsefalsefalsefalse
phishsense,pretrained,ephishllm,ephishllm:144,0,1,623.5,truetruetruetruetrue
phishsense,pretrained,ephishllm,ephishllm:3683,0,0,623.5,falsefalsefalsefalsefalse
phishsense,pretrained,ephishllm,ephishllm:290,0,0,623.5,falsefalsefalsefalsefalse
phishsense,pretrained,ephishllm,ephishllm:1047,0,0,623.5,falsetruequestion
phishsense,pretrained,ephishllm,ephishllm:4694,0,0,623.5,falsequestionquestion
phishsense,pretrained,ephishllm,ephishllm:841,0,0,623.5,falsefalsefalsetruefalse
phishsense,pretrained,ephishllm,ephishllm:4214,0,0,623.5,falsetruetruetruetrue
phishsense,pretrained,ephishllm,ephishllm:4403,0,0,623.5,falsefalsequestion
phishsense,pretrained,ephishllm,ephishllm:2897,0,0,623.5,false##
phishsense,pretrained,ephishllm,ephishllm:4083,0,0,623.5,falsefalsefalsefalsefalse
phishsense,pretrained,ephishllm,ephishllm:4753,0,0,623.5,falsequestionquestion
phishsense,pretrained,ephishllm,ephishllm:1532,0,1,623.5,truetruetruetruetrue
phishsense,pretrained,ephishllm,ephishllm:721,0,0,623.5,falsefalsefalsefalsefalse
phishsense,pretrained,ephishllm,ephishllm:4294,0,0,623.5,falsefalsequestion
phishsense,pretrained,ephishllm,ephishllm:132,0,0,623.5,falsefalse#
phishsense,pretrained,ephishllm,ephishllm:2803,0,0,623.5,falsefalsefalsetruetrue
phishsense,pretrained,ephishllm,ephishllm:838,0,1,623.5,truetruetrue#
phishsense,pretrained,ephishllm,ephishllm:677,0,0,623.5,falsefalsefalsefalsefalse
phishsense,pretrained,ephishllm,ephishllm:3852,0,0,623.5,false##
phishsense,pretrained,ephishllm,ephishllm:3792,0,0,623.5,falsetruetruetruefalse
phishsense,pretrained,ephishllm,ephishllm:2650,0,0,623.5,falsefalsefalsefalsefalse
phishsense,pretrained,ephishllm,ephishllm:296,0,0,623.5,falsetruetruetruetrue
phishsense,pretrained,ephishllm,ephishllm:3441,0,0,623.5,falsefalsefalsetruetrue
phishsense,pretrained,ephishllm,ephishllm:2361,0,0,623.5,falsefalsefalsefalsefalse
phishsense,pretrained,ephishllm,ephishllm:4422,0,1,623.5,true##
bert,pretrained,ling,ling:1902,1,1,573.7,
bert,pretrained,ling,ling:209,1,1,573.7,
bert,pretrained,ling,ling:2076,1,1,573.7,
bert,pretrained,ling,ling:1327,1,1,573.7,
bert,pretrained,ling,ling:985,1,1,573.7,
bert,pretrained,ling,ling:1259,1,1,573.7,
bert,pretrained,ling,ling:1075,1,1,573.7,
bert,pretrained,ling,ling:622,1,1,573.7,
bert,pretrained,ling,ling:2510,1,1,573.7,
bert,pretrained,ling,ling:178,1,1,573.7,
bert,pretrained,ling,ling:457,1,1,573.7,
bert,pretrained,ling,ling:1059,1,1,573.7,
bert,pretrained,ling,ling:899,1,1,573.7,
bert,pretrained,ling,ling:2224,1,1,573.7,
bert,pretrained,ling,ling:2399,1,1,573.7,
bert,pretrained,ling,ling:383,1,1,573.7,
bert,pretrained,ling,ling:2289,1,1,573.7,
bert,pretrained,ling,ling:1751,1,1,573.7,
bert,pretrained,ling,ling:2659,1,1,573.7,
bert,pretrained,ling,ling:492,1,1,573.7,
bert,pretrained,ling,ling:472,1,1,573.7,
bert,pretrained,ling,ling:810,1,1,573.7,
bert,pretrained,ling,ling:1363,1,1,573.7,
bert,pretrained,ling,ling:696,1,1,573.7,
bert,pretrained,ling,ling:1341,1,1,573.7,
bert,pretrained,ling,ling:2410,1,1,573.7,
bert,pretrained,ling,ling:481,1,1,573.7,
bert,pretrained,ling,ling:2820,1,1,573.7,
bert,pretrained,ling,ling:104,1,1,573.7,
bert,pretrained,ling,ling:1703,1,1,573.7,
bert,pretrained,ling,ling:2423,1,1,573.7,
bert,pretrained,ling,ling:1564,1,1,573.7,
bert,pretrained,ling,ling:2607,1,1,573.7,
bert,pretrained,ling,ling:680,1,1,573.7,
bert,pretrained,ling,ling:2836,1,1,573.7,
bert,pretrained,ling,ling:471,1,1,573.7,
bert,pretrained,ling,ling:1730,1,1,573.7,
bert,pretrained,ling,ling:2001,1,1,573.7,
bert,pretrained,ling,ling:729,1,1,573.7,
bert,pretrained,ling,ling:480,1,1,573.7,
bert,pretrained,ling,ling:1755,1,1,573.7,
bert,pretrained,ling,ling:511,1,1,573.7,
bert,pretrained,ling,ling:1131,1,1,573.7,
bert,pretrained,ling,ling:458,1,1,573.7,
bert,pretrained,ling,ling:981,1,1,573.7,
bert,pretrained,ling,ling:470,1,1,573.7,
bert,pretrained,ling,ling:446,1,1,573.7,
bert,pretrained,ling,ling:1455,1,1,573.7,
bert,pretrained,ling,ling:2579,1,1,573.7,
bert,pretrained,ling,ling:1796,1,1,573.7,
bert,pretrained,ling,ling:1622,1,1,573.7,
bert,pretrained,ling,ling:187,1,1,573.7,
bert,pretrained,ling,ling:1560,1,1,573.7,
bert,pretrained,ling,ling:1986,1,1,573.7,
bert,pretrained,ling,ling:2530,1,1,573.7,
bert,pretrained,ling,ling:2655,1,1,573.7,
bert,pretrained,ling,ling:112,1,1,573.7,
bert,pretrained,ling,ling:2504,1,1,573.7,
bert,pretrained,ling,ling:133,1,1,573.7,
bert,pretrained,ling,ling:2809,1,1,573.7,
bert,pretrained,ling,ling:2508,1,1,573.7,
bert,pretrained,ling,ling:21,1,1,573.7,
bert,pretrained,ling,ling:153,1,1,573.7,
bert,pretrained,ling,ling:1779,1,1,573.7,
bert,pretrained,ling,ling:2348,1,1,573.7,
bert,pretrained,ling,ling:384,1,1,573.7,
bert,pretrained,ling,ling:1233,1,1,573.7,
bert,pretrained,ling,ling:2461,1,1,573.7,
bert,pretrained,ling,ling:1878,1,1,573.7,
bert,pretrained,ling,ling:1296,1,1,573.7,
bert,pretrained,ling,ling:1939,1,1,573.7,
bert,pretrained,ling,ling:2447,1,1,573.7,
bert,pretrained,ling,ling:160,1,1,573.7,
bert,pretrained,ling,ling:2288,1,1,573.7,
bert,pretrained,ling,ling:1264,1,1,573.7,
bert,pretrained,ling,ling:1943,1,1,573.7,
bert,pretrained,ling,ling:227,1,1,573.7,
bert,pretrained,ling,ling:1113,1,1,573.7,
bert,pretrained,ling,ling:2821,1,1,573.7,
bert,pretrained,ling,ling:690,1,1,573.7,
bert,pretrained,ling,ling:2256,1,1,573.7,
bert,pretrained,ling,ling:2036,1,1,573.7,
bert,pretrained,ling,ling:1782,1,1,573.7,
bert,pretrained,ling,ling:157,1,1,573.7,
bert,pretrained,ling,ling:280,1,1,573.7,
bert,pretrained,ling,ling:2807,1,1,573.7,
bert,pretrained,ling,ling:2838,1,1,573.7,
bert,pretrained,ling,ling:851,1,1,573.7,
bert,pretrained,ling,ling:579,1,1,573.7,
bert,pretrained,ling,ling:385,1,1,573.7,
bert,pretrained,ling,ling:983,1,1,573.7,
bert,pretrained,ling,ling:159,1,1,573.7,
bert,pretrained,ling,ling:138,1,1,573.7,
bert,pretrained,ling,ling:435,1,1,573.7,
bert,pretrained,ling,ling:2555,1,1,573.7,
bert,pretrained,ling,ling:1999,1,1,573.7,
bert,pretrained,ling,ling:179,1,1,573.7,
bert,pretrained,ling,ling:494,1,1,573.7,
bert,pretrained,ling,ling:1969,1,1,573.7,
bert,pretrained,ling,ling:751,1,1,573.7,
bert,pretrained,ling,ling:2835,1,1,573.7,
bert,pretrained,ling,ling:2231,1,1,573.7,
bert,pretrained,ling,ling:580,1,1,573.7,
bert,pretrained,ling,ling:1551,1,1,573.7,
bert,pretrained,ling,ling:2487,1,1,573.7,
bert,pretrained,ling,ling:2451,1,1,573.7,
bert,pretrained,ling,ling:2527,1,1,573.7,
bert,pretrained,ling,ling:1479,1,1,573.7,
bert,pretrained,ling,ling:634,1,1,573.7,
bert,pretrained,ling,ling:2389,1,1,573.7,
bert,pretrained,ling,ling:92,1,1,573.7,
bert,pretrained,ling,ling:277,1,1,573.7,
bert,pretrained,ling,ling:1114,1,1,573.7,
bert,pretrained,ling,ling:801,1,1,573.7,
bert,pretrained,ling,ling:2466,1,1,573.7,
bert,pretrained,ling,ling:2223,1,1,573.7,
bert,pretrained,ling,ling:137,1,1,573.7,
bert,pretrained,ling,ling:2608,1,1,573.7,
bert,pretrained,ling,ling:2656,1,1,573.7,
bert,pretrained,ling,ling:2271,1,1,573.7,
bert,pretrained,ling,ling:85,1,1,573.7,
bert,pretrained,ling,ling:139,1,1,573.7,
bert,pretrained,ling,ling:2788,1,1,573.7,
bert,pretrained,ling,ling:401,1,1,573.7,
bert,pretrained,ling,ling:2627,1,1,573.7,
bert,pretrained,ling,ling:1666,1,1,573.7,
bert,pretrained,ling,ling:1093,1,1,573.7,
bert,pretrained,ling,ling:430,1,1,573.7,
bert,pretrained,ling,ling:665,1,1,573.7,
bert,pretrained,ling,ling:1756,1,1,573.7,
bert,pretrained,ling,ling:1355,1,1,573.7,
bert,pretrained,ling,ling:171,1,1,573.7,
bert,pretrained,ling,ling:1241,1,1,573.7,
bert,pretrained,ling,ling:1237,1,1,573.7,
bert,pretrained,ling,ling:168,1,1,573.7,
bert,pretrained,ling,ling:94,1,1,573.7,
bert,pretrained,ling,ling:2581,1,1,573.7,
bert,pretrained,ling,ling:653,1,1,573.7,
bert,pretrained,ling,ling:1386,1,1,573.7,
bert,pretrained,ling,ling:2635,1,1,573.7,
bert,pretrained,ling,ling:701,1,1,573.7,
bert,pretrained,ling,ling:685,1,1,573.7,
bert,pretrained,ling,ling:1547,1,1,573.7,
bert,pretrained,ling,ling:953,1,1,573.7,
bert,pretrained,ling,ling:2610,1,1,573.7,
bert,pretrained,ling,ling:2467,1,1,573.7,
bert,pretrained,ling,ling:2190,1,1,573.7,
bert,pretrained,ling,ling:998,1,1,573.7,
bert,pretrained,ling,ling:1089,1,1,573.7,
bert,pretrained,ling,ling:1365,1,1,573.7,
bert,pretrained,ling,ling:2420,0,0,573.7,
bert,pretrained,ling,ling:2353,0,0,573.7,
bert,pretrained,ling,ling:1016,0,0,573.7,
bert,pretrained,ling,ling:2053,0,0,573.7,
bert,pretrained,ling,ling:2401,0,0,573.7,
bert,pretrained,ling,ling:156,0,0,573.7,
bert,pretrained,ling,ling:1637,0,0,573.7,
bert,pretrained,ling,ling:2045,0,0,573.7,
bert,pretrained,ling,ling:1534,0,0,573.7,
bert,pretrained,ling,ling:1272,0,0,573.7,
bert,pretrained,ling,ling:2043,0,0,573.7,
bert,pretrained,ling,ling:125,0,0,573.7,
bert,pretrained,ling,ling:1434,0,0,573.7,
bert,pretrained,ling,ling:1810,0,0,573.7,
bert,pretrained,ling,ling:2275,0,0,573.7,
bert,pretrained,ling,ling:2137,0,0,573.7,
bert,pretrained,ling,ling:221,0,0,573.7,
bert,pretrained,ling,ling:2173,0,0,573.7,
bert,pretrained,ling,ling:1821,0,0,573.7,
bert,pretrained,ling,ling:1867,0,0,573.7,
bert,pretrained,ling,ling:1198,0,0,573.7,
bert,pretrained,ling,ling:2573,0,0,573.7,
bert,pretrained,ling,ling:1216,0,0,573.7,
bert,pretrained,ling,ling:2566,0,0,573.7,
bert,pretrained,ling,ling:1612,0,0,573.7,
bert,pretrained,ling,ling:630,0,0,573.7,
bert,pretrained,ling,ling:1566,0,0,573.7,
bert,pretrained,ling,ling:2084,0,0,573.7,
bert,pretrained,ling,ling:1546,0,0,573.7,
bert,pretrained,ling,ling:2441,0,0,573.7,
bert,pretrained,ling,ling:2138,0,0,573.7,
bert,pretrained,ling,ling:1335,0,0,573.7,
bert,pretrained,ling,ling:2406,0,0,573.7,
bert,pretrained,ling,ling:1432,0,0,573.7,
bert,pretrained,ling,ling:1426,0,0,573.7,
bert,pretrained,ling,ling:2496,0,0,573.7,
bert,pretrained,ling,ling:263,0,0,573.7,
bert,pretrained,ling,ling:556,0,0,573.7,
bert,pretrained,ling,ling:619,0,0,573.7,
bert,pretrained,ling,ling:1162,0,0,573.7,
bert,pretrained,ling,ling:538,0,0,573.7,
bert,pretrained,ling,ling:1548,0,0,573.7,
bert,pretrained,ling,ling:905,0,0,573.7,
bert,pretrained,ling,ling:692,0,0,573.7,
bert,pretrained,ling,ling:58,0,0,573.7,
bert,pretrained,ling,ling:1336,0,0,573.7,
bert,pretrained,ling,ling:2394,0,0,573.7,
bert,pretrained,ling,ling:2542,0,0,573.7,
bert,pretrained,ling,ling:2688,0,0,573.7,
bert,pretrained,ling,ling:1321,0,0,573.7,
bert,pretrained,ling,ling:1305,0,0,573.7,
bert,pretrained,ling,ling:1992,0,0,573.7,
bert,pretrained,ling,ling:515,0,0,573.7,
bert,pretrained,ling,ling:2170,0,0,573.7,
bert,pretrained,ling,ling:2313,0,0,573.7,
bert,pretrained,ling,ling:2712,0,0,573.7,
bert,pretrained,ling,ling:2790,0,0,573.7,
bert,pretrained,ling,ling:1712,0,0,573.7,
bert,pretrained,ling,ling:1615,0,0,573.7,
bert,pretrained,ling,ling:1904,0,0,573.7,
bert,pretrained,ling,ling:2101,0,0,573.7,
bert,pretrained,ling,ling:1125,0,0,573.7,
bert,pretrained,ling,ling:1961,0,0,573.7,
bert,pretrained,ling,ling:1150,0,0,573.7,
bert,pretrained,ling,ling:2125,0,0,573.7,
bert,pretrained,ling,ling:857,0,0,573.7,
bert,pretrained,ling,ling:1502,0,0,573.7,
bert,pretrained,ling,ling:499,0,0,573.7,
bert,pretrained,ling,ling:2252,0,0,573.7,
bert,pretrained,ling,ling:1254,0,0,573.7,
bert,pretrained,ling,ling:1673,0,0,573.7,
bert,pretrained,ling,ling:2319,0,0,573.7,
bert,pretrained,ling,ling:2757,0,0,573.7,
bert,pretrained,ling,ling:1980,0,0,573.7,
bert,pretrained,ling,ling:286,0,0,573.7,
bert,pretrained,ling,ling:299,0,0,573.7,
bert,pretrained,ling,ling:2647,0,0,573.7,
bert,pretrained,ling,ling:215,0,0,573.7,
bert,pretrained,ling,ling:908,0,0,573.7,
bert,pretrained,ling,ling:1740,0,0,573.7,
bert,pretrained,ling,ling:284,0,0,573.7,
bert,pretrained,ling,ling:925,0,0,573.7,
bert,pretrained,ling,ling:2160,0,0,573.7,
bert,pretrained,ling,ling:929,0,0,573.7,
bert,pretrained,ling,ling:666,0,0,573.7,
bert,pretrained,ling,ling:1038,0,0,573.7,
bert,pretrained,ling,ling:1352,0,0,573.7,
bert,pretrained,ling,ling:578,0,0,573.7,
bert,pretrained,ling,ling:110,0,0,573.7,
bert,pretrained,ling,ling:46,0,0,573.7,
bert,pretrained,ling,ling:1444,0,0,573.7,
bert,pretrained,ling,ling:778,0,0,573.7,
bert,pretrained,ling,ling:294,0,0,573.7,
bert,pretrained,ling,ling:2663,0,0,573.7,
bert,pretrained,ling,ling:1839,0,0,573.7,
bert,pretrained,ling,ling:2551,0,0,573.7,
bert,pretrained,ling,ling:842,0,0,573.7,
bert,pretrained,ling,ling:1557,0,0,573.7,
bert,pretrained,ling,ling:1656,0,0,573.7,
bert,pretrained,ling,ling:2603,0,0,573.7,
bert,pretrained,ling,ling:1513,0,0,573.7,
bert,pretrained,ling,ling:1710,0,0,573.7,
bert,pretrained,ling,ling:1052,0,0,573.7,
bert,pretrained,ling,ling:1592,0,0,573.7,
bert,pretrained,ling,ling:2298,0,0,573.7,
bert,pretrained,ling,ling:2342,0,0,573.7,
bert,pretrained,ling,ling:1447,0,0,573.7,
bert,pretrained,ling,ling:1030,0,0,573.7,
bert,pretrained,ling,ling:2005,0,0,573.7,
bert,pretrained,ling,ling:1726,0,0,573.7,
bert,pretrained,ling,ling:869,0,0,573.7,
bert,pretrained,ling,ling:2115,0,0,573.7,
bert,pretrained,ling,ling:2632,0,0,573.7,
bert,pretrained,ling,ling:2146,0,0,573.7,
bert,pretrained,ling,ling:958,0,0,573.7,
bert,pretrained,ling,ling:533,0,0,573.7,
bert,pretrained,ling,ling:1983,0,0,573.7,
bert,pretrained,ling,ling:2136,0,0,573.7,
bert,pretrained,ling,ling:1397,0,0,573.7,
bert,pretrained,ling,ling:756,0,0,573.7,
bert,pretrained,ling,ling:780,0,0,573.7,
bert,pretrained,ling,ling:1886,0,0,573.7,
bert,pretrained,ling,ling:1435,0,0,573.7,
bert,pretrained,ling,ling:1932,0,0,573.7,
bert,pretrained,ling,ling:2270,0,0,573.7,
bert,pretrained,ling,ling:625,0,0,573.7,
bert,pretrained,ling,ling:994,0,0,573.7,
bert,pretrained,ling,ling:2674,0,0,573.7,
bert,pretrained,ling,ling:1167,0,0,573.7,
bert,pretrained,ling,ling:244,0,0,573.7,
bert,pretrained,ling,ling:2549,0,0,573.7,
bert,pretrained,ling,ling:1370,0,0,573.7,
bert,pretrained,ling,ling:2721,0,0,573.7,
bert,pretrained,ling,ling:413,0,0,573.7,
bert,pretrained,ling,ling:1353,0,0,573.7,
bert,pretrained,ling,ling:1671,0,0,573.7,
bert,pretrained,ling,ling:2417,0,0,573.7,
bert,pretrained,ling,ling:256,0,0,573.7,
bert,pretrained,ling,ling:2227,0,0,573.7,
bert,pretrained,ling,ling:974,0,0,573.7,
bert,pretrained,ling,ling:1282,0,0,573.7,
bert,pretrained,ling,ling:2336,0,0,573.7,
bert,pretrained,ling,ling:1602,0,0,573.7,
bert,pretrained,ling,ling:1784,0,0,573.7,
bert,pretrained,ling,ling:1395,0,0,573.7,
bert,pretrained,ling,ling:2750,0,0,573.7,
bert,pretrained,ling,ling:1900,0,0,573.7,
bert,pretrained,ling,ling:2855,0,0,573.7,
bert,pretrained,ling,ling:2498,0,0,573.7,
bert,pretrained,ling,ling:554,0,0,573.7,
