/Users/sinha/Downloads/uiu/cn/.venv/lib/python3.9/site-packages/urllib3/__init__.py:35: NotOpenSSLWarning: urllib3 v2 only supports OpenSSL 1.1.1+, currently the 'ssl' module is compiled with 'LibreSSL 2.8.3'. See: https://github.com/urllib3/urllib3/issues/3020
  warnings.warn(
  retry 1 google/gemma-3-12b-it 429 Client Error: Too Many Requests for url: https://openrouter.ai/api/v1/chat/c
  retry 1 google/gemma-3-12b-it 429 Client Error: Too Many Requests for url: https://openrouter.ai/api/v1/chat/c
  retry 2 google/gemma-3-12b-it 429 Client Error: Too Many Requests for url: https://openrouter.ai/api/v1/chat/c
  retry 1 google/gemma-3-12b-it 429 Client Error: Too Many Requests for url: https://openrouter.ai/api/v1/chat/c
  retry 3 google/gemma-3-12b-it 429 Client Error: Too Many Requests for url: https://openrouter.ai/api/v1/chat/c
  retry 2 google/gemma-3-12b-it 429 Client Error: Too Many Requests for url: https://openrouter.ai/api/v1/chat/c
google/gemma-3-12b-it zero spamassassin: 17 emails, total spend $0.1664
  retry 1 google/gemma-3-12b-it 429 Client Error: Too Many Requests for url: https://openrouter.ai/api/v1/chat/c
  retry 1 google/gemma-3-12b-it 429 Client Error: Too Many Requests for url: https://openrouter.ai/api/v1/chat/c
  retry 1 google/gemma-3-12b-it 429 Client Error: Too Many Requests for url: https://openrouter.ai/api/v1/chat/c
  retry 2 google/gemma-3-12b-it 429 Client Error: Too Many Requests for url: https://openrouter.ai/api/v1/chat/c
  retry 1 google/gemma-3-12b-it 429 Client Error: Too Many Requests for url: https://openrouter.ai/api/v1/chat/c
  retry 1 google/gemma-3-12b-it 429 Client Error: Too Many Requests for url: https://openrouter.ai/api/v1/chat/c
  retry 1 google/gemma-3-12b-it 429 Client Error: Too Many Requests for url: https://openrouter.ai/api/v1/chat/c
  retry 2 google/gemma-3-12b-it 429 Client Error: Too Many Requests for url: https://openrouter.ai/api/v1/chat/c
  retry 1 google/gemma-3-12b-it 429 Client Error: Too Many Requests for url: https://openrouter.ai/api/v1/chat/c
  retry 1 google/gemma-3-12b-it 429 Client Error: Too Many Requests for url: https://openrouter.ai/api/v1/chat/c
  retry 1 google/gemma-3-12b-it 429 Client Error: Too Many Requests for url: https://openrouter.ai/api/v1/chat/c
  retry 1 google/gemma-3-12b-it 429 Client Error: Too Many Requests for url: https://openrouter.ai/api/v1/chat/c
  retry 2 google/gemma-3-12b-it 429 Client Error: Too Many Requests for url: https://openrouter.ai/api/v1/chat/c
  retry 2 google/gemma-3-12b-it 429 Client Error: Too Many Requests for url: https://openrouter.ai/api/v1/chat/c
  retry 1 google/gemma-3-12b-it 429 Client Error: Too Many Requests for url: https://openrouter.ai/api/v1/chat/c
  retry 1 google/gemma-3-12b-it 429 Client Error: Too Many Requests for url: https://openrouter.ai/api/v1/chat/c
  retry 2 google/gemma-3-12b-it 429 Client Error: Too Many Requests for url: https://openrouter.ai/api/v1/chat/c
  retry 2 google/gemma-3-12b-it 429 Client Error: Too Many Requests for url: https://openrouter.ai/api/v1/chat/c
  retry 3 google/gemma-3-12b-it 429 Client Error: Too Many Requests for url: https://openrouter.ai/api/v1/chat/c
  retry 1 google/gemma-3-12b-it 429 Client Error: Too Many Requests for url: https://openrouter.ai/api/v1/chat/c
  retry 2 google/gemma-3-12b-it 429 Client Error: Too Many Requests for url: https://openrouter.ai/api/v1/chat/c
  retry 4 google/gemma-3-12b-it 429 Client Error: Too Many Requests for url: https://openrouter.ai/api/v1/chat/c
  retry 3 google/gemma-3-12b-it 429 Client Error: Too Many Requests for url: https://openrouter.ai/api/v1/chat/c
  retry 1 google/gemma-3-12b-it 429 Client Error: Too Many Requests for url: https://openrouter.ai/api/v1/chat/c
  retry 4 google/gemma-3-12b-it 429 Client Error: Too Many Requests for url: https://openrouter.ai/api/v1/chat/c
  retry 2 google/gemma-3-12b-it 429 Client Error: Too Many Requests for url: https://openrouter.ai/api/v1/chat/c
  retry 1 google/gemma-3-12b-it 429 Client Error: Too Many Requests for url: https://openrouter.ai/api/v1/chat/c
  retry 1 google/gemma-3-12b-it 429 Client Error: Too Many Requests for url: https://openrouter.ai/api/v1/chat/c
  retry 1 google/gemma-3-12b-it 429 Client Error: Too Many Requests for url: https://openrouter.ai/api/v1/chat/c
  retry 1 google/gemma-3-12b-it 429 Client Error: Too Many Requests for url: https://openrouter.ai/api/v1/chat/c
  retry 2 google/gemma-3-12b-it 429 Client Error: Too Many Requests for url: https://openrouter.ai/api/v1/chat/c
  retry 1 google/gemma-3-12b-it 429 Client Error: Too Many Requests for url: https://openrouter.ai/api/v1/chat/c
  retry 2 google/gemma-3-12b-it 429 Client Error: Too Many Requests for url: https://openrouter.ai/api/v1/chat/c
  retry 3 google/gemma-3-12b-it 429 Client Error: Too Many Requests for url: https://openrouter.ai/api/v1/chat/c
  retry 1 google/gemma-3-12b-it 429 Client Error: Too Many Requests for url: https://openrouter.ai/api/v1/chat/c
  retry 1 google/gemma-3-12b-it 429 Client Error: Too Many Requests for url: https://openrouter.ai/api/v1/chat/c
  retry 1 google/gemma-3-12b-it 429 Client Error: Too Many Requests for url: https://openrouter.ai/api/v1/chat/c
  retry 1 google/gemma-3-12b-it 429 Client Error: Too Many Requests for url: https://openrouter.ai/api/v1/chat/c
  retry 1 google/gemma-3-12b-it 429 Client Error: Too Many Requests for url: https://openrouter.ai/api/v1/chat/c
  retry 1 google/gemma-3-12b-it 429 Client Error: Too Many Requests for url: https://openrouter.ai/api/v1/chat/c
  retry 2 google/gemma-3-12b-it 429 Client Error: Too Many Requests for url: https://openrouter.ai/api/v1/chat/c
  retry 1 google/gemma-3-12b-it 429 Client Error: Too Many Requests for url: https://openrouter.ai/api/v1/chat/c
  retry 1 google/gemma-3-12b-it 429 Client Error: Too Many Requests for url: https://openrouter.ai/api/v1/chat/c
  retry 3 google/gemma-3-12b-it 429 Client Error: Too Many Requests for url: https://openrouter.ai/api/v1/chat/c
  retry 2 google/gemma-3-12b-it 429 Client Error: Too Many Requests for url: https://openrouter.ai/api/v1/chat/c
  retry 4 google/gemma-3-12b-it 429 Client Error: Too Many Requests for url: https://openrouter.ai/api/v1/chat/c
  retry 1 google/gemma-3-12b-it 429 Client Error: Too Many Requests for url: https://openrouter.ai/api/v1/chat/c
  retry 1 google/gemma-3-12b-it 429 Client Error: Too Many Requests for url: https://openrouter.ai/api/v1/chat/c
  retry 1 google/gemma-3-12b-it 429 Client Error: Too Many Requests for url: https://openrouter.ai/api/v1/chat/c
  retry 2 google/gemma-3-12b-it 429 Client Error: Too Many Requests for url: https://openrouter.ai/api/v1/chat/c
  retry 1 google/gemma-3-12b-it 429 Client Error: Too Many Requests for url: https://openrouter.ai/api/v1/chat/c
  retry 1 google/gemma-3-12b-it 429 Client Error: Too Many Requests for url: https://openrouter.ai/api/v1/chat/c
  retry 3 google/gemma-3-12b-it 429 Client Error: Too Many Requests for url: https://openrouter.ai/api/v1/chat/c
  retry 1 google/gemma-3-12b-it 429 Client Error: Too Many Requests for url: https://openrouter.ai/api/v1/chat/c
  retry 1 google/gemma-3-12b-it 429 Client Error: Too Many Requests for url: https://openrouter.ai/api/v1/chat/c
  retry 1 google/gemma-3-12b-it 429 Client Error: Too Many Requests for url: https://openrouter.ai/api/v1/chat/c
  retry 1 google/gemma-3-12b-it 429 Client Error: Too Many Requests for url: https://openrouter.ai/api/v1/chat/c
  retry 1 google/gemma-3-12b-it 429 Client Error: Too Many Requests for url: https://openrouter.ai/api/v1/chat/c
  retry 2 google/gemma-3-12b-it 429 Client Error: Too Many Requests for url: https://openrouter.ai/api/v1/chat/c
  retry 1 google/gemma-3-12b-it 429 Client Error: Too Many Requests for url: https://openrouter.ai/api/v1/chat/c
  retry 2 google/gemma-3-12b-it 429 Client Error: Too Many Requests for url: https://openrouter.ai/api/v1/chat/c
  retry 1 google/gemma-3-12b-it 429 Client Error: Too Many Requests for url: https://openrouter.ai/api/v1/chat/c
  retry 1 google/gemma-3-12b-it 429 Client Error: Too Many Requests for url: https://openrouter.ai/api/v1/chat/c
  retry 1 google/gemma-3-12b-it 429 Client Error: Too Many Requests for url: https://openrouter.ai/api/v1/chat/c
  retry 1 google/gemma-3-12b-it 429 Client Error: Too Many Requests for url: https://openrouter.ai/api/v1/chat/c
  retry 1 google/gemma-3-12b-it 429 Client Error: Too Many Requests for url: https://openrouter.ai/api/v1/chat/c
  retry 1 google/gemma-3-12b-it 429 Client Error: Too Many Requests for url: https://openrouter.ai/api/v1/chat/c
  retry 1 google/gemma-3-12b-it 429 Client Error: Too Many Requests for url: https://openrouter.ai/api/v1/chat/c
  retry 1 google/gemma-3-12b-it 429 Client Error: Too Many Requests for url: https://openrouter.ai/api/v1/chat/c
  retry 1 google/gemma-3-12b-it 429 Client Error: Too Many Requests for url: https://openrouter.ai/api/v1/chat/c
  retry 1 google/gemma-3-12b-it 429 Client Error: Too Many Requests for url: https://openrouter.ai/api/v1/chat/c
  retry 1 google/gemma-3-12b-it 429 Client Error: Too Many Requests for url: https://openrouter.ai/api/v1/chat/c
  retry 2 google/gemma-3-12b-it 429 Client Error: Too Many Requests for url: https://openrouter.ai/api/v1/chat/c
  retry 1 google/gemma-3-12b-it 429 Client Error: Too Many Requests for url: https://openrouter.ai/api/v1/chat/c
  retry 3 google/gemma-3-12b-it 429 Client Error: Too Many Requests for url: https://openrouter.ai/api/v1/chat/c
  retry 1 google/gemma-3-12b-it 429 Client Error: Too Many Requests for url: https://openrouter.ai/api/v1/chat/c
  retry 1 google/gemma-3-12b-it 429 Client Error: Too Many Requests for url: https://openrouter.ai/api/v1/chat/c
  retry 1 google/gemma-3-12b-it 429 Client Error: Too Many Requests for url: https://openrouter.ai/api/v1/chat/c
  retry 2 google/gemma-3-12b-it 429 Client Error: Too Many Requests for url: https://openrouter.ai/api/v1/chat/c
  retry 1 google/gemma-3-12b-it 429 Client Error: Too Many Requests for url: https://openrouter.ai/api/v1/chat/c
  retry 1 google/gemma-3-12b-it 429 Client Error: Too Many Requests for url: https://openrouter.ai/api/v1/chat/c
  retry 3 google/gemma-3-12b-it 429 Client Error: Too Many Requests for url: https://openrouter.ai/api/v1/chat/c
  retry 1 google/gemma-3-12b-it 429 Client Error: Too Many Requests for url: https://openrouter.ai/api/v1/chat/c
  retry 4 google/gemma-3-12b-it 429 Client Error: Too Many Requests for url: https://openrouter.ai/api/v1/chat/c
  retry 1 google/gemma-3-12b-it 429 Client Error: Too Many Requests for url: https://openrouter.ai/api/v1/chat/c
  retry 2 google/gemma-3-12b-it 429 Client Error: Too Many Requests for url: https://openrouter.ai/api/v1/chat/c
  retry 1 google/gemma-3-12b-it 429 Client Error: Too Many Requests for url: https://openrouter.ai/api/v1/chat/c
  retry 3 google/gemma-3-12b-it 429 Client Error: Too Many Requests for url: https://openrouter.ai/api/v1/chat/c
  retry 2 google/gemma-3-12b-it 429 Client Error: Too Many Requests for url: https://openrouter.ai/api/v1/chat/c
  retry 1 google/gemma-3-12b-it 429 Client Error: Too Many Requests for url: https://openrouter.ai/api/v1/chat/c
  retry 4 google/gemma-3-12b-it 429 Client Error: Too Many Requests for url: https://openrouter.ai/api/v1/chat/c
  retry 1 google/gemma-3-12b-it 429 Client Error: Too Many Requests for url: https://openrouter.ai/api/v1/chat/c
  retry 2 google/gemma-3-12b-it 429 Client Error: Too Many Requests for url: https://openrouter.ai/api/v1/chat/c
  retry 1 google/gemma-3-12b-it 429 Client Error: Too Many Requests for url: https://openrouter.ai/api/v1/chat/c
  retry 1 google/gemma-3-12b-it 429 Client Error: Too Many Requests for url: https://openrouter.ai/api/v1/chat/c
  retry 1 google/gemma-3-12b-it 429 Client Error: Too Many Requests for url: https://openrouter.ai/api/v1/chat/c
  retry 1 google/gemma-3-12b-it 429 Client Error: Too Many Requests for url: https://openrouter.ai/api/v1/chat/c
  retry 1 google/gemma-3-12b-it 429 Client Error: Too Many Requests for url: https://openrouter.ai/api/v1/chat/c
  retry 2 google/gemma-3-12b-it 429 Client Error: Too Many Requests for url: https://openrouter.ai/api/v1/chat/c
  retry 3 google/gemma-3-12b-it 429 Client Error: Too Many Requests for url: https://openrouter.ai/api/v1/chat/c
  retry 1 google/gemma-3-12b-it 429 Client Error: Too Many Requests for url: https://openrouter.ai/api/v1/chat/c
  retry 1 google/gemma-3-12b-it 429 Client Error: Too Many Requests for url: https://openrouter.ai/api/v1/chat/c
  retry 4 google/gemma-3-12b-it 429 Client Error: Too Many Requests for url: https://openrouter.ai/api/v1/chat/c
  retry 1 google/gemma-3-12b-it 429 Client Error: Too Many Requests for url: https://openrouter.ai/api/v1/chat/c
  retry 1 google/gemma-3-12b-it 429 Client Error: Too Many Requests for url: https://openrouter.ai/api/v1/chat/c
  retry 2 google/gemma-3-12b-it 429 Client Error: Too Many Requests for url: https://openrouter.ai/api/v1/chat/c
  retry 1 google/gemma-3-12b-it 429 Client Error: Too Many Requests for url: https://openrouter.ai/api/v1/chat/c
  retry 1 google/gemma-3-12b-it 429 Client Error: Too Many Requests for url: https://openrouter.ai/api/v1/chat/c
  retry 1 google/gemma-3-12b-it 429 Client Error: Too Many Requests for url: https://openrouter.ai/api/v1/chat/c
  retry 1 google/gemma-3-12b-it 429 Client Error: Too Many Requests for url: https://openrouter.ai/api/v1/chat/c
  retry 2 google/gemma-3-12b-it 429 Client Error: Too Many Requests for url: https://openrouter.ai/api/v1/chat/c
  retry 1 google/gemma-3-12b-it 429 Client Error: Too Many Requests for url: https://openrouter.ai/api/v1/chat/c
  retry 2 google/gemma-3-12b-it 429 Client Error: Too Many Requests for url: https://openrouter.ai/api/v1/chat/c
  retry 1 google/gemma-3-12b-it 429 Client Error: Too Many Requests for url: https://openrouter.ai/api/v1/chat/c
  retry 1 google/gemma-3-12b-it 429 Client Error: Too Many Requests for url: https://openrouter.ai/api/v1/chat/c
  retry 1 google/gemma-3-12b-it 429 Client Error: Too Many Requests for url: https://openrouter.ai/api/v1/chat/c
  retry 2 google/gemma-3-12b-it 429 Client Error: Too Many Requests for url: https://openrouter.ai/api/v1/chat/c
  retry 2 google/gemma-3-12b-it 429 Client Error: Too Many Requests for url: https://openrouter.ai/api/v1/chat/c
  retry 3 google/gemma-3-12b-it 429 Client Error: Too Many Requests for url: https://openrouter.ai/api/v1/chat/c
  retry 3 google/gemma-3-12b-it 429 Client Error: Too Many Requests for url: https://openrouter.ai/api/v1/chat/c
  retry 4 google/gemma-3-12b-it 429 Client Error: Too Many Requests for url: https://openrouter.ai/api/v1/chat/c
  retry 4 google/gemma-3-12b-it 429 Client Error: Too Many Requests for url: https://openrouter.ai/api/v1/chat/c
  retry 1 google/gemma-3-12b-it 429 Client Error: Too Many Requests for url: https://openrouter.ai/api/v1/chat/c
  retry 1 google/gemma-3-12b-it 429 Client Error: Too Many Requests for url: https://openrouter.ai/api/v1/chat/c
  retry 2 google/gemma-3-12b-it 429 Client Error: Too Many Requests for url: https://openrouter.ai/api/v1/chat/c
  retry 2 google/gemma-3-12b-it 429 Client Error: Too Many Requests for url: https://openrouter.ai/api/v1/chat/c
  retry 1 google/gemma-3-12b-it 429 Client Error: Too Many Requests for url: https://openrouter.ai/api/v1/chat/c
  retry 1 google/gemma-3-12b-it 429 Client Error: Too Many Requests for url: https://openrouter.ai/api/v1/chat/c
  retry 2 google/gemma-3-12b-it 429 Client Error: Too Many Requests for url: https://openrouter.ai/api/v1/chat/c
  retry 1 google/gemma-3-12b-it 429 Client Error: Too Many Requests for url: https://openrouter.ai/api/v1/chat/c
  retry 2 google/gemma-3-12b-it 429 Client Error: Too Many Requests for url: https://openrouter.ai/api/v1/chat/c
  retry 3 google/gemma-3-12b-it 429 Client Error: Too Many Requests for url: https://openrouter.ai/api/v1/chat/c
  retry 1 google/gemma-3-12b-it 429 Client Error: Too Many Requests for url: https://openrouter.ai/api/v1/chat/c
  retry 4 google/gemma-3-12b-it 429 Client Error: Too Many Requests for url: https://openrouter.ai/api/v1/chat/c
  retry 1 google/gemma-3-12b-it 429 Client Error: Too Many Requests for url: https://openrouter.ai/api/v1/chat/c
  retry 2 google/gemma-3-12b-it 429 Client Error: Too Many Requests for url: https://openrouter.ai/api/v1/chat/c
  retry 1 google/gemma-3-12b-it 429 Client Error: Too Many Requests for url: https://openrouter.ai/api/v1/chat/c
  retry 2 google/gemma-3-12b-it 429 Client Error: Too Many Requests for url: https://openrouter.ai/api/v1/chat/c
  retry 3 google/gemma-3-12b-it 429 Client Error: Too Many Requests for url: https://openrouter.ai/api/v1/chat/c
google/gemma-3-12b-it zero ceas08: 300 emails, total spend $0.3752
  retry 1 google/gemma-3-12b-it 429 Client Error: Too Many Requests for url: https://openrouter.ai/api/v1/chat/c
  retry 1 google/gemma-3-12b-it 429 Client Error: Too Many Requests for url: https://openrouter.ai/api/v1/chat/c
  retry 1 google/gemma-3-12b-it 429 Client Error: Too Many Requests for url: https://openrouter.ai/api/v1/chat/c
  retry 1 google/gemma-3-12b-it 429 Client Error: Too Many Requests for url: https://openrouter.ai/api/v1/chat/c
  retry 2 google/gemma-3-12b-it 429 Client Error: Too Many Requests for url: https://openrouter.ai/api/v1/chat/c
  retry 1 google/gemma-3-12b-it 429 Client Error: Too Many Requests for url: https://openrouter.ai/api/v1/chat/c
  retry 2 google/gemma-3-12b-it 429 Client Error: Too Many Requests for url: https://openrouter.ai/api/v1/chat/c
  retry 3 google/gemma-3-12b-it 429 Client Error: Too Many Requests for url: https://openrouter.ai/api/v1/chat/c
  retry 1 google/gemma-3-12b-it 429 Client Error: Too Many Requests for url: https://openrouter.ai/api/v1/chat/c
  retry 1 google/gemma-3-12b-it 429 Client Error: Too Many Requests for url: https://openrouter.ai/api/v1/chat/c
  retry 1 google/gemma-3-12b-it 429 Client Error: Too Many Requests for url: https://openrouter.ai/api/v1/chat/c
  retry 1 google/gemma-3-12b-it 429 Client Error: Too Many Requests for url: https://openrouter.ai/api/v1/chat/c
  retry 1 google/gemma-3-12b-it 429 Client Error: Too Many Requests for url: https://openrouter.ai/api/v1/chat/c
  retry 2 google/gemma-3-12b-it 429 Client Error: Too Many Requests for url: https://openrouter.ai/api/v1/chat/c
  retry 1 google/gemma-3-12b-it 429 Client Error: Too Many Requests for url: https://openrouter.ai/api/v1/chat/c
  retry 3 google/gemma-3-12b-it 429 Client Error: Too Many Requests for url: https://openrouter.ai/api/v1/chat/c
  retry 1 google/gemma-3-12b-it 429 Client Error: Too Many Requests for url: https://openrouter.ai/api/v1/chat/c
  retry 2 google/gemma-3-12b-it 429 Client Error: Too Many Requests for url: https://openrouter.ai/api/v1/chat/c
  retry 1 google/gemma-3-12b-it 429 Client Error: Too Many Requests for url: https://openrouter.ai/api/v1/chat/c
  retry 3 google/gemma-3-12b-it 429 Client Error: Too Many Requests for url: https://openrouter.ai/api/v1/chat/c
  retry 2 google/gemma-3-12b-it 429 Client Error: Too Many Requests for url: https://openrouter.ai/api/v1/chat/c
  retry 3 google/gemma-3-12b-it 429 Client Error: Too Many Requests for url: https://openrouter.ai/api/v1/chat/c
  retry 4 google/gemma-3-12b-it 429 Client Error: Too Many Requests for url: https://openrouter.ai/api/v1/chat/c
  retry 1 google/gemma-3-12b-it 429 Client Error: Too Many Requests for url: https://openrouter.ai/api/v1/chat/c
  retry 1 google/gemma-3-12b-it 429 Client Error: Too Many Requests for url: https://openrouter.ai/api/v1/chat/c
  retry 1 google/gemma-3-12b-it 429 Client Error: Too Many Requests for url: https://openrouter.ai/api/v1/chat/c
  retry 1 google/gemma-3-12b-it 429 Client Error: Too Many Requests for url: https://openrouter.ai/api/v1/chat/c
  retry 1 google/gemma-3-12b-it 429 Client Error: Too Many Requests for url: https://openrouter.ai/api/v1/chat/c
  retry 2 google/gemma-3-12b-it 429 Client Error: Too Many Requests for url: https://openrouter.ai/api/v1/chat/c
  retry 1 google/gemma-3-12b-it 429 Client Error: Too Many Requests for url: https://openrouter.ai/api/v1/chat/c
  retry 2 google/gemma-3-12b-it 429 Client Error: Too Many Requests for url: https://openrouter.ai/api/v1/chat/c
  retry 3 google/gemma-3-12b-it 429 Client Error: Too Many Requests for url: https://openrouter.ai/api/v1/chat/c
  retry 1 google/gemma-3-12b-it 429 Client Error: Too Many Requests for url: https://openrouter.ai/api/v1/chat/c
  retry 4 google/gemma-3-12b-it 429 Client Error: Too Many Requests for url: https://openrouter.ai/api/v1/chat/c
  retry 1 google/gemma-3-12b-it 429 Client Error: Too Many Requests for url: https://openrouter.ai/api/v1/chat/c
  retry 1 google/gemma-3-12b-it 429 Client Error: Too Many Requests for url: https://openrouter.ai/api/v1/chat/c
  retry 1 google/gemma-3-12b-it 429 Client Error: Too Many Requests for url: https://openrouter.ai/api/v1/chat/c
  retry 1 google/gemma-3-12b-it 429 Client Error: Too Many Requests for url: https://openrouter.ai/api/v1/chat/c
  retry 1 google/gemma-3-12b-it 429 Client Error: Too Many Requests for url: https://openrouter.ai/api/v1/chat/c
  retry 2 google/gemma-3-12b-it 429 Client Error: Too Many Requests for url: https://openrouter.ai/api/v1/chat/c
  retry 1 google/gemma-3-12b-it 429 Client Error: Too Many Requests for url: https://openrouter.ai/api/v1/chat/c
  retry 2 google/gemma-3-12b-it 429 Client Error: Too Many Requests for url: https://openrouter.ai/api/v1/chat/c
  retry 3 google/gemma-3-12b-it 429 Client Error: Too Many Requests for url: https://openrouter.ai/api/v1/chat/c
  retry 3 google/gemma-3-12b-it 429 Client Error: Too Many Requests for url: https://openrouter.ai/api/v1/chat/c
  retry 1 google/gemma-3-12b-it 429 Client Error: Too Many Requests for url: https://openrouter.ai/api/v1/chat/c
  retry 4 google/gemma-3-12b-it 429 Client Error: Too Many Requests for url: https://openrouter.ai/api/v1/chat/c
  retry 1 google/gemma-3-12b-it 429 Client Error: Too Many Requests for url: https://openrouter.ai/api/v1/chat/c
  retry 1 google/gemma-3-12b-it 429 Client Error: Too Many Requests for url: https://openrouter.ai/api/v1/chat/c
  retry 1 google/gemma-3-12b-it 429 Client Error: Too Many Requests for url: https://openrouter.ai/api/v1/chat/c
  retry 1 google/gemma-3-12b-it 429 Client Error: Too Many Requests for url: https://openrouter.ai/api/v1/chat/c
  retry 1 google/gemma-3-12b-it 429 Client Error: Too Many Requests for url: https://openrouter.ai/api/v1/chat/c
  retry 2 google/gemma-3-12b-it 429 Client Error: Too Many Requests for url: https://openrouter.ai/api/v1/chat/c
  retry 1 google/gemma-3-12b-it 429 Client Error: Too Many Requests for url: https://openrouter.ai/api/v1/chat/c
  retry 3 google/gemma-3-12b-it 429 Client Error: Too Many Requests for url: https://openrouter.ai/api/v1/chat/c
  retry 2 google/gemma-3-12b-it 429 Client Error: Too Many Requests for url: https://openrouter.ai/api/v1/chat/c
  retry 3 google/gemma-3-12b-it 429 Client Error: Too Many Requests for url: https://openrouter.ai/api/v1/chat/c
  retry 4 google/gemma-3-12b-it 429 Client Error: Too Many Requests for url: https://openrouter.ai/api/v1/chat/c
  retry 1 google/gemma-3-12b-it 429 Client Error: Too Many Requests for url: https://openrouter.ai/api/v1/chat/c
  retry 2 google/gemma-3-12b-it 429 Client Error: Too Many Requests for url: https://openrouter.ai/api/v1/chat/c
  retry 1 google/gemma-3-12b-it 429 Client Error: Too Many Requests for url: https://openrouter.ai/api/v1/chat/c
  retry 2 google/gemma-3-12b-it 429 Client Error: Too Many Requests for url: https://openrouter.ai/api/v1/chat/c
  retry 3 google/gemma-3-12b-it 429 Client Error: Too Many Requests for url: https://openrouter.ai/api/v1/chat/c
  retry 3 google/gemma-3-12b-it 429 Client Error: Too Many Requests for url: https://openrouter.ai/api/v1/chat/c
  retry 4 google/gemma-3-12b-it 429 Client Error: Too Many Requests for url: https://openrouter.ai/api/v1/chat/c
  retry 1 google/gemma-3-12b-it 429 Client Error: Too Many Requests for url: https://openrouter.ai/api/v1/chat/c
  retry 1 google/gemma-3-12b-it 429 Client Error: Too Many Requests for url: https://openrouter.ai/api/v1/chat/c
  retry 1 google/gemma-3-12b-it 429 Client Error: Too Many Requests for url: https://openrouter.ai/api/v1/chat/c
  retry 1 google/gemma-3-12b-it 429 Client Error: Too Many Requests for url: https://openrouter.ai/api/v1/chat/c
  retry 1 google/gemma-3-12b-it 429 Client Error: Too Many Requests for url: https://openrouter.ai/api/v1/chat/c
  retry 2 google/gemma-3-12b-it 429 Client Error: Too Many Requests for url: https://openrouter.ai/api/v1/chat/c
  retry 1 google/gemma-3-12b-it 429 Client Error: Too Many Requests for url: https://openrouter.ai/api/v1/chat/c
  retry  retry 3 google/gemma-3-12b-it 429 Client Error: Too Many Requests for url: https://openrouter.ai/api/v1/chat/c
 2 google/gemma-3-12b-it 429 Client Error: Too Many Requests for url: https://openrouter.ai/api/v1/chat/c
  retry 3 google/gemma-3-12b-it 429 Client Error: Too Many Requests for url: https://openrouter.ai/api/v1/chat/c
  retry 4 google/gemma-3-12b-it 429 Client Error: Too Many Requests for url: https://openrouter.ai/api/v1/chat/c
google/gemma-3-12b-it zero trec07: 300 emails, total spend $0.5019
  retry 1 google/gemma-3-12b-it 429 Client Error: Too Many Requests for url: https://openrouter.ai/api/v1/chat/c
  retry 1 google/gemma-3-12b-it 429 Client Error: Too Many Requests for url: https://openrouter.ai/api/v1/chat/c
  retry 2 google/gemma-3-12b-it 429 Client Error: Too Many Requests for url: https://openrouter.ai/api/v1/chat/c
  retry 2 google/gemma-3-12b-it 429 Client Error: Too Many Requests for url: https://openrouter.ai/api/v1/chat/c
  retry 3 google/gemma-3-12b-it 429 Client Error: Too Many Requests for url: https://openrouter.ai/api/v1/chat/c
  retry 1 google/gemma-3-12b-it 429 Client Error: Too Many Requests for url: https://openrouter.ai/api/v1/chat/c
  retry 2 google/gemma-3-12b-it 429 Client Error: Too Many Requests for url: https://openrouter.ai/api/v1/chat/c
  retry 1 google/gemma-3-12b-it 429 Client Error: Too Many Requests for url: https://openrouter.ai/api/v1/chat/c
  retry 1 google/gemma-3-12b-it 429 Client Error: Too Many Requests for url: https://openrouter.ai/api/v1/chat/c
  retry 1 google/gemma-3-12b-it 429 Client Error: Too Many Requests for url: https://openrouter.ai/api/v1/chat/c
  retry 1 google/gemma-3-12b-it 429 Client Error: Too Many Requests for url: https://openrouter.ai/api/v1/chat/c
  retry 1 google/gemma-3-12b-it 429 Client Error: Too Many Requests for url: https://openrouter.ai/api/v1/chat/c
  retry 1 google/gemma-3-12b-it 429 Client Error: Too Many Requests for url: https://openrouter.ai/api/v1/chat/c
  retry 1 google/gemma-3-12b-it 429 Client Error: Too Many Requests for url: https://openrouter.ai/api/v1/chat/c
  retry 2 google/gemma-3-12b-it 429 Client Error: Too Many Requests for url: https://openrouter.ai/api/v1/chat/c
  retry 2 google/gemma-3-12b-it 429 Client Error: Too Many Requests for url: https://openrouter.ai/api/v1/chat/c
  retry 3 google/gemma-3-12b-it 429 Client Error: Too Many Requests for url: https://openrouter.ai/api/v1/chat/c
  retry 1 google/gemma-3-12b-it 429 Client Error: Too Many Requests for url: https://openrouter.ai/api/v1/chat/c
  retry 2 google/gemma-3-12b-it 429 Client Error: Too Many Requests for url: https://openrouter.ai/api/v1/chat/c
  retry 1 google/gemma-3-12b-it 429 Client Error: Too Many Requests for url: https://openrouter.ai/api/v1/chat/c
  retry 1 google/gemma-3-12b-it 429 Client Error: Too Many Requests for url: https://openrouter.ai/api/v1/chat/c
  retry 1 google/gemma-3-12b-it 429 Client Error: Too Many Requests for url: https://openrouter.ai/api/v1/chat/c
  retry 2 google/gemma-3-12b-it 429 Client Error: Too Many Requests for url: https://openrouter.ai/api/v1/chat/c
  retry 1 google/gemma-3-12b-it 429 Client Error: Too Many Requests for url: https://openrouter.ai/api/v1/chat/c
  retry 3 google/gemma-3-12b-it 429 Client Error: Too Many Requests for url: https://openrouter.ai/api/v1/chat/c
  retry 1 google/gemma-3-12b-it 429 Client Error: Too Many Requests for url: https://openrouter.ai/api/v1/chat/c
  retry 1 google/gemma-3-12b-it 429 Client Error: Too Many Requests for url: https://openrouter.ai/api/v1/chat/c
  retry 1 google/gemma-3-12b-it 429 Client Error: Too Many Requests for url: https://openrouter.ai/api/v1/chat/c
  retry 2 google/gemma-3-12b-it 429 Client Error: Too Many Requests for url: https://openrouter.ai/api/v1/chat/c
  retry 1 google/gemma-3-12b-it 429 Client Error: Too Many Requests for url: https://openrouter.ai/api/v1/chat/c
  retry 2 google/gemma-3-12b-it 429 Client Error: Too Many Requests for url: https://openrouter.ai/api/v1/chat/c
  retry 3 google/gemma-3-12b-it 429 Client Error: Too Many Requests for url: https://openrouter.ai/api/v1/chat/c
  retry 3 google/gemma-3-12b-it 429 Client Error: Too Many Requests for url: https://openrouter.ai/api/v1/chat/c
  retry 1 google/gemma-3-12b-it 429 Client Error: Too Many Requests for url: https://openrouter.ai/api/v1/chat/c
  retry 1 google/gemma-3-12b-it 429 Client Error: Too Many Requests for url: https://openrouter.ai/api/v1/chat/c
  retry 1 google/gemma-3-12b-it 429 Client Error: Too Many Requests for url: https://openrouter.ai/api/v1/chat/c
  retry 1 google/gemma-3-12b-it 429 Client Error: Too Many Requests for url: https://openrouter.ai/api/v1/chat/c
  retry 1 google/gemma-3-12b-it 429 Client Error: Too Many Requests for url: https://openrouter.ai/api/v1/chat/c
  retry  retry  2 google/gemma-3-12b-it 429 Client Error: Too Many Requests for url: https://openrouter.ai/api/v1/chat/c2
 google/gemma-3-12b-it 429 Client Error: Too Many Requests for url: https://openrouter.ai/api/v1/chat/c
  retry 1 google/gemma-3-12b-it 429 Client Error: Too Many Requests for url: https://openrouter.ai/api/v1/chat/c
  retry 1 google/gemma-3-12b-it 429 Client Error: Too Many Requests for url: https://openrouter.ai/api/v1/chat/c
  retry 1  retry  2 google/gemma-3-12b-it 429 Client Error: Too Many Requests for url: https://openrouter.ai/api/v1/chat/c
google/gemma-3-12b-it 429 Client Error: Too Many Requests for url: https://openrouter.ai/api/v1/chat/c
  retry  retry 1 1 google/gemma-3-12b-it 429 Client Error: Too Many Requests for url: https://openrouter.ai/api/v1/chat/c
 google/gemma-3-12b-it 429 Client Error: Too Many Requests for url: https://openrouter.ai/api/v1/chat/c
  retry 2 google/gemma-3-12b-it 429 Client Error: Too Many Requests for url: https://openrouter.ai/api/v1/chat/c
  retry 1 google/gemma-3-12b-it 429 Client Error: Too Many Requests for url: https://openrouter.ai/api/v1/chat/c
  retry   retry 2 google/gemma-3-12b-it1 429 Client Error: Too Many Requests for url: https://openrouter.ai/api/v1/chat/c
 google/gemma-3-12b-it 429 Client Error: Too Many Requests for url: https://openrouter.ai/api/v1/chat/c
  retry 2 google/gemma-3-12b-it 429 Client Error: Too Many Requests for url: https://openrouter.ai/api/v1/chat/c
  retry 3 google/gemma-3-12b-it 429 Client Error: Too Many Requests for url: https://openrouter.ai/api/v1/chat/c
  retry  retry 1 google/gemma-3-12b-it 429 Client Error: Too Many Requests for url: https://openrouter.ai/api/v1/chat/c
 1 google/gemma-3-12b-it 429 Client Error: Too Many Requests for url: https://openrouter.ai/api/v1/chat/c
  retry 1 google/gemma-3-12b-it 429 Client Error: Too Many Requests for url: https://openrouter.ai/api/v1/chat/c
  retry 1 google/gemma-3-12b-it 429 Client Error: Too Many Requests for url: https://openrouter.ai/api/v1/chat/c
  retry 1 google/gemma-3-12b-it 429 Client Error: Too Many Requests for url: https://openrouter.ai/api/v1/chat/c
  retry 1 google/gemma-3-12b-it 429 Client Error: Too Many Requests for url: https://openrouter.ai/api/v1/chat/c
  retry 2 google/gemma-3-12b-it 429 Client Error: Too Many Requests for url: https://openrouter.ai/api/v1/chat/c
  retry 1 google/gemma-3-12b-it 429 Client Error: Too Many Requests for url: https://openrouter.ai/api/v1/chat/c
  retry 1 google/gemma-3-12b-it 429 Client Error: Too Many Requests for url: https://openrouter.ai/api/v1/chat/c
  retry 1 google/gemma-3-12b-it 429 Client Error: Too Many Requests for url: https://openrouter.ai/api/v1/chat/c
  retry 1 google/gemma-3-12b-it 429 Client Error: Too Many Requests for url: https://openrouter.ai/api/v1/chat/c
  retry 1 google/gemma-3-12b-it 429 Client Error: Too Many Requests for url: https://openrouter.ai/api/v1/chat/c
  retry 1 google/gemma-3-12b-it 429 Client Error: Too Many Requests for url: https://openrouter.ai/api/v1/chat/c
  retry 1 google/gemma-3-12b-it 429 Client Error: Too Many Requests for url: https://openrouter.ai/api/v1/chat/c
  retry 1 google/gemma-3-12b-it 429 Client Error: Too Many Requests for url: https://openrouter.ai/api/v1/chat/c
  retry 1 google/gemma-3-12b-it 429 Client Error: Too Many Requests for url: https://openrouter.ai/api/v1/chat/c
  retry 1 google/gemma-3-12b-it 429 Client Error: Too Many Requests for url: https://openrouter.ai/api/v1/chat/c
  retry 1 google/gemma-3-12b-it 429 Client Error: Too Many Requests for url: https://openrouter.ai/api/v1/chat/c
  retry 1 google/gemma-3-12b-it 429 Client Error: Too Many Requests for url: https://openrouter.ai/api/v1/chat/c
  retry  retry  22 google/gemma-3-12b-it  429 Client Error: Too Many Requests for url: https://openrouter.ai/api/v1/chat/c
google/gemma-3-12b-it 429 Client Error: Too Many Requests for url: https://openrouter.ai/api/v1/chat/c
  retry 3 google/gemma-3-12b-it 429 Client Error: Too Many Requests for url: https://openrouter.ai/api/v1/chat/c
  retry 1 google/gemma-3-12b-it 429 Client Error: Too Many Requests for url: https://openrouter.ai/api/v1/chat/c
  retry 1 google/gemma-3-12b-it 429 Client Error: Too Many Requests for url: https://openrouter.ai/api/v1/chat/c
  retry 1 google/gemma-3-12b-it 429 Client Error: Too Many Requests for url: https://openrouter.ai/api/v1/chat/c
  retry 1 google/gemma-3-12b-it 429 Client Error: Too Many Requests for url: https://openrouter.ai/api/v1/chat/c
  retry 2 google/gemma-3-12b-it 429 Client Error: Too Many Requests for url: https://openrouter.ai/api/v1/chat/c
  retry 2 google/gemma-3-12b-it 429 Client Error: Too Many Requests for url: https://openrouter.ai/api/v1/chat/c
  retry 1 google/gemma-3-12b-it 429 Client Error: Too Many Requests for url: https://openrouter.ai/api/v1/chat/c
  retry   retry 2 1 google/gemma-3-12b-it 429 Client Error: Too Many Requests for url: https://openrouter.ai/api/v1/chat/c
google/gemma-3-12b-it 429 Client Error: Too Many Requests for url: https://openrouter.ai/api/v1/chat/c
  retry 1 google/gemma-3-12b-it 429 Client Error: Too Many Requests for url: https://openrouter.ai/api/v1/chat/c
  retry 1 google/gemma-3-12b-it 429 Client Error: Too Many Requests for url: https://openrouter.ai/api/v1/chat/c
  retry 2 google/gemma-3-12b-it 429 Client Error: Too Many Requests for url: https://openrouter.ai/api/v1/chat/c
  retry 2 google/gemma-3-12b-it 429 Client Error: Too Many Requests for url: https://openrouter.ai/api/v1/chat/c
  retry  retry 3 google/gemma-3-12b-it 429 Client Error: Too Many Requests for url: https://openrouter.ai/api/v1/chat/c
 3 google/gemma-3-12b-it 429 Client Error: Too Many Requests for url: https://openrouter.ai/api/v1/chat/c
  retry 4 google/gemma-3-12b-it 429 Client Error: Too Many Requests for url: https://openrouter.ai/api/v1/chat/c
  retry 4 google/gemma-3-12b-it 429 Client Error: Too Many Requests for url: https://openrouter.ai/api/v1/chat/c
  retry 1  retry 1 google/gemma-3-12b-it 429 Client Error: Too Many Requests for url: https://openrouter.ai/api/v1/chat/c
 google/gemma-3-12b-it 429 Client Error: Too Many Requests for url: https://openrouter.ai/api/v1/chat/c
  retry 2 google/gemma-3-12b-it 429 Client Error: Too Many Requests for url: https://openrouter.ai/api/v1/chat/c
  retry 1 google/gemma-3-12b-it 429 Client Error: Too Many Requests for url: https://openrouter.ai/api/v1/chat/c
  retry 3 google/gemma-3-12b-it 429 Client Error: Too Many Requests for url: https://openrouter.ai/api/v1/chat/c
  retry 2 google/gemma-3-12b-it 429 Client Error: Too Many Requests for url: https://openrouter.ai/api/v1/chat/c
  retry 3 google/gemma-3-12b-it 429 Client Error: Too Many Requests for url: https://openrouter.ai/api/v1/chat/c
  retry 4 google/gemma-3-12b-it 429 Client Error: Too Many Requests for url: https://openrouter.ai/api/v1/chat/c
  retry 4 google/gemma-3-12b-it 429 Client Error: Too Many Requests for url: https://openrouter.ai/api/v1/chat/c
  retry 1 google/gemma-3-12b-it 429 Client Error: Too Many Requests for url: https://openrouter.ai/api/v1/chat/c
  retry 2 google/gemma-3-12b-it 429 Client Error: Too Many Requests for url: https://openrouter.ai/api/v1/chat/c
  retry 1 google/gemma-3-12b-it 429 Client Error: Too Many Requests for url: https://openrouter.ai/api/v1/chat/c
  retry 3 google/gemma-3-12b-it 429 Client Error: Too Many Requests for url: https://openrouter.ai/api/v1/chat/c
  retry 4 google/gemma-3-12b-it 429 Client Error: Too Many Requests for url: https://openrouter.ai/api/v1/chat/c
  retry 1 google/gemma-3-12b-it 429 Client Error: Too Many Requests for url: https://openrouter.ai/api/v1/chat/c
  retry 2 google/gemma-3-12b-it 429 Client Error: Too Many Requests for url: https://openrouter.ai/api/v1/chat/c
  retry 1 google/gemma-3-12b-it 429 Client Error: Too Many Requests for url: https://openrouter.ai/api/v1/chat/c
  retry 1 google/gemma-3-12b-it 429 Client Error: Too Many Requests for url: https://openrouter.ai/api/v1/chat/c
  retry 2 google/gemma-3-12b-it 429 Client Error: Too Many Requests for url: https://openrouter.ai/api/v1/chat/c
  retry 2 google/gemma-3-12b-it 429 Client Error: Too Many Requests for url: https://openrouter.ai/api/v1/chat/c
  retry 1 google/gemma-3-12b-it 429 Client Error: Too Many Requests for url: https://openrouter.ai/api/v1/chat/c
  retry 1 google/gemma-3-12b-it 429 Client Error: Too Many Requests for url: https://openrouter.ai/api/v1/chat/c
  retry 1 google/gemma-3-12b-it 429 Client Error: Too Many Requests for url: https://openrouter.ai/api/v1/chat/c
  retry  retry  22 google/gemma-3-12b-it 429 Client Error: Too Many Requests for url: https://openrouter.ai/api/v1/chat/c
 google/gemma-3-12b-it 429 Client Error: Too Many Requests for url: https://openrouter.ai/api/v1/chat/c
  retry 3 google/gemma-3-12b-it HTTPSConnectionPool(host='openrouter.ai', port=443): Max retries exceeded with u
  retry 3 google/gemma-3-12b-it 429 Client Error: Too Many Requests for url: https://openrouter.ai/api/v1/chat/c
  retry 4 google/gemma-3-12b-it 429 Client Error: Too Many Requests for url: https://openrouter.ai/api/v1/chat/c
  retry 4 google/gemma-3-12b-it 429 Client Error: Too Many Requests for url: https://openrouter.ai/api/v1/chat/c
  retry 1 google/gemma-3-12b-it 429 Client Error: Too Many Requests for url: https://openrouter.ai/api/v1/chat/c
  retry 1 google/gemma-3-12b-it 429 Client Error: Too Many Requests for url: https://openrouter.ai/api/v1/chat/c
  retry 2 google/gemma-3-12b-it 429 Client Error: Too Many Requests for url: https://openrouter.ai/api/v1/chat/c
  retry 1 google/gemma-3-12b-it 429 Client Error: Too Many Requests for url: https://openrouter.ai/api/v1/chat/c
  retry 2 google/gemma-3-12b-it 429 Client Error: Too Many Requests for url: https://openrouter.ai/api/v1/chat/c
  retry 3 google/gemma-3-12b-it 429 Client Error: Too Many Requests for url: https://openrouter.ai/api/v1/chat/c
  retry 3 google/gemma-3-12b-it 429 Client Error: Too Many Requests for url: https://openrouter.ai/api/v1/chat/c
  retry 4 google/gemma-3-12b-it 429 Client Error: Too Many Requests for url: https://openrouter.ai/api/v1/chat/c
  retry 4 google/gemma-3-12b-it 429 Client Error: Too Many Requests for url: https://openrouter.ai/api/v1/chat/c
  retry 1 google/gemma-3-12b-it 429 Client Error: Too Many Requests for url: https://openrouter.ai/api/v1/chat/c
  retry 2 google/gemma-3-12b-it 429 Client Error: Too Many Requests for url: https://openrouter.ai/api/v1/chat/c
  retry 1 google/gemma-3-12b-it 429 Client Error: Too Many Requests for url: https://openrouter.ai/api/v1/chat/c
  retry 2 google/gemma-3-12b-it 429 Client Error: Too Many Requests for url: https://openrouter.ai/api/v1/chat/c
  retry 3 google/gemma-3-12b-it 429 Client Error: Too Many Requests for url: https://openrouter.ai/api/v1/chat/c
  retry 3 google/gemma-3-12b-it 429 Client Error: Too Many Requests for url: https://openrouter.ai/api/v1/chat/c
  retry 4 google/gemma-3-12b-it 429 Client Error: Too Many Requests for url: https://openrouter.ai/api/v1/chat/c
  retry 1 google/gemma-3-12b-it 429 Client Error: Too Many Requests for url: https://openrouter.ai/api/v1/chat/c
  retry 1 google/gemma-3-12b-it 429 Client Error: Too Many Requests for url: https://openrouter.ai/api/v1/chat/c
  retry 1 google/gemma-3-12b-it 429 Client Error: Too Many Requests for url: https://openrouter.ai/api/v1/chat/c
  retry 2 google/gemma-3-12b-it 429 Client Error: Too Many Requests for url: https://openrouter.ai/api/v1/chat/c
  retry 2 google/gemma-3-12b-it 429 Client Error: Too Many Requests for url: https://openrouter.ai/api/v1/chat/c
  retry 3 google/gemma-3-12b-it 429 Client Error: Too Many Requests for url: https://openrouter.ai/api/v1/chat/c
  retry 3 google/gemma-3-12b-it 429 Client Error: Too Many Requests for url: https://openrouter.ai/api/v1/chat/c
  retry 1 google/gemma-3-12b-it 429 Client Error: Too Many Requests for url: https://openrouter.ai/api/v1/chat/c
  retry 1 google/gemma-3-12b-it 429 Client Error: Too Many Requests for url: https://openrouter.ai/api/v1/chat/c
  retry 1 google/gemma-3-12b-it 429 Client Error: Too Many Requests for url: https://openrouter.ai/api/v1/chat/c
  retry 2 google/gemma-3-12b-it 429 Client Error: Too Many Requests for url: https://openrouter.ai/api/v1/chat/c
  retry 2 google/gemma-3-12b-it 429 Client Error: Too Many Requests for url: https://openrouter.ai/api/v1/chat/c
  retry 3 google/gemma-3-12b-it 429 Client Error: Too Many Requests for url: https://openrouter.ai/api/v1/chat/c
  retry 3 google/gemma-3-12b-it 429 Client Error: Too Many Requests for url: https://openrouter.ai/api/v1/chat/c
  retry 1 google/gemma-3-12b-it 429 Client Error: Too Many Requests for url: https://openrouter.ai/api/v1/chat/c
  retry 4 google/gemma-3-12b-it 429 Client Error: Too Many Requests for url: https://openrouter.ai/api/v1/chat/c
  retry 2 google/gemma-3-12b-it 429 Client Error: Too Many Requests for url: https://openrouter.ai/api/v1/chat/c
  retry 3 google/gemma-3-12b-it 429 Client Error: Too Many Requests for url: https://openrouter.ai/api/v1/chat/c
  retry 1 google/gemma-3-12b-it 429 Client Error: Too Many Requests for url: https://openrouter.ai/api/v1/chat/c
  retry 2 google/gemma-3-12b-it 429 Client Error: Too Many Requests for url: https://openrouter.ai/api/v1/chat/c
  retry 4 google/gemma-3-12b-it 429 Client Error: Too Many Requests for url: https://openrouter.ai/api/v1/chat/c
  retry 1 google/gemma-3-12b-it 429 Client Error: Too Many Requests for url: https://openrouter.ai/api/v1/chat/c
  retry 2 google/gemma-3-12b-it 429 Client Error: Too Many Requests for url: https://openrouter.ai/api/v1/chat/c
  retry 1 google/gemma-3-12b-it 429 Client Error: Too Many Requests for url: https://openrouter.ai/api/v1/chat/c
  retry 1 google/gemma-3-12b-it 429 Client Error: Too Many Requests for url: https://openrouter.ai/api/v1/chat/c
  retry 3 google/gemma-3-12b-it 429 Client Error: Too Many Requests for url: https://openrouter.ai/api/v1/chat/c
  retry 1 google/gemma-3-12b-it 429 Client Error: Too Many Requests for url: https://openrouter.ai/api/v1/chat/c
  retry 1 google/gemma-3-12b-it 429 Client Error: Too Many Requests for url: https://openrouter.ai/api/v1/chat/c
  retry 1 google/gemma-3-12b-it 429 Client Error: Too Many Requests for url: https://openrouter.ai/api/v1/chat/c
  retry 1 google/gemma-3-12b-it 429 Client Error: Too Many Requests for url: https://openrouter.ai/api/v1/chat/c
  retry 2 google/gemma-3-12b-it 429 Client Error: Too Many Requests for url: https://openrouter.ai/api/v1/chat/c
  retry 2 google/gemma-3-12b-it 429 Client Error: Too Many Requests for url: https://openrouter.ai/api/v1/chat/c
  retry 1 google/gemma-3-12b-it 429 Client Error: Too Many Requests for url: https://openrouter.ai/api/v1/chat/c
  retry 1 google/gemma-3-12b-it 429 Client Error: Too Many Requests for url: https://openrouter.ai/api/v1/chat/c
  retry 1 google/gemma-3-12b-it 429 Client Error: Too Many Requests for url: https://openrouter.ai/api/v1/chat/c
  retry 2 google/gemma-3-12b-it 429 Client Error: Too Many Requests for url: https://openrouter.ai/api/v1/chat/c
  retry 2 google/gemma-3-12b-it 429 Client Error: Too Many Requests for url: https://openrouter.ai/api/v1/chat/c
  retry 3 google/gemma-3-12b-it 429 Client Error: Too Many Requests for url: https://openrouter.ai/api/v1/chat/c
  retry 3 google/gemma-3-12b-it 429 Client Error: Too Many Requests for url: https://openrouter.ai/api/v1/chat/c
  retry 4 google/gemma-3-12b-it 429 Client Error: Too Many Requests for url: https://openrouter.ai/api/v1/chat/c
  retry 1 google/gemma-3-12b-it 429 Client Error: Too Many Requests for url: https://openrouter.ai/api/v1/chat/c
  retry 1 google/gemma-3-12b-it 429 Client Error: Too Many Requests for url: https://openrouter.ai/api/v1/chat/c
  retry 1 google/gemma-3-12b-it 429 Client Error: Too Many Requests for url: https://openrouter.ai/api/v1/chat/c
  retry 1 google/gemma-3-12b-it 429 Client Error: Too Many Requests for url: https://openrouter.ai/api/v1/chat/c
  retry 2 google/gemma-3-12b-it 429 Client Error: Too Many Requests for url: https://openrouter.ai/api/v1/chat/c
  retry 2 google/gemma-3-12b-it 429 Client Error: Too Many Requests for url: https://openrouter.ai/api/v1/chat/c
  retry 1 google/gemma-3-12b-it 429 Client Error: Too Many Requests for url: https://openrouter.ai/api/v1/chat/c
  retry 1 google/gemma-3-12b-it 429 Client Error: Too Many Requests for url: https://openrouter.ai/api/v1/chat/c
  retry 2 google/gemma-3-12b-it 429 Client Error: Too Many Requests for url: https://openrouter.ai/api/v1/chat/c
  retry 2 google/gemma-3-12b-it 429 Client Error: Too Many Requests for url: https://openrouter.ai/api/v1/chat/c
  retry 3 google/gemma-3-12b-it 429 Client Error: Too Many Requests for url: https://openrouter.ai/api/v1/chat/c
  retry 1 google/gemma-3-12b-it 429 Client Error: Too Many Requests for url: https://openrouter.ai/api/v1/chat/c
  retry 2 google/gemma-3-12b-it 429 Client Error: Too Many Requests for url: https://openrouter.ai/api/v1/chat/c
  retry 4 google/gemma-3-12b-it 429 Client Error: Too Many Requests for url: https://openrouter.ai/api/v1/chat/c
  retry 3 google/gemma-3-12b-it 429 Client Error: Too Many Requests for url: https://openrouter.ai/api/v1/chat/c
  retry 1 google/gemma-3-12b-it 429 Client Error: Too Many Requests for url: https://openrouter.ai/api/v1/chat/c
  retry 1 google/gemma-3-12b-it 429 Client Error: Too Many Requests for url: https://openrouter.ai/api/v1/chat/c
  retry 1 google/gemma-3-12b-it 429 Client Error: Too Many Requests for url: https://openrouter.ai/api/v1/chat/c
  retry 1 google/gemma-3-12b-it 429 Client Error: Too Many Requests for url: https://openrouter.ai/api/v1/chat/c
  retry 2 google/gemma-3-12b-it 429 Client Error: Too Many Requests for url: https://openrouter.ai/api/v1/chat/c
  retry 2 google/gemma-3-12b-it 429 Client Error: Too Many Requests for url: https://openrouter.ai/api/v1/chat/c
  retry 3 google/gemma-3-12b-it 429 Client Error: Too Many Requests for url: https://openrouter.ai/api/v1/chat/c
  retry 1 google/gemma-3-12b-it 429 Client Error: Too Many Requests for url: https://openrouter.ai/api/v1/chat/c
  retry 1 google/gemma-3-12b-it 429 Client Error: Too Many Requests for url: https://openrouter.ai/api/v1/chat/c
  retry 1 google/gemma-3-12b-it 429 Client Error: Too Many Requests for url: https://openrouter.ai/api/v1/chat/c
  retry 1 google/gemma-3-12b-it 429 Client Error: Too Many Requests for url: https://openrouter.ai/api/v1/chat/c
  retry 2 google/gemma-3-12b-it 429 Client Error: Too Many Requests for url: https://openrouter.ai/api/v1/chat/c
  retry 3 google/gemma-3-12b-it 429 Client Error: Too Many Requests for url: https://openrouter.ai/api/v1/chat/c
  retry 4 google/gemma-3-12b-it 429 Client Error: Too Many Requests for url: https://openrouter.ai/api/v1/chat/c
google/gemma-3-12b-it zero ling: 300 emails, total spend $0.5070
  retry 1 google/gemma-3-12b-it 429 Client Error: Too Many Requests for url: https://openrouter.ai/api/v1/chat/c
  retry 1 google/gemma-3-12b-it 429 Client Error: Too Many Requests for url: https://openrouter.ai/api/v1/chat/c
  retry 2 google/gemma-3-12b-it 429 Client Error: Too Many Requests for url: https://openrouter.ai/api/v1/chat/c
  retry 3 google/gemma-3-12b-it 429 Client Error: Too Many Requests for url: https://openrouter.ai/api/v1/chat/c
  retry 1 google/gemma-3-12b-it 429 Client Error: Too Many Requests for url: https://openrouter.ai/api/v1/chat/c
  retry 2 google/gemma-3-12b-it 429 Client Error: Too Many Requests for url: https://openrouter.ai/api/v1/chat/c
  retry 1 google/gemma-3-12b-it 429 Client Error: Too Many Requests for url: https://openrouter.ai/api/v1/chat/c
  retry 1 google/gemma-3-12b-it 429 Client Error: Too Many Requests for url: https://openrouter.ai/api/v1/chat/c
  retry 1 google/gemma-3-12b-it 429 Client Error: Too Many Requests for url: https://openrouter.ai/api/v1/chat/c
  retry 1 google/gemma-3-12b-it 429 Client Error: Too Many Requests for url: https://openrouter.ai/api/v1/chat/c
  retry 2 google/gemma-3-12b-it 429 Client Error: Too Many Requests for url: https://openrouter.ai/api/v1/chat/c
  retry 2 google/gemma-3-12b-it 429 Client Error: Too Many Requests for url: https://openrouter.ai/api/v1/chat/c
  retry 3 google/gemma-3-12b-it 429 Client Error: Too Many Requests for url: https://openrouter.ai/api/v1/chat/c
  retry 3 google/gemma-3-12b-it 429 Client Error: Too Many Requests for url: https://openrouter.ai/api/v1/chat/c
  retry 4 google/gemma-3-12b-it 429 Client Error: Too Many Requests for url: https://openrouter.ai/api/v1/chat/c
  retry 1 google/gemma-3-12b-it 429 Client Error: Too Many Requests for url: https://openrouter.ai/api/v1/chat/c
  retry 2 google/gemma-3-12b-it 429 Client Error: Too Many Requests for url: https://openrouter.ai/api/v1/chat/c
  retry 3 google/gemma-3-12b-it 429 Client Error: Too Many Requests for url: https://openrouter.ai/api/v1/chat/c
  retry 1 google/gemma-3-12b-it 429 Client Error: Too Many Requests for url: https://openrouter.ai/api/v1/chat/c
  retry 2 google/gemma-3-12b-it 429 Client Error: Too Many Requests for url: https://openrouter.ai/api/v1/chat/c
  retry   retry 1 google/gemma-3-12b-it 429 Client Error: Too Many Requests for url: https://openrouter.ai/api/v1/chat/c
1 google/gemma-3-12b-it 429 Client Error: Too Many Requests for url: https://openrouter.ai/api/v1/chat/c
  retry 2 google/gemma-3-12b-it 429 Client Error: Too Many Requests for url: https://openrouter.ai/api/v1/chat/c
  retry 1 google/gemma-3-12b-it 429 Client Error: Too Many Requests for url: https://openrouter.ai/api/v1/chat/c
  retry 2 google/gemma-3-12b-it 429 Client Error: Too Many Requests for url: https://openrouter.ai/api/v1/chat/c
  retry 3 google/gemma-3-12b-it 429 Client Error: Too Many Requests for url: https://openrouter.ai/api/v1/chat/c
  retry 1 google/gemma-3-12b-it 429 Client Error: Too Many Requests for url: https://openrouter.ai/api/v1/chat/c
  retry 1 google/gemma-3-12b-it 429 Client Error: Too Many Requests for url: https://openrouter.ai/api/v1/chat/c
  retry 1 google/gemma-3-12b-it 429 Client Error: Too Many Requests for url: https://openrouter.ai/api/v1/chat/c
  retry 1 google/gemma-3-12b-it 429 Client Error: Too Many Requests for url: https://openrouter.ai/api/v1/chat/c
  retry 1 google/gemma-3-12b-it 429 Client Error: Too Many Requests for url: https://openrouter.ai/api/v1/chat/c
  retry 1 google/gemma-3-12b-it 429 Client Error: Too Many Requests for url: https://openrouter.ai/api/v1/chat/c
  retry 1 google/gemma-3-12b-it 429 Client Error: Too Many Requests for url: https://openrouter.ai/api/v1/chat/c
  retry 1 google/gemma-3-12b-it 429 Client Error: Too Many Requests for url: https://openrouter.ai/api/v1/chat/c
  retry 1 google/gemma-3-12b-it 429 Client Error: Too Many Requests for url: https://openrouter.ai/api/v1/chat/c
  retry 1 google/gemma-3-12b-it 429 Client Error: Too Many Requests for url: https://openrouter.ai/api/v1/chat/c
  retry 2 google/gemma-3-12b-it 429 Client Error: Too Many Requests for url: https://openrouter.ai/api/v1/chat/c
  retry 1 google/gemma-3-12b-it 429 Client Error: Too Many Requests for url: https://openrouter.ai/api/v1/chat/c
  retry 1 google/gemma-3-12b-it 429 Client Error: Too Many Requests for url: https://openrouter.ai/api/v1/chat/c
  retry 1 google/gemma-3-12b-it 429 Client Error: Too Many Requests for url: https://openrouter.ai/api/v1/chat/c
  retry 1 google/gemma-3-12b-it 429 Client Error: Too Many Requests for url: https://openrouter.ai/api/v1/chat/c
  retry 1 google/gemma-3-12b-it 429 Client Error: Too Many Requests for url: https://openrouter.ai/api/v1/chat/c
  retry 2 google/gemma-3-12b-it 429 Client Error: Too Many Requests for url: https://openrouter.ai/api/v1/chat/c
  retry 2 google/gemma-3-12b-it 429 Client Error: Too Many Requests for url: https://openrouter.ai/api/v1/chat/c
  retry 3 google/gemma-3-12b-it 429 Client Error: Too Many Requests for url: https://openrouter.ai/api/v1/chat/c
  retry 3 google/gemma-3-12b-it 429 Client Error: Too Many Requests for url: https://openrouter.ai/api/v1/chat/c
  retry 4 google/gemma-3-12b-it 429 Client Error: Too Many Requests for url: https://openrouter.ai/api/v1/chat/c
  retry 1 google/gemma-3-12b-it 429 Client Error: Too Many Requests for url: https://openrouter.ai/api/v1/chat/c
  retry 1 google/gemma-3-12b-it 429 Client Error: Too Many Requests for url: https://openrouter.ai/api/v1/chat/c
  retry 1 google/gemma-3-12b-it 429 Client Error: Too Many Requests for url: https://openrouter.ai/api/v1/chat/c
  retry 1 google/gemma-3-12b-it 429 Client Error: Too Many Requests for url: https://openrouter.ai/api/v1/chat/c
  retry 2 google/gemma-3-12b-it 429 Client Error: Too Many Requests for url: https://openrouter.ai/api/v1/chat/c
  retry 1 google/gemma-3-12b-it 429 Client Error: Too Many Requests for url: https://openrouter.ai/api/v1/chat/c
  retry 2 google/gemma-3-12b-it 429 Client Error: Too Many Requests for url: https://openrouter.ai/api/v1/chat/c
  retry 3 google/gemma-3-12b-it 429 Client Error: Too Many Requests for url: https://openrouter.ai/api/v1/chat/c
  retry 3 google/gemma-3-12b-it 429 Client Error: Too Many Requests for url: https://openrouter.ai/api/v1/chat/c
  retry 4 google/gemma-3-12b-it 429 Client Error: Too Many Requests for url: https://openrouter.ai/api/v1/chat/c
  retry 4 google/gemma-3-12b-it 429 Client Error: Too Many Requests for url: https://openrouter.ai/api/v1/chat/c
  retry 1 google/gemma-3-12b-it 429 Client Error: Too Many Requests for url: https://openrouter.ai/api/v1/chat/c
  retry 1 google/gemma-3-12b-it 429 Client Error: Too Many Requests for url: https://openrouter.ai/api/v1/chat/c
  retry 1 google/gemma-3-12b-it 429 Client Error: Too Many Requests for url: https://openrouter.ai/api/v1/chat/c
  retry 1 google/gemma-3-12b-it 429 Client Error: Too Many Requests for url: https://openrouter.ai/api/v1/chat/c
  retry 2 google/gemma-3-12b-it 429 Client Error: Too Many Requests for url: https://openrouter.ai/api/v1/chat/c
  retry 1 google/gemma-3-12b-it 429 Client Error: Too Many Requests for url: https://openrouter.ai/api/v1/chat/c
  retry 2 google/gemma-3-12b-it 429 Client Error: Too Many Requests for url: https://openrouter.ai/api/v1/chat/c
  retry 1 google/gemma-3-12b-it 429 Client Error: Too Many Requests for url: https://openrouter.ai/api/v1/chat/c
  retry 1 google/gemma-3-12b-it 429 Client Error: Too Many Requests for url: https://openrouter.ai/api/v1/chat/c
  retry 1 google/gemma-3-12b-it 429 Client Error: Too Many Requests for url: https://openrouter.ai/api/v1/chat/c
  retry 2 google/gemma-3-12b-it 429 Client Error: Too Many Requests for url: https://openrouter.ai/api/v1/chat/c
  retry 2 google/gemma-3-12b-it 429 Client Error: Too Many Requests for url: https://openrouter.ai/api/v1/chat/c
  retry 3 google/gemma-3-12b-it 429 Client Error: Too Many Requests for url: https://openrouter.ai/api/v1/chat/c
  retry 3 google/gemma-3-12b-it 429 Client Error: Too Many Requests for url: https://openrouter.ai/api/v1/chat/c
  retry 4 google/gemma-3-12b-it 429 Client Error: Too Many Requests for url: https://openrouter.ai/api/v1/chat/c
  retry 4 google/gemma-3-12b-it 429 Client Error: Too Many Requests for url: https://openrouter.ai/api/v1/chat/c
  retry 1 google/gemma-3-12b-it 429 Client Error: Too Many Requests for url: https://openrouter.ai/api/v1/chat/c
  retry 1 google/gemma-3-12b-it 429 Client Error: Too Many Requests for url: https://openrouter.ai/api/v1/chat/c
  retry 2 google/gemma-3-12b-it 429 Client Error: Too Many Requests for url: https://openrouter.ai/api/v1/chat/c
  retry 2 google/gemma-3-12b-it 429 Client Error: Too Many Requests for url: https://openrouter.ai/api/v1/chat/c
  retry 3 google/gemma-3-12b-it 429 Client Error: Too Many Requests for url: https://openrouter.ai/api/v1/chat/c
  retry 1 google/gemma-3-12b-it 429 Client Error: Too Many Requests for url: https://openrouter.ai/api/v1/chat/c
  retry 1 google/gemma-3-12b-it 429 Client Error: Too Many Requests for url: https://openrouter.ai/api/v1/chat/c
  retry 4 google/gemma-3-12b-it 429 Client Error: Too Many Requests for url: https://openrouter.ai/api/v1/chat/c
  retry 2 google/gemma-3-12b-it 429 Client Error: Too Many Requests for url: https://openrouter.ai/api/v1/chat/c
  retry 1 google/gemma-3-12b-it 429 Client Error: Too Many Requests for url: https://openrouter.ai/api/v1/chat/c
  retry 2 google/gemma-3-12b-it 429 Client Error: Too Many Requests for url: https://openrouter.ai/api/v1/chat/c
  retry 1 google/gemma-3-12b-it 429 Client Error: Too Many Requests for url: https://openrouter.ai/api/v1/chat/c
  retry 1 google/gemma-3-12b-it 429 Client Error: Too Many Requests for url: https://openrouter.ai/api/v1/chat/c
  retry 3 google/gemma-3-12b-it 429 Client Error: Too Many Requests for url: https://openrouter.ai/api/v1/chat/c
  retry 2 google/gemma-3-12b-it 429 Client Error: Too Many Requests for url: https://openrouter.ai/api/v1/chat/c
  retry 3 google/gemma-3-12b-it 429 Client Error: Too Many Requests for url: https://openrouter.ai/api/v1/chat/c
  retry 4 google/gemma-3-12b-it 429 Client Error: Too Many Requests for url: https://openrouter.ai/api/v1/chat/c
  retry 4 google/gemma-3-12b-it 429 Client Error: Too Many Requests for url: https://openrouter.ai/api/v1/chat/c
  retry 1 google/gemma-3-12b-it 429 Client Error: Too Many Requests for url: https://openrouter.ai/api/v1/chat/c
  retry 2 google/gemma-3-12b-it 429 Client Error: Too Many Requests for url: https://openrouter.ai/api/v1/chat/c
  retry 1 google/gemma-3-12b-it 429 Client Error: Too Many Requests for url: https://openrouter.ai/api/v1/chat/c
  retry 1 google/gemma-3-12b-it 429 Client Error: Too Many Requests for url: https://openrouter.ai/api/v1/chat/c
  retry 2 google/gemma-3-12b-it 429 Client Error: Too Many Requests for url: https://openrouter.ai/api/v1/chat/c
  retry 1 google/gemma-3-12b-it 429 Client Error: Too Many Requests for url: https://openrouter.ai/api/v1/chat/c
  retry 3 google/gemma-3-12b-it 429 Client Error: Too Many Requests for url: https://openrouter.ai/api/v1/chat/c
  retry 1 google/gemma-3-12b-it 429 Client Error: Too Many Requests for url: https://openrouter.ai/api/v1/chat/c
  retry 2 google/gemma-3-12b-it 429 Client Error: Too Many Requests for url: https://openrouter.ai/api/v1/chat/c
  retry 4 google/gemma-3-12b-it 429 Client Error: Too Many Requests for url: https://openrouter.ai/api/v1/chat/c
  retry 3 google/gemma-3-12b-it 429 Client Error: Too Many Requests for url: https://openrouter.ai/api/v1/chat/c
  retry 4 google/gemma-3-12b-it 429 Client Error: Too Many Requests for url: https://openrouter.ai/api/v1/chat/c
  retry 1 google/gemma-3-12b-it 429 Client Error: Too Many Requests for url: https://openrouter.ai/api/v1/chat/c
  retry 2 google/gemma-3-12b-it 429 Client Error: Too Many Requests for url: https://openrouter.ai/api/v1/chat/c
  retry 3 google/gemma-3-12b-it 429 Client Error: Too Many Requests for url: https://openrouter.ai/api/v1/chat/c
  retry 1 google/gemma-3-12b-it 429 Client Error: Too Many Requests for url: https://openrouter.ai/api/v1/chat/c
  retry 2 google/gemma-3-12b-it 429 Client Error: Too Many Requests for url: https://openrouter.ai/api/v1/chat/c
  retry 1 google/gemma-3-12b-it 429 Client Error: Too Many Requests for url: https://openrouter.ai/api/v1/chat/c
  retry 1 google/gemma-3-12b-it 429 Client Error: Too Many Requests for url: https://openrouter.ai/api/v1/chat/c
  retry 2 google/gemma-3-12b-it 429 Client Error: Too Many Requests for url: https://openrouter.ai/api/v1/chat/c
  retry 1 google/gemma-3-12b-it 429 Client Error: Too Many Requests for url: https://openrouter.ai/api/v1/chat/c
  retry 1 google/gemma-3-12b-it 429 Client Error: Too Many Requests for url: https://openrouter.ai/api/v1/chat/c
  retry 1 google/gemma-3-12b-it 429 Client Error: Too Many Requests for url: https://openrouter.ai/api/v1/chat/c
  retry 2 google/gemma-3-12b-it 429 Client Error: Too Many Requests for url: https://openrouter.ai/api/v1/chat/c
  retry 2 google/gemma-3-12b-it 429 Client Error: Too Many Requests for url: https://openrouter.ai/api/v1/chat/c
  retry 3 google/gemma-3-12b-it 429 Client Error: Too Many Requests for url: https://openrouter.ai/api/v1/chat/c
  retry 1 google/gemma-3-12b-it 429 Client Error: Too Many Requests for url: https://openrouter.ai/api/v1/chat/c
  retry 1 google/gemma-3-12b-it 429 Client Error: Too Many Requests for url: https://openrouter.ai/api/v1/chat/c
  retry 1 google/gemma-3-12b-it 429 Client Error: Too Many Requests for url: https://openrouter.ai/api/v1/chat/c
  retry 1 google/gemma-3-12b-it 429 Client Error: Too Many Requests for url: https://openrouter.ai/api/v1/chat/c
  retry 2 google/gemma-3-12b-it 429 Client Error: Too Many Requests for url: https://openrouter.ai/api/v1/chat/c
  retry 1 google/gemma-3-12b-it 429 Client Error: Too Many Requests for url: https://openrouter.ai/api/v1/chat/c
  retry 2 google/gemma-3-12b-it 429 Client Error: Too Many Requests for url: https://openrouter.ai/api/v1/chat/c
  retry 3 google/gemma-3-12b-it 429 Client Error: Too Many Requests for url: https://openrouter.ai/api/v1/chat/c
  retry 3 google/gemma-3-12b-it 429 Client Error: Too Many Requests for url: https://openrouter.ai/api/v1/chat/c
  retry 4 google/gemma-3-12b-it 429 Client Error: Too Many Requests for url: https://openrouter.ai/api/v1/chat/c
  retry 1 google/gemma-3-12b-it 429 Client Error: Too Many Requests for url: https://openrouter.ai/api/v1/chat/c
  retry 1 google/gemma-3-12b-it 429 Client Error: Too Many Requests for url: https://openrouter.ai/api/v1/chat/c
  retry 2 google/gemma-3-12b-it 429 Client Error: Too Many Requests for url: https://openrouter.ai/api/v1/chat/c
  retry 1 google/gemma-3-12b-it 429 Client Error: Too Many Requests for url: https://openrouter.ai/api/v1/chat/c
  retry 1 google/gemma-3-12b-it 429 Client Error: Too Many Requests for url: https://openrouter.ai/api/v1/chat/c
  retry 1 google/gemma-3-12b-it 429 Client Error: Too Many Requests for url: https://openrouter.ai/api/v1/chat/c
  retry 1 google/gemma-3-12b-it 429 Client Error: Too Many Requests for url: https://openrouter.ai/api/v1/chat/c
  retry 2 google/gemma-3-12b-it 429 Client Error: Too Many Requests for url: https://openrouter.ai/api/v1/chat/c
  retry 1 google/gemma-3-12b-it 429 Client Error: Too Many Requests for url: https://openrouter.ai/api/v1/chat/c
  retry 1 google/gemma-3-12b-it 429 Client Error: Too Many Requests for url: https://openrouter.ai/api/v1/chat/c
  retry 1 google/gemma-3-12b-it 429 Client Error: Too Many Requests for url: https://openrouter.ai/api/v1/chat/c
  retry 1 google/gemma-3-12b-it 429 Client Error: Too Many Requests for url: https://openrouter.ai/api/v1/chat/c
  retry 1 google/gemma-3-12b-it 429 Client Error: Too Many Requests for url: https://openrouter.ai/api/v1/chat/c
  retry 1 google/gemma-3-12b-it 429 Client Error: Too Many Requests for url: https://openrouter.ai/api/v1/chat/c
  retry 1 google/gemma-3-12b-it 429 Client Error: Too Many Requests for url: https://openrouter.ai/api/v1/chat/c
  retry 2 google/gemma-3-12b-it 429 Client Error: Too Many Requests for url: https://openrouter.ai/api/v1/chat/c
  retry 2 google/gemma-3-12b-it 429 Client Error: Too Many Requests for url: https://openrouter.ai/api/v1/chat/c
  retry 3 google/gemma-3-12b-it 429 Client Error: Too Many Requests for url: https://openrouter.ai/api/v1/chat/c
  retry 3 google/gemma-3-12b-it 429 Client Error: Too Many Requests for url: https://openrouter.ai/api/v1/chat/c
  retry 4 google/gemma-3-12b-it 429 Client Error: Too Many Requests for url: https://openrouter.ai/api/v1/chat/c
  retry 4 google/gemma-3-12b-it 429 Client Error: Too Many Requests for url: https://openrouter.ai/api/v1/chat/c
  retry 1 google/gemma-3-12b-it 429 Client Error: Too Many Requests for url: https://openrouter.ai/api/v1/chat/c
  retry 1 google/gemma-3-12b-it 429 Client Error: Too Many Requests for url: https://openrouter.ai/api/v1/chat/c
  retry 2 google/gemma-3-12b-it 429 Client Error: Too Many Requests for url: https://openrouter.ai/api/v1/chat/c
  retry 2 google/gemma-3-12b-it 429 Client Error: Too Many Requests for url: https://openrouter.ai/api/v1/chat/c
  retry 3 google/gemma-3-12b-it 429 Client Error: Too Many Requests for url: https://openrouter.ai/api/v1/chat/c
  retry 3 google/gemma-3-12b-it 429 Client Error: Too Many Requests for url: https://openrouter.ai/api/v1/chat/c
  retry 4 google/gemma-3-12b-it 429 Client Error: Too Many Requests for url: https://openrouter.ai/api/v1/chat/c
  retry 1 google/gemma-3-12b-it 429 Client Error: Too Many Requests for url: https://openrouter.ai/api/v1/chat/c
  retry 2 google/gemma-3-12b-it 429 Client Error: Too Many Requests for url: https://openrouter.ai/api/v1/chat/c
  retry 3 google/gemma-3-12b-it 429 Client Error: Too Many Requests for url: https://openrouter.ai/api/v1/chat/c
  retry 1 google/gemma-3-12b-it 429 Client Error: Too Many Requests for url: https://openrouter.ai/api/v1/chat/c
  retry 2 google/gemma-3-12b-it 429 Client Error: Too Many Requests for url: https://openrouter.ai/api/v1/chat/c
  retry 1 google/gemma-3-12b-it 429 Client Error: Too Many Requests for url: https://openrouter.ai/api/v1/chat/c
  retry 3 google/gemma-3-12b-it 429 Client Error: Too Many Requests for url: https://openrouter.ai/api/v1/chat/c
  retry 1 google/gemma-3-12b-it 429 Client Error: Too Many Requests for url: https://openrouter.ai/api/v1/chat/c
  retry 2 google/gemma-3-12b-it 429 Client Error: Too Many Requests for url: https://openrouter.ai/api/v1/chat/c
  retry 4 google/gemma-3-12b-it 429 Client Error: Too Many Requests for url: https://openrouter.ai/api/v1/chat/c
  retry 3 google/gemma-3-12b-it 429 Client Error: Too Many Requests for url: https://openrouter.ai/api/v1/chat/c
  retry 1 google/gemma-3-12b-it 429 Client Error: Too Many Requests for url: https://openrouter.ai/api/v1/chat/c
  retry 1 google/gemma-3-12b-it 429 Client Error: Too Many Requests for url: https://openrouter.ai/api/v1/chat/c
  retry 2 google/gemma-3-12b-it 429 Client Error: Too Many Requests for url: https://openrouter.ai/api/v1/chat/c
  retry 2 google/gemma-3-12b-it 429 Client Error: Too Many Requests for url: https://openrouter.ai/api/v1/chat/c
  retry 3 google/gemma-3-12b-it 429 Client Error: Too Many Requests for url: https://openrouter.ai/api/v1/chat/c
  retry 3 google/gemma-3-12b-it 429 Client Error: Too Many Requests for url: https://openrouter.ai/api/v1/chat/c
  retry 1 google/gemma-3-12b-it 429 Client Error: Too Many Requests for url: https://openrouter.ai/api/v1/chat/c
  retry 4 google/gemma-3-12b-it 429 Client Error: Too Many Requests for url: https://openrouter.ai/api/v1/chat/c
  retry 2 google/gemma-3-12b-it 429 Client Error: Too Many Requests for url: https://openrouter.ai/api/v1/chat/c
  retry 1 google/gemma-3-12b-it 429 Client Error: Too Many Requests for url: https://openrouter.ai/api/v1/chat/c
  retry 1 google/gemma-3-12b-it 429 Client Error: Too Many Requests for url: https://openrouter.ai/api/v1/chat/c
  retry 1 google/gemma-3-12b-it 429 Client Error: Too Many Requests for url: https://openrouter.ai/api/v1/chat/c
  retry 1 google/gemma-3-12b-it 429 Client Error: Too Many Requests for url: https://openrouter.ai/api/v1/chat/c
  retry 2 google/gemma-3-12b-it 429 Client Error: Too Many Requests for url: https://openrouter.ai/api/v1/chat/c
  retry 1 google/gemma-3-12b-it 429 Client Error: Too Many Requests for url: https://openrouter.ai/api/v1/chat/c
  retry 2 google/gemma-3-12b-it 429 Client Error: Too Many Requests for url: https://openrouter.ai/api/v1/chat/c
  retry 3 google/gemma-3-12b-it 429 Client Error: Too Many Requests for url: https://openrouter.ai/api/v1/chat/c
  retry 3 google/gemma-3-12b-it 429 Client Error: Too Many Requests for url: https://openrouter.ai/api/v1/chat/c
  retry 4 google/gemma-3-12b-it 429 Client Error: Too Many Requests for url: https://openrouter.ai/api/v1/chat/c
  retry 4 google/gemma-3-12b-it 429 Client Error: Too Many Requests for url: https://openrouter.ai/api/v1/chat/c
  retry 1 google/gemma-3-12b-it 429 Client Error: Too Many Requests for url: https://openrouter.ai/api/v1/chat/c
  retry 2 google/gemma-3-12b-it 429 Client Error: Too Many Requests for url: https://openrouter.ai/api/v1/chat/c
  retry 1 google/gemma-3-12b-it 429 Client Error: Too Many Requests for url: https://openrouter.ai/api/v1/chat/c
  retry  retry  1 google/gemma-3-12b-it 429 Client Error: Too Many Requests for url: https://openrouter.ai/api/v1/chat/c
3 google/gemma-3-12b-it 429 Client Error: Too Many Requests for url: https://openrouter.ai/api/v1/chat/c
  retry 2 google/gemma-3-12b-it 429 Client Error: Too Many Requests for url: https://openrouter.ai/api/v1/chat/c
  retry 4 google/gemma-3-12b-it 429 Client Error: Too Many Requests for url: https://openrouter.ai/api/v1/chat/c
  retry 1 google/gemma-3-12b-it 429 Client Error: Too Many Requests for url: https://openrouter.ai/api/v1/chat/c
  retry 2 google/gemma-3-12b-it 429 Client Error: Too Many Requests for url: https://openrouter.ai/api/v1/chat/c
  retry 1 google/gemma-3-12b-it 429 Client Error: Too Many Requests for url: https://openrouter.ai/api/v1/chat/c
  retry 2 google/gemma-3-12b-it 429 Client Error: Too Many Requests for url: https://openrouter.ai/api/v1/chat/c
  retry 3 google/gemma-3-12b-it 429 Client Error: Too Many Requests for url: https://openrouter.ai/api/v1/chat/c
  retry 3 google/gemma-3-12b-it 429 Client Error: Too Many Requests for url: https://openrouter.ai/api/v1/chat/c
  retry 1 google/gemma-3-12b-it 429 Client Error: Too Many Requests for url: https://openrouter.ai/api/v1/chat/c
  retry 2 google/gemma-3-12b-it 429 Client Error: Too Many Requests for url: https://openrouter.ai/api/v1/chat/c
  retry 4 google/gemma-3-12b-it 429 Client Error: Too Many Requests for url: https://openrouter.ai/api/v1/chat/c
  retry 3 google/gemma-3-12b-it 429 Client Error: Too Many Requests for url: https://openrouter.ai/api/v1/chat/c
  retry 1 google/gemma-3-12b-it 429 Client Error: Too Many Requests for url: https://openrouter.ai/api/v1/chat/c
  retry 4 google/gemma-3-12b-it 429 Client Error: Too Many Requests for url: https://openrouter.ai/api/v1/chat/c
  retry 1 google/gemma-3-12b-it 429 Client Error: Too Many Requests for url: https://openrouter.ai/api/v1/chat/c
  retry 2 google/gemma-3-12b-it 429 Client Error: Too Many Requests for url: https://openrouter.ai/api/v1/chat/c
  retry 1 google/gemma-3-12b-it 429 Client Error: Too Many Requests for url: https://openrouter.ai/api/v1/chat/c
  retry 3 google/gemma-3-12b-it 429 Client Error: Too Many Requests for url: https://openrouter.ai/api/v1/chat/c
  retry 1 google/gemma-3-12b-it 429 Client Error: Too Many Requests for url: https://openrouter.ai/api/v1/chat/c
  retry 2 google/gemma-3-12b-it 429 Client Error: Too Many Requests for url: https://openrouter.ai/api/v1/chat/c
  retry 4 google/gemma-3-12b-it 429 Client Error: Too Many Requests for url: https://openrouter.ai/api/v1/chat/c
  retry 3 google/gemma-3-12b-it 429 Client Error: Too Many Requests for url: https://openrouter.ai/api/v1/chat/c
  retry 1 google/gemma-3-12b-it 429 Client Error: Too Many Requests for url: https://openrouter.ai/api/v1/chat/c
  retry 1 google/gemma-3-12b-it 429 Client Error: Too Many Requests for url: https://openrouter.ai/api/v1/chat/c
  retry 2 google/gemma-3-12b-it 429 Client Error: Too Many Requests for url: https://openrouter.ai/api/v1/chat/c
  retry 2 google/gemma-3-12b-it 429 Client Error: Too Many Requests for url: https://openrouter.ai/api/v1/chat/c
  retry 3 google/gemma-3-12b-it 429 Client Error: Too Many Requests for url: https://openrouter.ai/api/v1/chat/c
  retry 1 google/gemma-3-12b-it 429 Client Error: Too Many Requests for url: https://openrouter.ai/api/v1/chat/c
  retry 2 google/gemma-3-12b-it 429 Client Error: Too Many Requests for url: https://openrouter.ai/api/v1/chat/c
  retry 1 google/gemma-3-12b-it 429 Client Error: Too Many Requests for url: https://openrouter.ai/api/v1/chat/c
  retry 1 google/gemma-3-12b-it 429 Client Error: Too Many Requests for url: https://openrouter.ai/api/v1/chat/c
  retry 2 google/gemma-3-12b-it 429 Client Error: Too Many Requests for url: https://openrouter.ai/api/v1/chat/c
  retry 2 google/gemma-3-12b-it 429 Client Error: Too Many Requests for url: https://openrouter.ai/api/v1/chat/c
  retry 3 google/gemma-3-12b-it 429 Client Error: Too Many Requests for url: https://openrouter.ai/api/v1/chat/c
  retry 3 google/gemma-3-12b-it 429 Client Error: Too Many Requests for url: https://openrouter.ai/api/v1/chat/c
  retry 4 google/gemma-3-12b-it 429 Client Error: Too Many Requests for url: https://openrouter.ai/api/v1/chat/c
  retry 1 google/gemma-3-12b-it 429 Client Error: Too Many Requests for url: https://openrouter.ai/api/v1/chat/c
  retry 2 google/gemma-3-12b-it 429 Client Error: Too Many Requests for url: https://openrouter.ai/api/v1/chat/c
  retry 1 google/gemma-3-12b-it 429 Client Error: Too Many Requests for url: https://openrouter.ai/api/v1/chat/c
  retry 1 google/gemma-3-12b-it 429 Client Error: Too Many Requests for url: https://openrouter.ai/api/v1/chat/c
  retry 2 google/gemma-3-12b-it 429 Client Error: Too Many Requests for url: https://openrouter.ai/api/v1/chat/c
  retry 2 google/gemma-3-12b-it 429 Client Error: Too Many Requests for url: https://openrouter.ai/api/v1/chat/c
  retry 1 google/gemma-3-12b-it 429 Client Error: Too Many Requests for url: https://openrouter.ai/api/v1/chat/c
  retry 3 google/gemma-3-12b-it 429 Client Error: Too Many Requests for url: https://openrouter.ai/api/v1/chat/c
  retry 2 google/gemma-3-12b-it 429 Client Error: Too Many Requests for url: https://openrouter.ai/api/v1/chat/c
  retry 1 google/gemma-3-12b-it 429 Client Error: Too Many Requests for url: https://openrouter.ai/api/v1/chat/c
  retry 2 google/gemma-3-12b-it 429 Client Error: Too Many Requests for url: https://openrouter.ai/api/v1/chat/c
  retry 1 google/gemma-3-12b-it 429 Client Error: Too Many Requests for url: https://openrouter.ai/api/v1/chat/c
  retry 2 google/gemma-3-12b-it 429 Client Error: Too Many Requests for url: https://openrouter.ai/api/v1/chat/c
  retry 1 google/gemma-3-12b-it 429 Client Error: Too Many Requests for url: https://openrouter.ai/api/v1/chat/c
  retry 1 google/gemma-3-12b-it 429 Client Error: Too Many Requests for url: https://openrouter.ai/api/v1/chat/c
  retry 1 google/gemma-3-12b-it 429 Client Error: Too Many Requests for url: https://openrouter.ai/api/v1/chat/c
  retry 2 google/gemma-3-12b-it 429 Client Error: Too Many Requests for url: https://openrouter.ai/api/v1/chat/c
  retry 1 google/gemma-3-12b-it 429 Client Error: Too Many Requests for url: https://openrouter.ai/api/v1/chat/c
  retry 1 google/gemma-3-12b-it 429 Client Error: Too Many Requests for url: https://openrouter.ai/api/v1/chat/c
  retry 1 google/gemma-3-12b-it 429 Client Error: Too Many Requests for url: https://openrouter.ai/api/v1/chat/c
  retry 1 google/gemma-3-12b-it 429 Client Error: Too Many Requests for url: https://openrouter.ai/api/v1/chat/c
  retry 2 google/gemma-3-12b-it 429 Client Error: Too Many Requests for url: https://openrouter.ai/api/v1/chat/c
  retry 1 google/gemma-3-12b-it 429 Client Error: Too Many Requests for url: https://openrouter.ai/api/v1/chat/c
  retry 1 google/gemma-3-12b-it 429 Client Error: Too Many Requests for url: https://openrouter.ai/api/v1/chat/c
  retry 3 google/gemma-3-12b-it 429 Client Error: Too Many Requests for url: https://openrouter.ai/api/v1/chat/c
  retry 2 google/gemma-3-12b-it 429 Client Error: Too Many Requests for url: https://openrouter.ai/api/v1/chat/c
  retry 3 google/gemma-3-12b-it 429 Client Error: Too Many Requests for url: https://openrouter.ai/api/v1/chat/c
  retry 4 google/gemma-3-12b-it 429 Client Error: Too Many Requests for url: https://openrouter.ai/api/v1/chat/c
  retry 4 google/gemma-3-12b-it 429 Client Error: Too Many Requests for url: https://openrouter.ai/api/v1/chat/c
  retry 1 google/gemma-3-12b-it 429 Client Error: Too Many Requests for url: https://openrouter.ai/api/v1/chat/c
  retry 2 google/gemma-3-12b-it 429 Client Error: Too Many Requests for url: https://openrouter.ai/api/v1/chat/c
  retry 1 google/gemma-3-12b-it 429 Client Error: Too Many Requests for url: https://openrouter.ai/api/v1/chat/c
  retry 3 google/gemma-3-12b-it 429 Client Error: Too Many Requests for url: https://openrouter.ai/api/v1/chat/c
  retry 2 google/gemma-3-12b-it 429 Client Error: Too Many Requests for url: https://openrouter.ai/api/v1/chat/c
  retry 3 google/gemma-3-12b-it 429 Client Error: Too Many Requests for url: https://openrouter.ai/api/v1/chat/c
  retry 4 google/gemma-3-12b-it 429 Client Error: Too Many Requests for url: https://openrouter.ai/api/v1/chat/c
  retry 4 google/gemma-3-12b-it 429 Client Error: Too Many Requests for url: https://openrouter.ai/api/v1/chat/c
  retry 1 google/gemma-3-12b-it 429 Client Error: Too Many Requests for url: https://openrouter.ai/api/v1/chat/c
  retry 1 google/gemma-3-12b-it 429 Client Error: Too Many Requests for url: https://openrouter.ai/api/v1/chat/c
  retry 1 google/gemma-3-12b-it 429 Client Error: Too Many Requests for url: https://openrouter.ai/api/v1/chat/c
  retry 1 google/gemma-3-12b-it 429 Client Error: Too Many Requests for url: https://openrouter.ai/api/v1/chat/c
  retry 2 google/gemma-3-12b-it 429 Client Error: Too Many Requests for url: https://openrouter.ai/api/v1/chat/c
  retry 2 google/gemma-3-12b-it 429 Client Error: Too Many Requests for url: https://openrouter.ai/api/v1/chat/c
  retry 3 google/gemma-3-12b-it 429 Client Error: Too Many Requests for url: https://openrouter.ai/api/v1/chat/c
  retry 1 google/gemma-3-12b-it 429 Client Error: Too Many Requests for url: https://openrouter.ai/api/v1/chat/c
  retry 2 google/gemma-3-12b-it 429 Client Error: Too Many Requests for url: https://openrouter.ai/api/v1/chat/c
  retry 4 google/gemma-3-12b-it 429 Client Error: Too Many Requests for url: https://openrouter.ai/api/v1/chat/c
  retry 3 google/gemma-3-12b-it 429 Client Error: Too Many Requests for url: https://openrouter.ai/api/v1/chat/c
  retry 4 google/gemma-3-12b-it 429 Client Error: Too Many Requests for url: https://openrouter.ai/api/v1/chat/c
  retry 1 google/gemma-3-12b-it 429 Client Error: Too Many Requests for url: https://openrouter.ai/api/v1/chat/c
  retry 2 google/gemma-3-12b-it 429 Client Error: Too Many Requests for url: https://openrouter.ai/api/v1/chat/c
  retry 1 google/gemma-3-12b-it 429 Client Error: Too Many Requests for url: https://openrouter.ai/api/v1/chat/c
  retry 1 google/gemma-3-12b-it 429 Client Error: Too Many Requests for url: https://openrouter.ai/api/v1/chat/c
  retry 2 google/gemma-3-12b-it 429 Client Error: Too Many Requests for url: https://openrouter.ai/api/v1/chat/c
  retry 1 google/gemma-3-12b-it 429 Client Error: Too Many Requests for url: https://openrouter.ai/api/v1/chat/c
  retry 1 google/gemma-3-12b-it 429 Client Error: Too Many Requests for url: https://openrouter.ai/api/v1/chat/c
  retry 3 google/gemma-3-12b-it 429 Client Error: Too Many Requests for url: https://openrouter.ai/api/v1/chat/c
  retry 2 google/gemma-3-12b-it 429 Client Error: Too Many Requests for url: https://openrouter.ai/api/v1/chat/c
  retry 3 google/gemma-3-12b-it 429 Client Error: Too Many Requests for url: https://openrouter.ai/api/v1/chat/c
  retry 4 google/gemma-3-12b-it 429 Client Error: Too Many Requests for url: https://openrouter.ai/api/v1/chat/c
  retry 4 google/gemma-3-12b-it 429 Client Error: Too Many Requests for url: https://openrouter.ai/api/v1/chat/c
  retry 1 google/gemma-3-12b-it 429 Client Error: Too Many Requests for url: https://openrouter.ai/api/v1/chat/c
  retry 2 google/gemma-3-12b-it 429 Client Error: Too Many Requests for url: https://openrouter.ai/api/v1/chat/c
  retry 3 google/gemma-3-12b-it 429 Client Error: Too Many Requests for url: https://openrouter.ai/api/v1/chat/c
  retry 1 google/gemma-3-12b-it 429 Client Error: Too Many Requests for url: https://openrouter.ai/api/v1/chat/c
  retry 2 google/gemma-3-12b-it 429 Client Error: Too Many Requests for url: https://openrouter.ai/api/v1/chat/c
  retry 1 google/gemma-3-12b-it 429 Client Error: Too Many Requests for url: https://openrouter.ai/api/v1/chat/c
  retry 1 google/gemma-3-12b-it 429 Client Error: Too Many Requests for url: https://openrouter.ai/api/v1/chat/c
  retry 2 google/gemma-3-12b-it 429 Client Error: Too Many Requests for url: https://openrouter.ai/api/v1/chat/c
  retry 2 google/gemma-3-12b-it 429 Client Error: Too Many Requests for url: https://openrouter.ai/api/v1/chat/c
  retry 3 google/gemma-3-12b-it 429 Client Error: Too Many Requests for url: https://openrouter.ai/api/v1/chat/c
  retry 3 google/gemma-3-12b-it 429 Client Error: Too Many Requests for url: https://openrouter.ai/api/v1/chat/c
  retry 1 google/gemma-3-12b-it 429 Client Error: Too Many Requests for url: https://openrouter.ai/api/v1/chat/c
  retry 4 google/gemma-3-12b-it 429 Client Error: Too Many Requests for url: https://openrouter.ai/api/v1/chat/c
  retry 1 google/gemma-3-12b-it 429 Client Error: Too Many Requests for url: https://openrouter.ai/api/v1/chat/c
  retry 2 google/gemma-3-12b-it 429 Client Error: Too Many Requests for url: https://openrouter.ai/api/v1/chat/c
  retry 1 google/gemma-3-12b-it 429 Client Error: Too Many Requests for url: https://openrouter.ai/api/v1/chat/c
  retry 3 google/gemma-3-12b-it 429 Client Error: Too Many Requests for url: https://openrouter.ai/api/v1/chat/c
  retry 1 google/gemma-3-12b-it 429 Client Error: Too Many Requests for url: https://openrouter.ai/api/v1/chat/c
  retry 2 google/gemma-3-12b-it 429 Client Error: Too Many Requests for url: https://openrouter.ai/api/v1/chat/c
  retry 4 google/gemma-3-12b-it 429 Client Error: Too Many Requests for url: https://openrouter.ai/api/v1/chat/c
  retry 3 google/gemma-3-12b-it 429 Client Error: Too Many Requests for url: https://openrouter.ai/api/v1/chat/c
  retry 1 google/gemma-3-12b-it 429 Client Error: Too Many Requests for url: https://openrouter.ai/api/v1/chat/c
  retry 4 google/gemma-3-12b-it 429 Client Error: Too Many Requests for url: https://openrouter.ai/api/v1/chat/c
  retry 2 google/gemma-3-12b-it 429 Client Error: Too Many Requests for url: https://openrouter.ai/api/v1/chat/c
  retry 3 google/gemma-3-12b-it 429 Client Error: Too Many Requests for url: https://openrouter.ai/api/v1/chat/c
  retry 1 google/gemma-3-12b-it 429 Client Error: Too Many Requests for url: https://openrouter.ai/api/v1/chat/c
  retry 1 google/gemma-3-12b-it 429 Client Error: Too Many Requests for url: https://openrouter.ai/api/v1/chat/c
  retry 4 google/gemma-3-12b-it 429 Client Error: Too Many Requests for url: https://openrouter.ai/api/v1/chat/c
  retry 2 google/gemma-3-12b-it 429 Client Error: Too Many Requests for url: https://openrouter.ai/api/v1/chat/c
  retry 3 google/gemma-3-12b-it 429 Client Error: Too Many Requests for url: https://openrouter.ai/api/v1/chat/c
  retry 1 google/gemma-3-12b-it 429 Client Error: Too Many Requests for url: https://openrouter.ai/api/v1/chat/c
  retry 2 google/gemma-3-12b-it 429 Client Error: Too Many Requests for url: https://openrouter.ai/api/v1/chat/c
  retry 1 google/gemma-3-12b-it 429 Client Error: Too Many Requests for url: https://openrouter.ai/api/v1/chat/c
  retry 3 google/gemma-3-12b-it 429 Client Error: Too Many Requests for url: https://openrouter.ai/api/v1/chat/c
  retry 1 google/gemma-3-12b-it 429 Client Error: Too Many Requests for url: https://openrouter.ai/api/v1/chat/c
  retry 2 google/gemma-3-12b-it 429 Client Error: Too Many Requests for url: https://openrouter.ai/api/v1/chat/c
  retry 4 google/gemma-3-12b-it 429 Client Error: Too Many Requests for url: https://openrouter.ai/api/v1/chat/c
  retry 3 google/gemma-3-12b-it 429 Client Error: Too Many Requests for url: https://openrouter.ai/api/v1/chat/c
  retry 1 google/gemma-3-12b-it 429 Client Error: Too Many Requests for url: https://openrouter.ai/api/v1/chat/c
  retry 4 google/gemma-3-12b-it 429 Client Error: Too Many Requests for url: https://openrouter.ai/api/v1/chat/c
  retry 1 google/gemma-3-12b-it 429 Client Error: Too Many Requests for url: https://openrouter.ai/api/v1/chat/c
  retry 1 google/gemma-3-12b-it 429 Client Error: Too Many Requests for url: https://openrouter.ai/api/v1/chat/c
  retry 2 google/gemma-3-12b-it 429 Client Error: Too Many Requests for url: https://openrouter.ai/api/v1/chat/c
  retry 1 google/gemma-3-12b-it 429 Client Error: Too Many Requests for url: https://openrouter.ai/api/v1/chat/c
  retry 2 google/gemma-3-12b-it 429 Client Error: Too Many Requests for url: https://openrouter.ai/api/v1/chat/c
  retry 3 google/gemma-3-12b-it 429 Client Error: Too Many Requests for url: https://openrouter.ai/api/v1/chat/c
  retry 3 google/gemma-3-12b-it 429 Client Error: Too Many Requests for url: https://openrouter.ai/api/v1/chat/c
  retry 1 google/gemma-3-12b-it 429 Client Error: Too Many Requests for url: https://openrouter.ai/api/v1/chat/c
  retry 4 google/gemma-3-12b-it 429 Client Error: Too Many Requests for url: https://openrouter.ai/api/v1/chat/c
  retry 2 google/gemma-3-12b-it 429 Client Error: Too Many Requests for url: https://openrouter.ai/api/v1/chat/c
  retry 3 google/gemma-3-12b-it 429 Client Error: Too Many Requests for url: https://openrouter.ai/api/v1/chat/c
  retry 1 google/gemma-3-12b-it 429 Client Error: Too Many Requests for url: https://openrouter.ai/api/v1/chat/c
  retry 2 google/gemma-3-12b-it 429 Client Error: Too Many Requests for url: https://openrouter.ai/api/v1/chat/c
  retry 4 google/gemma-3-12b-it 429 Client Error: Too Many Requests for url: https://openrouter.ai/api/v1/chat/c
  retry 1 google/gemma-3-12b-it 429 Client Error: Too Many Requests for url: https://openrouter.ai/api/v1/chat/c
  retry 1 google/gemma-3-12b-it 429 Client Error: Too Many Requests for url: https://openrouter.ai/api/v1/chat/c
  retry 2 google/gemma-3-12b-it 429 Client Error: Too Many Requests for url: https://openrouter.ai/api/v1/chat/c
  retry 1 google/gemma-3-12b-it 429 Client Error: Too Many Requests for url: https://openrouter.ai/api/v1/chat/c
  retry 2 google/gemma-3-12b-it 429 Client Error: Too Many Requests for url: https://openrouter.ai/api/v1/chat/c
  retry 1 google/gemma-3-12b-it 429 Client Error: Too Many Requests for url: https://openrouter.ai/api/v1/chat/c
  retry 2 google/gemma-3-12b-it 429 Client Error: Too Many Requests for url: https://openrouter.ai/api/v1/chat/c
google/gemma-3-12b-it zero enron: 300 emails, total spend $0.5107
  retry 1 google/gemma-3-12b-it 429 Client Error: Too Many Requests for url: https://openrouter.ai/api/v1/chat/c
  retry 1 google/gemma-3-12b-it 429 Client Error: Too Many Requests for url: https://openrouter.ai/api/v1/chat/c
  retry 1 google/gemma-3-12b-it 429 Client Error: Too Many Requests for url: https://openrouter.ai/api/v1/chat/c
  retry 1 google/gemma-3-12b-it 429 Client Error: Too Many Requests for url: https://openrouter.ai/api/v1/chat/c
  retry 2 google/gemma-3-12b-it 429 Client Error: Too Many Requests for url: https://openrouter.ai/api/v1/chat/c
  retry 1 google/gemma-3-12b-it 429 Client Error: Too Many Requests for url: https://openrouter.ai/api/v1/chat/c
  retry 2 google/gemma-3-12b-it 429 Client Error: Too Many Requests for url: https://openrouter.ai/api/v1/chat/c
  retry 1 google/gemma-3-12b-it 429 Client Error: Too Many Requests for url: https://openrouter.ai/api/v1/chat/c
  retry 1 google/gemma-3-12b-it 429 Client Error: Too Many Requests for url: https://openrouter.ai/api/v1/chat/c
  retry 2 google/gemma-3-12b-it 429 Client Error: Too Many Requests for url: https://openrouter.ai/api/v1/chat/c
  retry 1 google/gemma-3-12b-it 429 Client Error: Too Many Requests for url: https://openrouter.ai/api/v1/chat/c
  retry 2 google/gemma-3-12b-it 429 Client Error: Too Many Requests for url: https://openrouter.ai/api/v1/chat/c
  retry 3 google/gemma-3-12b-it 429 Client Error: Too Many Requests for url: https://openrouter.ai/api/v1/chat/c
  retry 3 google/gemma-3-12b-it 429 Client Error: Too Many Requests for url: https://openrouter.ai/api/v1/chat/c
  retry 4 google/gemma-3-12b-it 429 Client Error: Too Many Requests for url: https://openrouter.ai/api/v1/chat/c
  retry 1 google/gemma-3-12b-it 429 Client Error: Too Many Requests for url: https://openrouter.ai/api/v1/chat/c
  retry 1 google/gemma-3-12b-it 429 Client Error: Too Many Requests for url: https://openrouter.ai/api/v1/chat/c
  retry 1 google/gemma-3-12b-it 429 Client Error: Too Many Requests for url: https://openrouter.ai/api/v1/chat/c
  retry 2 google/gemma-3-12b-it 429 Client Error: Too Many Requests for url: https://openrouter.ai/api/v1/chat/c
  retry 2 google/gemma-3-12b-it 429 Client Error: Too Many Requests for url: https://openrouter.ai/api/v1/chat/c
  retry 3 google/gemma-3-12b-it 429 Client Error: Too Many Requests for url: https://openrouter.ai/api/v1/chat/c
  retry 1 google/gemma-3-12b-it 429 Client Error: Too Many Requests for url: https://openrouter.ai/api/v1/chat/c
  retry 1 google/gemma-3-12b-it 429 Client Error: Too Many Requests for url: https://openrouter.ai/api/v1/chat/c
  retry 1 google/gemma-3-12b-it 429 Client Error: Too Many Requests for url: https://openrouter.ai/api/v1/chat/c
  retry 2 google/gemma-3-12b-it 429 Client Error: Too Many Requests for url: https://openrouter.ai/api/v1/chat/c
  retry 1 google/gemma-3-12b-it 429 Client Error: Too Many Requests for url: https://openrouter.ai/api/v1/chat/c
  retry 2 google/gemma-3-12b-it 429 Client Error: Too Many Requests for url: https://openrouter.ai/api/v1/chat/c
  retry 1 google/gemma-3-12b-it 429 Client Error: Too Many Requests for url: https://openrouter.ai/api/v1/chat/c
  retry 1 google/gemma-3-12b-it 429 Client Error: Too Many Requests for url: https://openrouter.ai/api/v1/chat/c
  retry 1 google/gemma-3-12b-it 429 Client Error: Too Many Requests for url: https://openrouter.ai/api/v1/chat/c
  retry 1 google/gemma-3-12b-it 429 Client Error: Too Many Requests for url: https://openrouter.ai/api/v1/chat/c
  retry 1 google/gemma-3-12b-it 429 Client Error: Too Many Requests for url: https://openrouter.ai/api/v1/chat/c
  retry 1 google/gemma-3-12b-it 429 Client Error: Too Many Requests for url: https://openrouter.ai/api/v1/chat/c
  retry 1 google/gemma-3-12b-it 429 Client Error: Too Many Requests for url: https://openrouter.ai/api/v1/chat/c
  retry 2 google/gemma-3-12b-it 429 Client Error: Too Many Requests for url: https://openrouter.ai/api/v1/chat/c
  retry 1 google/gemma-3-12b-it 429 Client Error: Too Many Requests for url: https://openrouter.ai/api/v1/chat/c
  retry 1 google/gemma-3-12b-it 429 Client Error: Too Many Requests for url: https://openrouter.ai/api/v1/chat/c
  retry 1 google/gemma-3-12b-it 429 Client Error: Too Many Requests for url: https://openrouter.ai/api/v1/chat/c
  retry 2 google/gemma-3-12b-it 429 Client Error: Too Many Requests for url: https://openrouter.ai/api/v1/chat/c
  retry 1 google/gemma-3-12b-it 429 Client Error: Too Many Requests for url: https://openrouter.ai/api/v1/chat/c
  retry 1 google/gemma-3-12b-it 429 Client Error: Too Many Requests for url: https://openrouter.ai/api/v1/chat/c
  retry 1 google/gemma-3-12b-it 429 Client Error: Too Many Requests for url: https://openrouter.ai/api/v1/chat/c
  retry 2 google/gemma-3-12b-it 429 Client Error: Too Many Requests for url: https://openrouter.ai/api/v1/chat/c
  retry 2 google/gemma-3-12b-it 429 Client Error: Too Many Requests for url: https://openrouter.ai/api/v1/chat/c
  retry 3 google/gemma-3-12b-it 429 Client Error: Too Many Requests for url: https://openrouter.ai/api/v1/chat/c
  retry 1 google/gemma-3-12b-it 429 Client Error: Too Many Requests for url: https://openrouter.ai/api/v1/chat/c
  retry 2 google/gemma-3-12b-it 429 Client Error: Too Many Requests for url: https://openrouter.ai/api/v1/chat/c
  retry 4 google/gemma-3-12b-it 429 Client Error: Too Many Requests for url: https://openrouter.ai/api/v1/chat/c
  retry 3 google/gemma-3-12b-it 429 Client Error: Too Many Requests for url: https://openrouter.ai/api/v1/chat/c
  retry 1 google/gemma-3-12b-it 429 Client Error: Too Many Requests for url: https://openrouter.ai/api/v1/chat/c
  retry 4 google/gemma-3-12b-it 429 Client Error: Too Many Requests for url: https://openrouter.ai/api/v1/chat/c
  retry 2 google/gemma-3-12b-it 429 Client Error: Too Many Requests for url: https://openrouter.ai/api/v1/chat/c
  retry 3 google/gemma-3-12b-it 429 Client Error: Too Many Requests for url: https://openrouter.ai/api/v1/chat/c
  retry 1 google/gemma-3-12b-it 429 Client Error: Too Many Requests for url: https://openrouter.ai/api/v1/chat/c
  retry 2 google/gemma-3-12b-it 429 Client Error: Too Many Requests for url: https://openrouter.ai/api/v1/chat/c
  retry 4 google/gemma-3-12b-it 429 Client Error: Too Many Requests for url: https://openrouter.ai/api/v1/chat/c
  retry 3 google/gemma-3-12b-it 429 Client Error: Too Many Requests for url: https://openrouter.ai/api/v1/chat/c
  retry 1 google/gemma-3-12b-it 429 Client Error: Too Many Requests for url: https://openrouter.ai/api/v1/chat/c
  retry 4 google/gemma-3-12b-it 429 Client Error: Too Many Requests for url: https://openrouter.ai/api/v1/chat/c
  retry 2 google/gemma-3-12b-it 429 Client Error: Too Many Requests for url: https://openrouter.ai/api/v1/chat/c
  retry 3 google/gemma-3-12b-it 429 Client Error: Too Many Requests for url: https://openrouter.ai/api/v1/chat/c
  retry 1 google/gemma-3-12b-it 429 Client Error: Too Many Requests for url: https://openrouter.ai/api/v1/chat/c
  retry 4 google/gemma-3-12b-it 429 Client Error: Too Many Requests for url: https://openrouter.ai/api/v1/chat/c
  retry 1 google/gemma-3-12b-it 429 Client Error: Too Many Requests for url: https://openrouter.ai/api/v1/chat/c
  retry 1 google/gemma-3-12b-it 429 Client Error: Too Many Requests for url: https://openrouter.ai/api/v1/chat/c
  retry 1 google/gemma-3-12b-it 429 Client Error: Too Many Requests for url: https://openrouter.ai/api/v1/chat/c
  retry 1 google/gemma-3-12b-it 429 Client Error: Too Many Requests for url: https://openrouter.ai/api/v1/chat/c
  retry 2 google/gemma-3-12b-it 429 Client Error: Too Many Requests for url: https://openrouter.ai/api/v1/chat/c
  retry 1 google/gemma-3-12b-it 429 Client Error: Too Many Requests for url: https://openrouter.ai/api/v1/chat/c
  retry 1 google/gemma-3-12b-it 429 Client Error: Too Many Requests for url: https://openrouter.ai/api/v1/chat/c
  retry 3 google/gemma-3-12b-it 429 Client Error: Too Many Requests for url: https://openrouter.ai/api/v1/chat/c
  retry 2 google/gemma-3-12b-it 429 Client Error: Too Many Requests for url: https://openrouter.ai/api/v1/chat/c
  retry 3 google/gemma-3-12b-it 429 Client Error: Too Many Requests for url: https://openrouter.ai/api/v1/chat/c
  retry 4 google/gemma-3-12b-it 429 Client Error: Too Many Requests for url: https://openrouter.ai/api/v1/chat/c
  retry 1 google/gemma-3-12b-it 429 Client Error: Too Many Requests for url: https://openrouter.ai/api/v1/chat/c
  retry 1 google/gemma-3-12b-it 429 Client Error: Too Many Requests for url: https://openrouter.ai/api/v1/chat/c
  retry 1 google/gemma-3-12b-it 429 Client Error: Too Many Requests for url: https://openrouter.ai/api/v1/chat/c
  retry 1 google/gemma-3-12b-it 429 Client Error: Too Many Requests for url: https://openrouter.ai/api/v1/chat/c
  retry 2 google/gemma-3-12b-it 429 Client Error: Too Many Requests for url: https://openrouter.ai/api/v1/chat/c
  retry 1 google/gemma-3-12b-it 429 Client Error: Too Many Requests for url: https://openrouter.ai/api/v1/chat/c
  retry 2 google/gemma-3-12b-it 429 Client Error: Too Many Requests for url: https://openrouter.ai/api/v1/chat/c
  retry 1 google/gemma-3-12b-it 429 Client Error: Too Many Requests for url: https://openrouter.ai/api/v1/chat/c
  retry 1 google/gemma-3-12b-it 429 Client Error: Too Many Requests for url: https://openrouter.ai/api/v1/chat/c
  retry 1 google/gemma-3-12b-it 429 Client Error: Too Many Requests for url: https://openrouter.ai/api/v1/chat/c
  retry 2 google/gemma-3-12b-it 429 Client Error: Too Many Requests for url: https://openrouter.ai/api/v1/chat/c
  retry 2 google/gemma-3-12b-it 429 Client Error: Too Many Requests for url: https://openrouter.ai/api/v1/chat/c
  retry 3 google/gemma-3-12b-it 429 Client Error: Too Many Requests for url: https://openrouter.ai/api/v1/chat/c
  retry 3 google/gemma-3-12b-it 429 Client Error: Too Many Requests for url: https://openrouter.ai/api/v1/chat/c
  retry 4 google/gemma-3-12b-it 429 Client Error: Too Many Requests for url: https://openrouter.ai/api/v1/chat/c
  retry 4 google/gemma-3-12b-it 429 Client Error: Too Many Requests for url: https://openrouter.ai/api/v1/chat/c
  retry 1 google/gemma-3-12b-it 429 Client Error: Too Many Requests for url: https://openrouter.ai/api/v1/chat/c
  retry 2 google/gemma-3-12b-it 429 Client Error: Too Many Requests for url: https://openrouter.ai/api/v1/chat/c
  retry 1 google/gemma-3-12b-it 429 Client Error: Too Many Requests for url: https://openrouter.ai/api/v1/chat/c
  retry 2 google/gemma-3-12b-it 429 Client Error: Too Many Requests for url: https://openrouter.ai/api/v1/chat/c
  retry 3 google/gemma-3-12b-it 429 Client Error: Too Many Requests for url: https://openrouter.ai/api/v1/chat/c
  retry 1 google/gemma-3-12b-it 429 Client Error: Too Many Requests for url: https://openrouter.ai/api/v1/chat/c
  retry 1 google/gemma-3-12b-it 429 Client Error: Too Many Requests for url: https://openrouter.ai/api/v1/chat/c
  retry 1 google/gemma-3-12b-it 429 Client Error: Too Many Requests for url: https://openrouter.ai/api/v1/chat/c
  retry 1 google/gemma-3-12b-it 429 Client Error: Too Many Requests for url: https://openrouter.ai/api/v1/chat/c
  retry 2 google/gemma-3-12b-it 429 Client Error: Too Many Requests for url: https://openrouter.ai/api/v1/chat/c
  retry 2 google/gemma-3-12b-it 429 Client Error: Too Many Requests for url: https://openrouter.ai/api/v1/chat/c
  retry 1 google/gemma-3-12b-it 429 Client Error: Too Many Requests for url: https://openrouter.ai/api/v1/chat/c
  retry 3 google/gemma-3-12b-it 429 Client Error: Too Many Requests for url: https://openrouter.ai/api/v1/chat/c
  retry 2 google/gemma-3-12b-it 429 Client Error: Too Many Requests for url: https://openrouter.ai/api/v1/chat/c
  retry 3 google/gemma-3-12b-it 429 Client Error: Too Many Requests for url: https://openrouter.ai/api/v1/chat/c
  retry 4 google/gemma-3-12b-it 429 Client Error: Too Many Requests for url: https://openrouter.ai/api/v1/chat/c
  retry 1 google/gemma-3-12b-it 429 Client Error: Too Many Requests for url: https://openrouter.ai/api/v1/chat/c
  retry 2 google/gemma-3-12b-it 429 Client Error: Too Many Requests for url: https://openrouter.ai/api/v1/chat/c
  retry 1 google/gemma-3-12b-it 429 Client Error: Too Many Requests for url: https://openrouter.ai/api/v1/chat/c
  retry 2 google/gemma-3-12b-it 429 Client Error: Too Many Requests for url: https://openrouter.ai/api/v1/chat/c
  retry 1 google/gemma-3-12b-it 429 Client Error: Too Many Requests for url: https://openrouter.ai/api/v1/chat/c
  retry 3 google/gemma-3-12b-it 429 Client Error: Too Many Requests for url: https://openrouter.ai/api/v1/chat/c
  retry 1 google/gemma-3-12b-it 429 Client Error: Too Many Requests for url: https://openrouter.ai/api/v1/chat/c
  retry 2 google/gemma-3-12b-it 429 Client Error: Too Many Requests for url: https://openrouter.ai/api/v1/chat/c
  retry 1 google/gemma-3-12b-it 429 Client Error: Too Many Requests for url: https://openrouter.ai/api/v1/chat/c
  retry 3 google/gemma-3-12b-it 429 Client Error: Too Many Requests for url: https://openrouter.ai/api/v1/chat/c
  retry 1 google/gemma-3-12b-it 429 Client Error: Too Many Requests for url: https://openrouter.ai/api/v1/chat/c
  retry 1 google/gemma-3-12b-it 429 Client Error: Too Many Requests for url: https://openrouter.ai/api/v1/chat/c
  retry 1 google/gemma-3-12b-it 429 Client Error: Too Many Requests for url: https://openrouter.ai/api/v1/chat/c
  retry 2 google/gemma-3-12b-it 429 Client Error: Too Many Requests for url: https://openrouter.ai/api/v1/chat/c
  retry 2 google/gemma-3-12b-it 429 Client Error: Too Many Requests for url: https://openrouter.ai/api/v1/chat/c
  retry 1 google/gemma-3-12b-it 429 Client Error: Too Many Requests for url: https://openrouter.ai/api/v1/chat/c
  retry 1 google/gemma-3-12b-it 429 Client Error: Too Many Requests for url: https://openrouter.ai/api/v1/chat/c
  retry 2 google/gemma-3-12b-it 429 Client Error: Too Many Requests for url: https://openrouter.ai/api/v1/chat/c
  retry 1 google/gemma-3-12b-it 429 Client Error: Too Many Requests for url: https://openrouter.ai/api/v1/chat/c
  retry 2 google/gemma-3-12b-it 429 Client Error: Too Many Requests for url: https://openrouter.ai/api/v1/chat/c
  retry 1 google/gemma-3-12b-it 429 Client Error: Too Many Requests for url: https://openrouter.ai/api/v1/chat/c
  retry 2 google/gemma-3-12b-it 429 Client Error: Too Many Requests for url: https://openrouter.ai/api/v1/chat/c
  retry 3 google/gemma-3-12b-it 429 Client Error: Too Many Requests for url: https://openrouter.ai/api/v1/chat/c
  retry 3 google/gemma-3-12b-it 429 Client Error: Too Many Requests for url: https://openrouter.ai/api/v1/chat/c
  retry 1 google/gemma-3-12b-it 429 Client Error: Too Many Requests for url: https://openrouter.ai/api/v1/chat/c
  retry 2 google/gemma-3-12b-it 429 Client Error: Too Many Requests for url: https://openrouter.ai/api/v1/chat/c
  retry 1 google/gemma-3-12b-it 429 Client Error: Too Many Requests for url: https://openrouter.ai/api/v1/chat/c
  retry 2 google/gemma-3-12b-it 429 Client Error: Too Many Requests for url: https://openrouter.ai/api/v1/chat/c
  retry 3 google/gemma-3-12b-it 429 Client Error: Too Many Requests for url: https://openrouter.ai/api/v1/chat/c
  retry 1 google/gemma-3-12b-it 429 Client Error: Too Many Requests for url: https://openrouter.ai/api/v1/chat/c
  retry 4 google/gemma-3-12b-it 429 Client Error: Too Many Requests for url: https://openrouter.ai/api/v1/chat/c
  retry 1 google/gemma-3-12b-it 429 Client Error: Too Many Requests for url: https://openrouter.ai/api/v1/chat/c
  retry 1 google/gemma-3-12b-it 429 Client Error: Too Many Requests for url: https://openrouter.ai/api/v1/chat/c
  retry 2 google/gemma-3-12b-it 429 Client Error: Too Many Requests for url: https://openrouter.ai/api/v1/chat/c
  retry 1 google/gemma-3-12b-it 429 Client Error: Too Many Requests for url: https://openrouter.ai/api/v1/chat/c
  retry 2 google/gemma-3-12b-it 429 Client Error: Too Many Requests for url: https://openrouter.ai/api/v1/chat/c
  retry 3 google/gemma-3-12b-it 429 Client Error: Too Many Requests for url: https://openrouter.ai/api/v1/chat/c
  retry 1 google/gemma-3-12b-it 429 Client Error: Too Many Requests for url: https://openrouter.ai/api/v1/chat/c
  retry 4 google/gemma-3-12b-it 429 Client Error: Too Many Requests for url: https://openrouter.ai/api/v1/chat/c
  retry 2 google/gemma-3-12b-it 429 Client Error: Too Many Requests for url: https://openrouter.ai/api/v1/chat/c
  retry 3 google/gemma-3-12b-it 429 Client Error: Too Many Requests for url: https://openrouter.ai/api/v1/chat/c
  retry 1 google/gemma-3-12b-it 429 Client Error: Too Many Requests for url: https://openrouter.ai/api/v1/chat/c
  retry 1 google/gemma-3-12b-it 429 Client Error: Too Many Requests for url: https://openrouter.ai/api/v1/chat/c
  retry 4 google/gemma-3-12b-it 429 Client Error: Too Many Requests for url: https://openrouter.ai/api/v1/chat/c
  retry 1 google/gemma-3-12b-it 429 Client Error: Too Many Requests for url: https://openrouter.ai/api/v1/chat/c
  retry 1 google/gemma-3-12b-it 429 Client Error: Too Many Requests for url: https://openrouter.ai/api/v1/chat/c
  retry 1 google/gemma-3-12b-it 429 Client Error: Too Many Requests for url: https://openrouter.ai/api/v1/chat/c
  retry 2 google/gemma-3-12b-it 429 Client Error: Too Many Requests for url: https://openrouter.ai/api/v1/chat/c
  retry 2 google/gemma-3-12b-it 429 Client Error: Too Many Requests for url: https://openrouter.ai/api/v1/chat/c
  retry 3 google/gemma-3-12b-it 429 Client Error: Too Many Requests for url: https://openrouter.ai/api/v1/chat/c
  retry 3 google/gemma-3-12b-it 429 Client Error: Too Many Requests for url: https://openrouter.ai/api/v1/chat/c
  retry 4 google/gemma-3-12b-it 429 Client Error: Too Many Requests for url: https://openrouter.ai/api/v1/chat/c
  retry 4 google/gemma-3-12b-it 429 Client Error: Too Many Requests for url: https://openrouter.ai/api/v1/chat/c
  retry 1 google/gemma-3-12b-it 429 Client Error: Too Many Requests for url: https://openrouter.ai/api/v1/chat/c
  retry 1 google/gemma-3-12b-it 429 Client Error: Too Many Requests for url: https://openrouter.ai/api/v1/chat/c
  retry 1 google/gemma-3-12b-it 429 Client Error: Too Many Requests for url: https://openrouter.ai/api/v1/chat/c
  retry 2 google/gemma-3-12b-it 429 Client Error: Too Many Requests for url: https://openrouter.ai/api/v1/chat/c
  retry 2 google/gemma-3-12b-it 429 Client Error: Too Many Requests for url: https://openrouter.ai/api/v1/chat/c
  retry 1 google/gemma-3-12b-it 429 Client Error: Too Many Requests for url: https://openrouter.ai/api/v1/chat/c
  retry 3 google/gemma-3-12b-it 429 Client Error: Too Many Requests for url: https://openrouter.ai/api/v1/chat/c
  retry 2 google/gemma-3-12b-it 429 Client Error: Too Many Requests for url: https://openrouter.ai/api/v1/chat/c
  retry 3 google/gemma-3-12b-it 429 Client Error: Too Many Requests for url: https://openrouter.ai/api/v1/chat/c
  retry 4 google/gemma-3-12b-it 429 Client Error: Too Many Requests for url: https://openrouter.ai/api/v1/chat/c
  retry 1 google/gemma-3-12b-it 429 Client Error: Too Many Requests for url: https://openrouter.ai/api/v1/chat/c
  retry 1 google/gemma-3-12b-it 429 Client Error: Too Many Requests for url: https://openrouter.ai/api/v1/chat/c
  retry 2 google/gemma-3-12b-it 429 Client Error: Too Many Requests for url: https://openrouter.ai/api/v1/chat/c
  retry 1 google/gemma-3-12b-it 429 Client Error: Too Many Requests for url: https://openrouter.ai/api/v1/chat/c
  retry 2 google/gemma-3-12b-it 429 Client Error: Too Many Requests for url: https://openrouter.ai/api/v1/chat/c
  retry 3 google/gemma-3-12b-it 429 Client Error: Too Many Requests for url: https://openrouter.ai/api/v1/chat/c
  retry 1 google/gemma-3-12b-it 429 Client Error: Too Many Requests for url: https://openrouter.ai/api/v1/chat/c
  retry 4 google/gemma-3-12b-it 429 Client Error: Too Many Requests for url: https://openrouter.ai/api/v1/chat/c
  retry 2 google/gemma-3-12b-it 429 Client Error: Too Many Requests for url: https://openrouter.ai/api/v1/chat/c
  retry 3 google/gemma-3-12b-it 429 Client Error: Too Many Requests for url: https://openrouter.ai/api/v1/chat/c
  retry 1 google/gemma-3-12b-it 429 Client Error: Too Many Requests for url: https://openrouter.ai/api/v1/chat/c
  retry 4 google/gemma-3-12b-it 429 Client Error: Too Many Requests for url: https://openrouter.ai/api/v1/chat/c
  retry 1 google/gemma-3-12b-it 429 Client Error: Too Many Requests for url: https://openrouter.ai/api/v1/chat/c
  retry 2 google/gemma-3-12b-it 429 Client Error: Too Many Requests for url: https://openrouter.ai/api/v1/chat/c
  retry 1 google/gemma-3-12b-it 429 Client Error: Too Many Requests for url: https://openrouter.ai/api/v1/chat/c
  retry 3 google/gemma-3-12b-it 429 Client Error: Too Many Requests for url: https://openrouter.ai/api/v1/chat/c
  retry 2 google/gemma-3-12b-it 429 Client Error: Too Many Requests for url: https://openrouter.ai/api/v1/chat/c
  retry 1 google/gemma-3-12b-it 429 Client Error: Too Many Requests for url: https://openrouter.ai/api/v1/chat/c
  retry 1 google/gemma-3-12b-it 429 Client Error: Too Many Requests for url: https://openrouter.ai/api/v1/chat/c
  retry 2 google/gemma-3-12b-it 429 Client Error: Too Many Requests for url: https://openrouter.ai/api/v1/chat/c
  retry 1 google/gemma-3-12b-it 429 Client Error: Too Many Requests for url: https://openrouter.ai/api/v1/chat/c
  retry 3 google/gemma-3-12b-it 429 Client Error: Too Many Requests for url: https://openrouter.ai/api/v1/chat/c
  retry 2 google/gemma-3-12b-it 429 Client Error: Too Many Requests for url: https://openrouter.ai/api/v1/chat/c
  retry 3 google/gemma-3-12b-it 429 Client Error: Too Many Requests for url: https://openrouter.ai/api/v1/chat/c
  retry 4 google/gemma-3-12b-it 429 Client Error: Too Many Requests for url: https://openrouter.ai/api/v1/chat/c
  retry 4 google/gemma-3-12b-it 429 Client Error: Too Many Requests for url: https://openrouter.ai/api/v1/chat/c
  retry 1 google/gemma-3-12b-it 429 Client Error: Too Many Requests for url: https://openrouter.ai/api/v1/chat/c
  retry 2 google/gemma-3-12b-it 429 Client Error: Too Many Requests for url: https://openrouter.ai/api/v1/chat/c
  retry 1 google/gemma-3-12b-it 429 Client Error: Too Many Requests for url: https://openrouter.ai/api/v1/chat/c
  retry 3 google/gemma-3-12b-it 429 Client Error: Too Many Requests for url: https://openrouter.ai/api/v1/chat/c
  retry 2 google/gemma-3-12b-it 429 Client Error: Too Many Requests for url: https://openrouter.ai/api/v1/chat/c
  retry 3 google/gemma-3-12b-it 429 Client Error: Too Many Requests for url: https://openrouter.ai/api/v1/chat/c
  retry 1 google/gemma-3-12b-it 429 Client Error: Too Many Requests for url: https://openrouter.ai/api/v1/chat/c
  retry 2 google/gemma-3-12b-it 429 Client Error: Too Many Requests for url: https://openrouter.ai/api/v1/chat/c
  retry 1 google/gemma-3-12b-it 429 Client Error: Too Many Requests for url: https://openrouter.ai/api/v1/chat/c
  retry 3 google/gemma-3-12b-it 429 Client Error: Too Many Requests for url: https://openrouter.ai/api/v1/chat/c
  retry 2 google/gemma-3-12b-it 429 Client Error: Too Many Requests for url: https://openrouter.ai/api/v1/chat/c
  retry 1 google/gemma-3-12b-it 429 Client Error: Too Many Requests for url: https://openrouter.ai/api/v1/chat/c
  retry 1 google/gemma-3-12b-it 429 Client Error: Too Many Requests for url: https://openrouter.ai/api/v1/chat/c
  retry 2 google/gemma-3-12b-it 429 Client Error: Too Many Requests for url: https://openrouter.ai/api/v1/chat/c
  retry 1 google/gemma-3-12b-it 429 Client Error: Too Many Requests for url: https://openrouter.ai/api/v1/chat/c
  retry 2 google/gemma-3-12b-it 429 Client Error: Too Many Requests for url: https://openrouter.ai/api/v1/chat/c
  retry 3 google/gemma-3-12b-it 429 Client Error: Too Many Requests for url: https://openrouter.ai/api/v1/chat/c
  retry 1 google/gemma-3-12b-it 429 Client Error: Too Many Requests for url: https://openrouter.ai/api/v1/chat/c
  retry 1 google/gemma-3-12b-it 429 Client Error: Too Many Requests for url: https://openrouter.ai/api/v1/chat/c
  retry 4 google/gemma-3-12b-it 429 Client Error: Too Many Requests for url: https://openrouter.ai/api/v1/chat/c
  retry 1 google/gemma-3-12b-it 429 Client Error: Too Many Requests for url: https://openrouter.ai/api/v1/chat/c
  retry 2 google/gemma-3-12b-it 429 Client Error: Too Many Requests for url: https://openrouter.ai/api/v1/chat/c
  retry 1 google/gemma-3-12b-it 429 Client Error: Too Many Requests for url: https://openrouter.ai/api/v1/chat/c
  retry 3 google/gemma-3-12b-it 429 Client Error: Too Many Requests for url: https://openrouter.ai/api/v1/chat/c
  retry 2 google/gemma-3-12b-it 429 Client Error: Too Many Requests for url: https://openrouter.ai/api/v1/chat/c
  retry 3 google/gemma-3-12b-it 429 Client Error: Too Many Requests for url: https://openrouter.ai/api/v1/chat/c
  retry 4 google/gemma-3-12b-it 429 Client Error: Too Many Requests for url: https://openrouter.ai/api/v1/chat/c
  retry 4 google/gemma-3-12b-it 429 Client Error: Too Many Requests for url: https://openrouter.ai/api/v1/chat/c
  retry 1 google/gemma-3-12b-it 429 Client Error: Too Many Requests for url: https://openrouter.ai/api/v1/chat/c
  retry 2 google/gemma-3-12b-it 429 Client Error: Too Many Requests for url: https://openrouter.ai/api/v1/chat/c
  retry 1 google/gemma-3-12b-it 429 Client Error: Too Many Requests for url: https://openrouter.ai/api/v1/chat/c
  retry 1 google/gemma-3-12b-it 429 Client Error: Too Many Requests for url: https://openrouter.ai/api/v1/chat/c
  retry 2 google/gemma-3-12b-it 429 Client Error: Too Many Requests for url: https://openrouter.ai/api/v1/chat/c
  retry 2 google/gemma-3-12b-it 429 Client Error: Too Many Requests for url: https://openrouter.ai/api/v1/chat/c
  retry 3 google/gemma-3-12b-it 429 Client Error: Too Many Requests for url: https://openrouter.ai/api/v1/chat/c
  retry 3 google/gemma-3-12b-it 429 Client Error: Too Many Requests for url: https://openrouter.ai/api/v1/chat/c
  retry 1 google/gemma-3-12b-it 429 Client Error: Too Many Requests for url: https://openrouter.ai/api/v1/chat/c
  retry 1 google/gemma-3-12b-it 429 Client Error: Too Many Requests for url: https://openrouter.ai/api/v1/chat/c
  retry 1 google/gemma-3-12b-it 429 Client Error: Too Many Requests for url: https://openrouter.ai/api/v1/chat/c
  retry 2 google/gemma-3-12b-it 429 Client Error: Too Many Requests for url: https://openrouter.ai/api/v1/chat/c
  retry 1 google/gemma-3-12b-it 429 Client Error: Too Many Requests for url: https://openrouter.ai/api/v1/chat/c
  retry 3 google/gemma-3-12b-it 429 Client Error: Too Many Requests for url: https://openrouter.ai/api/v1/chat/c
  retry 2 google/gemma-3-12b-it 429 Client Error: Too Many Requests for url: https://openrouter.ai/api/v1/chat/c
  retry 3 google/gemma-3-12b-it 429 Client Error: Too Many Requests for url: https://openrouter.ai/api/v1/chat/c
  retry 4 google/gemma-3-12b-it 429 Client Error: Too Many Requests for url: https://openrouter.ai/api/v1/chat/c
  retry 1 google/gemma-3-12b-it 429 Client Error: Too Many Requests for url: https://openrouter.ai/api/v1/chat/c
  retry 2 google/gemma-3-12b-it 429 Client Error: Too Many Requests for url: https://openrouter.ai/api/v1/chat/c
  retry 1 google/gemma-3-12b-it 429 Client Error: Too Many Requests for url: https://openrouter.ai/api/v1/chat/c
  retry 2 google/gemma-3-12b-it 429 Client Error: Too Many Requests for url: https://openrouter.ai/api/v1/chat/c
  retry 1 google/gemma-3-12b-it 429 Client Error: Too Many Requests for url: https://openrouter.ai/api/v1/chat/c
  retry 2 google/gemma-3-12b-it 429 Client Error: Too Many Requests for url: https://openrouter.ai/api/v1/chat/c
  retry 3 google/gemma-3-12b-it 429 Client Error: Too Many Requests for url: https://openrouter.ai/api/v1/chat/c
  retry 3 google/gemma-3-12b-it 429 Client Error: Too Many Requests for url: https://openrouter.ai/api/v1/chat/c
  retry 4 google/gemma-3-12b-it 429 Client Error: Too Many Requests for url: https://openrouter.ai/api/v1/chat/c
  retry 1 google/gemma-3-12b-it 429 Client Error: Too Many Requests for url: https://openrouter.ai/api/v1/chat/c
  retry 2 google/gemma-3-12b-it 429 Client Error: Too Many Requests for url: https://openrouter.ai/api/v1/chat/c
  retry 1 google/gemma-3-12b-it 429 Client Error: Too Many Requests for url: https://openrouter.ai/api/v1/chat/c
  retry 3 google/gemma-3-12b-it 429 Client Error: Too Many Requests for url: https://openrouter.ai/api/v1/chat/c
  retry 2 google/gemma-3-12b-it 429 Client Error: Too Many Requests for url: https://openrouter.ai/api/v1/chat/c
  retry 3 google/gemma-3-12b-it 429 Client Error: Too Many Requests for url: https://openrouter.ai/api/v1/chat/c
  retry 1 google/gemma-3-12b-it 429 Client Error: Too Many Requests for url: https://openrouter.ai/api/v1/chat/c
  retry 1 google/gemma-3-12b-it 429 Client Error: Too Many Requests for url: https://openrouter.ai/api/v1/chat/c
  retry 1 google/gemma-3-12b-it 429 Client Error: Too Many Requests for url: https://openrouter.ai/api/v1/chat/c
  retry 2 google/gemma-3-12b-it 429 Client Error: Too Many Requests for url: https://openrouter.ai/api/v1/chat/c
  retry 2 google/gemma-3-12b-it 429 Client Error: Too Many Requests for url: https://openrouter.ai/api/v1/chat/c
  retry 3  retry 3 google/gemma-3-12b-it 429 Client Error: Too Many Requests for url: https://openrouter.ai/api/v1/chat/c
 google/gemma-3-12b-it 429 Client Error: Too Many Requests for url: https://openrouter.ai/api/v1/chat/c
  retry 1 google/gemma-3-12b-it 429 Client Error: Too Many Requests for url: https://openrouter.ai/api/v1/chat/c
  retry 1 google/gemma-3-12b-it 429 Client Error: Too Many Requests for url: https://openrouter.ai/api/v1/chat/c
  retry 2 google/gemma-3-12b-it 429 Client Error: Too Many Requests for url: https://openrouter.ai/api/v1/chat/c
  retry 1 google/gemma-3-12b-it 429 Client Error: Too Many Requests for url: https://openrouter.ai/api/v1/chat/c
  retry  retry 3 2 google/gemma-3-12b-it 429 Client Error: Too Many Requests for url: https://openrouter.ai/api/v1/chat/c
 google/gemma-3-12b-it 429 Client Error: Too Many Requests for url: https://openrouter.ai/api/v1/chat/c
  retry 3 google/gemma-3-12b-it 429 Client Error: Too Many Requests for url: https://openrouter.ai/api/v1/chat/c
  retry 1 google/gemma-3-12b-it 429 Client Error: Too Many Requests for url: https://openrouter.ai/api/v1/chat/c
  retry 4 google/gemma-3-12b-it 429 Client Error: Too Many Requests for url: https://openrouter.ai/api/v1/chat/c
  retry 1 google/gemma-3-12b-it 429 Client Error: Too Many Requests for url: https://openrouter.ai/api/v1/chat/c
  retry 2 google/gemma-3-12b-it 429 Client Error: Too Many Requests for url: https://openrouter.ai/api/v1/chat/c
  retry 1 google/gemma-3-12b-it 429 Client Error: Too Many Requests for url: https://openrouter.ai/api/v1/chat/c
  retry 1 google/gemma-3-12b-it 429 Client Error: Too Many Requests for url: https://openrouter.ai/api/v1/chat/c
  retry 2 google/gemma-3-12b-it 429 Client Error: Too Many Requests for url: https://openrouter.ai/api/v1/chat/c
  retry 1 google/gemma-3-12b-it 429 Client Error: Too Many Requests for url: https://openrouter.ai/api/v1/chat/c
  retry 1 google/gemma-3-12b-it 429 Client Error: Too Many Requests for url: https://openrouter.ai/api/v1/chat/c
  retry 1 google/gemma-3-12b-it 429 Client Error: Too Many Requests for url: https://openrouter.ai/api/v1/chat/c
  retry 1 google/gemma-3-12b-it 429 Client Error: Too Many Requests for url: https://openrouter.ai/api/v1/chat/c
  retry 1 google/gemma-3-12b-it 429 Client Error: Too Many Requests for url: https://openrouter.ai/api/v1/chat/c
  retry 1 google/gemma-3-12b-it 429 Client Error: Too Many Requests for url: https://openrouter.ai/api/v1/chat/c
  retry 1 google/gemma-3-12b-it 429 Client Error: Too Many Requests for url: https://openrouter.ai/api/v1/chat/c
  retry 1 google/gemma-3-12b-it 429 Client Error: Too Many Requests for url: https://openrouter.ai/api/v1/chat/c
  retry 1 google/gemma-3-12b-it 429 Client Error: Too Many Requests for url: https://openrouter.ai/api/v1/chat/c
  retry 1 google/gemma-3-12b-it 429 Client Error: Too Many Requests for url: https://openrouter.ai/api/v1/chat/c
  retry 1 google/gemma-3-12b-it 429 Client Error: Too Many Requests for url: https://openrouter.ai/api/v1/chat/c
  retry 2 google/gemma-3-12b-it 429 Client Error: Too Many Requests for url: https://openrouter.ai/api/v1/chat/c
  retry 2 google/gemma-3-12b-it 429 Client Error: Too Many Requests for url: https://openrouter.ai/api/v1/chat/c
  retry 1 google/gemma-3-12b-it 429 Client Error: Too Many Requests for url: https://openrouter.ai/api/v1/chat/c
  retry 3 google/gemma-3-12b-it 429 Client Error: Too Many Requests for url: https://openrouter.ai/api/v1/chat/c
  retry 1 google/gemma-3-12b-it 429 Client Error: Too Many Requests for url: https://openrouter.ai/api/v1/chat/c
  retry 2 google/gemma-3-12b-it 429 Client Error: Too Many Requests for url: https://openrouter.ai/api/v1/chat/c
  retry 1 google/gemma-3-12b-it 429 Client Error: Too Many Requests for url: https://openrouter.ai/api/v1/chat/c
  retry 2 google/gemma-3-12b-it 429 Client Error: Too Many Requests for url: https://openrouter.ai/api/v1/chat/c
  retry 3 google/gemma-3-12b-it 429 Client Error: Too Many Requests for url: https://openrouter.ai/api/v1/chat/c
  retry 3 google/gemma-3-12b-it 429 Client Error: Too Many Requests for url: https://openrouter.ai/api/v1/chat/c
  retry 1 google/gemma-3-12b-it 429 Client Error: Too Many Requests for url: https://openrouter.ai/api/v1/chat/c
  retry  retry  21  google/gemma-3-12b-it 429 Client Error: Too Many Requests for url: https://openrouter.ai/api/v1/chat/c
google/gemma-3-12b-it 429 Client Error: Too Many Requests for url: https://openrouter.ai/api/v1/chat/c
  retry 2 google/gemma-3-12b-it 429 Client Error: Too Many Requests for url: https://openrouter.ai/api/v1/chat/c
  retry 1 google/gemma-3-12b-it 429 Client Error: Too Many Requests for url: https://openrouter.ai/api/v1/chat/c
  retry 3 google/gemma-3-12b-it 429 Client Error: Too Many Requests for url: https://openrouter.ai/api/v1/chat/c
  retry 1 google/gemma-3-12b-it 429 Client Error: Too Many Requests for url: https://openrouter.ai/api/v1/chat/c
  retry 2 google/gemma-3-12b-it 429 Client Error: Too Many Requests for url: https://openrouter.ai/api/v1/chat/c
  retry 4 google/gemma-3-12b-it 429 Client Error: Too Many Requests for url: https://openrouter.ai/api/v1/chat/c
  retry 3 google/gemma-3-12b-it 429 Client Error: Too Many Requests for url: https://openrouter.ai/api/v1/chat/c
  retry 4 google/gemma-3-12b-it 429 Client Error: Too Many Requests for url: https://openrouter.ai/api/v1/chat/c
  retry 1 google/gemma-3-12b-it 429 Client Error: Too Many Requests for url: https://openrouter.ai/api/v1/chat/c
  retry 1 google/gemma-3-12b-it 429 Client Error: Too Many Requests for url: https://openrouter.ai/api/v1/chat/c
  retry 2 google/gemma-3-12b-it 429 Client Error: Too Many Requests for url: https://openrouter.ai/api/v1/chat/c
  retry 1 google/gemma-3-12b-it 429 Client Error: Too Many Requests for url: https://openrouter.ai/api/v1/chat/c
  retry 2 google/gemma-3-12b-it 429 Client Error: Too Many Requests for url: https://openrouter.ai/api/v1/chat/c
  retry 3 google/gemma-3-12b-it 429 Client Error: Too Many Requests for url: https://openrouter.ai/api/v1/chat/c
  retry 1 google/gemma-3-12b-it 429 Client Error: Too Many Requests for url: https://openrouter.ai/api/v1/chat/c
  retry 4 google/gemma-3-12b-it 429 Client Error: Too Many Requests for url: https://openrouter.ai/api/v1/chat/c
  retry 2 google/gemma-3-12b-it 429 Client Error: Too Many Requests for url: https://openrouter.ai/api/v1/chat/c
  retry 3 google/gemma-3-12b-it 429 Client Error: Too Many Requests for url: https://openrouter.ai/api/v1/chat/c
  retry 4 google/gemma-3-12b-it 429 Client Error: Too Many Requests for url: https://openrouter.ai/api/v1/chat/c
google/gemma-3-12b-it zero kaggle: 300 emails, total spend $0.5148
  retry 1 google/gemma-3-12b-it 429 Client Error: Too Many Requests for url: https://openrouter.ai/api/v1/chat/c
  retry 1 google/gemma-3-12b-it 429 Client Error: Too Many Requests for url: https://openrouter.ai/api/v1/chat/c
  retry 2 google/gemma-3-12b-it 429 Client Error: Too Many Requests for url: https://openrouter.ai/api/v1/chat/c
  retry 1 google/gemma-3-12b-it 429 Client Error: Too Many Requests for url: https://openrouter.ai/api/v1/chat/c
  retry 3 google/gemma-3-12b-it 429 Client Error: Too Many Requests for url: https://openrouter.ai/api/v1/chat/c
  retry 1 google/gemma-3-12b-it 429 Client Error: Too Many Requests for url: https://openrouter.ai/api/v1/chat/c
  retry 2 google/gemma-3-12b-it 429 Client Error: Too Many Requests for url: https://openrouter.ai/api/v1/chat/c
  retry 1 google/gemma-3-12b-it 429 Client Error: Too Many Requests for url: https://openrouter.ai/api/v1/chat/c
  retry 3 google/gemma-3-12b-it 429 Client Error: Too Many Requests for url: https://openrouter.ai/api/v1/chat/c
  retry 2 google/gemma-3-12b-it 429 Client Error: Too Many Requests for url: https://openrouter.ai/api/v1/chat/c
  retry 4 google/gemma-3-12b-it 429 Client Error: Too Many Requests for url: https://openrouter.ai/api/v1/chat/c
  retry 3 google/gemma-3-12b-it 429 Client Error: Too Many Requests for url: https://openrouter.ai/api/v1/chat/c
  retry 1 google/gemma-3-12b-it 429 Client Error: Too Many Requests for url: https://openrouter.ai/api/v1/chat/c
  retry 1 google/gemma-3-12b-it 429 Client Error: Too Many Requests for url: https://openrouter.ai/api/v1/chat/c
  retry 2 google/gemma-3-12b-it 429 Client Error: Too Many Requests for url: https://openrouter.ai/api/v1/chat/c
  retry 1 google/gemma-3-12b-it 429 Client Error: Too Many Requests for url: https://openrouter.ai/api/v1/chat/c
  retry 3 google/gemma-3-12b-it 429 Client Error: Too Many Requests for url: https://openrouter.ai/api/v1/chat/c
  retry 2 google/gemma-3-12b-it 429 Client Error: Too Many Requests for url: https://openrouter.ai/api/v1/chat/c
  retry 3 google/gemma-3-12b-it 429 Client Error: Too Many Requests for url: https://openrouter.ai/api/v1/chat/c
  retry 1 google/gemma-3-12b-it 429 Client Error: Too Many Requests for url: https://openrouter.ai/api/v1/chat/c
  retry 2 google/gemma-3-12b-it 429 Client Error: Too Many Requests for url: https://openrouter.ai/api/v1/chat/c
  retry 1 google/gemma-3-12b-it 429 Client Error: Too Many Requests for url: https://openrouter.ai/api/v1/chat/c
  retry 1 google/gemma-3-12b-it 429 Client Error: Too Many Requests for url: https://openrouter.ai/api/v1/chat/c
  retry 1 google/gemma-3-12b-it 429 Client Error: Too Many Requests for url: https://openrouter.ai/api/v1/chat/c
  retry 2 google/gemma-3-12b-it 429 Client Error: Too Many Requests for url: https://openrouter.ai/api/v1/chat/c
  retry 1 google/gemma-3-12b-it 429 Client Error: Too Many Requests for url: https://openrouter.ai/api/v1/chat/c
  retry 2 google/gemma-3-12b-it 429 Client Error: Too Many Requests for url: https://openrouter.ai/api/v1/chat/c
  retry 3 google/gemma-3-12b-it 429 Client Error: Too Many Requests for url: https://openrouter.ai/api/v1/chat/c
  retry 4 google/gemma-3-12b-it 429 Client Error: Too Many Requests for url: https://openrouter.ai/api/v1/chat/c
  retry 2 google/gemma-3-12b-it 429 Client Error: Too Many Requests for url: https://openrouter.ai/api/v1/chat/c
  retry 3 google/gemma-3-12b-it 429 Client Error: Too Many Requests for url: https://openrouter.ai/api/v1/chat/c
  retry 1 google/gemma-3-12b-it 429 Client Error: Too Many Requests for url: https://openrouter.ai/api/v1/chat/c
  retry 2 google/gemma-3-12b-it 429 Client Error: Too Many Requests for url: https://openrouter.ai/api/v1/chat/c
  retry 1 google/gemma-3-12b-it 429 Client Error: Too Many Requests for url: https://openrouter.ai/api/v1/chat/c
  retry 1 google/gemma-3-12b-it 429 Client Error: Too Many Requests for url: https://openrouter.ai/api/v1/chat/c
  retry 2 google/gemma-3-12b-it 429 Client Error: Too Many Requests for url: https://openrouter.ai/api/v1/chat/c
  retry 2 google/gemma-3-12b-it 429 Client Error: Too Many Requests for url: https://openrouter.ai/api/v1/chat/c
  retry 3 google/gemma-3-12b-it 429 Client Error: Too Many Requests for url: https://openrouter.ai/api/v1/chat/c
  retry 1 google/gemma-3-12b-it 429 Client Error: Too Many Requests for url: https://openrouter.ai/api/v1/chat/c
  retry 1 google/gemma-3-12b-it 429 Client Error: Too Many Requests for url: https://openrouter.ai/api/v1/chat/c
  retry 4 google/gemma-3-12b-it 429 Client Error: Too Many Requests for url: https://openrouter.ai/api/v1/chat/c
  retry 1 google/gemma-3-12b-it 429 Client Error: Too Many Requests for url: https://openrouter.ai/api/v1/chat/c
  retry 1 google/gemma-3-12b-it 429 Client Error: Too Many Requests for url: https://openrouter.ai/api/v1/chat/c
  retry 1 google/gemma-3-12b-it 429 Client Error: Too Many Requests for url: https://openrouter.ai/api/v1/chat/c
  retry 1 google/gemma-3-12b-it 429 Client Error: Too Many Requests for url: https://openrouter.ai/api/v1/chat/c
  retry 2 google/gemma-3-12b-it 429 Client Error: Too Many Requests for url: https://openrouter.ai/api/v1/chat/c
  retry 2 google/gemma-3-12b-it 429 Client Error: Too Many Requests for url: https://openrouter.ai/api/v1/chat/c
  retry  retry  33  google/gemma-3-12b-it 429 Client Error: Too Many Requests for url: https://openrouter.ai/api/v1/chat/c
google/gemma-3-12b-it 429 Client Error: Too Many Requests for url: https://openrouter.ai/api/v1/chat/c
  retry 1 google/gemma-3-12b-it 429 Client Error: Too Many Requests for url: https://openrouter.ai/api/v1/chat/c
  retry 1 google/gemma-3-12b-it 429 Client Error: Too Many Requests for url: https://openrouter.ai/api/v1/chat/c
  retry 2 google/gemma-3-12b-it 429 Client Error: Too Many Requests for url: https://openrouter.ai/api/v1/chat/c
  retry 2 google/gemma-3-12b-it 429 Client Error: Too Many Requests for url: https://openrouter.ai/api/v1/chat/c
  retry 3 google/gemma-3-12b-it 429 Client Error: Too Many Requests for url: https://openrouter.ai/api/v1/chat/c
  retry 3 google/gemma-3-12b-it 429 Client Error: Too Many Requests for url: https://openrouter.ai/api/v1/chat/c
  retry 4 google/gemma-3-12b-it 429 Client Error: Too Many Requests for url: https://openrouter.ai/api/v1/chat/c
  retry 4 google/gemma-3-12b-it 429 Client Error: Too Many Requests for url: https://openrouter.ai/api/v1/chat/c
  retry 1 google/gemma-3-12b-it 429 Client Error: Too Many Requests for url: https://openrouter.ai/api/v1/chat/c
  retry 1 google/gemma-3-12b-it 429 Client Error: Too Many Requests for url: https://openrouter.ai/api/v1/chat/c
  retry 2 google/gemma-3-12b-it 429 Client Error: Too Many Requests for url: https://openrouter.ai/api/v1/chat/c
  retry 2 google/gemma-3-12b-it 429 Client Error: Too Many Requests for url: https://openrouter.ai/api/v1/chat/c
  retry 3 google/gemma-3-12b-it 429 Client Error: Too Many Requests for url: https://openrouter.ai/api/v1/chat/c
  retry 3 google/gemma-3-12b-it 429 Client Error: Too Many Requests for url: https://openrouter.ai/api/v1/chat/c
  retry 1 google/gemma-3-12b-it 429 Client Error: Too Many Requests for url: https://openrouter.ai/api/v1/chat/c
  retry 4 google/gemma-3-12b-it 429 Client Error: Too Many Requests for url: https://openrouter.ai/api/v1/chat/c
  retry 2 google/gemma-3-12b-it 429 Client Error: Too Many Requests for url: https://openrouter.ai/api/v1/chat/c
  retry 3 google/gemma-3-12b-it 429 Client Error: Too Many Requests for url: https://openrouter.ai/api/v1/chat/c
  retry 1 google/gemma-3-12b-it 429 Client Error: Too Many Requests for url: https://openrouter.ai/api/v1/chat/c
  retry 2 google/gemma-3-12b-it 429 Client Error: Too Many Requests for url: https://openrouter.ai/api/v1/chat/c
  retry 4 google/gemma-3-12b-it 429 Client Error: Too Many Requests for url: https://openrouter.ai/api/v1/chat/c
  retry 3 google/gemma-3-12b-it 429 Client Error: Too Many Requests for url: https://openrouter.ai/api/v1/chat/c
  retry 1 google/gemma-3-12b-it 429 Client Error: Too Many Requests for url: https://openrouter.ai/api/v1/chat/c
  retry 4 google/gemma-3-12b-it 429 Client Error: Too Many Requests for url: https://openrouter.ai/api/v1/chat/c
  retry 2 google/gemma-3-12b-it 429 Client Error: Too Many Requests for url: https://openrouter.ai/api/v1/chat/c
  retry 3 google/gemma-3-12b-it 429 Client Error: Too Many Requests for url: https://openrouter.ai/api/v1/chat/c
  retry 1 google/gemma-3-12b-it 429 Client Error: Too Many Requests for url: https://openrouter.ai/api/v1/chat/c
  retry 1 google/gemma-3-12b-it 429 Client Error: Too Many Requests for url: https://openrouter.ai/api/v1/chat/c
  retry 4 google/gemma-3-12b-it 429 Client Error: Too Many Requests for url: https://openrouter.ai/api/v1/chat/c
  retry 2 google/gemma-3-12b-it 429 Client Error: Too Many Requests for url: https://openrouter.ai/api/v1/chat/c
  retry 1 google/gemma-3-12b-it 429 Client Error: Too Many Requests for url: https://openrouter.ai/api/v1/chat/c
  retry 2 google/gemma-3-12b-it 429 Client Error: Too Many Requests for url: https://openrouter.ai/api/v1/chat/c
  retry 1 google/gemma-3-12b-it 429 Client Error: Too Many Requests for url: https://openrouter.ai/api/v1/chat/c
  retry 2 google/gemma-3-12b-it 429 Client Error: Too Many Requests for url: https://openrouter.ai/api/v1/chat/c
  retry 3 google/gemma-3-12b-it 429 Client Error: Too Many Requests for url: https://openrouter.ai/api/v1/chat/c
  retry 3 google/gemma-3-12b-it 429 Client Error: Too Many Requests for url: https://openrouter.ai/api/v1/chat/c
  retry 4 google/gemma-3-12b-it 429 Client Error: Too Many Requests for url: https://openrouter.ai/api/v1/chat/c
  retry 4 google/gemma-3-12b-it 429 Client Error: Too Many Requests for url: https://openrouter.ai/api/v1/chat/c
  retry 1 google/gemma-3-12b-it 429 Client Error: Too Many Requests for url: https://openrouter.ai/api/v1/chat/c
  retry 1 google/gemma-3-12b-it 429 Client Error: Too Many Requests for url: https://openrouter.ai/api/v1/chat/c
  retry 2 google/gemma-3-12b-it 429 Client Error: Too Many Requests for url: https://openrouter.ai/api/v1/chat/c
  retry 2 google/gemma-3-12b-it 429 Client Error: Too Many Requests for url: https://openrouter.ai/api/v1/chat/c
  retry 3 google/gemma-3-12b-it 429 Client Error: Too Many Requests for url: https://openrouter.ai/api/v1/chat/c
  retry 1 google/gemma-3-12b-it 429 Client Error: Too Many Requests for url: https://openrouter.ai/api/v1/chat/c
  retry 2 google/gemma-3-12b-it 429 Client Error: Too Many Requests for url: https://openrouter.ai/api/v1/chat/c
  retry 1 google/gemma-3-12b-it 429 Client Error: Too Many Requests for url: https://openrouter.ai/api/v1/chat/c
  retry 3 google/gemma-3-12b-it 429 Client Error: Too Many Requests for url: https://openrouter.ai/api/v1/chat/c
  retry 2 google/gemma-3-12b-it 429 Client Error: Too Many Requests for url: https://openrouter.ai/api/v1/chat/c
  retry 4 google/gemma-3-12b-it 429 Client Error: Too Many Requests for url: https://openrouter.ai/api/v1/chat/c
  retry 3 google/gemma-3-12b-it 429 Client Error: Too Many Requests for url: https://openrouter.ai/api/v1/chat/c
  retry 4 google/gemma-3-12b-it 429 Client Error: Too Many Requests for url: https://openrouter.ai/api/v1/chat/c
  retry 1 google/gemma-3-12b-it 429 Client Error: Too Many Requests for url: https://openrouter.ai/api/v1/chat/c
  retry 1 google/gemma-3-12b-it 429 Client Error: Too Many Requests for url: https://openrouter.ai/api/v1/chat/c
  retry 2 google/gemma-3-12b-it 429 Client Error: Too Many Requests for url: https://openrouter.ai/api/v1/chat/c
  retry 1 google/gemma-3-12b-it 429 Client Error: Too Many Requests for url: https://openrouter.ai/api/v1/chat/c
  retry 3 google/gemma-3-12b-it 429 Client Error: Too Many Requests for url: https://openrouter.ai/api/v1/chat/c
  retry 1 google/gemma-3-12b-it 429 Client Error: Too Many Requests for url: https://openrouter.ai/api/v1/chat/c
  retry 1 google/gemma-3-12b-it 429 Client Error: Too Many Requests for url: https://openrouter.ai/api/v1/chat/c
  retry 4 google/gemma-3-12b-it 429 Client Error: Too Many Requests for url: https://openrouter.ai/api/v1/chat/c
  retry 1 google/gemma-3-12b-it 429 Client Error: Too Many Requests for url: https://openrouter.ai/api/v1/chat/c
  retry 2 google/gemma-3-12b-it 429 Client Error: Too Many Requests for url: https://openrouter.ai/api/v1/chat/c
  retry 1 google/gemma-3-12b-it 429 Client Error: Too Many Requests for url: https://openrouter.ai/api/v1/chat/c
  retry 1 google/gemma-3-12b-it 429 Client Error: Too Many Requests for url: https://openrouter.ai/api/v1/chat/c
  retry 2 google/gemma-3-12b-it 429 Client Error: Too Many Requests for url: https://openrouter.ai/api/v1/chat/c
  retry 2 google/gemma-3-12b-it 429 Client Error: Too Many Requests for url: https://openrouter.ai/api/v1/chat/c
  retry 3 google/gemma-3-12b-it 429 Client Error: Too Many Requests for url: https://openrouter.ai/api/v1/chat/c
  retry 3 google/gemma-3-12b-it 429 Client Error: Too Many Requests for url: https://openrouter.ai/api/v1/chat/c
  retry 4 google/gemma-3-12b-it 429 Client Error: Too Many Requests for url: https://openrouter.ai/api/v1/chat/c
  retry 4 google/gemma-3-12b-it 429 Client Error: Too Many Requests for url: https://openrouter.ai/api/v1/chat/c
  retry  retry  1 google/gemma-3-12b-it 429 Client Error: Too Many Requests for url: https://openrouter.ai/api/v1/chat/c
1 google/gemma-3-12b-it 429 Client Error: Too Many Requests for url: https://openrouter.ai/api/v1/chat/c
  retry 2 google/gemma-3-12b-it 429 Client Error: Too Many Requests for url: https://openrouter.ai/api/v1/chat/c
  retry 2 google/gemma-3-12b-it 429 Client Error: Too Many Requests for url: https://openrouter.ai/api/v1/chat/c
  retry 3 google/gemma-3-12b-it 429 Client Error: Too Many Requests for url: https://openrouter.ai/api/v1/chat/c
  retry 3 google/gemma-3-12b-it 429 Client Error: Too Many Requests for url: https://openrouter.ai/api/v1/chat/c
  retry 4 google/gemma-3-12b-it 429 Client Error: Too Many Requests for url: https://openrouter.ai/api/v1/chat/c
  retry 4 google/gemma-3-12b-it 429 Client Error: Too Many Requests for url: https://openrouter.ai/api/v1/chat/c
  retry 1 google/gemma-3-12b-it 429 Client Error: Too Many Requests for url: https://openrouter.ai/api/v1/chat/c
  retry 1 google/gemma-3-12b-it 429 Client Error: Too Many Requests for url: https://openrouter.ai/api/v1/chat/c
  retry 1 google/gemma-3-12b-it 429 Client Error: Too Many Requests for url: https://openrouter.ai/api/v1/chat/c
  retry 2 google/gemma-3-12b-it 429 Client Error: Too Many Requests for url: https://openrouter.ai/api/v1/chat/c
  retry 1 google/gemma-3-12b-it 429 Client Error: Too Many Requests for url: https://openrouter.ai/api/v1/chat/c
  retry 3 google/gemma-3-12b-it 429 Client Error: Too Many Requests for url: https://openrouter.ai/api/v1/chat/c
  retry 2 google/gemma-3-12b-it 429 Client Error: Too Many Requests for url: https://openrouter.ai/api/v1/chat/c
  retry 3 google/gemma-3-12b-it 429 Client Error: Too Many Requests for url: https://openrouter.ai/api/v1/chat/c
  retry 4 google/gemma-3-12b-it 429 Client Error: Too Many Requests for url: https://openrouter.ai/api/v1/chat/c
  retry 1 google/gemma-3-12b-it 429 Client Error: Too Many Requests for url: https://openrouter.ai/api/v1/chat/c
  retry 1 google/gemma-3-12b-it 429 Client Error: Too Many Requests for url: https://openrouter.ai/api/v1/chat/c
  retry 2 google/gemma-3-12b-it 429 Client Error: Too Many Requests for url: https://openrouter.ai/api/v1/chat/c
  retry 2 google/gemma-3-12b-it 429 Client Error: Too Many Requests for url: https://openrouter.ai/api/v1/chat/c
  retry 3 google/gemma-3-12b-it 429 Client Error: Too Many Requests for url: https://openrouter.ai/api/v1/chat/c
  retry 1 google/gemma-3-12b-it 429 Client Error: Too Many Requests for url: https://openrouter.ai/api/v1/chat/c
  retry 2 google/gemma-3-12b-it 429 Client Error: Too Many Requests for url: https://openrouter.ai/api/v1/chat/c
  retry 3 google/gemma-3-12b-it 429 Client Error: Too Many Requests for url: https://openrouter.ai/api/v1/chat/c
  retry 1 google/gemma-3-12b-it 429 Client Error: Too Many Requests for url: https://openrouter.ai/api/v1/chat/c
  retry 2 google/gemma-3-12b-it 429 Client Error: Too Many Requests for url: https://openrouter.ai/api/v1/chat/c
  retry 4 google/gemma-3-12b-it 429 Client Error: Too Many Requests for url: https://openrouter.ai/api/v1/chat/c
  retry 3 google/gemma-3-12b-it 429 Client Error: Too Many Requests for url: https://openrouter.ai/api/v1/chat/c
  retry 1 google/gemma-3-12b-it 429 Client Error: Too Many Requests for url: https://openrouter.ai/api/v1/chat/c
  retry 1 google/gemma-3-12b-it 429 Client Error: Too Many Requests for url: https://openrouter.ai/api/v1/chat/c
  retry 2 google/gemma-3-12b-it 429 Client Error: Too Many Requests for url: https://openrouter.ai/api/v1/chat/c
  retry 2 google/gemma-3-12b-it 429 Client Error: Too Many Requests for url: https://openrouter.ai/api/v1/chat/c
  retry 3 google/gemma-3-12b-it 429 Client Error: Too Many Requests for url: https://openrouter.ai/api/v1/chat/c
  retry 3 google/gemma-3-12b-it 429 Client Error: Too Many Requests for url: https://openrouter.ai/api/v1/chat/c
  retry 4 google/gemma-3-12b-it 429 Client Error: Too Many Requests for url: https://openrouter.ai/api/v1/chat/c
  retry 4 google/gemma-3-12b-it 429 Client Error: Too Many Requests for url: https://openrouter.ai/api/v1/chat/c
  retry 1 google/gemma-3-12b-it 429 Client Error: Too Many Requests for url: https://openrouter.ai/api/v1/chat/c
  retry 2 google/gemma-3-12b-it 429 Client Error: Too Many Requests for url: https://openrouter.ai/api/v1/chat/c
  retry 1 google/gemma-3-12b-it 429 Client Error: Too Many Requests for url: https://openrouter.ai/api/v1/chat/c
  retry 2 google/gemma-3-12b-it 429 Client Error: Too Many Requests for url: https://openrouter.ai/api/v1/chat/c
  retry 3 google/gemma-3-12b-it 429 Client Error: Too Many Requests for url: https://openrouter.ai/api/v1/chat/c
  retry 1 google/gemma-3-12b-it 429 Client Error: Too Many Requests for url: https://openrouter.ai/api/v1/chat/c
  retry 4 google/gemma-3-12b-it 429 Client Error: Too Many Requests for url: https://openrouter.ai/api/v1/chat/c
  retry 2 google/gemma-3-12b-it 429 Client Error: Too Many Requests for url: https://openrouter.ai/api/v1/chat/c
  retry 1 google/gemma-3-12b-it 429 Client Error: Too Many Requests for url: https://openrouter.ai/api/v1/chat/c
  retry 1 google/gemma-3-12b-it 429 Client Error: Too Many Requests for url: https://openrouter.ai/api/v1/chat/c
  retry 1 google/gemma-3-12b-it 429 Client Error: Too Many Requests for url: https://openrouter.ai/api/v1/chat/c
  retry 2 google/gemma-3-12b-it 429 Client Error: Too Many Requests for url: https://openrouter.ai/api/v1/chat/c
  retry 2 google/gemma-3-12b-it 429 Client Error: Too Many Requests for url: https://openrouter.ai/api/v1/chat/c
  retry 3 google/gemma-3-12b-it 429 Client Error: Too Many Requests for url: https://openrouter.ai/api/v1/chat/c
  retry 1 google/gemma-3-12b-it 429 Client Error: Too Many Requests for url: https://openrouter.ai/api/v1/chat/c
  retry 2 google/gemma-3-12b-it 429 Client Error: Too Many Requests for url: https://openrouter.ai/api/v1/chat/c
  retry  retry 3  google/gemma-3-12b-it 429 Client Error: Too Many Requests for url: https://openrouter.ai/api/v1/chat/c4
 google/gemma-3-12b-it 429 Client Error: Too Many Requests for url: https://openrouter.ai/api/v1/chat/c
  retry 4 google/gemma-3-12b-it 429 Client Error: Too Many Requests for url: https://openrouter.ai/api/v1/chat/c
  retry 1 google/gemma-3-12b-it 429 Client Error: Too Many Requests for url: https://openrouter.ai/api/v1/chat/c
  retry 2 google/gemma-3-12b-it 429 Client Error: Too Many Requests for url: https://openrouter.ai/api/v1/chat/c
  retry 1 google/gemma-3-12b-it 429 Client Error: Too Many Requests for url: https://openrouter.ai/api/v1/chat/c
  retry 3 google/gemma-3-12b-it 429 Client Error: Too Many Requests for url: https://openrouter.ai/api/v1/chat/c
  retry 2 google/gemma-3-12b-it 429 Client Error: Too Many Requests for url: https://openrouter.ai/api/v1/chat/c
  retry 3 google/gemma-3-12b-it 429 Client Error: Too Many Requests for url: https://openrouter.ai/api/v1/chat/c
  retry 4 google/gemma-3-12b-it 429 Client Error: Too Many Requests for url: https://openrouter.ai/api/v1/chat/c
  retry 4 google/gemma-3-12b-it 429 Client Error: Too Many Requests for url: https://openrouter.ai/api/v1/chat/c
  retry 1 google/gemma-3-12b-it 429 Client Error: Too Many Requests for url: https://openrouter.ai/api/v1/chat/c
  retry 2 google/gemma-3-12b-it 429 Client Error: Too Many Requests for url: https://openrouter.ai/api/v1/chat/c
  retry 1 google/gemma-3-12b-it 429 Client Error: Too Many Requests for url: https://openrouter.ai/api/v1/chat/c
  retry 3 google/gemma-3-12b-it 429 Client Error: Too Many Requests for url: https://openrouter.ai/api/v1/chat/c
  retry 2 google/gemma-3-12b-it 429 Client Error: Too Many Requests for url: https://openrouter.ai/api/v1/chat/c
  retry 4 google/gemma-3-12b-it 429 Client Error: Too Many Requests for url: https://openrouter.ai/api/v1/chat/c
  retry 3 google/gemma-3-12b-it 429 Client Error: Too Many Requests for url: https://openrouter.ai/api/v1/chat/c
  retry 4 google/gemma-3-12b-it 429 Client Error: Too Many Requests for url: https://openrouter.ai/api/v1/chat/c
  retry 1 google/gemma-3-12b-it 429 Client Error: Too Many Requests for url: https://openrouter.ai/api/v1/chat/c
  retry 2 google/gemma-3-12b-it 429 Client Error: Too Many Requests for url: https://openrouter.ai/api/v1/chat/c
  retry 1 google/gemma-3-12b-it 429 Client Error: Too Many Requests for url: https://openrouter.ai/api/v1/chat/c
  retry 3 google/gemma-3-12b-it 429 Client Error: Too Many Requests for url: https://openrouter.ai/api/v1/chat/c
  retry 2 google/gemma-3-12b-it 429 Client Error: Too Many Requests for url: https://openrouter.ai/api/v1/chat/c
  retry 4 google/gemma-3-12b-it 429 Client Error: Too Many Requests for url: https://openrouter.ai/api/v1/chat/c
  retry 1 google/gemma-3-12b-it 429 Client Error: Too Many Requests for url: https://openrouter.ai/api/v1/chat/c
  retry 2 google/gemma-3-12b-it 429 Client Error: Too Many Requests for url: https://openrouter.ai/api/v1/chat/c
  retry 1 google/gemma-3-12b-it 429 Client Error: Too Many Requests for url: https://openrouter.ai/api/v1/chat/c
  retry 1 google/gemma-3-12b-it 429 Client Error: Too Many Requests for url: https://openrouter.ai/api/v1/chat/c
  retry 1 google/gemma-3-12b-it 429 Client Error: Too Many Requests for url: https://openrouter.ai/api/v1/chat/c
  retry 2 google/gemma-3-12b-it 429 Client Error: Too Many Requests for url: https://openrouter.ai/api/v1/chat/c
  retry 1 google/gemma-3-12b-it 429 Client Error: Too Many Requests for url: https://openrouter.ai/api/v1/chat/c
  retry 2 google/gemma-3-12b-it 429 Client Error: Too Many Requests for url: https://openrouter.ai/api/v1/chat/c
  retry 3 google/gemma-3-12b-it 429 Client Error: Too Many Requests for url: https://openrouter.ai/api/v1/chat/c
  retry 3 google/gemma-3-12b-it 429 Client Error: Too Many Requests for url: https://openrouter.ai/api/v1/chat/c
  retry 4 google/gemma-3-12b-it 429 Client Error: Too Many Requests for url: https://openrouter.ai/api/v1/chat/c
  retry 4 google/gemma-3-12b-it 429 Client Error: Too Many Requests for url: https://openrouter.ai/api/v1/chat/c
  retry 1 google/gemma-3-12b-it 429 Client Error: Too Many Requests for url: https://openrouter.ai/api/v1/chat/c
  retry 1 google/gemma-3-12b-it 429 Client Error: Too Many Requests for url: https://openrouter.ai/api/v1/chat/c
  retry 2 google/gemma-3-12b-it 429 Client Error: Too Many Requests for url: https://openrouter.ai/api/v1/chat/c
  retry 2 google/gemma-3-12b-it 429 Client Error: Too Many Requests for url: https://openrouter.ai/api/v1/chat/c
  retry 3 google/gemma-3-12b-it 429 Client Error: Too Many Requests for url: https://openrouter.ai/api/v1/chat/c
  retry 3 google/gemma-3-12b-it 429 Client Error: Too Many Requests for url: https://openrouter.ai/api/v1/chat/c
  retry 4 google/gemma-3-12b-it 429 Client Error: Too Many Requests for url: https://openrouter.ai/api/v1/chat/c
  retry 4 google/gemma-3-12b-it 429 Client Error: Too Many Requests for url: https://openrouter.ai/api/v1/chat/c
  retry 1 google/gemma-3-12b-it 429 Client Error: Too Many Requests for url: https://openrouter.ai/api/v1/chat/c
  retry 1 google/gemma-3-12b-it 429 Client Error: Too Many Requests for url: https://openrouter.ai/api/v1/chat/c
  retry 2 google/gemma-3-12b-it 429 Client Error: Too Many Requests for url: https://openrouter.ai/api/v1/chat/c
  retry 2 google/gemma-3-12b-it 429 Client Error: Too Many Requests for url: https://openrouter.ai/api/v1/chat/c
  retry 3 google/gemma-3-12b-it 429 Client Error: Too Many Requests for url: https://openrouter.ai/api/v1/chat/c
  retry 3 google/gemma-3-12b-it 429 Client Error: Too Many Requests for url: https://openrouter.ai/api/v1/chat/c
  retry 4 google/gemma-3-12b-it 429 Client Error: Too Many Requests for url: https://openrouter.ai/api/v1/chat/c
  retry 4 google/gemma-3-12b-it 429 Client Error: Too Many Requests for url: https://openrouter.ai/api/v1/chat/c
  retry 1 google/gemma-3-12b-it 429 Client Error: Too Many Requests for url: https://openrouter.ai/api/v1/chat/c
  retry 1 google/gemma-3-12b-it 429 Client Error: Too Many Requests for url: https://openrouter.ai/api/v1/chat/c
  retry 1 google/gemma-3-12b-it 429 Client Error: Too Many Requests for url: https://openrouter.ai/api/v1/chat/c
  retry 2 google/gemma-3-12b-it 429 Client Error: Too Many Requests for url: https://openrouter.ai/api/v1/chat/c
  retry 2 google/gemma-3-12b-it 429 Client Error: Too Many Requests for url: https://openrouter.ai/api/v1/chat/c
  retry 3 google/gemma-3-12b-it 429 Client Error: Too Many Requests for url: https://openrouter.ai/api/v1/chat/c
  retry 3 google/gemma-3-12b-it 429 Client Error: Too Many Requests for url: https://openrouter.ai/api/v1/chat/c
  retry 4 google/gemma-3-12b-it 429 Client Error: Too Many Requests for url: https://openrouter.ai/api/v1/chat/c
  retry 4 google/gemma-3-12b-it 429 Client Error: Too Many Requests for url: https://openrouter.ai/api/v1/chat/c
  retry 1 google/gemma-3-12b-it 429 Client Error: Too Many Requests for url: https://openrouter.ai/api/v1/chat/c
  retry 1 google/gemma-3-12b-it 429 Client Error: Too Many Requests for url: https://openrouter.ai/api/v1/chat/c
  retry 1 google/gemma-3-12b-it 429 Client Error: Too Many Requests for url: https://openrouter.ai/api/v1/chat/c
  retry 1 google/gemma-3-12b-it 429 Client Error: Too Many Requests for url: https://openrouter.ai/api/v1/chat/c
  retry 2 google/gemma-3-12b-it 429 Client Error: Too Many Requests for url: https://openrouter.ai/api/v1/chat/c
  retry 1 google/gemma-3-12b-it 429 Client Error: Too Many Requests for url: https://openrouter.ai/api/v1/chat/c
  retry 2 google/gemma-3-12b-it 429 Client Error: Too Many Requests for url: https://openrouter.ai/api/v1/chat/c
  retry 3 google/gemma-3-12b-it 429 Client Error: Too Many Requests for url: https://openrouter.ai/api/v1/chat/c
  retry 3 google/gemma-3-12b-it 429 Client Error: Too Many Requests for url: https://openrouter.ai/api/v1/chat/c
  retry 4 google/gemma-3-12b-it 429 Client Error: Too Many Requests for url: https://openrouter.ai/api/v1/chat/c
  retry 4 google/gemma-3-12b-it 429 Client Error: Too Many Requests for url: https://openrouter.ai/api/v1/chat/c
  retry 1 google/gemma-3-12b-it 429 Client Error: Too Many Requests for url: https://openrouter.ai/api/v1/chat/c
  retry 1 google/gemma-3-12b-it 429 Client Error: Too Many Requests for url: https://openrouter.ai/api/v1/chat/c
  retry 2 google/gemma-3-12b-it 429 Client Error: Too Many Requests for url: https://openrouter.ai/api/v1/chat/c
  retry 2 google/gemma-3-12b-it 429 Client Error: Too Many Requests for url: https://openrouter.ai/api/v1/chat/c
  retry 3 google/gemma-3-12b-it 429 Client Error: Too Many Requests for url: https://openrouter.ai/api/v1/chat/c
  retry 3 google/gemma-3-12b-it 429 Client Error: Too Many Requests for url: https://openrouter.ai/api/v1/chat/c
  retry 4 google/gemma-3-12b-it 429 Client Error: Too Many Requests for url: https://openrouter.ai/api/v1/chat/c
  retry 4 google/gemma-3-12b-it 429 Client Error: Too Many Requests for url: https://openrouter.ai/api/v1/chat/c
  retry 1 google/gemma-3-12b-it 429 Client Error: Too Many Requests for url: https://openrouter.ai/api/v1/chat/c
  retry 1 google/gemma-3-12b-it 429 Client Error: Too Many Requests for url: https://openrouter.ai/api/v1/chat/c
  retry 2 google/gemma-3-12b-it 429 Client Error: Too Many Requests for url: https://openrouter.ai/api/v1/chat/c
  retry 1 google/gemma-3-12b-it 429 Client Error: Too Many Requests for url: https://openrouter.ai/api/v1/chat/c
  retry 3 google/gemma-3-12b-it 429 Client Error: Too Many Requests for url: https://openrouter.ai/api/v1/chat/c
  retry 2 google/gemma-3-12b-it 429 Client Error: Too Many Requests for url: https://openrouter.ai/api/v1/chat/c
  retry 3 google/gemma-3-12b-it 429 Client Error: Too Many Requests for url: https://openrouter.ai/api/v1/chat/c
  retry 4 google/gemma-3-12b-it 429 Client Error: Too Many Requests for url: https://openrouter.ai/api/v1/chat/c
  retry 4 google/gemma-3-12b-it 429 Client Error: Too Many Requests for url: https://openrouter.ai/api/v1/chat/c
  retry 1 google/gemma-3-12b-it 429 Client Error: Too Many Requests for url: https://openrouter.ai/api/v1/chat/c
  retry 2 google/gemma-3-12b-it 429 Client Error: Too Many Requests for url: https://openrouter.ai/api/v1/chat/c
  retry 1 google/gemma-3-12b-it 429 Client Error: Too Many Requests for url: https://openrouter.ai/api/v1/chat/c
  retry 2 google/gemma-3-12b-it 429 Client Error: Too Many Requests for url: https://openrouter.ai/api/v1/chat/c
  retry 1 google/gemma-3-12b-it 429 Client Error: Too Many Requests for url: https://openrouter.ai/api/v1/chat/c
  retry 1 google/gemma-3-12b-it 429 Client Error: Too Many Requests for url: https://openrouter.ai/api/v1/chat/c
  retry 1 google/gemma-3-12b-it 429 Client Error: Too Many Requests for url: https://openrouter.ai/api/v1/chat/c
  retry 2 google/gemma-3-12b-it 429 Client Error: Too Many Requests for url: https://openrouter.ai/api/v1/chat/c
  retry 1 google/gemma-3-12b-it 429 Client Error: Too Many Requests for url: https://openrouter.ai/api/v1/chat/c
  retry 2 google/gemma-3-12b-it 429 Client Error: Too Many Requests for url: https://openrouter.ai/api/v1/chat/c
  retry 3 google/gemma-3-12b-it 429 Client Error: Too Many Requests for url: https://openrouter.ai/api/v1/chat/c
  retry 3 google/gemma-3-12b-it 429 Client Error: Too Many Requests for url: https://openrouter.ai/api/v1/chat/c
  retry 4 google/gemma-3-12b-it 429 Client Error: Too Many Requests for url: https://openrouter.ai/api/v1/chat/c
  retry 4 google/gemma-3-12b-it 429 Client Error: Too Many Requests for url: https://openrouter.ai/api/v1/chat/c
  retry 1 google/gemma-3-12b-it 429 Client Error: Too Many Requests for url: https://openrouter.ai/api/v1/chat/c
  retry 2 google/gemma-3-12b-it 429 Client Error: Too Many Requests for url: https://openrouter.ai/api/v1/chat/c
  retry 1 google/gemma-3-12b-it 429 Client Error: Too Many Requests for url: https://openrouter.ai/api/v1/chat/c
  retry 1 google/gemma-3-12b-it 429 Client Error: Too Many Requests for url: https://openrouter.ai/api/v1/chat/c
  retry 2 google/gemma-3-12b-it 429 Client Error: Too Many Requests for url: https://openrouter.ai/api/v1/chat/c
  retry 2 google/gemma-3-12b-it 429 Client Error: Too Many Requests for url: https://openrouter.ai/api/v1/chat/c
  retry 3 google/gemma-3-12b-it 429 Client Error: Too Many Requests for url: https://openrouter.ai/api/v1/chat/c
  retry 3 google/gemma-3-12b-it 429 Client Error: Too Many Requests for url: https://openrouter.ai/api/v1/chat/c
  retry 4 google/gemma-3-12b-it 429 Client Error: Too Many Requests for url: https://openrouter.ai/api/v1/chat/c
  retry 4 google/gemma-3-12b-it 429 Client Error: Too Many Requests for url: https://openrouter.ai/api/v1/chat/c
  retry 1 google/gemma-3-12b-it 429 Client Error: Too Many Requests for url: https://openrouter.ai/api/v1/chat/c
  retry 1 google/gemma-3-12b-it 429 Client Error: Too Many Requests for url: https://openrouter.ai/api/v1/chat/c
  retry 1 google/gemma-3-12b-it 429 Client Error: Too Many Requests for url: https://openrouter.ai/api/v1/chat/c
  retry 2 google/gemma-3-12b-it 429 Client Error: Too Many Requests for url: https://openrouter.ai/api/v1/chat/c
  retry 2 google/gemma-3-12b-it 429 Client Error: Too Many Requests for url: https://openrouter.ai/api/v1/chat/c
  retry 3 google/gemma-3-12b-it 429 Client Error: Too Many Requests for url: https://openrouter.ai/api/v1/chat/c
google/gemma-3-12b-it zero nazario: 150 emails, total spend $0.5162
  retry 1 google/gemma-3-12b-it 429 Client Error: Too Many Requests for url: https://openrouter.ai/api/v1/chat/c
  retry 2 google/gemma-3-12b-it 429 Client Error: Too Many Requests for url: https://openrouter.ai/api/v1/chat/c
  retry 1 google/gemma-3-12b-it 429 Client Error: Too Many Requests for url: https://openrouter.ai/api/v1/chat/c
  retry 2 google/gemma-3-12b-it 429 Client Error: Too Many Requests for url: https://openrouter.ai/api/v1/chat/c
  retry 3 google/gemma-3-12b-it 429 Client Error: Too Many Requests for url: https://openrouter.ai/api/v1/chat/c
  retry 3 google/gemma-3-12b-it 429 Client Error: Too Many Requests for url: https://openrouter.ai/api/v1/chat/c
  retry 4 google/gemma-3-12b-it 429 Client Error: Too Many Requests for url: https://openrouter.ai/api/v1/chat/c
  retry 1 google/gemma-3-12b-it 429 Client Error: Too Many Requests for url: https://openrouter.ai/api/v1/chat/c
  retry 2 google/gemma-3-12b-it 429 Client Error: Too Many Requests for url: https://openrouter.ai/api/v1/chat/c
  retry 1 google/gemma-3-12b-it 429 Client Error: Too Many Requests for url: https://openrouter.ai/api/v1/chat/c
  retry 2 google/gemma-3-12b-it 429 Client Error: Too Many Requests for url: https://openrouter.ai/api/v1/chat/c
  retry 3 google/gemma-3-12b-it 429 Client Error: Too Many Requests for url: https://openrouter.ai/api/v1/chat/c
  retry 3 google/gemma-3-12b-it 429 Client Error: Too Many Requests for url: https://openrouter.ai/api/v1/chat/c
  retry 4 google/gemma-3-12b-it 429 Client Error: Too Many Requests for url: https://openrouter.ai/api/v1/chat/c
  retry 4 google/gemma-3-12b-it 429 Client Error: Too Many Requests for url: https://openrouter.ai/api/v1/chat/c
  retry 1 google/gemma-3-12b-it 429 Client Error: Too Many Requests for url: https://openrouter.ai/api/v1/chat/c
  retry 2 google/gemma-3-12b-it 429 Client Error: Too Many Requests for url: https://openrouter.ai/api/v1/chat/c
  retry 1 google/gemma-3-12b-it 429 Client Error: Too Many Requests for url: https://openrouter.ai/api/v1/chat/c
  retry 2 google/gemma-3-12b-it 429 Client Error: Too Many Requests for url: https://openrouter.ai/api/v1/chat/c
  retry 1 google/gemma-3-12b-it 429 Client Error: Too Many Requests for url: https://openrouter.ai/api/v1/chat/c
  retry 3 google/gemma-3-12b-it 429 Client Error: Too Many Requests for url: https://openrouter.ai/api/v1/chat/c
  retry 2 google/gemma-3-12b-it 429 Client Error: Too Many Requests for url: https://openrouter.ai/api/v1/chat/c
  retry 3 google/gemma-3-12b-it 429 Client Error: Too Many Requests for url: https://openrouter.ai/api/v1/chat/c
  retry 4 google/gemma-3-12b-it 429 Client Error: Too Many Requests for url: https://openrouter.ai/api/v1/chat/c
  retry 4 google/gemma-3-12b-it 429 Client Error: Too Many Requests for url: https://openrouter.ai/api/v1/chat/c
  retry 1 google/gemma-3-12b-it 429 Client Error: Too Many Requests for url: https://openrouter.ai/api/v1/chat/c
  retry 2 google/gemma-3-12b-it 429 Client Error: Too Many Requests for url: https://openrouter.ai/api/v1/chat/c
  retry 1 google/gemma-3-12b-it 429 Client Error: Too Many Requests for url: https://openrouter.ai/api/v1/chat/c
  retry 3 google/gemma-3-12b-it 429 Client Error: Too Many Requests for url: https://openrouter.ai/api/v1/chat/c
  retry 2 google/gemma-3-12b-it 429 Client Error: Too Many Requests for url: https://openrouter.ai/api/v1/chat/c
  retry 3 google/gemma-3-12b-it 429 Client Error: Too Many Requests for url: https://openrouter.ai/api/v1/chat/c
  retry 4 google/gemma-3-12b-it 429 Client Error: Too Many Requests for url: https://openrouter.ai/api/v1/chat/c
  retry 4 google/gemma-3-12b-it 429 Client Error: Too Many Requests for url: https://openrouter.ai/api/v1/chat/c
  retry 1 google/gemma-3-12b-it 429 Client Error: Too Many Requests for url: https://openrouter.ai/api/v1/chat/c
  retry 1 google/gemma-3-12b-it 429 Client Error: Too Many Requests for url: https://openrouter.ai/api/v1/chat/c
  retry 1 google/gemma-3-12b-it 429 Client Error: Too Many Requests for url: https://openrouter.ai/api/v1/chat/c
  retry 1 google/gemma-3-12b-it 429 Client Error: Too Many Requests for url: https://openrouter.ai/api/v1/chat/c
  retry 2 google/gemma-3-12b-it 429 Client Error: Too Many Requests for url: https://openrouter.ai/api/v1/chat/c
  retry 2 google/gemma-3-12b-it 429 Client Error: Too Many Requests for url: https://openrouter.ai/api/v1/chat/c
  retry 3 google/gemma-3-12b-it 429 Client Error: Too Many Requests for url: https://openrouter.ai/api/v1/chat/c
  retry 3 google/gemma-3-12b-it 429 Client Error: Too Many Requests for url: https://openrouter.ai/api/v1/chat/c
  retry 4 google/gemma-3-12b-it 429 Client Error: Too Many Requests for url: https://openrouter.ai/api/v1/chat/c
  retry 1 google/gemma-3-12b-it 429 Client Error: Too Many Requests for url: https://openrouter.ai/api/v1/chat/c
  retry 1 google/gemma-3-12b-it 429 Client Error: Too Many Requests for url: https://openrouter.ai/api/v1/chat/c
  retry 2 google/gemma-3-12b-it 429 Client Error: Too Many Requests for url: https://openrouter.ai/api/v1/chat/c
  retry 1 google/gemma-3-12b-it 429 Client Error: Too Many Requests for url: https://openrouter.ai/api/v1/chat/c
  retry 2 google/gemma-3-12b-it 429 Client Error: Too Many Requests for url: https://openrouter.ai/api/v1/chat/c
  retry 1 google/gemma-3-12b-it 429 Client Error: Too Many Requests for url: https://openrouter.ai/api/v1/chat/c
  retry 1 google/gemma-3-12b-it 429 Client Error: Too Many Requests for url: https://openrouter.ai/api/v1/chat/c
  retry 1 google/gemma-3-12b-it 429 Client Error: Too Many Requests for url: https://openrouter.ai/api/v1/chat/c
  retry 2 google/gemma-3-12b-it 429 Client Error: Too Many Requests for url: https://openrouter.ai/api/v1/chat/c
  retry 1 google/gemma-3-12b-it 429 Client Error: Too Many Requests for url: https://openrouter.ai/api/v1/chat/c
  retry 2 google/gemma-3-12b-it 429 Client Error: Too Many Requests for url: https://openrouter.ai/api/v1/chat/c
  retry 1 google/gemma-3-12b-it 429 Client Error: Too Many Requests for url: https://openrouter.ai/api/v1/chat/c
  retry 2 google/gemma-3-12b-it 429 Client Error: Too Many Requests for url: https://openrouter.ai/api/v1/chat/c
  retry 1 google/gemma-3-12b-it 429 Client Error: Too Many Requests for url: https://openrouter.ai/api/v1/chat/c
  retry 2 google/gemma-3-12b-it 429 Client Error: Too Many Requests for url: https://openrouter.ai/api/v1/chat/c
  retry 3 google/gemma-3-12b-it 429 Client Error: Too Many Requests for url: https://openrouter.ai/api/v1/chat/c
  retry 3 google/gemma-3-12b-it 429 Client Error: Too Many Requests for url: https://openrouter.ai/api/v1/chat/c
  retry 4 google/gemma-3-12b-it 429 Client Error: Too Many Requests for url: https://openrouter.ai/api/v1/chat/c
  retry 4 google/gemma-3-12b-it 429 Client Error: Too Many Requests for url: https://openrouter.ai/api/v1/chat/c
  retry 1 google/gemma-3-12b-it 429 Client Error: Too Many Requests for url: https://openrouter.ai/api/v1/chat/c
  retry 2 google/gemma-3-12b-it 429 Client Error: Too Many Requests for url: https://openrouter.ai/api/v1/chat/c
  retry 1 google/gemma-3-12b-it 429 Client Error: Too Many Requests for url: https://openrouter.ai/api/v1/chat/c
  retry 3 google/gemma-3-12b-it 429 Client Error: Too Many Requests for url: https://openrouter.ai/api/v1/chat/c
  retry 2 google/gemma-3-12b-it 429 Client Error: Too Many Requests for url: https://openrouter.ai/api/v1/chat/c
  retry 1 google/gemma-3-12b-it 429 Client Error: Too Many Requests for url: https://openrouter.ai/api/v1/chat/c
  retry 1 google/gemma-3-12b-it 429 Client Error: Too Many Requests for url: https://openrouter.ai/api/v1/chat/c
  retry 1 google/gemma-3-12b-it 429 Client Error: Too Many Requests for url: https://openrouter.ai/api/v1/chat/c
  retry 2 google/gemma-3-12b-it 429 Client Error: Too Many Requests for url: https://openrouter.ai/api/v1/chat/c
  retry 1 google/gemma-3-12b-it 429 Client Error: Too Many Requests for url: https://openrouter.ai/api/v1/chat/c
  retry 3 google/gemma-3-12b-it 429 Client Error: Too Many Requests for url: https://openrouter.ai/api/v1/chat/c
  retry 2 google/gemma-3-12b-it 429 Client Error: Too Many Requests for url: https://openrouter.ai/api/v1/chat/c
  retry 3 google/gemma-3-12b-it 429 Client Error: Too Many Requests for url: https://openrouter.ai/api/v1/chat/c
  retry 4 google/gemma-3-12b-it 429 Client Error: Too Many Requests for url: https://openrouter.ai/api/v1/chat/c
  retry 4 google/gemma-3-12b-it 429 Client Error: Too Many Requests for url: https://openrouter.ai/api/v1/chat/c
  retry 1 google/gemma-3-12b-it 429 Client Error: Too Many Requests for url: https://openrouter.ai/api/v1/chat/c
  retry 2 google/gemma-3-12b-it 429 Client Error: Too Many Requests for url: https://openrouter.ai/api/v1/chat/c
  retry 1 google/gemma-3-12b-it 429 Client Error: Too Many Requests for url: https://openrouter.ai/api/v1/chat/c
  retry 3 google/gemma-3-12b-it 429 Client Error: Too Many Requests for url: https://openrouter.ai/api/v1/chat/c
  retry 2 google/gemma-3-12b-it 429 Client Error: Too Many Requests for url: https://openrouter.ai/api/v1/chat/c
  retry 3 google/gemma-3-12b-it 429 Client Error: Too Many Requests for url: https://openrouter.ai/api/v1/chat/c
  retry 4 google/gemma-3-12b-it 429 Client Error: Too Many Requests for url: https://openrouter.ai/api/v1/chat/c
  retry 4 google/gemma-3-12b-it 429 Client Error: Too Many Requests for url: https://openrouter.ai/api/v1/chat/c
  retry 1 google/gemma-3-12b-it 429 Client Error: Too Many Requests for url: https://openrouter.ai/api/v1/chat/c
  retry 1 google/gemma-3-12b-it 429 Client Error: Too Many Requests for url: https://openrouter.ai/api/v1/chat/c
  retry 1 google/gemma-3-12b-it 429 Client Error: Too Many Requests for url: https://openrouter.ai/api/v1/chat/c
  retry 2 google/gemma-3-12b-it 429 Client Error: Too Many Requests for url: https://openrouter.ai/api/v1/chat/c
  retry 1 google/gemma-3-12b-it 429 Client Error: Too Many Requests for url: https://openrouter.ai/api/v1/chat/c
  retry   retry 1 google/gemma-3-12b-it 429 Client Error: Too Many Requests for url: https://openrouter.ai/api/v1/chat/c
2 google/gemma-3-12b-it 429 Client Error: Too Many Requests for url: https://openrouter.ai/api/v1/chat/c
  retry 2 google/gemma-3-12b-it 429 Client Error: Too Many Requests for url: https://openrouter.ai/api/v1/chat/c
  retry 3 google/gemma-3-12b-it 429 Client Error: Too Many Requests for url: https://openrouter.ai/api/v1/chat/c
  retry 3 google/gemma-3-12b-it 429 Client Error: Too Many Requests for url: https://openrouter.ai/api/v1/chat/c
  retry 4 google/gemma-3-12b-it 429 Client Error: Too Many Requests for url: https://openrouter.ai/api/v1/chat/c
  retry 4 google/gemma-3-12b-it 429 Client Error: Too Many Requests for url: https://openrouter.ai/api/v1/chat/c
  retry 1 google/gemma-3-12b-it 429 Client Error: Too Many Requests for url: https://openrouter.ai/api/v1/chat/c
  retry 2 google/gemma-3-12b-it 429 Client Error: Too Many Requests for url: https://openrouter.ai/api/v1/chat/c
  retry 1 google/gemma-3-12b-it 429 Client Error: Too Many Requests for url: https://openrouter.ai/api/v1/chat/c
  retry 2 google/gemma-3-12b-it 429 Client Error: Too Many Requests for url: https://openrouter.ai/api/v1/chat/c
  retry 3 google/gemma-3-12b-it 429 Client Error: Too Many Requests for url: https://openrouter.ai/api/v1/chat/c
  retry 3 google/gemma-3-12b-it 429 Client Error: Too Many Requests for url: https://openrouter.ai/api/v1/chat/c
  retry 1 google/gemma-3-12b-it 429 Client Error: Too Many Requests for url: https://openrouter.ai/api/v1/chat/c
  retry 4 google/gemma-3-12b-it 429 Client Error: Too Many Requests for url: https://openrouter.ai/api/v1/chat/c
  retry 1 google/gemma-3-12b-it 429 Client Error: Too Many Requests for url: https://openrouter.ai/api/v1/chat/c
  retry 2 google/gemma-3-12b-it 429 Client Error: Too Many Requests for url: https://openrouter.ai/api/v1/chat/c
  retry 1 google/gemma-3-12b-it 429 Client Error: Too Many Requests for url: https://openrouter.ai/api/v1/chat/c
  retry 3 google/gemma-3-12b-it 429 Client Error: Too Many Requests for url: https://openrouter.ai/api/v1/chat/c
  retry 1 google/gemma-3-12b-it 429 Client Error: Too Many Requests for url: https://openrouter.ai/api/v1/chat/c
  retry 2 google/gemma-3-12b-it 429 Client Error: Too Many Requests for url: https://openrouter.ai/api/v1/chat/c
  retry 4 google/gemma-3-12b-it 429 Client Error: Too Many Requests for url: https://openrouter.ai/api/v1/chat/c
  retry 3 google/gemma-3-12b-it 429 Client Error: Too Many Requests for url: https://openrouter.ai/api/v1/chat/c
  retry 1 google/gemma-3-12b-it 429 Client Error: Too Many Requests for url: https://openrouter.ai/api/v1/chat/c
  retry 1 google/gemma-3-12b-it 429 Client Error: Too Many Requests for url: https://openrouter.ai/api/v1/chat/c
  retry 1 google/gemma-3-12b-it 429 Client Error: Too Many Requests for url: https://openrouter.ai/api/v1/chat/c
  retry 1 google/gemma-3-12b-it 429 Client Error: Too Many Requests for url: https://openrouter.ai/api/v1/chat/c
  retry 2 google/gemma-3-12b-it 429 Client Error: Too Many Requests for url: https://openrouter.ai/api/v1/chat/c
  retry 1 google/gemma-3-12b-it 429 Client Error: Too Many Requests for url: https://openrouter.ai/api/v1/chat/c
  retry 1 google/gemma-3-12b-it 429 Client Error: Too Many Requests for url: https://openrouter.ai/api/v1/chat/c
  retry 1 google/gemma-3-12b-it 429 Client Error: Too Many Requests for url: https://openrouter.ai/api/v1/chat/c
  retry 2 google/gemma-3-12b-it 429 Client Error: Too Many Requests for url: https://openrouter.ai/api/v1/chat/c
  retry 2 google/gemma-3-12b-it 429 Client Error: Too Many Requests for url: https://openrouter.ai/api/v1/chat/c
  retry 3 google/gemma-3-12b-it 429 Client Error: Too Many Requests for url: https://openrouter.ai/api/v1/chat/c
  retry 3 google/gemma-3-12b-it 429 Client Error: Too Many Requests for url: https://openrouter.ai/api/v1/chat/c
  retry 4 google/gemma-3-12b-it 429 Client Error: Too Many Requests for url: https://openrouter.ai/api/v1/chat/c
  retry 4 google/gemma-3-12b-it 429 Client Error: Too Many Requests for url: https://openrouter.ai/api/v1/chat/c
  retry 1 google/gemma-3-12b-it 429 Client Error: Too Many Requests for url: https://openrouter.ai/api/v1/chat/c
  retry 1 google/gemma-3-12b-it 429 Client Error: Too Many Requests for url: https://openrouter.ai/api/v1/chat/c
  retry 1 google/gemma-3-12b-it 429 Client Error: Too Many Requests for url: https://openrouter.ai/api/v1/chat/c
  retry 1 google/gemma-3-12b-it 429 Client Error: Too Many Requests for url: https://openrouter.ai/api/v1/chat/c
  retry 1 google/gemma-3-12b-it 429 Client Error: Too Many Requests for url: https://openrouter.ai/api/v1/chat/c
  retry 1 google/gemma-3-12b-it 429 Client Error: Too Many Requests for url: https://openrouter.ai/api/v1/chat/c
  retry 2 google/gemma-3-12b-it 429 Client Error: Too Many Requests for url: https://openrouter.ai/api/v1/chat/c
  retry 2 google/gemma-3-12b-it 429 Client Error: Too Many Requests for url: https://openrouter.ai/api/v1/chat/c
  retry 3 google/gemma-3-12b-it 429 Client Error: Too Many Requests for url: https://openrouter.ai/api/v1/chat/c
  retry 3 google/gemma-3-12b-it 429 Client Error: Too Many Requests for url: https://openrouter.ai/api/v1/chat/c
  retry 4 google/gemma-3-12b-it 429 Client Error: Too Many Requests for url: https://openrouter.ai/api/v1/chat/c
  retry 4 google/gemma-3-12b-it 429 Client Error: Too Many Requests for url: https://openrouter.ai/api/v1/chat/c
  retry 1 google/gemma-3-12b-it 429 Client Error: Too Many Requests for url: https://openrouter.ai/api/v1/chat/c
  retry 1 google/gemma-3-12b-it 429 Client Error: Too Many Requests for url: https://openrouter.ai/api/v1/chat/c
  retry 1 google/gemma-3-12b-it 429 Client Error: Too Many Requests for url: https://openrouter.ai/api/v1/chat/c
  retry 1 google/gemma-3-12b-it 429 Client Error: Too Many Requests for url: https://openrouter.ai/api/v1/chat/c
  retry 2 google/gemma-3-12b-it 429 Client Error: Too Many Requests for url: https://openrouter.ai/api/v1/chat/c
  retry 2 google/gemma-3-12b-it 429 Client Error: Too Many Requests for url: https://openrouter.ai/api/v1/chat/c
  retry 1 google/gemma-3-12b-it 429 Client Error: Too Many Requests for url: https://openrouter.ai/api/v1/chat/c
  retry 1 google/gemma-3-12b-it 429 Client Error: Too Many Requests for url: https://openrouter.ai/api/v1/chat/c
  retry 2 google/gemma-3-12b-it 429 Client Error: Too Many Requests for url: https://openrouter.ai/api/v1/chat/c
  retry 1 google/gemma-3-12b-it 429 Client Error: Too Many Requests for url: https://openrouter.ai/api/v1/chat/c
  retry 1 google/gemma-3-12b-it 429 Client Error: Too Many Requests for url: https://openrouter.ai/api/v1/chat/c
  retry 1 google/gemma-3-12b-it 429 Client Error: Too Many Requests for url: https://openrouter.ai/api/v1/chat/c
  retry 2 google/gemma-3-12b-it 429 Client Error: Too Many Requests for url: https://openrouter.ai/api/v1/chat/c
  retry 1 google/gemma-3-12b-it 429 Client Error: Too Many Requests for url: https://openrouter.ai/api/v1/chat/c
  retry 3 google/gemma-3-12b-it 429 Client Error: Too Many Requests for url: https://openrouter.ai/api/v1/chat/c
  retry 2 google/gemma-3-12b-it 429 Client Error: Too Many Requests for url: https://openrouter.ai/api/v1/chat/c
  retry 1 google/gemma-3-12b-it 429 Client Error: Too Many Requests for url: https://openrouter.ai/api/v1/chat/c
  retry 1 google/gemma-3-12b-it 429 Client Error: Too Many Requests for url: https://openrouter.ai/api/v1/chat/c
  retry 2 google/gemma-3-12b-it 429 Client Error: Too Many Requests for url: https://openrouter.ai/api/v1/chat/c
  retry 2 google/gemma-3-12b-it 429 Client Error: Too Many Requests for url: https://openrouter.ai/api/v1/chat/c
  retry 1 google/gemma-3-12b-it 429 Client Error: Too Many Requests for url: https://openrouter.ai/api/v1/chat/c
  retry 3 google/gemma-3-12b-it 429 Client Error: Too Many Requests for url: https://openrouter.ai/api/v1/chat/c
  retry 2 google/gemma-3-12b-it 429 Client Error: Too Many Requests for url: https://openrouter.ai/api/v1/chat/c
  retry 4 google/gemma-3-12b-it 429 Client Error: Too Many Requests for url: https://openrouter.ai/api/v1/chat/c
  retry 3 google/gemma-3-12b-it 429 Client Error: Too Many Requests for url: https://openrouter.ai/api/v1/chat/c
  retry 1 google/gemma-3-12b-it 429 Client Error: Too Many Requests for url: https://openrouter.ai/api/v1/chat/c
  retry 2 google/gemma-3-12b-it 429 Client Error: Too Many Requests for url: https://openrouter.ai/api/v1/chat/c
google/gemma-3-12b-it zero nigerian: 150 emails, total spend $0.5189
  retry  retry 1 google/gemma-3-12b-it 429 Client Error: Too Many Requests for url: https://openrouter.ai/api/v1/chat/c
 1 google/gemma-3-12b-it 429 Client Error: Too Many Requests for url: https://openrouter.ai/api/v1/chat/c
  retry   retry 1 google/gemma-3-12b-it 429 Client Error: Too Many Requests for url: https://openrouter.ai/api/v1/chat/c
1 google/gemma-3-12b-it 429 Client Error: Too Many Requests for url: https://openrouter.ai/api/v1/chat/c
  retry 2 google/gemma-3-12b-it 429 Client Error: Too Many Requests for url: https://openrouter.ai/api/v1/chat/c
  retry 2 google/gemma-3-12b-it 429 Client Error: Too Many Requests for url: https://openrouter.ai/api/v1/chat/c
  retry 1 google/gemma-3-12b-it 429 Client Error: Too Many Requests for url: https://openrouter.ai/api/v1/chat/c
  retry 1 google/gemma-3-12b-it 429 Client Error: Too Many Requests for url: https://openrouter.ai/api/v1/chat/c
  retry 1 google/gemma-3-12b-it 429 Client Error: Too Many Requests for url: https://openrouter.ai/api/v1/chat/c
  retry 1 google/gemma-3-12b-it 429 Client Error: Too Many Requests for url: https://openrouter.ai/api/v1/chat/c
  retry 1 google/gemma-3-12b-it 429 Client Error: Too Many Requests for url: https://openrouter.ai/api/v1/chat/c
  retry 1 google/gemma-3-12b-it 429 Client Error: Too Many Requests for url: https://openrouter.ai/api/v1/chat/c
  retry 1 google/gemma-3-12b-it 429 Client Error: Too Many Requests for url: https://openrouter.ai/api/v1/chat/c
  retry 1 google/gemma-3-12b-it 429 Client Error: Too Many Requests for url: https://openrouter.ai/api/v1/chat/c
  retry  retry 1 google/gemma-3-12b-it 429 Client Error: Too Many Requests for url: https://openrouter.ai/api/v1/chat/c
 1 google/gemma-3-12b-it 429 Client Error: Too Many Requests for url: https://openrouter.ai/api/v1/chat/c
  retry 2 google/gemma-3-12b-it 429 Client Error: Too Many Requests for url: https://openrouter.ai/api/v1/chat/c
  retry 1 google/gemma-3-12b-it 429 Client Error: Too Many Requests for url: https://openrouter.ai/api/v1/chat/c
  retry 2 google/gemma-3-12b-it 429 Client Error: Too Many Requests for url: https://openrouter.ai/api/v1/chat/c
  retry 1 google/gemma-3-12b-it 429 Client Error: Too Many Requests for url: https://openrouter.ai/api/v1/chat/c
  retry 3 google/gemma-3-12b-it 429 Client Error: Too Many Requests for url: https://openrouter.ai/api/v1/chat/c
  retry 1 google/gemma-3-12b-it 429 Client Error: Too Many Requests for url: https://openrouter.ai/api/v1/chat/c
  retry 2 google/gemma-3-12b-it 429 Client Error: Too Many Requests for url: https://openrouter.ai/api/v1/chat/c
  retry 4 google/gemma-3-12b-it 429 Client Error: Too Many Requests for url: https://openrouter.ai/api/v1/chat/c
  retry 3 google/gemma-3-12b-it 429 Client Error: Too Many Requests for url: https://openrouter.ai/api/v1/chat/c
  retry 1 google/gemma-3-12b-it 429 Client Error: Too Many Requests for url: https://openrouter.ai/api/v1/chat/c
  retry 1 google/gemma-3-12b-it 429 Client Error: Too Many Requests for url: https://openrouter.ai/api/v1/chat/c
  retry 2 google/gemma-3-12b-it 429 Client Error: Too Many Requests for url: https://openrouter.ai/api/v1/chat/c
  retry 1 google/gemma-3-12b-it 429 Client Error: Too Many Requests for url: https://openrouter.ai/api/v1/chat/c
  retry 2 google/gemma-3-12b-it 429 Client Error: Too Many Requests for url: https://openrouter.ai/api/v1/chat/c
  retry 1 google/gemma-3-12b-it 429 Client Error: Too Many Requests for url: https://openrouter.ai/api/v1/chat/c
  retry  retry 1 google/gemma-3-12b-it 429 Client Error: Too Many Requests for url: https://openrouter.ai/api/v1/chat/c
 2 google/gemma-3-12b-it 429 Client Error: Too Many Requests for url: https://openrouter.ai/api/v1/chat/c
  retry 1 google/gemma-3-12b-it 429 Client Error: Too Many Requests for url: https://openrouter.ai/api/v1/chat/c
  retry 3 google/gemma-3-12b-it 429 Client Error: Too Many Requests for url: https://openrouter.ai/api/v1/chat/c
  retry 1 google/gemma-3-12b-it 429 Client Error: Too Many Requests for url: https://openrouter.ai/api/v1/chat/c
  retry 2 google/gemma-3-12b-it 429 Client Error: Too Many Requests for url: https://openrouter.ai/api/v1/chat/c
  retry 1 google/gemma-3-12b-it 429 Client Error: Too Many Requests for url: https://openrouter.ai/api/v1/chat/c
  retry 3 google/gemma-3-12b-it 429 Client Error: Too Many Requests for url: https://openrouter.ai/api/v1/chat/c
  retry 2 google/gemma-3-12b-it 429 Client Error: Too Many Requests for url: https://openrouter.ai/api/v1/chat/c
  retry 3 google/gemma-3-12b-it 429 Client Error: Too Many Requests for url: https://openrouter.ai/api/v1/chat/c
  retry 4 google/gemma-3-12b-it 429 Client Error: Too Many Requests for url: https://openrouter.ai/api/v1/chat/c
  retry 1 google/gemma-3-12b-it 429 Client Error: Too Many Requests for url: https://openrouter.ai/api/v1/chat/c
  retry 1 google/gemma-3-12b-it 429 Client Error: Too Many Requests for url: https://openrouter.ai/api/v1/chat/c
  retry 1 google/gemma-3-12b-it 429 Client Error: Too Many Requests for url: https://openrouter.ai/api/v1/chat/c
  retry 2 google/gemma-3-12b-it 429 Client Error: Too Many Requests for url: https://openrouter.ai/api/v1/chat/c
  retry 2 google/gemma-3-12b-it 429 Client Error: Too Many Requests for url: https://openrouter.ai/api/v1/chat/c
  retry 3 google/gemma-3-12b-it 429 Client Error: Too Many Requests for url: https://openrouter.ai/api/v1/chat/c
  retry 3 google/gemma-3-12b-it 429 Client Error: Too Many Requests for url: https://openrouter.ai/api/v1/chat/c
  retry 4 google/gemma-3-12b-it 429 Client Error: Too Many Requests for url: https://openrouter.ai/api/v1/chat/c
  retry 4 google/gemma-3-12b-it 429 Client Error: Too Many Requests for url: https://openrouter.ai/api/v1/chat/c
  retry 1 google/gemma-3-12b-it 429 Client Error: Too Many Requests for url: https://openrouter.ai/api/v1/chat/c
  retry 1 google/gemma-3-12b-it 429 Client Error: Too Many Requests for url: https://openrouter.ai/api/v1/chat/c
  retry 2 google/gemma-3-12b-it 429 Client Error: Too Many Requests for url: https://openrouter.ai/api/v1/chat/c
  retry 2 google/gemma-3-12b-it 429 Client Error: Too Many Requests for url: https://openrouter.ai/api/v1/chat/c
  retry 1 google/gemma-3-12b-it 429 Client Error: Too Many Requests for url: https://openrouter.ai/api/v1/chat/c
  retry 3 google/gemma-3-12b-it 429 Client Error: Too Many Requests for url: https://openrouter.ai/api/v1/chat/c
  retry 2 google/gemma-3-12b-it 429 Client Error: Too Many Requests for url: https://openrouter.ai/api/v1/chat/c
  retry 4 google/gemma-3-12b-it 429 Client Error: Too Many Requests for url: https://openrouter.ai/api/v1/chat/c
  retry 1 google/gemma-3-12b-it 429 Client Error: Too Many Requests for url: https://openrouter.ai/api/v1/chat/c
  retry 1 google/gemma-3-12b-it 429 Client Error: Too Many Requests for url: https://openrouter.ai/api/v1/chat/c
  retry 2 google/gemma-3-12b-it 429 Client Error: Too Many Requests for url: https://openrouter.ai/api/v1/chat/c
  retry 1 google/gemma-3-12b-it 429 Client Error: Too Many Requests for url: https://openrouter.ai/api/v1/chat/c
  retry 3 google/gemma-3-12b-it 429 Client Error: Too Many Requests for url: https://openrouter.ai/api/v1/chat/c
  retry 2 google/gemma-3-12b-it 429 Client Error: Too Many Requests for url: https://openrouter.ai/api/v1/chat/c
  retry 3 google/gemma-3-12b-it 429 Client Error: Too Many Requests for url: https://openrouter.ai/api/v1/chat/c
  retry 4 google/gemma-3-12b-it 429 Client Error: Too Many Requests for url: https://openrouter.ai/api/v1/chat/c
  retry 4 google/gemma-3-12b-it 429 Client Error: Too Many Requests for url: https://openrouter.ai/api/v1/chat/c
  retry 1 google/gemma-3-12b-it 429 Client Error: Too Many Requests for url: https://openrouter.ai/api/v1/chat/c
  retry 1 google/gemma-3-12b-it 429 Client Error: Too Many Requests for url: https://openrouter.ai/api/v1/chat/c
  retry 1 google/gemma-3-12b-it 429 Client Error: Too Many Requests for url: https://openrouter.ai/api/v1/chat/c
  retry 2 google/gemma-3-12b-it 429 Client Error: Too Many Requests for url: https://openrouter.ai/api/v1/chat/c
  retry 2 google/gemma-3-12b-it 429 Client Error: Too Many Requests for url: https://openrouter.ai/api/v1/chat/c
  retry 3 google/gemma-3-12b-it 429 Client Error: Too Many Requests for url: https://openrouter.ai/api/v1/chat/c
  retry 3 google/gemma-3-12b-it 429 Client Error: Too Many Requests for url: https://openrouter.ai/api/v1/chat/c
  retry 4 google/gemma-3-12b-it 429 Client Error: Too Many Requests for url: https://openrouter.ai/api/v1/chat/c
  retry 1 google/gemma-3-12b-it 429 Client Error: Too Many Requests for url: https://openrouter.ai/api/v1/chat/c
  retry 2 google/gemma-3-12b-it 429 Client Error: Too Many Requests for url: https://openrouter.ai/api/v1/chat/c
  retry 1 google/gemma-3-12b-it 429 Client Error: Too Many Requests for url: https://openrouter.ai/api/v1/chat/c
  retry 3 google/gemma-3-12b-it 429 Client Error: Too Many Requests for url: https://openrouter.ai/api/v1/chat/c
  retry 2 google/gemma-3-12b-it 429 Client Error: Too Many Requests for url: https://openrouter.ai/api/v1/chat/c
  retry 1 google/gemma-3-12b-it 429 Client Error: Too Many Requests for url: https://openrouter.ai/api/v1/chat/c
  retry 1 google/gemma-3-12b-it 429 Client Error: Too Many Requests for url: https://openrouter.ai/api/v1/chat/c
  retry 2 google/gemma-3-12b-it 429 Client Error: Too Many Requests for url: https://openrouter.ai/api/v1/chat/c
  retry 1 google/gemma-3-12b-it 429 Client Error: Too Many Requests for url: https://openrouter.ai/api/v1/chat/c
  retry 1 google/gemma-3-12b-it 429 Client Error: Too Many Requests for url: https://openrouter.ai/api/v1/chat/c
  retry 1 google/gemma-3-12b-it 429 Client Error: Too Many Requests for url: https://openrouter.ai/api/v1/chat/c
  retry 1 google/gemma-3-12b-it 429 Client Error: Too Many Requests for url: https://openrouter.ai/api/v1/chat/c
  retry 2 google/gemma-3-12b-it 429 Client Error: Too Many Requests for url: https://openrouter.ai/api/v1/chat/c
  retry 1 google/gemma-3-12b-it 429 Client Error: Too Many Requests for url: https://openrouter.ai/api/v1/chat/c
  retry 3 google/gemma-3-12b-it 429 Client Error: Too Many Requests for url: https://openrouter.ai/api/v1/chat/c
  retry 2 google/gemma-3-12b-it 429 Client Error: Too Many Requests for url: https://openrouter.ai/api/v1/chat/c
  retry 3 google/gemma-3-12b-it 429 Client Error: Too Many Requests for url: https://openrouter.ai/api/v1/chat/c
  retry 4 google/gemma-3-12b-it 429 Client Error: Too Many Requests for url: https://openrouter.ai/api/v1/chat/c
  retry 4 google/gemma-3-12b-it 429 Client Error: Too Many Requests for url: https://openrouter.ai/api/v1/chat/c
  retry 1 google/gemma-3-12b-it 429 Client Error: Too Many Requests for url: https://openrouter.ai/api/v1/chat/c
  retry 1 google/gemma-3-12b-it 429 Client Error: Too Many Requests for url: https://openrouter.ai/api/v1/chat/c
  retry 2 google/gemma-3-12b-it 429 Client Error: Too Many Requests for url: https://openrouter.ai/api/v1/chat/c
  retry 1 google/gemma-3-12b-it 429 Client Error: Too Many Requests for url: https://openrouter.ai/api/v1/chat/c
  retry 3 google/gemma-3-12b-it 429 Client Error: Too Many Requests for url: https://openrouter.ai/api/v1/chat/c
  retry 1 google/gemma-3-12b-it 429 Client Error: Too Many Requests for url: https://openrouter.ai/api/v1/chat/c
  retry 1 google/gemma-3-12b-it 429 Client Error: Too Many Requests for url: https://openrouter.ai/api/v1/chat/c
  retry 4 google/gemma-3-12b-it 429 Client Error: Too Many Requests for url: https://openrouter.ai/api/v1/chat/c
  retry 1 google/gemma-3-12b-it 429 Client Error: Too Many Requests for url: https://openrouter.ai/api/v1/chat/c
  retry 2 google/gemma-3-12b-it 429 Client Error: Too Many Requests for url: https://openrouter.ai/api/v1/chat/c
  retry 3 google/gemma-3-12b-it 429 Client Error: Too Many Requests for url: https://openrouter.ai/api/v1/chat/c
  retry 1 google/gemma-3-12b-it 429 Client Error: Too Many Requests for url: https://openrouter.ai/api/v1/chat/c
  retry 2 google/gemma-3-12b-it 429 Client Error: Too Many Requests for url: https://openrouter.ai/api/v1/chat/c
  retry 4 google/gemma-3-12b-it 429 Client Error: Too Many Requests for url: https://openrouter.ai/api/v1/chat/c
  retry 3 google/gemma-3-12b-it 429 Client Error: Too Many Requests for url: https://openrouter.ai/api/v1/chat/c
  retry 4 google/gemma-3-12b-it 429 Client Error: Too Many Requests for url: https://openrouter.ai/api/v1/chat/c
  retry 1 google/gemma-3-12b-it 429 Client Error: Too Many Requests for url: https://openrouter.ai/api/v1/chat/c
  retry 2 google/gemma-3-12b-it 429 Client Error: Too Many Requests for url: https://openrouter.ai/api/v1/chat/c
  retry 3 google/gemma-3-12b-it 429 Client Error: Too Many Requests for url: https://openrouter.ai/api/v1/chat/c
  retry 1 google/gemma-3-12b-it 429 Client Error: Too Many Requests for url: https://openrouter.ai/api/v1/chat/c
  retry 1 google/gemma-3-12b-it 429 Client Error: Too Many Requests for url: https://openrouter.ai/api/v1/chat/c
  retry 4 google/gemma-3-12b-it 429 Client Error: Too Many Requests for url: https://openrouter.ai/api/v1/chat/c
  retry 1 google/gemma-3-12b-it 429 Client Error: Too Many Requests for url: https://openrouter.ai/api/v1/chat/c
  retry 1 google/gemma-3-12b-it 429 Client Error: Too Many Requests for url: https://openrouter.ai/api/v1/chat/c
  retry 2 google/gemma-3-12b-it 429 Client Error: Too Many Requests for url: https://openrouter.ai/api/v1/chat/c
  retry 1 google/gemma-3-12b-it 429 Client Error: Too Many Requests for url: https://openrouter.ai/api/v1/chat/c
  retry 3 google/gemma-3-12b-it 429 Client Error: Too Many Requests for url: https://openrouter.ai/api/v1/chat/c
  retry 1 google/gemma-3-12b-it 429 Client Error: Too Many Requests for url: https://openrouter.ai/api/v1/chat/c
  retry 2 google/gemma-3-12b-it 429 Client Error: Too Many Requests for url: https://openrouter.ai/api/v1/chat/c
  retry 4 google/gemma-3-12b-it 429 Client Error: Too Many Requests for url: https://openrouter.ai/api/v1/chat/c
  retry 3 google/gemma-3-12b-it 429 Client Error: Too Many Requests for url: https://openrouter.ai/api/v1/chat/c
  retry 1 google/gemma-3-12b-it 429 Client Error: Too Many Requests for url: https://openrouter.ai/api/v1/chat/c
  retry 4 google/gemma-3-12b-it 429 Client Error: Too Many Requests for url: https://openrouter.ai/api/v1/chat/c
  retry 1 google/gemma-3-12b-it 429 Client Error: Too Many Requests for url: https://openrouter.ai/api/v1/chat/c
  retry 2 google/gemma-3-12b-it 429 Client Error: Too Many Requests for url: https://openrouter.ai/api/v1/chat/c
  retry 1 google/gemma-3-12b-it 429 Client Error: Too Many Requests for url: https://openrouter.ai/api/v1/chat/c
  retry 1 google/gemma-3-12b-it 429 Client Error: Too Many Requests for url: https://openrouter.ai/api/v1/chat/c
  retry 2 google/gemma-3-12b-it 429 Client Error: Too Many Requests for url: https://openrouter.ai/api/v1/chat/c
  retry 1 google/gemma-3-12b-it 429 Client Error: Too Many Requests for url: https://openrouter.ai/api/v1/chat/c
  retry 2 google/gemma-3-12b-it 429 Client Error: Too Many Requests for url: https://openrouter.ai/api/v1/chat/c
  retry 1 google/gemma-3-12b-it 429 Client Error: Too Many Requests for url: https://openrouter.ai/api/v1/chat/c
  retry 2 google/gemma-3-12b-it 429 Client Error: Too Many Requests for url: https://openrouter.ai/api/v1/chat/c
  retry 3 google/gemma-3-12b-it 429 Client Error: Too Many Requests for url: https://openrouter.ai/api/v1/chat/c
  retry 3 google/gemma-3-12b-it 429 Client Error: Too Many Requests for url: https://openrouter.ai/api/v1/chat/c
  retry 4 google/gemma-3-12b-it 429 Client Error: Too Many Requests for url: https://openrouter.ai/api/v1/chat/c
  retry 4 google/gemma-3-12b-it 429 Client Error: Too Many Requests for url: https://openrouter.ai/api/v1/chat/c
  retry 1 google/gemma-3-12b-it 429 Client Error: Too Many Requests for url: https://openrouter.ai/api/v1/chat/c
  retry 2 google/gemma-3-12b-it 429 Client Error: Too Many Requests for url: https://openrouter.ai/api/v1/chat/c
  retry 1 google/gemma-3-12b-it 429 Client Error: Too Many Requests for url: https://openrouter.ai/api/v1/chat/c
  retry 2 google/gemma-3-12b-it 429 Client Error: Too Many Requests for url: https://openrouter.ai/api/v1/chat/c
  retry 1 google/gemma-3-12b-it 429 Client Error: Too Many Requests for url: https://openrouter.ai/api/v1/chat/c
  retry 2 google/gemma-3-12b-it 429 Client Error: Too Many Requests for url: https://openrouter.ai/api/v1/chat/c
  retry 3 google/gemma-3-12b-it 429 Client Error: Too Many Requests for url: https://openrouter.ai/api/v1/chat/c
  retry 3 google/gemma-3-12b-it 429 Client Error: Too Many Requests for url: https://openrouter.ai/api/v1/chat/c
  retry 4 google/gemma-3-12b-it 429 Client Error: Too Many Requests for url: https://openrouter.ai/api/v1/chat/c
  retry 4 google/gemma-3-12b-it 429 Client Error: Too Many Requests for url: https://openrouter.ai/api/v1/chat/c
  retry 1 google/gemma-3-12b-it 429 Client Error: Too Many Requests for url: https://openrouter.ai/api/v1/chat/c
  retry 2 google/gemma-3-12b-it 429 Client Error: Too Many Requests for url: https://openrouter.ai/api/v1/chat/c
  retry 1 google/gemma-3-12b-it 429 Client Error: Too Many Requests for url: https://openrouter.ai/api/v1/chat/c
  retry 2 google/gemma-3-12b-it 429 Client Error: Too Many Requests for url: https://openrouter.ai/api/v1/chat/c
  retry 3 google/gemma-3-12b-it 429 Client Error: Too Many Requests for url: https://openrouter.ai/api/v1/chat/c
  retry 3 google/gemma-3-12b-it 429 Client Error: Too Many Requests for url: https://openrouter.ai/api/v1/chat/c
  retry 4 google/gemma-3-12b-it 429 Client Error: Too Many Requests for url: https://openrouter.ai/api/v1/chat/c
  retry 1 google/gemma-3-12b-it 429 Client Error: Too Many Requests for url: https://openrouter.ai/api/v1/chat/c
  retry 1 google/gemma-3-12b-it 429 Client Error: Too Many Requests for url: https://openrouter.ai/api/v1/chat/c
  retry 1 google/gemma-3-12b-it 429 Client Error: Too Many Requests for url: https://openrouter.ai/api/v1/chat/c
  retry 2 google/gemma-3-12b-it 429 Client Error: Too Many Requests for url: https://openrouter.ai/api/v1/chat/c
  retry 1 google/gemma-3-12b-it 429 Client Error: Too Many Requests for url: https://openrouter.ai/api/v1/chat/c
  retry 2 google/gemma-3-12b-it 429 Client Error: Too Many Requests for url: https://openrouter.ai/api/v1/chat/c
  retry 1 google/gemma-3-12b-it 429 Client Error: Too Many Requests for url: https://openrouter.ai/api/v1/chat/c
  retry 2 google/gemma-3-12b-it 429 Client Error: Too Many Requests for url: https://openrouter.ai/api/v1/chat/c
  retry 1 google/gemma-3-12b-it 429 Client Error: Too Many Requests for url: https://openrouter.ai/api/v1/chat/c
  retry 3 google/gemma-3-12b-it 429 Client Error: Too Many Requests for url: https://openrouter.ai/api/v1/chat/c
  retry 1 google/gemma-3-12b-it 429 Client Error: Too Many Requests for url: https://openrouter.ai/api/v1/chat/c
  retry 2 google/gemma-3-12b-it 429 Client Error: Too Many Requests for url: https://openrouter.ai/api/v1/chat/c
  retry 3 google/gemma-3-12b-it 429 Client Error: Too Many Requests for url: https://openrouter.ai/api/v1/chat/c
  retry 1 google/gemma-3-12b-it 429 Client Error: Too Many Requests for url: https://openrouter.ai/api/v1/chat/c
  retry 2 google/gemma-3-12b-it 429 Client Error: Too Many Requests for url: https://openrouter.ai/api/v1/chat/c
  retry 4 google/gemma-3-12b-it 429 Client Error: Too Many Requests for url: https://openrouter.ai/api/v1/chat/c
  retry 3 google/gemma-3-12b-it 429 Client Error: Too Many Requests for url: https://openrouter.ai/api/v1/chat/c
  retry 4 google/gemma-3-12b-it 429 Client Error: Too Many Requests for url: https://openrouter.ai/api/v1/chat/c
  retry 1 google/gemma-3-12b-it 429 Client Error: Too Many Requests for url: https://openrouter.ai/api/v1/chat/c
  retry 2 google/gemma-3-12b-it 429 Client Error: Too Many Requests for url: https://openrouter.ai/api/v1/chat/c
  retry 1 google/gemma-3-12b-it 429 Client Error: Too Many Requests for url: https://openrouter.ai/api/v1/chat/c
  retry 3 google/gemma-3-12b-it 429 Client Error: Too Many Requests for url: https://openrouter.ai/api/v1/chat/c
  retry 2 google/gemma-3-12b-it 429 Client Error: Too Many Requests for url: https://openrouter.ai/api/v1/chat/c
  retry 3 google/gemma-3-12b-it 429 Client Error: Too Many Requests for url: https://openrouter.ai/api/v1/chat/c
  retry 4 google/gemma-3-12b-it 429 Client Error: Too Many Requests for url: https://openrouter.ai/api/v1/chat/c
  retry 4 google/gemma-3-12b-it 429 Client Error: Too Many Requests for url: https://openrouter.ai/api/v1/chat/c
  retry 1 google/gemma-3-12b-it 429 Client Error: Too Many Requests for url: https://openrouter.ai/api/v1/chat/c
  retry 2 google/gemma-3-12b-it 429 Client Error: Too Many Requests for url: https://openrouter.ai/api/v1/chat/c
  retry 1 google/gemma-3-12b-it 429 Client Error: Too Many Requests for url: https://openrouter.ai/api/v1/chat/c
  retry 3 google/gemma-3-12b-it 429 Client Error: Too Many Requests for url: https://openrouter.ai/api/v1/chat/c
  retry 2 google/gemma-3-12b-it 429 Client Error: Too Many Requests for url: https://openrouter.ai/api/v1/chat/c
  retry 1 google/gemma-3-12b-it 429 Client Error: Too Many Requests for url: https://openrouter.ai/api/v1/chat/c
  retry 1 google/gemma-3-12b-it 429 Client Error: Too Many Requests for url: https://openrouter.ai/api/v1/chat/c
  retry 2 google/gemma-3-12b-it 429 Client Error: Too Many Requests for url: https://openrouter.ai/api/v1/chat/c
  retry 2 google/gemma-3-12b-it 429 Client Error: Too Many Requests for url: https://openrouter.ai/api/v1/chat/c
  retry 3 google/gemma-3-12b-it 429 Client Error: Too Many Requests for url: https://openrouter.ai/api/v1/chat/c
  retry 3 google/gemma-3-12b-it 429 Client Error: Too Many Requests for url: https://openrouter.ai/api/v1/chat/c
  retry 4 google/gemma-3-12b-it 429 Client Error: Too Many Requests for url: https://openrouter.ai/api/v1/chat/c
  retry 1 google/gemma-3-12b-it 429 Client Error: Too Many Requests for url: https://openrouter.ai/api/v1/chat/c
  retry 2 google/gemma-3-12b-it 429 Client Error: Too Many Requests for url: https://openrouter.ai/api/v1/chat/c
  retry 1 google/gemma-3-12b-it 429 Client Error: Too Many Requests for url: https://openrouter.ai/api/v1/chat/c
  retry 3 google/gemma-3-12b-it 429 Client Error: Too Many Requests for url: https://openrouter.ai/api/v1/chat/c
  retry 2 google/gemma-3-12b-it 429 Client Error: Too Many Requests for url: https://openrouter.ai/api/v1/chat/c
  retry 4 google/gemma-3-12b-it 429 Client Error: Too Many Requests for url: https://openrouter.ai/api/v1/chat/c
  retry 1 google/gemma-3-12b-it 429 Client Error: Too Many Requests for url: https://openrouter.ai/api/v1/chat/c
  retry 2 google/gemma-3-12b-it 429 Client Error: Too Many Requests for url: https://openrouter.ai/api/v1/chat/c
  retry 3 google/gemma-3-12b-it 429 Client Error: Too Many Requests for url: https://openrouter.ai/api/v1/chat/c
  retry 1 google/gemma-3-12b-it 429 Client Error: Too Many Requests for url: https://openrouter.ai/api/v1/chat/c
  retry 2 google/gemma-3-12b-it 429 Client Error: Too Many Requests for url: https://openrouter.ai/api/v1/chat/c
  retry 4 google/gemma-3-12b-it 429 Client Error: Too Many Requests for url: https://openrouter.ai/api/v1/chat/c
  retry 3 google/gemma-3-12b-it 429 Client Error: Too Many Requests for url: https://openrouter.ai/api/v1/chat/c
  retry 1 google/gemma-3-12b-it 429 Client Error: Too Many Requests for url: https://openrouter.ai/api/v1/chat/c
  retry 4 google/gemma-3-12b-it 429 Client Error: Too Many Requests for url: https://openrouter.ai/api/v1/chat/c
  retry 2 google/gemma-3-12b-it 429 Client Error: Too Many Requests for url: https://openrouter.ai/api/v1/chat/c
  retry 3 google/gemma-3-12b-it 429 Client Error: Too Many Requests for url: https://openrouter.ai/api/v1/chat/c
  retry 1 google/gemma-3-12b-it 429 Client Error: Too Many Requests for url: https://openrouter.ai/api/v1/chat/c
  retry 1 google/gemma-3-12b-it 429 Client Error: Too Many Requests for url: https://openrouter.ai/api/v1/chat/c
  retry 4 google/gemma-3-12b-it 429 Client Error: Too Many Requests for url: https://openrouter.ai/api/v1/chat/c
  retry 1 google/gemma-3-12b-it 429 Client Error: Too Many Requests for url: https://openrouter.ai/api/v1/chat/c
  retry 2 google/gemma-3-12b-it 429 Client Error: Too Many Requests for url: https://openrouter.ai/api/v1/chat/c
  retry 1 google/gemma-3-12b-it 429 Client Error: Too Many Requests for url: https://openrouter.ai/api/v1/chat/c
  retry 1 google/gemma-3-12b-it 429 Client Error: Too Many Requests for url: https://openrouter.ai/api/v1/chat/c
  retry 1 google/gemma-3-12b-it 429 Client Error: Too Many Requests for url: https://openrouter.ai/api/v1/chat/c
  retry 2 google/gemma-3-12b-it 429 Client Error: Too Many Requests for url: https://openrouter.ai/api/v1/chat/c
  retry 2 google/gemma-3-12b-it 429 Client Error: Too Many Requests for url: https://openrouter.ai/api/v1/chat/c
  retry 3 google/gemma-3-12b-it 429 Client Error: Too Many Requests for url: https://openrouter.ai/api/v1/chat/c
  retry 1 google/gemma-3-12b-it 429 Client Error: Too Many Requests for url: https://openrouter.ai/api/v1/chat/c
  retry 2 google/gemma-3-12b-it 429 Client Error: Too Many Requests for url: https://openrouter.ai/api/v1/chat/c
  retry 4 google/gemma-3-12b-it 429 Client Error: Too Many Requests for url: https://openrouter.ai/api/v1/chat/c
  retry 3 google/gemma-3-12b-it 429 Client Error: Too Many Requests for url: https://openrouter.ai/api/v1/chat/c
  retry 1 google/gemma-3-12b-it 429 Client Error: Too Many Requests for url: https://openrouter.ai/api/v1/chat/c
  retry 4 google/gemma-3-12b-it 429 Client Error: Too Many Requests for url: https://openrouter.ai/api/v1/chat/c
  retry 2 google/gemma-3-12b-it 429 Client Error: Too Many Requests for url: https://openrouter.ai/api/v1/chat/c
  retry 3 google/gemma-3-12b-it 429 Client Error: Too Many Requests for url: https://openrouter.ai/api/v1/chat/c
  retry 1 google/gemma-3-12b-it 429 Client Error: Too Many Requests for url: https://openrouter.ai/api/v1/chat/c
  retry 2 google/gemma-3-12b-it 429 Client Error: Too Many Requests for url: https://openrouter.ai/api/v1/chat/c
  retry 4 google/gemma-3-12b-it 429 Client Error: Too Many Requests for url: https://openrouter.ai/api/v1/chat/c
  retry 1 google/gemma-3-12b-it 429 Client Error: Too Many Requests for url: https://openrouter.ai/api/v1/chat/c
  retry 1 google/gemma-3-12b-it 429 Client Error: Too Many Requests for url: https://openrouter.ai/api/v1/chat/c
  retry 1 google/gemma-3-12b-it 429 Client Error: Too Many Requests for url: https://openrouter.ai/api/v1/chat/c
  retry 1 google/gemma-3-12b-it 429 Client Error: Too Many Requests for url: https://openrouter.ai/api/v1/chat/c
  retry 2 google/gemma-3-12b-it 429 Client Error: Too Many Requests for url: https://openrouter.ai/api/v1/chat/c
  retry 1 google/gemma-3-12b-it 429 Client Error: Too Many Requests for url: https://openrouter.ai/api/v1/chat/c
google/gemma-3-12b-it zero ephishllm: 300 emails, total spend $0.5213
done. total spend $0.5213
